Student,Block 0,Block 1,Block 2,Block 3,Block 4,Block 5,Block 6,Block 7
1000,MWH--12--- (Room 121),MEVSC12C-- (Room 205A),unassigned,MPREC12--- (Room 210),MCALC12--- (Room 212),MENFP12--- (Room A-2),MCMCL12--- (Room 208),YPSYC1AX-- (Room 209)
1001,unassigned,MATPH12--- (Room 211),unassigned,unassigned,unassigned,MFR--10--- (Room 207B),XBA--09G-- (Room 119),MPREC12--- (Room 220)
1002,MENFP12--- (Room 122),MSJ--12--- (Room 208),MDCF-12--- (Room Studio),unassigned,MFOOD12--- (Room 206),MTXT-12--- (Room A-7),unassigned,YED--2CX-- (Room 109)
1003,unassigned,MEVSC12C-- (Room 205A),MTAUT12--- (Room 102),MATPH12--- (Room 225),unassigned,MENST12--- (Room 207A),MACLV12--- (Room Gym),MPREC12--- (Room 220)
1004,MCH--12--- (Room 216),MPREC12H-- (Room 212),MFOOD12--- (Room 206),MTDRF12--- (Room 105),MENST12C-- (Room A-6),MENR-12--- (Room 105),MPH--12--- (Room 219),ACAL-12--- (Room 221)
1005,MCH--12--- (Room 216),MPREC12H-- (Room 212),unassigned,MPH--11--- (Room 223),MCALC12--- (Room 212),MENST12--- (Room 205A),MATPH12--- (Room 223),MPH--12--- (Room 225)
1006,MSP--11--- (Room 123),MCH--12--- (Room 216),unassigned,MPREC12--- (Room 210),MSP--12--- (Room 207B),MCALC12--- (Room 106),MLST-12--- (Room 121),MTXT-12--- (Room A-7)
1007,unassigned,MCH--12--- (Room 219),AELC-12--- (Room 123),MLTST12--- (Room A-7),MCALC12--- (Room 212),MENR-12--- (Room 105),APHM-12--- (Room 227),MPH--12--- (Room 227)
1008,MEC--12--- (Room 209),MCH--12--- (Room 216),AELC-12--- (Room 123),MLTST12--- (Room A-7),MENST12C-- (Room A-6),MPREC12--- (Room 221),MENR-12--- (Room 105),MPH--12--- (Room 227)
1009,MENST12--- (Room A-2),MCH--12--- (Room 216),MPH--12--- (Room 223),MATPH12--- (Room 216),MFOOD12--- (Room 206),MPREC12--- (Room 221),YPSYC1AX-- (Room 222),MODED12--- (Room _CHECK THIS THING IDK)
1010,MCMPR12AI- (Room 203),unassigned,AELC-12--- (Room 123),MLTST12--- (Room A-7),unassigned,MPREC12--- (Room 221),MPH--12--- (Room 219),unassigned
1011,MCH--12--- (Room 216),MTAUT12--- (Room 102),AELC-12--- (Room 123),MLTST12--- (Room A-7),MTDRF12--- (Room 105),unassigned,MPH--12--- (Room 219),ACAL-12--- (Room 221)
1012,MENST12--- (Room A-2),MSJ--12--- (Room 209),MTAUT12--- (Room 102),YHRA-2AX-- (Room 120),MFOOD12--- (Room 206),MACLV12--- (Room Gym),MCMCL12--- (Room 208),YED--2CX-- (Room 109)
1013,MEC--12--- (Room 209),MCH--12--- (Room 216),MFOOD12--- (Room 206),MPREC12--- (Room 106),YLAW-2CX-- (Room 121),MENFP12--- (Room A-2),YPSYC1AX-- (Room 222),MTXT-12--- (Room A-7)
1014,unassigned,unassigned,MLFSC11--- (Room 216),unassigned,MPGEO12--- (Room 207A),MCMPS11--- (Room 205B),unassigned,MFOM-11--- (Room 106)
1015,unassigned,unassigned,MFOOD12--- (Room 206),MPREC12--- (Room 106),MCALC12--- (Room 221),MENST12--- (Room 207A),YPSYC1AX-- (Room 222),MLST-12--- (Room 123)
1016,unassigned,MSJ--12--- (Room 209),MFOOD12--- (Room 206),unassigned,MPGEO12--- (Room 207A),MENST12--- (Room 207A),MTAUT12--- (Room 102),MFOM-11--- (Room 106)
1017,MENFP12--Y (Room 107),unassigned,YESFL1CX-- (Room 205B),MPREC12--- (Room 210),MTDRF12--- (Room 105),MCALC12--- (Room 106),MENFP12--Y (Room 107),unassigned
1018,MTXT-12--- (Room A-7),MCH--12--- (Room 225),MFOOD12--- (Room 206),MPREC12--- (Room 210),MCALC12--- (Room 221),MENST12--- (Room 207A),APHM-12--- (Room 227),MODED12--- (Room _CHECK THIS THING IDK)
1019,MFR--11--- (Room A-3),unassigned,unassigned,MENST12--- (Room 207B),YLAW-2CX-- (Room A-3),MMEDD12--- (Room 114),unassigned,unassigned
1020,unassigned,unassigned,unassigned,MENST12--- (Room 207B),MAC--11--- (Room A-2),MPREC12--- (Room 221),unassigned,MPH--12--- (Room 225)
1021,MENFP12--- (Room 205B),MATPH12--- (Room 211),MDCF-12--- (Room Studio),unassigned,unassigned,unassigned,MCH--12--- (Room 225),MPREC12--- (Room 214)
1022,MPREC11--- (Room 214),MEVSC12C-- (Room 205A),MVAST12--- (Room 116),MENST12--- (Room 207B),MTXT-12--- (Room A-7),MPREC12--- (Room 221),MCMCL12--- (Room 208),YPSYC1AX-- (Room 209)
1023,MPREC12--- (Room 212),MCH--12--- (Room 219),MFOOD12--- (Room 206),MPH--11--- (Room 226),MCALC12--- (Room 212),MENST12--- (Room 207A),MPH--12--- (Room 219),MTXT-12--- (Room A-7)
1024,MENST12--- (Room A-2),MTAUT12--- (Room 102),MCH--11--- (Room 211),unassigned,unassigned,MPREC12--- (Room 221),MCH--12--- (Room 225),unassigned
1025,unassigned,MCH--12--- (Room 216),unassigned,MENST12--- (Room 207B),unassigned,unassigned,MPH--12--- (Room 219),MPREC12--- (Room 220)
1026,MCH--12--- (Room 216),MPREC12H-- (Room 212),MENR-12--- (Room 104),MFOOD12--- (Room 206),MENST12C-- (Room A-6),MMEDD12--- (Room 114),APHM-12--- (Room 227),ACAL-12--- (Room 221)
1027,unassigned,MSJ--12--- (Room 208),MENST12--- (Room A-6),MATPH12--- (Room 225),YLAW-2CX-- (Room A-3),MTXT-12--- (Room A-7),MLST-12--- (Room 121),MFOM-11--- (Room 106)
1028,unassigned,MATPH12--- (Room 211),MDCF-12--- (Room Studio),unassigned,MFOOD12--- (Room 206),MMEDD12--- (Room 114),unassigned,unassigned
1029,unassigned,MSJ--12--- (Room 208),AELC-12--- (Room 123),MLTST12--- (Room A-7),MWH--12--- (Room 122),unassigned,MLST-12--- (Room 121),MPREC12--- (Room 214)
1030,MENST12--- (Room A-2),MCH--12--- (Room 219),MPH--12--- (Room 223),MPREC12--- (Room 210),YLAW-2CX-- (Room A-3),MCALC12--- (Room 106),MACLV12--- (Room Gym),MLST-12--- (Room 122)
1031,unassigned,unassigned,unassigned,MENST12--- (Room 207B),YLAW-2CX-- (Room A-3),unassigned,unassigned,MPREC12--- (Room 220)
1032,MWH--12--- (Room 121),YPA--2CX-- (Room Gym),MFOOD12--- (Room 206),unassigned,MPGEO12--- (Room 207A),MENFP12--- (Room A-2),unassigned,MCLE-10--- (Room 104)
1033,MEC--12--- (Room 222),YPA--2CX-- (Room Gym),MENST12--- (Room A-6),unassigned,MFOM-11--- (Room 220),MACLV12--- (Room Gym),MPREC11--- (Room 214),MINST12--- (Room 121)
1034,MWH--12--- (Room 121),MSJ--12--- (Room 209),MLFSC11--- (Room 216),MENST12--- (Room 207B),YED--2CX-- (Room 109),MPREC12--- (Room 221),YPSYC1AX-- (Room 222),MFOOD12--- (Room 206)
1035,MECOM12--- (Room 222),MWPM-11--- (Room 214),unassigned,unassigned,MAC--11--- (Room A-2),MENST12--- (Room 207A),unassigned,MFOM-11--- (Room 106)
1036,MPREC12--- (Room 212),MCH--12--- (Room 219),MMACS11--- (Room 203),MPH--11--- (Room 219),MCMPR11AI- (Room 203),MENST12C-- (Room 209),MPH--12--- (Room 219),ACAL-12--- (Room 221)
1037,MPREC12--- (Room 212),MCH--12--- (Room 225),AELC-12--- (Room 123),MLTST12--- (Room A-7),MWH--12--- (Room 122),MCALC12--- (Room 106),MATPH12--- (Room 226),MPH--12--- (Room 227)
1038,MENST12--- (Room A-2),MTAUT12--- (Room 102),MCH--11--- (Room 227),YHRA-2AX-- (Room 120),MFOM-11--- (Room 220),MVAPH11--- (Room 113),MATPH12--- (Room 226),MLST-12--- (Room 122)
1039,MEC--12--- (Room 222),MCH--12--- (Room 219),MFOOD12--- (Room 206),MATPH12--- (Room 216),MPGEO12--- (Room 207A),MENST12--- (Room 205A),APHM-12--- (Room 227),ACAL-12--- (Room 221)
1040,MEC--12--- (Room 222),unassigned,MPH--12--- (Room 223),MENST12--- (Room 207B),unassigned,unassigned,unassigned,MPREC12--- (Room 214)
1041,MDNTP12--- (Room Studio),unassigned,YPSYC1AX-- (Room 205A),MFOOD12--- (Room 206),YLAW-2CX-- (Room 205B),MENFP12--- (Room A-2),MINST12--- (Room 207A),MLST-12--- (Room 222)
1042,unassigned,MCMPS11--- (Room 207A),MLFSC11--- (Room 216),unassigned,MSP--12--- (Room 207B),unassigned,unassigned,unassigned
1043,unassigned,unassigned,unassigned,MENST12--- (Room 207B),MSP--12--- (Room 207B),unassigned,MFR--12--- (Room 107),MPREC12--- (Room 220)
1044,MWH--12--- (Room 121),MSJ--12--- (Room 208),MENST12--- (Room A-6),MATPH12--- (Room 225),MSP--12--- (Room 207B),unassigned,YPSYC1AX-- (Room 222),unassigned
1045,MIMCB12--L (Room 119),MCH--12--- (Room 216),unassigned,MPREC12--- (Room 210),MENST12C-- (Room A-6),MIMCB12--L (Room 119),APHM-12--- (Room 227),MPH--12--- (Room 227)
1046,MEC--12--- (Room 222),MCH--12--- (Room 225),unassigned,ASTA-12--- (Room 212),MCALC12--- (Room 221),MENST12C-- (Room 209),MPH--12--- (Room 219),unassigned
1047,MENFP12--- (Room 122),MTDRF12--- (Room 105),MIMG-12--- (Room 119),MPREC12--- (Room 210),MCALC12--- (Room 221),MENR-12--- (Room 105),MWWK-12--- (Room 101),MFOOD12--- (Room 206)
1048,MWH--12--- (Room 121),MSJ--12--- (Room 209),YPSYC1AX-- (Room 205A),MPREC12--- (Room 210),MFOOD12--- (Room 206),MENST12--- (Room 207A),MCMCL12--- (Room 208),MENT-12--- (Room A-2)
1049,MPREC12--- (Room 212),MCH--12--- (Room 216),AELC-12--- (Room 123),MLTST12--- (Room A-7),unassigned,unassigned,APHM-12--- (Room 227),ACAL-12--- (Room 221)
1050,MCH--12--- (Room 216),MSJ--12--- (Room 209),MFOOD12--- (Room 206),MATPH12--- (Room 225),unassigned,MENST12--- (Room 207A),MACLV12G-- (Room Gym),unassigned
1051,MTXT-12--- (Room A-7),MPREC12H-- (Room 212),MMACS11--- (Room 203),MVAST12--- (Room 116),MCALC12--- (Room 221),MENST12--- (Room 207A),MATPH12--- (Room 223),MMACS12--- (Room 203)
1052,MENFP12--- (Room 122),MCH--12--- (Room 219),unassigned,ASTA-12--- (Room 212),MWH--12--- (Room 122),unassigned,unassigned,unassigned
1053,MENFP12--- (Room 122),MPREC12H-- (Room 212),MPH--12--- (Room 223),unassigned,unassigned,MENR-12--- (Room 105),MCH--12--- (Room 225),ACAL-12--- (Room 221)
1054,unassigned,MMACS11--- (Room 203),MIMG-12--- (Room 119),unassigned,MWH--12--- (Room 122),unassigned,MPH--12--- (Room 219),unassigned
1055,MDNTP12--- (Room Studio),MSJ--12--- (Room 209),unassigned,MENST12--- (Room 207B),unassigned,unassigned,unassigned,MPREC12--- (Room 220)
1056,unassigned,MCH--12--- (Room 219),unassigned,unassigned,unassigned,MENST12--- (Room 207A),MPH--12--- (Room 219),MPREC12--- (Room 220)
1057,MWH--12--- (Room 121),unassigned,unassigned,MENST12--- (Room 207B),MSP--12--- (Room 207B),unassigned,MTAUT12--- (Room 102),MFOOD12--- (Room 206)
1058,unassigned,MATPH12--- (Room 211),unassigned,unassigned,MTROB12--- (Room 104),MPREC12--- (Room 221),unassigned,MPH--12--- (Room 225)
1059,MDNTP12--- (Room Studio),YED--2CX-- (Room 109),MDCF-12--- (Room Studio),MVAST12--- (Room 116),YLAW-2CX-- (Room 121),MENST12--- (Room 207A),MINST12--- (Room 207A),MCLE-10--- (Room 104)
1060,MENST12--- (Room A-2),MSJ--12--- (Room 209),unassigned,unassigned,unassigned,MLFSC11--- (Room 226),unassigned,MPREC12--- (Room 220)
1061,MWH--12--- (Room 121),unassigned,MLFSC11--- (Room 216),unassigned,unassigned,MENST12--- (Room 207A),unassigned,MFOM-11--- (Room 106)
1062,unassigned,unassigned,unassigned,MATPH12--- (Room 216),MWH--12--- (Room 122),unassigned,MPH--12--- (Room 219),MPREC12--- (Room 220)
1063,MEC--12--- (Room 209),YPA--2CX-- (Room Gym),unassigned,MENST12--- (Room 207B),unassigned,unassigned,MCH--12--- (Room 225),MLST-12--- (Room 123)
1064,MCH--12--- (Room 216),MPREC12H-- (Room 212),AELC-12--- (Room 123),MLTST12--- (Room A-7),MCMPR11AI- (Room 203),unassigned,MPH--12--- (Room 219),ACAL-12--- (Room 221)
1065,MIMCB12--L (Room 119),MCH--12--- (Room 219),unassigned,MATPH12--- (Room 216),MENST12C-- (Room A-6),MIMCB12--L (Room 119),APHM-12--- (Room 227),ACAL-12--- (Room 221)
1066,MWH--12--- (Room 121),MTAUT12--- (Room 102),MENST12--- (Room A-6),MPREC12--- (Room 106),MCALC12--- (Room 221),MACLV12--- (Room Gym),MLST-12--- (Room 121),MMAP-11--- (Room A-2)
1067,MPREC11--- (Room 214),MDRM-12--- (Room A-1),MIMG-12--- (Room 119),MENST12--- (Room 207B),YLAW-2CX-- (Room 121),MMEDD12--- (Room 114),MTAUT12--- (Room 102),MFOOD12--- (Room 206)
1068,unassigned,MCH--12--- (Room 216),unassigned,MPREC12--- (Room 106),MCALC12--- (Room 212),MENST12--- (Room 205A),MATPH12--- (Room 226),MPH--12--- (Room 225)
1069,MFMP-10--- (Room 221),MSJ--12--- (Room 209),MCH--11--- (Room 225),MPH--11--- (Room 223),unassigned,MENFP12--- (Room A-2),MATPH12--- (Room 226),MFOOD12--- (Room 206)
1070,MENFP12--- (Room 122),unassigned,unassigned,MPH--11--- (Room 226),MWH--12--- (Room 122),unassigned,MPH--12--- (Room 219),MPREC12--- (Room 220)
1071,MPREC12--- (Room 212),MATPH12--- (Room 211),YPSYC1AX-- (Room 205A),MPH--11--- (Room 219),MCALC12--- (Room 212),MENST12C-- (Room 209),MPH--12--- (Room 219),MTXT-12--- (Room A-7)
1072,MENFP12--- (Room 205B),MSJ--12--- (Room 208),MENR-12--- (Room 104),MFOOD12--- (Room 206),YLAW-2CX-- (Room 205B),MACLV12--- (Room Gym),MWWK-12--- (Room 101),unassigned
1073,MENST12--- (Room A-2),MSJ--12--- (Room 209),unassigned,MATPH12--- (Room 216),unassigned,unassigned,unassigned,MPREC12--- (Room 220)
1074,MDNTP12--- (Room Studio),MCH--12--- (Room 225),MENST12--- (Room A-6),MPREC12--- (Room 106),MCALC12--- (Room 212),unassigned,MATPH12--- (Room 223),YPSYC1AX-- (Room 209)
1075,unassigned,MCMPS11--- (Room 107),MEPSS11--- (Room 222),unassigned,MFOM-11--- (Room 220),MLFSC11--- (Room 227),unassigned,unassigned
1076,MENFP12--- (Room 205B),YED--2CX-- (Room 109),MTAUT12--- (Room 102),unassigned,YLAW-2CX-- (Room 205B),MACLV12--- (Room Gym),MCMCL12--- (Room 208),MFOM-11--- (Room 106)
1077,unassigned,MATPH12--- (Room 211),MENST12--- (Room A-6),unassigned,unassigned,MPREC12--- (Room 221),unassigned,MPH--12--- (Room 225)
1078,MCH--12--- (Room 216),MATPH12--- (Room 211),unassigned,MPH--11--- (Room 226),MCALC12--- (Room 221),MENFP12--- (Room A-2),MCMCL12--- (Room 208),MPH--12--- (Room 227)
1079,MENFP12--- (Room 122),MSJ--12--- (Room 209),MFOOD12--- (Room 206),unassigned,MPGEO12--- (Room 207A),unassigned,unassigned,MINST12--- (Room 121)
1080,MIMCB12--L (Room 119),MPREC12H-- (Room 212),MIMG-12--- (Room 119),unassigned,MENST12C-- (Room A-6),MIMCB12--L (Room 119),APHM-12--- (Room 227),ACAL-12--- (Room 221)
1081,MFR--12--- (Room A-3),MCH--12--- (Room 223),unassigned,MENST12--- (Room 207B),unassigned,unassigned,unassigned,MPREC12--- (Room 220)
1082,MENST12--- (Room A-2),MATPH12--- (Room 211),unassigned,unassigned,unassigned,unassigned,YPSYC1AX-- (Room 222),MPREC12--- (Room 214)
1083,MWH--12--- (Room 121),unassigned,MLFSC11--- (Room 216),MDMD-12D-- (Room 114),MFOM-11--- (Room 220),MENFP12--- (Room A-2),MACLV12--- (Room Gym),MENT-12--- (Room A-2)
1084,unassigned,MCH--12--- (Room 223),MPH--12--- (Room 223),unassigned,YLAW-2CX-- (Room A-3),MENST12--- (Room 205A),YPSYC1AX-- (Room 222),ACAL-12--- (Room 221)
1085,MCH--12--- (Room 216),MEVSC12C-- (Room 205A),MTDRF12--- (Room 105),MATPH12--- (Room 225),MFOM-11--- (Room 220),MENST12--- (Room 207A),YPSYC1AX-- (Room 222),unassigned
1086,MENST12--- (Room A-2),MCH--12--- (Room 223),MPH--12--- (Room 223),MATPH12--- (Room 225),YED--2CX-- (Room 109),MACLV12--- (Room Gym),APHM-12--- (Room 227),MPREC12--- (Room 214)
1087,unassigned,unassigned,MFOOD12--- (Room 206),MENST12--- (Room 207B),MFOM-11--- (Room 220),MVAPH12--- (Room 113),unassigned,unassigned
1088,MENFP12--- (Room 122),MSJ--12--- (Room 209),MFOOD12--- (Room 206),unassigned,MWH--12--- (Room 122),MVAPH11--- (Room 113),MLST-12--- (Room 121),YED--2CX-- (Room 109)
1089,MENFP12--- (Room 122),MATPH12--- (Room 211),MVAST12--- (Room 116),MPREC12--- (Room 210),MBSP-11--- (Room 205A),MPH--11--- (Room 216),MLST-12--- (Room 121),ACSC-2A--- (Room 203)
1090,MENST12--- (Room A-2),MCH--12--- (Room 219),unassigned,unassigned,unassigned,unassigned,MATPH12--- (Room 226),MPREC12--- (Room 220)
1091,MECOM12--- (Room 222),unassigned,MENST12--- (Room A-6),ASTA-12--- (Room 212),MACC-12--- (Room A-2),unassigned,MPH--12--- (Room 219),MPREC12--- (Room 214)
1092,MEC--12--- (Room 209),MCH--12--- (Room 216),MMACS12--- (Room 203),MATPH12--- (Room 216),MCALC12--- (Room 221),MENFP12--- (Room A-2),APHM-12--- (Room 227),MFOOD12--- (Room 206)
1093,MENFP12--- (Room 122),MSJ--12--- (Room 209),MVAST12--- (Room 116),MTDRF12--- (Room 105),MFOOD12--- (Room 206),MACLV12--- (Room Gym),MTAUT12--- (Room 102),MFOM-11--- (Room 106)
1094,MEC--12--- (Room 222),MCH--12--- (Room 225),MTDRF12--- (Room 105),unassigned,MCALC12--- (Room 221),MENFP12--- (Room A-2),MATPH12--- (Room 223),MPH--12--- (Room 227)
1095,MENFP12--Y (Room 107),MSJ--12--- (Room 208),YESFL1CX-- (Room 205B),unassigned,unassigned,MACLV12--- (Room Gym),MENFP12--Y (Room 107),MPREC12--- (Room 220)
1096,MENST12--- (Room A-2),MEVSC12C-- (Room 205A),MTAUT12--- (Room 102),MFOOD12--- (Room 206),YLAW-2CX-- (Room A-3),MTXT-12--- (Room A-7),MTEAD12--- (Room 102),MFOM-11--- (Room 106)
1097,MCH--12--- (Room 216),MSJ--12--- (Room 209),MENST12--- (Room A-6),MPREC12--- (Room 210),MFOOD12--- (Room 206),MVAPH11--- (Room 113),MATPH12--- (Room 226),MODED12--- (Room _CHECK THIS THING IDK)
1098,MPREC12--- (Room 212),unassigned,MPH--12--- (Room 223),ASTA-12--- (Room 212),MCALC12--- (Room 221),MENST12--- (Room 205A),MLST-12--- (Room 121),MMAP-11--- (Room A-2)
1099,MEC--12--- (Room 222),MEVSC12C-- (Room 205A),MCH--11--- (Room 226),MPH--11--- (Room 219),MCALC12--- (Room 221),MENFP12--- (Room A-2),MCH--12--- (Room 225),MPH--12--- (Room 225)
1100,MWH--12--- (Room 121),MCH--12--- (Room 223),unassigned,MPH--11--- (Room 219),MENST12C-- (Room A-6),MCALC12--- (Room 106),unassigned,MPH--12--- (Room 225)
1101,MEC--12--- (Room 222),MCH--12--- (Room 223),unassigned,MATPH12--- (Room 225),MCALC12--- (Room 221),MENST12C-- (Room 209),APHM-12--- (Room 227),MMAP-11--- (Room A-2)
1102,MENST12--- (Room A-2),YPA--2CX-- (Room Gym),MTAUT12--- (Room 102),MVAST12--- (Room 116),MFOOD12--- (Room 206),MTXT-12--- (Room A-7),MATPH12--- (Room 226),MPREC12--- (Room 214)
1103,unassigned,MCH--12--- (Room 223),unassigned,MPREC12--- (Room 106),MCALC12--- (Room 212),MENST12C-- (Room 209),MATPH12--- (Room 223),MPH--12--- (Room 227)
1104,MENFP12--- (Room 122),YPA--2CX-- (Room Gym),unassigned,MATPH12--- (Room 225),MFOOD12--- (Room 206),MPREC12--- (Room 221),MCH--12--- (Room 225),MMAP-11--- (Room A-2)
1105,MTXT-12--- (Room A-7),MPREC12H-- (Room 212),MPH--12--- (Room 223),MFOOD12--- (Room 206),MCALC12--- (Room 221),MENST12--- (Room 207A),MCH--12--- (Room 225),MODED12--- (Room _CHECK THIS THING IDK)
1106,MLFSC11--- (Room 219),unassigned,MFOOD12--- (Room 206),MENST12--- (Room 207B),MSP--12--- (Room 207B),MVAPH11--- (Room 113),MATPH12--- (Room 226),MFOM-11--- (Room 106)
1107,MCH--12--- (Room 216),MPREC12H-- (Room 212),MENST12--- (Room A-6),MATPH12--- (Room 225),unassigned,MACLV12--- (Room Gym),APHM-12--- (Room 227),ACAL-12--- (Room 221)
1108,unassigned,MEVSC12C-- (Room 205A),MSPLG11--- (Room 205B),MDMD-12D-- (Room 114),MVAST12--- (Room 116),MENR-12--- (Room 105),MINST12--- (Room 207A),MPREC12--- (Room 220)
1109,MEC--12--- (Room 209),MTAUT12--- (Room 102),MFOOD12--- (Room 206),unassigned,MACC-12--- (Room A-2),MENFP12--- (Room A-2),unassigned,MFOM-11--- (Room 106)
1110,unassigned,unassigned,unassigned,MENST12--- (Room 207B),MWH--12--- (Room 122),MVAPH11--- (Room 113),MFR--12--- (Room 107),unassigned
1111,unassigned,YED--2CX-- (Room 109),MFOOD12--- (Room 206),MENST12--- (Room 207B),MWH--12--- (Room 122),MMEDD12--- (Room 114),unassigned,MPREC12--- (Room 220)
1112,MENFP12--Y (Room 107),MSJ--12--- (Room 208),YESFL1CX-- (Room 205B),MFOOD12--- (Room 206),MSP--11--- (Room 207B),unassigned,MENFP12--Y (Room 107),MLST-12--- (Room 122)
1113,MPREC11--- (Room 214),MCH--12--- (Room 223),YPSYC1AX-- (Room 205A),MATPH12--- (Room 216),MCMPR11AI- (Room 203),MENFP12--- (Room A-2),MLST-12--- (Room 121),MPREC12--- (Room 214)
1114,MEC--12--- (Room 209),MCH--12--- (Room 223),AELC-12--- (Room 123),MATPH12--- (Room 225),MAC--11--- (Room A-2),MCALC12--- (Room 106),MPH--12--- (Room 219),MLST-12--- (Room 222)
1115,MEC--12--- (Room 209),MMACS12--- (Room 203),MPH--12--- (Room 223),MPREC12--- (Room 106),MCALC12--- (Room 212),MENST12--- (Room 205A),YPSYC1AX-- (Room 222),MENT-12--- (Room A-2)
1116,MDNTP12--- (Room Studio),MEVSC12C-- (Room 205A),unassigned,unassigned,MWH--12--- (Room 122),MENST12--- (Room 207A),MCMCL12--- (Room 208),unassigned
1117,MEC--12--- (Room 209),MATPH12--- (Room 211),MPH--12--- (Room 223),MFOOD12--- (Room 206),MPGEO12--- (Room 207A),MENFP12--- (Room A-2),MTAUT12--- (Room 102),MODED12--- (Room _CHECK THIS THING IDK)
1118,MENFP12--- (Room 122),MATPH12--- (Room 211),unassigned,MFOOD12--- (Room 206),MWH--12--- (Room 122),unassigned,MCMCL12--- (Room 208),MLST-12--- (Room 123)
1119,MENFP12--Y (Room 107),YPA--2CX-- (Room Gym),MSPLG11--- (Room 205B),unassigned,MWPM-11--- (Room 106),MTXT-12--- (Room A-7),MENFP12--Y (Room 107),YED--2CX-- (Room 109)
1120,MENFP12--- (Room 122),MWPM-11--- (Room 214),MEPSS11--- (Room 222),MFOOD12--- (Room 206),YLAW-2CX-- (Room 205B),MEVSC11--- (Room 122),MTAUT12--- (Room 102),MCLE-10--- (Room 104)
1121,unassigned,MSJ--12--- (Room 209),YESFL1CX-- (Room 205B),MATPH12--- (Room 225),unassigned,MPREC12--- (Room 221),unassigned,YPSYC1AX-- (Room 209)
1122,MCH--12--- (Room 216),MPREC12H-- (Room 212),unassigned,unassigned,MENST12C-- (Room A-6),unassigned,APHM-12--- (Room 227),MLST-12--- (Room 122)
1123,MEC--12--- (Room 209),MCH--12--- (Room 216),MIMG-12--- (Room 119),MPREC12--- (Room 210),unassigned,MENFP12--- (Room A-2),MATPH12--- (Room 223),MLST-12--- (Room 123)
1124,MLFSC11--- (Room 219),MCH--12--- (Room 219),MPH--12--- (Room 223),MPREC12--- (Room 106),MCALC12--- (Room 221),MENST12--- (Room 205A),MATPH12--- (Room 223),MODED12--- (Room _CHECK THIS THING IDK)
1125,MENFP12--- (Room 122),MATPH12--- (Room 211),unassigned,MPREC12--- (Room 106),MCALC12--- (Room 221),unassigned,MCH--12--- (Room 225),MPH--12--- (Room 227)
1126,MWH--12--- (Room 121),MCMPS11--- (Room A-6),YPSYC1AX-- (Room 205A),MATPH12--- (Room 216),unassigned,MENST12--- (Room 205A),MVAPH11--- (Room 113),MTXT-12--- (Room A-7)
1127,MPREC12--- (Room 212),MCH--12--- (Room 216),AELC-12--- (Room 123),MLTST12--- (Room A-7),MVAST12--- (Room 116),MCALC12--- (Room 106),MATPH12--- (Room 223),MPH--12--- (Room 225)
1128,MCH--12--- (Room 216),MSJ--12--- (Room 208),MLFSC11--- (Room 216),MENST12--- (Room 207B),MFOOD12--- (Room 206),MPREC12--- (Room 221),MATPH12--- (Room 226),MPH--12--- (Room 227)
1129,MWH--12--- (Room 121),MATPH12--- (Room 211),YPSYC1AX-- (Room 205A),MENST12--- (Room 207B),MPGEO12--- (Room 207A),MPREC12--- (Room 221),MACLV12G-- (Room Gym),MPH--12--- (Room 227)
1130,MPREC12--- (Room 212),MCH--12--- (Room 216),AELC-12--- (Room 123),MLTST12--- (Room A-7),MPGEO12--- (Room 207A),MCALC12--- (Room 106),MACLV12--- (Room Gym),MPH--12--- (Room 227)
1131,MPREC12--- (Room 212),MATPH12--- (Room 211),MMACS11--- (Room 203),unassigned,MCALC12--- (Room 221),MENST12--- (Room 205A),unassigned,MLST-12--- (Room 122)
1132,MEC--12--- (Room 209),MPREC12H-- (Room 212),MPH--12--- (Room 223),MPREC12--- (Room 210),MENST12C-- (Room A-6),MCALC12--- (Room 106),MLST-12--- (Room 121),ACAL-12--- (Room 221)
1133,MIMCB12--L (Room 119),MPREC12H-- (Room 212),AELC-12--- (Room 123),MLTST12--- (Room A-7),MFOOD12--- (Room 206),MIMCB12--L (Room 119),MPH--12--- (Room 219),ACAL-12--- (Room 221)
1134,MPREC12--- (Room 212),MCH--12--- (Room 216),MENR-12--- (Room 104),MTROB12--- (Room 104),MCALC12--- (Room 221),MENST12--- (Room 207A),APHM-12--- (Room 227),MPH--12--- (Room 227)
1135,unassigned,MTAUT12--- (Room 102),unassigned,MFOOD12--- (Room 206),MCMPR11AI- (Room 203),MENST12--- (Room 207A),MTEAD12--- (Room 102),MWWK-12--- (Room 101)
1136,MEC--12--- (Room 209),MSJ--12--- (Room 209),unassigned,MATPH12--- (Room 216),MWH--12--- (Room 122),MENFP12--- (Room A-2),MVAPH12--- (Room 113),MPREC12--- (Room 220)
1137,MECOM12--- (Room 209),unassigned,MIMG-12--- (Room 119),MPREC12--- (Room 210),MCALC12--- (Room 221),MENFP12--- (Room A-2),unassigned,MLST-12--- (Room 222)
1138,MPREC12--- (Room 212),MSJ--12--- (Room 208),MENST12--- (Room A-6),MPH--11--- (Room 223),YLAW-2CX-- (Room 205B),MCALC12--- (Room 106),MLST-12--- (Room 121),MPH--12--- (Room 227)
1139,MCH--12--- (Room 216),MPREC12H-- (Room 212),AELC-12--- (Room 123),MLTST12--- (Room A-7),MCALC12--- (Room 212),MENR-12--- (Room 105),APHM-12--- (Room 227),MFOOD12--- (Room 206)
1140,MENFP12--- (Room 122),MDRM-12--- (Room A-1),unassigned,YHRA-2AX-- (Room 120),unassigned,unassigned,MACLV12--- (Room Gym),MFOOD12--- (Room 206)
1141,MEC--12--- (Room 209),MEVSC12C-- (Room 205A),unassigned,MPREC12--- (Room 106),MSP--12--- (Room 207B),MENST12C-- (Room 209),MLST-12--- (Room 121),ACAL-12--- (Room 221)
1142,MECOM12--- (Room 209),MPREC11--- (Room 220),unassigned,MATPH12--- (Room 225),MACC-12--- (Room A-2),MENFP12--- (Room A-2),unassigned,MPREC12--- (Room 220)
1143,MENST12--- (Room A-2),unassigned,MTAUT12--- (Room 102),YHRA-2AX-- (Room 120),MTROB12--- (Room 104),MACLV12--- (Room Gym),MTEAD12--- (Room 102),MFOOD12--- (Room 206)
1144,MENFP12--- (Room 122),MCH--12--- (Room 225),MENR-12--- (Room 104),MPREC12--- (Room 210),MTDRF12--- (Room 105),unassigned,MPH--12--- (Room 219),ACAL-12--- (Room 221)
1145,MENFP12--- (Room 205B),MEVSC12C-- (Room 205A),MPH--12--- (Room 223),MATPH12--- (Room 216),MPGEO12--- (Room 207A),MCALC12--- (Room 106),MCH--12--- (Room 225),MODED12--- (Room _CHECK THIS THING IDK)
1146,MENFP12--- (Room 122),MSJ--12--- (Room 209),MDCF-12--- (Room Studio),unassigned,MFOOD12--- (Room 206),MEVSC11--- (Room 122),unassigned,YED--2CX-- (Room 109)
1147,MWH--12--- (Room 121),MEVSC12C-- (Room 205A),MTAUT12--- (Room 102),MATPH12--- (Room 216),MTXT-12--- (Room A-7),MENST12--- (Room 207A),MTEAD12--- (Room 102),unassigned
1148,MPREC12--- (Room 212),MSJ--12--- (Room 209),MTAUT12--- (Room 102),MDNCN12--- (Room Studio),MCALC12--- (Room 221),MENFP12--- (Room A-2),MCH--12--- (Room 225),MINST12--- (Room 121)
1149,unassigned,MSJ--12--- (Room 209),MFOOD12--- (Room 206),unassigned,unassigned,MENST12--- (Room 207A),MATPH12--- (Room 226),YPSYC1AX-- (Room 209)
1150,MPREC12--- (Room 212),MCH--12--- (Room 223),YPSYC1AX-- (Room 205A),MVAST12--- (Room 116),MFOOD12--- (Room 206),MCALC12--- (Room 106),MLST-12--- (Room 121),MODED12--- (Room _CHECK THIS THING IDK)
1151,MENFP12--- (Room 122),YPA--2CX-- (Room Gym),unassigned,MATPH12--- (Room 216),MBSP-11--- (Room 205A),unassigned,MACLV12G-- (Room Gym),unassigned
1152,MENFP12--- (Room 205B),MTAUT12--- (Room 102),MFOOD12--- (Room 206),MPREC12--- (Room 106),YLAW-2CX-- (Room 121),YED--2CX-- (Room 109),MATPH12--- (Room 226),MLST-12--- (Room 222)
1153,MEC--12--- (Room 209),MPREC11--- (Room 220),MENST12--- (Room A-6),unassigned,unassigned,unassigned,unassigned,MPREC12--- (Room 214)
1154,MWH--12--- (Room 121),unassigned,MENST12--- (Room A-6),MPREC12--- (Room 210),MPGEO12--- (Room 207A),MCALC12--- (Room 106),unassigned,unassigned
1155,MDNTP12--- (Room Studio),MSJ--12--- (Room 208),YPSYC1AX-- (Room 205A),unassigned,YLAW-2CX-- (Room A-3),MENFP12--- (Room A-2),MINST12--- (Room 207A),MPREC12--- (Room 220)
1156,MTXT-12--- (Room A-7),MSJ--12--- (Room 208),MDCF-12--- (Room Studio),MFOOD12--- (Room 206),MBSP-11--- (Room 205A),MENST12--- (Room 205A),MCMCL12--- (Room 208),MLST-12--- (Room 222)
1157,MPREC12--- (Room 212),MCH--12--- (Room 223),AELC-12--- (Room 123),MLTST12--- (Room A-7),MFOOD12--- (Room 206),MCALC12--- (Room 106),MTAUT12--- (Room 102),MPH--12--- (Room 227)
1158,MIMCB12--L (Room 119),MSJ--12--- (Room 209),AELC-12--- (Room 123),MLTST12--- (Room A-7),MPGEO12--- (Room 207A),MIMCB12--L (Room 119),unassigned,unassigned
1159,MENFP12--- (Room 122),MWPM-11--- (Room 214),unassigned,MDMD-12D-- (Room 114),MFOOD12--- (Room 206),unassigned,unassigned,unassigned
1160,MENFP12--- (Room 205B),MTAUT12--- (Room 102),MEVSC11--- (Room 207A),MPREC12--- (Room 210),YED--2CX-- (Room 109),MPH--11--- (Room 211),MATPH12--- (Room 226),MWWK-12--- (Room 101)
1161,MLFSC11--- (Room 219),MCMPS11--- (Room 207A),MEPSS11--- (Room 122),unassigned,MSP--12--- (Room 207B),MENFP12--- (Room A-2),MACLV12--- (Room Gym),MCLE-10--- (Room 104)
1162,MECOM12--- (Room 222),unassigned,MENST12--- (Room A-6),MPREC12--- (Room 210),MWH--12--- (Room 122),MACLV12--- (Room Gym),MCMCL12--- (Room 208),MENT-12--- (Room A-2)
1163,MPREC12--- (Room 212),MCH--12--- (Room 223),unassigned,unassigned,MCALC12--- (Room 221),MENST12--- (Room 207A),MATPH12--- (Room 226),unassigned
1164,MEC--12--- (Room 209),MCH--12--- (Room 223),MENR-12--- (Room 104),MPREC12--- (Room 106),MCALC12--- (Room 212),MENST12C-- (Room 209),MTAUT12--- (Room 102),MPH--12--- (Room 227)
1165,MENFP12--- (Room 122),MSJ--12--- (Room 208),unassigned,unassigned,unassigned,unassigned,unassigned,unassigned
1166,unassigned,MCH--12--- (Room 216),MTAUT12--- (Room 102),unassigned,MTDRF12--- (Room 105),MENST12--- (Room 205A),APHM-12--- (Room 227),ACAL-12--- (Room 221)
1167,MENST12--- (Room A-2),YED--2CX-- (Room 109),MFOOD12--- (Room 206),unassigned,YLAW-2CX-- (Room A-3),MACLV12--- (Room Gym),MCMCL12--- (Room 208),YPSYC1AX-- (Room 209)
1168,unassigned,MCH--12--- (Room 216),MENST12--- (Room A-6),MPREC12--- (Room 210),unassigned,MCALC12--- (Room 106),MPH--12--- (Room 219),MFOOD12--- (Room 206)
1169,MENFP12--- (Room 122),MCH--12--- (Room 219),MENR-12--- (Room 104),MDMD-12D-- (Room 114),MACC-12--- (Room A-2),MACLV12--- (Room Gym),APHM-12--- (Room 227),MMACS12--- (Room 203)
1170,MENST12--- (Room A-2),MCH--12--- (Room 219),MTDRF12--- (Room 105),MTROB12--- (Room 104),YLAW-2CX-- (Room 121),unassigned,MENR-12--- (Room 105),unassigned
1171,MPREC11--- (Room 106),MDRM-12--- (Room A-1),MCH--11--- (Room 211),MCMPS11--- (Room A-6),MLFSC11--- (Room 226),MENST12--- (Room 207A),MINST12--- (Room 207A),YED--2CX-- (Room 109)
1172,MPREC12--- (Room 212),MEVSC12C-- (Room 205A),AELC-12--- (Room 123),MLTST12--- (Room A-7),MCALC12--- (Room 212),MPH--11--- (Room 225),MCH--12--- (Room 225),MTXT-12--- (Room A-7)
1173,MAC--11--- (Room 205A),MCH--12--- (Room 225),MTAUT12--- (Room 102),MPREC12--- (Room 210),MCALC12--- (Room 221),MENFP12--- (Room A-2),MACLV12--- (Room Gym),MPH--12--- (Room 227)
1174,MPREC12--- (Room 212),MSJ--12--- (Room 208),MENR-12--- (Room 104),MPH--11--- (Room 219),MWH--12--- (Room 122),MENST12--- (Room 205A),MCMCL12--- (Room 208),MPH--12--- (Room 227)
1175,unassigned,MATPH12--- (Room 211),MENST12--- (Room A-6),unassigned,MWH--12--- (Room 122),MVAPH11--- (Room 113),unassigned,unassigned
1176,MENFP12--- (Room 205B),MCH--12--- (Room 225),MPH--12--- (Room 223),MPREC12--- (Room 210),MCALC12--- (Room 221),unassigned,MATPH12--- (Room 226),MLST-12--- (Room 123)
1177,MEC--12--- (Room 209),MSJ--12--- (Room 208),unassigned,MPREC12--- (Room 106),MWH--12--- (Room 122),MENST12--- (Room 207A),MCH--12--- (Room 225),MLST-12--- (Room 222)
1178,unassigned,MCH--12--- (Room 225),MENST12--- (Room A-6),MPREC12--- (Room 106),MCALC12--- (Room 212),MTXT-12--- (Room A-7),MATPH12--- (Room 226),MPH--12--- (Room 225)
1179,MEC--12--- (Room 222),unassigned,YPSYC1AX-- (Room 205A),unassigned,MFOOD12--- (Room 206),MENFP12--- (Room A-2),MCMCL12--- (Room 208),MFOM-11--- (Room 106)
1180,MENST12--- (Room A-2),unassigned,unassigned,unassigned,MSP--12--- (Room 207B),MPREC12--- (Room 221),unassigned,MPH--12--- (Room 225)
1181,MWH--12--- (Room 121),MDRM-12--- (Room A-1),MEVSC11--- (Room A-2),MVAST12--- (Room 116),MFOM-11--- (Room 220),MENST12--- (Room 205A),MINST12--- (Room 207A),YPSYC1AX-- (Room 209)
1182,MPREC12--- (Room 212),MCH--12--- (Room 223),unassigned,MPH--11--- (Room 219),MCALC12--- (Room 221),MENST12--- (Room 207A),MENR-12--- (Room 105),unassigned
1183,MPREC12--- (Room 212),YPA--2CX-- (Room Gym),unassigned,MDNCN12--- (Room Studio),MCALC12--- (Room 212),MENST12--- (Room 207A),MCH--12--- (Room 225),YPSYC1AX-- (Room 209)
1184,MENST12--- (Room A-2),unassigned,MTAUT12--- (Room 102),YHRA-2AX-- (Room 120),MEPSS11--- (Room 107),MEVSC11--- (Room 122),unassigned,unassigned
1185,unassigned,MCMPS11--- (Room A-2),MDCF-11--- (Room Studio),unassigned,MFOOD11--- (Room 206),unassigned,MPREC11--- (Room 214),unassigned
1186,MENFP12--- (Room 205B),MEVSC12C-- (Room 205A),MTDRF12--- (Room 105),MPREC12--- (Room 106),MWH--12--- (Room 122),MPH--11--- (Room 225),MWWK-12--- (Room 101),MFOOD12--- (Room 206)
1187,MENFP12--- (Room 122),unassigned,MIMG-12--- (Room 119),unassigned,MEPSS11--- (Room 107),unassigned,unassigned,MFOOD12--- (Room 206)
1188,MENFP12--- (Room 205B),MCH--12--- (Room 223),MPH--12--- (Room 223),MPREC12--- (Room 106),MCALC12--- (Room 221),unassigned,unassigned,MLST-12--- (Room 123)
1189,MCH--12--- (Room 216),MTAUT12--- (Room 102),YPSYC1AX-- (Room 205A),MENST12--- (Room 207B),MWH--12--- (Room 122),MPREC12--- (Room 221),MTEAD12--- (Room 102),MLST-12--- (Room 122)
1190,MWH--12--- (Room 121),MEVSC12C-- (Room 205A),MENST12--- (Room A-6),MATPH12--- (Room 216),YLAW-2CX-- (Room 121),MPREC12--- (Room 221),MACLV12--- (Room Gym),MFOOD12--- (Room 206)
1191,MENFP12--- (Room 205B),MTAUT12--- (Room 102),MEVSC11--- (Room 207A),unassigned,unassigned,unassigned,MLST-12--- (Room 121),MCLE-10--- (Room 104)
1192,unassigned,unassigned,MVAST12--- (Room 116),MFOOD12--- (Room 206),MBSP-11--- (Room 205A),MENST12--- (Room 205A),YPSYC1AX-- (Room 222),unassigned
1193,MCH--12--- (Room 216),MSJ--12--- (Room 208),MENST12--- (Room A-6),MPREC12--- (Room 106),MCALC12--- (Room 212),MPH--11--- (Room 225),MATPH12--- (Room 223),MFOOD12--- (Room 206)
1194,unassigned,unassigned,unassigned,MATPH12--- (Room 216),unassigned,MENST12--- (Room 205A),MENR-12--- (Room 105),MPREC12--- (Room 220)
1195,MWH--12--- (Room 121),MSJ--12--- (Room 208),YESFL1CX-- (Room 205B),MDNCN12--- (Room Studio),YLAW-2CX-- (Room 205B),unassigned,MCMCL12--- (Room 208),MPREC12--- (Room 220)
1196,MCMPR12AI- (Room 203),unassigned,YESFL1CX-- (Room 205B),MPREC12--- (Room 106),MMEDD12--- (Room 114),MENR-12--- (Room 105),MPH--12--- (Room 219),MLST-12--- (Room 222)
1197,MDNTP12--- (Room Studio),MCH--12--- (Room 219),MPH--12--- (Room 223),MPREC12--- (Room 210),MCALC12--- (Room 221),MENFP12--- (Room A-2),MATPH12--- (Room 226),MFOOD12--- (Room 206)
1198,unassigned,MSJ--12--- (Room 208),unassigned,MDNCN12--- (Room Studio),unassigned,MENST12--- (Room 205A),MATPH12--- (Room 223),unassigned
1199,MEC--12--- (Room 209),MCH--12--- (Room 225),MTAUT12--- (Room 102),MPREC12--- (Room 106),YLAW-2CX-- (Room 121),MENFP12--- (Room A-2),MACLV12--- (Room Gym),MINST12--- (Room 121)
1200,MACC-12--- (Room 205A),MCH--12--- (Room 225),unassigned,ASTA-12--- (Room 212),MBSP-11--- (Room 205A),MENST12--- (Room 207A),unassigned,MPH--12--- (Room 227)
1201,MENFP12--- (Room 122),unassigned,unassigned,MATPH12--- (Room 216),unassigned,MACLV12--- (Room Gym),MPH--12--- (Room 219),MPREC12--- (Room 214)
1202,MSP--11--- (Room 123),MCH--12--- (Room 216),MENST12--- (Room A-6),MATPH12--- (Room 225),MSP--12--- (Room 207B),MPREC12--- (Room 221),MBSP-11--- (Room 207B),MTXT-12--- (Room A-7)
1203,MWH--12--- (Room 121),MWPM-11--- (Room 214),MENST12--- (Room A-6),MDMD-12D-- (Room 114),MFOM-11--- (Room 220),MTXT-12--- (Room A-7),MCMCL12--- (Room 208),MLST-12--- (Room 222)
1204,MENFP12--- (Room 122),MDRM-12--- (Room A-1),MTDRF12--- (Room 105),MATPH12--- (Room 216),MFOOD12--- (Room 206),MPREC12--- (Room 221),MCH--12--- (Room 225),MODED12--- (Room _CHECK THIS THING IDK)
1205,MENFP12--- (Room 205B),MMACS12--- (Room 203),MTDRF12--- (Room 105),MPREC12--- (Room 210),MCMPR11AI- (Room 203),MCALC12--- (Room 106),MENR-12--- (Room 105),MPH--12--- (Room 225)
1206,MEC--12--- (Room 222),MPREC12H-- (Room 212),YPSYC1AX-- (Room 205A),MATPH12--- (Room 225),MENST12C-- (Room A-6),MCALC12--- (Room 106),APHM-12--- (Room 227),ACSC-2A--- (Room 203)
1207,MDNTP12--- (Room Studio),MPREC12H-- (Room 212),unassigned,MENST12--- (Room 207B),YLAW-2CX-- (Room 121),unassigned,MCMCL12--- (Room 208),MLST-12--- (Room 123)
1208,MEC--12--- (Room 222),MPREC12H-- (Room 212),MPH--12--- (Room 223),MTDRF12--- (Room 105),MCALC12--- (Room 212),MENST12C-- (Room 209),MCH--12--- (Room 225),MLST-12--- (Room 123)
1209,MIMCB12--L (Room 119),MCH--12--- (Room 216),AELC-12--- (Room 123),MLTST12--- (Room A-7),unassigned,MIMCB12--L (Room 119),MATPH12--- (Room 226),MPREC12--- (Room 214)
1210,MENFP12--- (Room 205B),MEVSC12C-- (Room 205A),MDCF-12--- (Room Studio),MPREC12--- (Room 210),MBSP-11--- (Room 205A),MCALC12--- (Room 106),MACLV12G-- (Room Gym),MENT-12--- (Room A-2)
1211,MLFSC11--- (Room 219),MCH--12--- (Room 223),MENR-12--- (Room 104),MTDRF12--- (Room 105),MCALC12--- (Room 221),MENST12C-- (Room 209),MATPH12--- (Room 223),MPH--12--- (Room 227)
1212,MENFP12--- (Room 205B),MEVSC12C-- (Room 205A),YPSYC1AX-- (Room 205A),YHRA-2AX-- (Room 120),YLAW-2CX-- (Room 121),MACLV12--- (Room Gym),MTAUT12--- (Room 102),MFOM-11--- (Room 106)
1213,MENFP12--- (Room 205B),MTEAD12--- (Room 102),MCH--11--- (Room 227),MTDRF12--- (Room 105),MCALC12--- (Room 212),MENR-12--- (Room 105),MCH--12--- (Room 225),MPH--12--- (Room 225)
1214,MPREC12--- (Room 212),MCH--12--- (Room 219),AELC-12--- (Room 123),MLTST12--- (Room A-7),MCALC12--- (Room 212),unassigned,MATPH12--- (Room 223),MLST-12--- (Room 122)
1215,MENFP12--- (Room 205B),MCH--12--- (Room 216),unassigned,MATPH12--- (Room 225),unassigned,MENST12--- (Room 207A),YPSYC1AX-- (Room 222),unassigned
1216,unassigned,MCH--12--- (Room 216),MPH--12--- (Room 223),MENST12--- (Room 207B),MAC--11--- (Room A-2),MCALC12--- (Room 106),MLST-12--- (Room 121),ACAL-12--- (Room 221)
1217,MPREC12--- (Room 212),MCH--12--- (Room 216),MENST12--- (Room A-6),ASTA-12--- (Room 212),MTROB12--- (Room 104),MCALC12--- (Room 106),APHM-12--- (Room 227),MLST-12--- (Room 122)
1218,MFR--12--- (Room A-3),MSJ--12--- (Room 209),unassigned,unassigned,MLFSC11--- (Room 226),unassigned,YPSYC1AX-- (Room 222),unassigned
1219,MCH--12--- (Room 216),MATPH12--- (Room 211),AELC-12--- (Room 123),MLTST12--- (Room A-7),MSP--12--- (Room 207B),MPREC12--- (Room 221),MCMCL12--- (Room 208),YPSYC1AX-- (Room 209)
1220,MENFP12--- (Room 122),MCH--12--- (Room 225),MIMG-12--- (Room 119),MATPH12--- (Room 216),YLAW-2CX-- (Room 121),MCALC12--- (Room 106),MPH--12--- (Room 219),MFOOD12--- (Room 206)
1221,MCH--12--- (Room 216),MPREC12H-- (Room 212),MPH--12--- (Room 223),MTDRF12--- (Room 105),MFOOD12--- (Room 206),MENST12C-- (Room 209),MACLV12G-- (Room Gym),ACAL-12--- (Room 221)
1222,MPREC12--- (Room 212),MCH--12--- (Room 219),MENST12--- (Room A-6),MDMD-12D-- (Room 114),YLAW-2CX-- (Room 121),MCALC12--- (Room 106),APHM-12--- (Room 227),MPH--12--- (Room 227)
1223,MCH--12--- (Room 216),MDRM-12--- (Room A-1),MENST12--- (Room A-6),MPREC12--- (Room 210),MPGEO12--- (Room 207A),MCALC12--- (Room 106),MATPH12--- (Room 223),MFOOD12--- (Room 206)
1224,MENST12--- (Room A-2),MCH--12--- (Room 223),MVAST12--- (Room 116),MPREC12--- (Room 210),MSP--12--- (Room 207B),MCALC12--- (Room 106),MATPH12--- (Room 223),MPH--12--- (Room 225)
1225,MENFP12--Y (Room 107),MATPH12--- (Room 211),YESFL1CX-- (Room 205B),MFOOD12--- (Room 206),MVAST12--- (Room 116),unassigned,MENFP12--Y (Room 107),unassigned
1226,MPREC12--- (Room 212),unassigned,AELC-12--- (Room 123),MLTST12--- (Room A-7),MCALC12--- (Room 221),MLFSC11--- (Room 227),unassigned,MPH--12--- (Room 227)
1227,unassigned,MPREC11--- (Room 220),MLFSC11--- (Room 216),unassigned,MVAST12--- (Room 116),MENST12--- (Room 205A),unassigned,unassigned
1228,MLFSC11--- (Room 219),MCH--12--- (Room 216),AELC-12--- (Room 123),MLTST12--- (Room A-7),MTDRF12--- (Room 105),MCALC12--- (Room 106),MPH--12--- (Room 219),YPSYC1AX-- (Room 209)
1229,MENST12--- (Room A-2),MCH--12--- (Room 219),unassigned,MPREC12--- (Room 106),MSP--12--- (Room 207B),unassigned,MATPH12--- (Room 226),MPH--12--- (Room 225)
1230,unassigned,MSJ--12--- (Room 209),MENST12--- (Room A-6),MFOOD12--- (Room 206),YED--2CX-- (Room 109),MVAPH11--- (Room 113),MLST-12--- (Room 121),unassigned
1231,MDNTP12--- (Room Studio),MCH--12--- (Room 219),MENST12--- (Room A-6),MATPH12--- (Room 216),MTXT-12--- (Room A-7),unassigned,MCMCL12--- (Room 208),MFOM-11--- (Room 106)
1232,unassigned,YED--2CX-- (Room 109),MENST12--- (Room A-6),MFOOD12--- (Room 206),MFOM-11--- (Room 220),MCH--11--- (Room 219),unassigned,unassigned
1233,MENFP12--- (Room 205B),unassigned,MENR-12--- (Room 104),MPH--11--- (Room 223),MTDRF12--- (Room 105),MPREC12--- (Room 221),MACLV12--- (Room Gym),MPH--12--- (Room 225)
1234,MWH--12--- (Room 121),MPREC12H-- (Room 212),MPH--12--- (Room 223),unassigned,MCALC12--- (Room 221),MENFP12--- (Room A-2),MCH--12--- (Room 225),MMACS11--- (Room 203)
1235,MCH--12--- (Room 216),MSJ--12--- (Room 208),AELC-12--- (Room 123),MLTST12--- (Room A-7),YLAW-2CX-- (Room 205B),MPREC12--- (Room 221),MACLV12G-- (Room Gym),MPH--12--- (Room 225)
1236,unassigned,MATPH12--- (Room 211),unassigned,MDNCN12--- (Room Studio),MTXT-12--- (Room A-7),MENST12--- (Room 207A),unassigned,MPREC12--- (Room 214)
1237,MEC--12--- (Room 209),MCH--12--- (Room 216),MTAUT12--- (Room 102),MPREC12--- (Room 210),MCALC12--- (Room 212),MENST12C-- (Room 209),MVAPH11--- (Room 113),MPH--12--- (Room 225)
1238,unassigned,MTAUT12--- (Room 102),MENR-12--- (Room 104),MENST12--- (Room 207B),MPGEO12--- (Room 207A),MCALC12--- (Room 106),MCH--12--- (Room 225),unassigned
1239,MCH--12--- (Room 216),MPREC12H-- (Room 212),MIMG-12--- (Room 119),ASTA-12--- (Room 212),MAC--11--- (Room A-2),MENST12C-- (Room 209),APHM-12--- (Room 227),ACAL-12--- (Room 221)
1240,MEC--12--- (Room 222),MDRM-12--- (Room A-1),MIMG-12--- (Room 119),MPREC12--- (Room 210),YLAW-2CX-- (Room 205B),MENFP12--- (Room A-2),MCMCL12--- (Room 208),MLST-12--- (Room 122)
1241,MEC--12--- (Room 209),MATPH12--- (Room 211),AELC-12--- (Room 123),MLTST12--- (Room A-7),MWH--12--- (Room 122),MCALC12--- (Room 106),MCH--12--- (Room 225),YPSYC1AX-- (Room 209)
1242,MWH--12--- (Room 121),unassigned,MENST12--- (Room A-6),unassigned,YLAW-2CX-- (Room A-3),unassigned,MINST12--- (Room 207A),MLST-12--- (Room 122)
1243,MENFP12--- (Room 205B),YED--2CX-- (Room 109),MTAUT12--- (Room 102),unassigned,MEPSS11--- (Room 107),unassigned,MWWK-12--- (Room 101),MFOOD12--- (Room 206)
1244,MCH--12--- (Room 216),MPREC12H-- (Room 212),unassigned,ASTA-12--- (Room 212),unassigned,MENFP12--- (Room A-2),MATPH12--- (Room 223),MLST-12--- (Room 122)
1245,MENFP12--- (Room 122),MTAUT12--- (Room 102),MFOOD12--- (Room 206),MDMD-12D-- (Room 114),MMEDD12--- (Room 114),MACLV12--- (Room Gym),MVAPH11--- (Room 113),MCLE-10--- (Room 104)
1246,MENFP12--- (Room 205B),MSJ--12--- (Room 209),unassigned,unassigned,MWPM-11--- (Room 106),unassigned,MACLV12--- (Room Gym),MENT-12--- (Room A-2)
1247,MEC--12--- (Room 209),MTAUT12--- (Room 102),YPSYC1AX-- (Room 205A),MPREC12--- (Room 106),MAC--11--- (Room A-2),MENST12--- (Room 205A),MINST12--- (Room 207A),MLST-12--- (Room 122)
1248,unassigned,MTAUT12--- (Room 102),unassigned,MCMPS11--- (Room 209),MPGEO12--- (Room 207A),MENST12--- (Room 207A),MACLV12--- (Room Gym),YED--2CX-- (Room 109)
1249,MCLE-10--- (Room 201),YED--2CX-- (Room 109),MTAUT12--- (Room 102),unassigned,unassigned,MENFP12--- (Room A-2),MACLV12--- (Room Gym),MWWK-12--- (Room 101)
1250,MENFP12--Y (Room 107),MEVSC12C-- (Room 205A),MIMG-12--- (Room 119),MPREC12--- (Room 106),YLAW-2CX-- (Room A-3),unassigned,MENFP12--Y (Room 107),MTXT-12--- (Room A-7)
1251,MENFP12--- (Room 122),MSJ--12--- (Room 209),MLFSC11--- (Room 216),MPH--11--- (Room 226),MTROB12--- (Room 104),MPREC12--- (Room 221),MPH--12--- (Room 219),YED--2CX-- (Room 109)
1252,MTXT-12--- (Room A-7),MCH--12--- (Room 219),MTAUT12--- (Room 102),MENST12--- (Room 207B),MFOOD12--- (Room 206),MPREC12--- (Room 221),MATPH12--- (Room 223),MODED12--- (Room _CHECK THIS THING IDK)
1253,MPREC12--- (Room 212),MCH--12--- (Room 225),MENR-12--- (Room 104),YHRA-2AX-- (Room 120),MENST12C-- (Room A-6),MCALC12--- (Room 106),MATPH12--- (Room 223),MPH--12--- (Room 227)
1254,MEC--12--- (Room 222),MCH--12--- (Room 225),unassigned,ASTA-12--- (Room 212),MFOOD12--- (Room 206),MENST12--- (Room 205A),APHM-12--- (Room 227),ACAL-12--- (Room 221)
1255,MENFP12--- (Room 122),unassigned,unassigned,unassigned,MFOM-11--- (Room 220),unassigned,unassigned,unassigned
1256,MTXT-12--- (Room A-7),MCH--12--- (Room 216),MPH--12--- (Room 223),MPREC12--- (Room 106),MCALC12--- (Room 212),MENST12C-- (Room 209),MATPH12--- (Room 226),YPSYC1AX-- (Room 209)
1257,MEC--12--- (Room 222),MCH--12--- (Room 225),unassigned,MATPH12--- (Room 216),MENST12C-- (Room A-6),unassigned,MLST-12--- (Room 121),ACAL-12--- (Room 221)
1258,MEC--12--- (Room 222),MATPH12--- (Room 211),MPH--12--- (Room 223),MFOOD12--- (Room 206),MENST12C-- (Room A-6),MCALC12--- (Room 106),MCMCL12--- (Room 208),MODED12--- (Room _CHECK THIS THING IDK)
1259,MCH--12--- (Room 216),MPREC12H-- (Room 212),unassigned,ASTA-12--- (Room 212),MENST12C-- (Room A-6),MTXT-12--- (Room A-7),APHM-12--- (Room 227),ACAL-12--- (Room 221)
1260,MCH--12--- (Room 216),MPREC12H-- (Room 212),AELC-12--- (Room 123),MLTST12--- (Room A-7),MWH--12--- (Room 122),MPH--11--- (Room 225),MATPH12--- (Room 223),ACAL-12--- (Room 221)
1261,MENFP12--Y (Room 107),MSJ--12--- (Room 209),MSPLG11--- (Room 205B),MPREC12--- (Room 210),MCALC12--- (Room 212),MACLV12--- (Room Gym),MENFP12--Y (Room 107),MINST12--- (Room 121)
1262,MPREC11--- (Room 214),MATPH12--- (Room 211),MMACS11--- (Room 203),MDMD-12D-- (Room 114),MWH--12--- (Room 122),MENST12--- (Room 205A),MTAUT12--- (Room 102),MFOM-11--- (Room 106)
1263,MPREC12--- (Room 212),MCH--12--- (Room 216),AELC-12--- (Room 123),MLTST12--- (Room A-7),MCALC12--- (Room 212),unassigned,MATPH12--- (Room 223),unassigned
1264,unassigned,MPREC12H-- (Room 212),MPH--12--- (Room 223),MATPH12--- (Room 225),MENST12C-- (Room A-6),unassigned,MCH--12--- (Room 225),ACAL-12--- (Room 221)
1265,MENST12--- (Room A-2),unassigned,MTAUT12--- (Room 102),MPREC12--- (Room 106),unassigned,MACLV12--- (Room Gym),MINST12--- (Room 207A),MFOOD12--- (Room 206)
1266,MENFP12--- (Room 205B),MEVSC12C-- (Room 205A),MPH--12--- (Room 223),MFOOD12--- (Room 206),MCALC12--- (Room 212),MENR-12--- (Room 105),MCH--12--- (Room 225),MODED12--- (Room _CHECK THIS THING IDK)
1267,MENFP12--- (Room 205B),unassigned,MVAST12--- (Room 116),MDMD-12D-- (Room 114),MWH--12--- (Room 122),unassigned,MVAPH12--- (Room 113),MLST-12--- (Room 123)
1268,MECOM12--- (Room 209),unassigned,MENST12--- (Room A-6),MPH--11--- (Room 226),MCALC12--- (Room 221),unassigned,unassigned,MPH--12--- (Room 225)
1269,MENFP12--Y (Room 107),MCH--12--- (Room 223),YESFL1CX-- (Room 205B),MPREC12--- (Room 106),MCALC12--- (Room 212),unassigned,MENFP12--Y (Room 107),MPH--12--- (Room 225)
1270,MEC--12--- (Room 222),MDRM-12--- (Room A-1),YESFL1CX-- (Room 205B),MPREC12--- (Room 106),MWH--12--- (Room 122),MCALC12--- (Room 106),MLST-12--- (Room 121),MENT-12--- (Room A-2)
1271,MWH--12--- (Room 121),MCH--12--- (Room 223),MTDRF12--- (Room 105),MPREC12--- (Room 106),MFOOD12--- (Room 206),MENFP12--- (Room A-2),MACLV12--- (Room Gym),MPH--12--- (Room 225)
1272,unassigned,MPREC12H-- (Room 212),unassigned,MPH--11--- (Room 223),MCALC12--- (Room 212),MENST12C-- (Room 209),MCH--12--- (Room 225),MPH--12--- (Room 227)
1273,MENFP12--Y (Room 107),MMACS12--- (Room 203),YESFL1CX-- (Room 205B),MPREC12--- (Room 210),MCALC12--- (Room 212),MPH--11--- (Room 225),MENFP12--Y (Room 107),YPSYC1AX-- (Room 209)
1274,MENST12--- (Room A-2),unassigned,unassigned,unassigned,YLAW-2CX-- (Room A-3),unassigned,YPSYC1AX-- (Room 222),MFOM-11--- (Room 106)
1275,MDNTP12--- (Room Studio),MEVSC12C-- (Room 205A),MLFSC11--- (Room 216),MDNCN12--- (Room Studio),MTXT-12--- (Room A-7),MENFP12--- (Room A-2),MCMCL12--- (Room 208),MLST-12--- (Room 123)
1276,MPREC11--- (Room 106),MTAUT11--- (Room 102),MFOOD11--- (Room 206),MPH--11--- (Room 223),YLAW-2CX-- (Room 205B),MCMPS11--- (Room 205B),MCMCL12--- (Room 208),MLST-12--- (Room 123)
1277,MCLE-10--- (Room 201),MLTST11C-- (Room A-7),MCH--11--- (Room 211),ASTA-12--- (Room 212),MINST12C-- (Room 222),MPH--11--- (Room 216),MPREC11--- (Room 220),MMACS12--- (Room 203)
1278,MLFSC11--- (Room 219),MSJ--12--- (Room 209),MCH--11--- (Room 227),MCMPS11--- (Room A-6),YLAW-2CX-- (Room A-3),MPH--11--- (Room 216),MPREC11--- (Room 214),YPSYC1AX-- (Room 209)
1279,MPREC11--- (Room 214),MCMPS11--- (Room 207A),MENR-11--- (Room 104),MIMG-11--- (Room 119),MCMPR11AI- (Room 203),MPH--11--- (Room 211),MINST12--- (Room 207A),MMACS11--- (Room 203)
1280,MAC--11--- (Room 205A),MPREC11--- (Room 220),MENR-11--- (Room 104),MCMPS11--- (Room A-6),MEPSS11--- (Room 107),MPH--11--- (Room 225),MFR--10--- (Room A-2),MCLE-10--- (Room 104)
1281,MCLE-10--- (Room 201),MPREC11--- (Room 220),MCH--11--- (Room 225),MCMPS11--- (Room A-6),MEPSS11--- (Room 107),MLFSC11--- (Room 227),MFR--10--- (Room A-2),MTXT-11--- (Room A-7)
1282,MPREC11--- (Room 106),MTAUT11--- (Room 102),MCH--11--- (Room 227),MCMPS11--- (Room 209),MTXT-11--- (Room A-7),MLFSC11--- (Room 227),MLST-12--- (Room 121),MWWK-11--- (Room 101)
1283,MCLE-10--- (Room 104),MCMPS11--- (Room 207A),MTDRF11--- (Room 105),MVAST11--- (Room 116),MCH--11--- (Room 223),MPH--11--- (Room 216),MPREC11--- (Room 106),MINST12--- (Room 121)
1284,MPREC11--- (Room 214),MCMPS11--- (Room A-2),MEPSS11--- (Room 122),MPH--11--- (Room 226),MLFSC11--- (Room 226),MCH--11--- (Room 219),MFR--11--- (Room 107),YPSYC1AX-- (Room 209)
1285,MCLE-10--- (Room 201),YPA--1CX-- (Room Gym),MEVSC11--- (Room 207A),MCMPS11--- (Room 209),MWPM-11--- (Room 106),MTXT-11--- (Room A-7),MLST-12--- (Room 121),YPSYC1AX-- (Room 209)
1286,unassigned,MPREC11--- (Room 220),MEPSS11--- (Room 222),unassigned,MMEDD11--- (Room 114),MLFSC11--- (Room 226),unassigned,unassigned
1287,MPREC11--- (Room 214),MLTST11C-- (Room A-7),MCH--11--- (Room 225),ASTA-12--- (Room 212),YLAW-2CX-- (Room 121),MPH--11--- (Room 211),YPSYC1AX-- (Room 222),MINST12C-- (Room A-3)
1288,MFR--11--- (Room A-3),MPREC11--- (Room 220),unassigned,MFOOD11--- (Room 206),MEPSS11--- (Room 107),MEVSC11--- (Room 122),MACLV11G-- (Room Gym),MCMPS11--- (Room 207B)
1289,unassigned,MCMPS11--- (Room A-6),MEPSS11--- (Room 122),unassigned,MFOM-11--- (Room 220),MLFSC11--- (Room 226),unassigned,unassigned
1290,MLFSC11--- (Room 219),MCMPS11--- (Room A-6),MEPSS11--- (Room 122),unassigned,MFOM-11--- (Room 220),unassigned,unassigned,unassigned
1291,MCLE-10--- (Room 201),MCMPS11--- (Room 207A),MTAUT11--- (Room 102),MIMG-11--- (Room 119),YLAW-2CX-- (Room 121),MEVSC11--- (Room 122),MLST-12--- (Room 121),MFOM-11--- (Room 106)
1292,unassigned,MPREC11--- (Room 220),unassigned,YHRA-1AX-- (Room 120),MMEDD11--- (Room 114),MCMPS11--- (Room 205B),unassigned,unassigned
1293,MEC--12--- (Room 222),MLTST11C-- (Room A-7),MCH--11--- (Room 226),ASTA-12--- (Room 212),YLAW-2CX-- (Room 121),MPH--11--- (Room 225),MPREC11--- (Room 220),MINST12C-- (Room A-3)
1294,MPREC11--- (Room 214),YPA--1CX-- (Room Gym),YPSYC1AX-- (Room 205A),MPH--11--- (Room 219),MCH--11--- (Room 223),MLFSC11--- (Room 227),MCMCL12--- (Room 208),MCMPS11--- (Room 207B)
1295,MIMCB11--L (Room 119),MCMPS11--- (Room 207A),MCH--11--- (Room 226),MPH--11--- (Room 219),YLAW-2CX-- (Room 121),MIMCB11--L (Room 119),MPREC11--- (Room 220),MLST-12--- (Room 123)
1296,MACLV11FB- (Room Gym),MCMPS11--- (Room 207A),YED--1DX-L (Room 108),unassigned,MFOM-11--- (Room 220),MLFSC11--- (Room 226),MINST12--- (Room 207A),YED--1DX-L (Room 108)
1297,MPREC11--- (Room 214),MCMPS11--- (Room A-2),MEPSS11--- (Room 122),unassigned,MMEDD11--- (Room 114),MENST12--- (Room 205A),MCMCL12--- (Room 208),MPREC12--- (Room 214)
1298,MCLE-10--- (Room 201),MLTST11C-- (Room A-7),MLFSC11--- (Room 216),ASTA-12--- (Room 212),MINST12C-- (Room 222),MPH--11--- (Room 225),MLST-12--- (Room 121),MPREC12--- (Room 220)
1299,MPREC11--- (Room 214),MCMPS11--- (Room 207B),YPSYC1AX-- (Room 205A),unassigned,unassigned,unassigned,MFR--11--- (Room 107),unassigned
1300,MCLE-10--- (Room 104),MTAUT11--- (Room 102),MEPSS11--- (Room 222),MCMPS11--- (Room 209),MWPM-11--- (Room 106),MPH--11--- (Room 216),YED--1DX-- (Room 108),MWWK-11--- (Room 101)
1301,MPREC11--- (Room 214),MCMPS11--- (Room A-6),YED--1DX-L (Room 108),unassigned,MCH--11--- (Room 223),unassigned,MLST-12--- (Room 121),YED--1DX-L (Room 108)
1302,MCLE-10--- (Room 201),MLTST11C-- (Room A-7),MCH--11--- (Room 225),MPH--11--- (Room 219),YLAW-2CX-- (Room 205B),MLFSC11--- (Room 227),MPREC11--- (Room 214),MINST12C-- (Room A-3)
1303,MACLV11FB- (Room Gym),MCMPS11--- (Room 107),MEVSC11--- (Room A-2),YHRA-1AX-- (Room 120),MWPM-11--- (Room 106),MCLE-10--- (Room 104),MTAUT11--- (Room 102),MLST-12--- (Room 222)
1304,MACLV11FB- (Room Gym),MCMPS11--- (Room 207A),MEVSC11--- (Room A-2),YHRA-1AX-- (Room 120),MWPM-11--- (Room 106),MCLE-10--- (Room 104),MFR--11--- (Room 107),MLST-12--- (Room 123)
1305,unassigned,MCMPS11--- (Room A-6),MLFSC11--- (Room 216),unassigned,YLAW-2CX-- (Room 121),unassigned,unassigned,MMAP-11--- (Room A-2)
1306,MPREC11--- (Room 214),MCMPS11--- (Room 207A),MCH--11--- (Room 226),YED--1DX-- (Room 109),YLAW-2CX-- (Room 121),MPH--11--- (Room 225),YPSYC1AX-- (Room 222),MINST12--- (Room 121)
1307,MDNTP11--- (Room Studio),unassigned,MCH--11--- (Room 211),MCMPS11--- (Room A-6),MEPSS11--- (Room 107),MCLE-10--- (Room 104),MPREC11--- (Room 106),unassigned
1308,MPREC11--- (Room 214),MLTST11C-- (Room A-7),MMACS11--- (Room 203),MPH--11--- (Room 219),MINST12C-- (Room 222),MCH--11--- (Room 219),MTAUT11--- (Room 102),MFOOD11--- (Room 206)
1309,MAC--11--- (Room 205A),MCMPS11--- (Room 207A),MEPSS11--- (Room 122),unassigned,MMEDD11--- (Room 114),MCH--11--- (Room 219),MPREC11--- (Room 214),MTXT-11--- (Room A-7)
1310,MCLE-10--- (Room 201),MLTST11C-- (Room A-7),MCH--11--- (Room 226),ASTA-12--- (Room 212),MLFSC11--- (Room 226),MPH--11--- (Room 216),MPREC11H-- (Room 221),MINST12C-- (Room A-3)
1311,MEC--12--- (Room 222),MPREC11--- (Room 220),MEPSS11--- (Room 122),MCMPS11--- (Room A-6),MCH--11--- (Room 223),MLFSC11--- (Room 227),YPSYC1AX-- (Room 222),MCLE-10--- (Room 104)
1312,MCLE-10--- (Room 207B),MPREC11--- (Room 220),MCH--11--- (Room 211),MPH--11--- (Room 219),YLAW-2CX-- (Room 205B),MCMPS11--- (Room 205B),MFR--11--- (Room 107),MLST-12--- (Room 122)
1313,MCLE-10--- (Room 201),MLTST11C-- (Room A-7),MCH--11--- (Room 226),ASTA-12--- (Room 212),MINST12C-- (Room 222),MPH--11--- (Room 211),MPREC11H-- (Room 221),MMACS12--- (Room 203)
1314,MSP--11--- (Room 123),MCMPS11--- (Room A-6),unassigned,ASTA-12--- (Room 212),YLAW-2CX-- (Room A-3),MPH--11--- (Room 211),MACLV11--- (Room Gym),MLST-12--- (Room 222)
1315,MPREC11--- (Room 214),MCMPS11--- (Room A-2),MCH--11--- (Room 225),MPH--11--- (Room 223),MCMPR11AI- (Room 203),MLFSC11--- (Room 227),YPSYC1AX-- (Room 222),MLST-12--- (Room 222)
1316,MACLV11FB- (Room Gym),MPREC11--- (Room 220),MFOOD11--- (Room 206),YHRA-1AX-- (Room 120),MWH--12--- (Room 122),MCMPS11--- (Room 205B),YPSYC1AX-- (Room 222),MMAP-11--- (Room A-2)
1317,MACLV11FB- (Room Gym),MCMPS11--- (Room A-2),MEVSC11--- (Room A-2),YHRA-1AX-- (Room 120),MWPM-11--- (Room 106),MCLE-10--- (Room 104),YED--1DX-- (Room 108),MLST-12--- (Room 222)
1318,MCLE-10--- (Room 201),MCMPS11--- (Room A-2),MTAUT11--- (Room 102),MPH--11--- (Room 223),YLAW-2CX-- (Room 121),MVAPH11--- (Room 113),MPREC11--- (Room 214),MLST-12--- (Room 222)
1319,MCLE-10--- (Room 201),MCMPS11--- (Room 207A),YPSYC1AX-- (Room 205A),MATPH12--- (Room 225),MACC-12--- (Room A-2),MPH--11--- (Room 225),MPREC11H-- (Room 221),MLST-12--- (Room 123)
1320,MCLE-10--- (Room 104),MWPM-11--- (Room 214),MFOOD11--- (Room 206),MCMPS11--- (Room 209),YLAW-2CX-- (Room 205B),MEVSC11--- (Room 122),MVAPH11--- (Room 113),MODED11--- (Room _CHECK THIS THING IDK)
1321,MFR--11--- (Room A-3),MSJ--12--- (Room 208),MCH--11--- (Room 226),MCMPS11--- (Room 209),MTXT-11--- (Room A-7),MLFSC11--- (Room 227),MPREC11--- (Room 220),MFOOD11--- (Room 206)
1322,MCLE-10--- (Room 201),MCMPS11--- (Room 207A),YPSYC1AX-- (Room 205A),MPH--11--- (Room 226),MAC--11--- (Room A-2),MVAPH11--- (Room 113),MCMCL12--- (Room 208),MLST-12--- (Room 222)
1323,MTXT-11--- (Room A-7),MCMPS11--- (Room 207B),MCH--11--- (Room 227),MPH--11--- (Room 219),YLAW-2CX-- (Room 205B),MLFSC11--- (Room 227),MPREC11H-- (Room 221),MCLE-10--- (Room 104)
1324,MIMCB11--L (Room 119),MLTST11C-- (Room A-7),MLFSC11--- (Room 216),MPH--11--- (Room 219),MCH--11--- (Room 223),MIMCB11--L (Room 119),MPREC11--- (Room 106),MINST12C-- (Room A-3)
1325,MDNTP11--- (Room Studio),MWPM-11--- (Room 214),MEPSS11--- (Room 222),MCMPS11--- (Room 209),YLAW-2CX-- (Room 205B),MLFSC11--- (Room 227),MWWK-11--- (Room 101),MCLE-10--- (Room 104)
1326,MPREC11--- (Room 106),MCMPS11--- (Room 207B),MEPSS11--- (Room 222),MATPH12--- (Room 216),YLAW-2CX-- (Room 205B),MEVSC11--- (Room 122),MACLV11--- (Room Gym),MLST-12--- (Room 123)
1327,MPREC11--- (Room 214),MCLE-10--L (Room 201),MCH--11--- (Room 225),MTDRF11--- (Room 105),MCLE-10--L (Room 201),MPH--11--- (Room 225),MCMCL12--- (Room 208),MCMPS11--- (Room 207B)
1328,MCLE-10--- (Room 104),MCMPS11--- (Room 207B),MEVSC11--- (Room A-2),MWPM-10--- (Room 214),MWPM-11--- (Room 106),MACLV11--- (Room Gym),YED--1DX-- (Room 108),MLST-12--- (Room 222)
1329,MPREC11--- (Room 214),MSJ--12--- (Room 209),MCH--11--- (Room 211),MCMPS11--- (Room A-6),YLAW-2CX-- (Room 121),MLFSC11--- (Room 227),YPSYC1AX-- (Room 222),MLST-12--- (Room 123)
1330,MTXT-12--- (Room A-7),MSS--10--- (Room 121),MEFWR10--- (Room 209),MIMG-11--- (Room 119),MWPM-11--- (Room 106),MPHED10--- (Room Gym),MSC--10--- (Room 216),MFOOD11--- (Room 206)
1331,MCLE-10--- (Room 104),MPREC11--- (Room 220),MEVSC11--- (Room 207A),MCMPS11--- (Room A-6),MCH--11--- (Room 223),MLFSC11--- (Room 227),MCMCL12--- (Room 208),MODED11--- (Room _CHECK THIS THING IDK)
1332,MAC--11--- (Room 205A),MPREC11--- (Room 220),MLFSC11--- (Room 216),MPH--11--- (Room 226),MINST12C-- (Room 222),MCLE-10--- (Room 104),MCH--12--- (Room 225),MLTST11C-- (Room 107)
1333,unassigned,MCMPS11--- (Room 107),unassigned,unassigned,MLFSC11--- (Room 226),unassigned,MACLV11G-- (Room Gym),YPSYC1AX-- (Room 209)
1334,MIMCB11--L (Room 119),MSJ--12--- (Room 208),MLFSC11--- (Room 216),unassigned,MCH--11--- (Room 223),MIMCB11--L (Room 119),MPREC11--- (Room 106),MCMPS11--- (Room 207B)
1335,MPREC11--- (Room 106),MCLE-10--L (Room 201),MCH--11--- (Room 227),unassigned,MCLE-10--L (Room 201),MPH--11--- (Room 216),MLST-12--- (Room 121),MCMPS11--- (Room 207B)
1336,MCLE-10--- (Room 207B),MATPH12--- (Room 211),unassigned,MCMPS11--- (Room A-6),MFOOD11--- (Room 206),MPH--11--- (Room 225),MPREC11--- (Room 220),MLST-12--- (Room 222)
1337,MACLV11FB- (Room Gym),MWPM-11--- (Room 214),MEVSC11--- (Room 207A),YHRA-1AX-- (Room 120),MEPSS11--- (Room 107),MCMPS11--- (Room 205B),MBSP-11--- (Room 207B),MCLE-10--- (Room 104)
1338,MLFSC11--- (Room 219),MCMPS11--- (Room 207A),MEPSS11--- (Room 122),MPH--11--- (Room 219),YLAW-2CX-- (Room A-3),MCH--11--- (Room 219),MPREC11--- (Room 106),YPSYC1AX-- (Room 209)
1339,MCLE-10--- (Room 207B),MMACS12--- (Room 203),MTDRF11--- (Room 105),MCMPS11--- (Room A-6),YLAW-2CX-- (Room 205B),MPH--11--- (Room 225),MPREC11--- (Room 214),MLST-12--- (Room 122)
1340,MACLV11FB- (Room Gym),MPREC11--- (Room 220),MEVSC11--- (Room 207A),YHRA-1AX-- (Room 120),MFOOD11--- (Room 206),MCLE-10--- (Room 104),MLST-12--- (Room 121),MCMPS11--- (Room 207B)
1341,MWH--12--- (Room 121),MCMPS11--- (Room 207B),MEVSC11--- (Room 207A),MPH--11--- (Room 223),MPGEO12--- (Room 207A),MACLV12--- (Room Gym),MPREC11--- (Room 220),MCLE-10--- (Room 104)
1342,MTXT-11--- (Room A-7),MCMPS11--- (Room 207A),MEPSS11--- (Room 122),MVAST11--- (Room 116),MFOM-11--- (Room 220),MEVSC11--- (Room 122),YED--1DX-- (Room 108),MMAP-11--- (Room A-2)
1343,unassigned,unassigned,MDCF-11--- (Room Studio),unassigned,MFOM-11--- (Room 220),unassigned,MBSP-11--- (Room 207B),MCMPS11--- (Room 207B)
1344,unassigned,MCMPS11--- (Room 207B),unassigned,unassigned,MVAST11--- (Room 116),unassigned,MACLV11G-- (Room Gym),MTXT-11--- (Room A-7)
1345,MCLE-10--- (Room 104),MLTST11C-- (Room A-7),MLFSC11--- (Room 216),MTDRF11--- (Room 105),MCH--11--- (Room 223),MPH--11--- (Room 211),MPREC11--- (Room 220),MINST12C-- (Room A-3)
1346,MSP--11--- (Room 123),MCH--12--- (Room 219),MTAUT11--- (Room 102),MCMPS11--- (Room 209),YLAW-2CX-- (Room 205B),MPH--11--- (Room 225),MPREC11H-- (Room 221),MCLE-10--- (Room 104)
1347,unassigned,MCMPS11--- (Room A-6),MEPSS11--- (Room 122),unassigned,unassigned,MLFSC11--- (Room 226),unassigned,MFOM-11--- (Room 106)
1348,MTXT-11--- (Room A-7),MCMPS11--- (Room 207A),MLFSC11--- (Room 216),unassigned,MFOM-11--- (Room 220),unassigned,unassigned,unassigned
1349,MCLE-10--- (Room 201),MCMPS11--- (Room A-6),YPSYC1AX-- (Room 205A),MFOOD11--- (Room 206),MLFSC11--- (Room 226),MCH--11--- (Room 219),MPREC11--- (Room 214),MLST-12--- (Room 122)
1350,MPREC11--- (Room 214),MCMPS11--- (Room A-6),MFOOD11--- (Room 206),MPH--11--- (Room 223),YLAW-2CX-- (Room 121),MCH--11--- (Room 219),MCMCL12--- (Room 208),MCLE-10--- (Room 104)
1351,MPREC11--- (Room 214),MCMPS11--- (Room 107),YPSYC1AX-- (Room 205A),MATPH12--- (Room 225),unassigned,MPH--11--- (Room 225),MINST12--- (Room 207A),MCLE-10--- (Room 104)
1352,unassigned,MCMPS11--- (Room 107),MEPSS11--- (Room 222),unassigned,MFOM-11--- (Room 220),MLFSC11--- (Room 226),unassigned,unassigned
1353,MSP--10--- (Room 123),MLTST11C-- (Room A-7),MLFSC11--- (Room 216),unassigned,MSP--11--- (Room 207B),MCLE-10--- (Room 104),YPSYC1AX-- (Room 222),MINST12C-- (Room A-3)
1354,MCLE-10--- (Room 104),MWPM-11--- (Room 214),MLFSC11--- (Room 216),MIMG-11--- (Room 119),YLAW-2CX-- (Room 205B),MCMPS11--- (Room 205B),unassigned,MTXT-11--- (Room A-7)
1355,MWH--12--- (Room 121),MCMPS11--- (Room 207B),MLFSC11--- (Room 216),MFOOD11--- (Room 206),YLAW-2CX-- (Room 205B),MTXT-11--- (Room A-7),MPREC11--- (Room 106),YPSYC1AX-- (Room 209)
1356,unassigned,MCMPS11--- (Room A-6),unassigned,MIMG-11--- (Room 119),unassigned,unassigned,MACLV11G-- (Room Gym),unassigned
1357,MACC-12--- (Room 205A),MLTST11C-- (Room A-7),MMACS11--- (Room 203),ASTA-12--- (Room 212),MINST12C-- (Room 222),MPH--11--- (Room 211),MPREC11H-- (Room 221),MLST-12--- (Room 122)
1358,MEC--12--- (Room 209),MLTST11C-- (Room A-7),MCH--11--- (Room 226),ASTA-12--- (Room 212),MINST12C-- (Room 222),MPH--11--- (Room 225),MPREC11H-- (Room 221),MLST-12--- (Room 122)
1359,MFR--12--- (Room A-3),MCMPS11--- (Room 107),MCH--11--- (Room 211),MPH--11--- (Room 219),MLFSC11--- (Room 226),MCLE-10--- (Room 104),MPREC11H-- (Room 221),MLST-12--- (Room 123)
1360,MCLE-10--- (Room 104),MWPM-11--- (Room 214),MEPSS11--- (Room 122),MCMPS11--- (Room A-6),YLAW-2CX-- (Room 205B),MEVSC11--- (Room 122),YED--1DX-- (Room 108),YPSYC1AX-- (Room 209)
1361,unassigned,unassigned,unassigned,MDMD-12D-- (Room 114),MMEDD11--- (Room 114),MVAPH11--- (Room 113),unassigned,MMAP-11--- (Room A-2)
1362,MPREC12--- (Room 212),MCMPS11--- (Room A-2),MMACS11--- (Room 203),MPH--11--- (Room 223),MCMPR11AI- (Room 203),MCH--11--- (Room 219),MLST-12--- (Room 121),MFOOD11--- (Room 206)
1363,MCLE-10--- (Room 201),MWPM-11--- (Room 214),MFOOD11--- (Room 206),YED--1DX-- (Room 109),MWH--12--- (Room 122),MACLV11--- (Room Gym),MSC--10--- (Room 216),MCMPS11--- (Room 207B)
1364,MPREC11--- (Room 106),MLTST11C-- (Room A-7),MCH--11--- (Room 225),MPH--11--- (Room 219),YLAW-2CX-- (Room 121),MENR-11--- (Room 105),MTAUT11--- (Room 102),MINST12C-- (Room A-3)
1365,MPREC11--- (Room 106),MLTST11C-- (Room A-7),YPSYC1AX-- (Room 205A),unassigned,MMEDD11--- (Room 114),MLFSC11--- (Room 227),MVAPH11--- (Room 113),MINST12C-- (Room A-3)
1366,MPREC12--- (Room 212),MDRM-11--- (Room A-1),MCH--11--- (Room 227),MCMPS11--- (Room A-6),MAC--11--- (Room A-2),MEVSC11--- (Room 122),MACLV11G-- (Room Gym),YPSYC1AX-- (Room 209)
1367,unassigned,unassigned,MVAST11--- (Room 116),unassigned,MSP--11--- (Room 207B),MVAPH11--- (Room 113),unassigned,MCMPS11--- (Room 207B)
1368,MCLE-10--- (Room 201),MCMPS11--- (Room 207B),MEVSC11--- (Room A-2),MFOOD11--- (Room 206),MFOM-11--- (Room 220),MLFSC11--- (Room 227),MFR--09--- (Room A-2),MINST12--- (Room 121)
1369,MSP--11--- (Room 123),MPREC11--- (Room 220),MEPSS11--- (Room 222),MCMPS11--- (Room 209),MFOOD11--- (Room 206),MCLE-10--- (Room 104),MACLV11--- (Room Gym),MWWK-11--- (Room 101)
1370,unassigned,unassigned,MEVSC11--- (Room A-2),unassigned,MAC--11--- (Room A-2),MTXT-11--- (Room A-7),unassigned,MCMPS11--- (Room 207B)
1371,MENR-11--- (Room 105),MPREC11--- (Room 220),MEVSC11--- (Room A-2),MCMPS11--- (Room 209),MTDRF11--- (Room 105),MACLV11--- (Room Gym),MWWK-11--- (Room 101),MODED11--- (Room _CHECK THIS THING IDK)
1372,MSP--11--- (Room 123),MCMPS11--- (Room 207B),MCH--11--- (Room 227),MTDRF11--- (Room 105),YLAW-2CX-- (Room 205B),MCLE-10--- (Room 104),MPREC11H-- (Room 221),MLST-12--- (Room 123)
1373,MPREC12--- (Room 212),MTAUT11--- (Room 102),MCH--11--- (Room 211),MCMPS11--- (Room A-6),MFOOD11--- (Room 206),MPH--11--- (Room 211),MACLV11--- (Room Gym),MINST12--- (Room 121)
1374,unassigned,MEVSC12C-- (Room 205A),MCH--11--- (Room 227),MPH--11--- (Room 223),MLFSC11--- (Room 226),MCMPS11--- (Room 205B),MPREC11H-- (Room 221),MPH--12--- (Room 227)
1375,unassigned,unassigned,unassigned,unassigned,MLFSC11--- (Room 226),MEVSC11--- (Room 122),MACLV11G-- (Room Gym),MCMPS11--- (Room 207B)
1376,MCLE-10--- (Room 207B),MLTST11C-- (Room A-7),MCH--11--- (Room 226),MPH--11--- (Room 223),MTROB11--- (Room 104),MLFSC11--- (Room 226),MPREC11H-- (Room 221),MINST12C-- (Room A-3)
1377,MCLE-10--- (Room 104),MCMPS11--- (Room 207B),MEPSS11--- (Room 222),unassigned,MAC--11--- (Room A-2),unassigned,MSC--10--- (Room 216),MPREC12--- (Room 214)
1378,MPREC11--- (Room 214),MCMPS11--- (Room 207A),MCH--11--- (Room 225),MPH--11--- (Room 223),MLFSC11--- (Room 226),MPREC12--- (Room 221),MLST-12--- (Room 121),MMAP-11--- (Room A-2)
1379,MCLE-10--- (Room 207B),MCMPS11--- (Room 207B),MVAST11--- (Room 116),MPH--11--- (Room 219),MEPSS11--- (Room 107),MMEDD11--- (Room 114),MPREC11--- (Room 106),MMAP-11--- (Room A-2)
1380,MCLE-10--- (Room 104),MWPM-11--- (Room 214),MCMPS10--- (Room 207B),MDNCN11--- (Room Studio),MEPSS11--- (Room 107),MEVSC11--- (Room 122),MTAUT11--- (Room 102),MCMPS11--- (Room 207B)
1381,MWH--12--- (Room 121),MCLE-10--L (Room 201),MCH--11--- (Room 227),MPREC12--- (Room 106),MCLE-10--L (Room 201),MPH--11--- (Room 211),MATPH12--- (Room 226),MCMPS11--- (Room 207B)
1382,MSP--11--- (Room 123),MCMPS11--- (Room A-2),unassigned,MIMG-11--- (Room 119),YLAW-2CX-- (Room A-3),MPH--11--- (Room 211),MPREC11--- (Room 220),MLST-12--- (Room 222)
1383,MSP--11--- (Room 123),MCMPS11--- (Room 207B),YPSYC1AX-- (Room 205A),MPH--11--- (Room 226),YLAW-2CX-- (Room 121),MCLE-10--- (Room 104),MPREC11--- (Room 220),MLST-12--- (Room 222)
1384,MLFSC11--- (Room 219),MDRM-11--- (Room A-1),MEPSS11--- (Room 222),MVAST11--- (Room 116),MSP--11--- (Room 207B),MCMPS11--- (Room 205B),MACLV11G-- (Room Gym),MMAP-11--- (Room A-2)
1385,MCLE-10--- (Room 104),MENR-11--- (Room 104),MCH--11--- (Room 211),MCMPS11--- (Room A-6),MTROB11--- (Room 104),MPH--11--- (Room 211),MPREC11--- (Room 106),MWWK-11--- (Room 101)
1386,MPREC11--- (Room 106),MCMPS11--- (Room 207A),MEPSS11--- (Room 122),unassigned,unassigned,unassigned,MACLV11--- (Room Gym),unassigned
1387,MLFSC11--- (Room 219),unassigned,MEPSS11--- (Room 122),unassigned,MFOM-11--- (Room 220),unassigned,unassigned,MCMPS11--- (Room 207B)
1388,MCH--12--- (Room 216),MCMPS11--- (Room A-2),MEPSS11--- (Room 222),MIMG-11--- (Room 119),MTXT-11--- (Room A-7),MPH--11--- (Room 211),MPREC11--- (Room 106),MLST-12--- (Room 123)
1389,MWH--12--- (Room 121),MCLE-10--L (Room 201),MTAUT11--- (Room 102),unassigned,MCLE-10--L (Room 201),MCH--11--- (Room 219),MPREC11--- (Room 214),MCMPS11--- (Room 207B)
1390,MENST12--- (Room A-2),MTAUT11--- (Room 102),MEVSC11--- (Room A-2),YED--1DX-- (Room 109),MWPM-11--- (Room 106),MACLV11--- (Room Gym),MVAPH11--- (Room 113),MLST-12--- (Room 122)
1391,MDNTP11--- (Room Studio),MSJ--12--- (Room 209),MEVSC11--- (Room A-2),MCMPS11--- (Room 209),MSP--11--- (Room 207B),MCLE-10--- (Room 104),YED--1DX-- (Room 108),MTXT-11--- (Room A-7)
1392,MPREC11--- (Room 106),MCLE-10--L (Room 201),MCH--11--- (Room 226),MCMPS11--- (Room A-6),MCLE-10--L (Room 201),MPH--11--- (Room 211),MENR-11--- (Room 105),MPREC12--- (Room 214)
1393,MAC--11--- (Room 205A),MCMPS11--- (Room A-2),MEVSC11--- (Room A-2),MPREC12--- (Room 106),YLAW-2CX-- (Room A-3),MCLE-10--- (Room 104),MCMCL12--- (Room 208),MLST-12--- (Room 122)
1394,MSP--11--- (Room 123),MLTST11C-- (Room A-7),MCH--11--- (Room 227),ASTA-12--- (Room 212),MINST12C-- (Room 222),MPH--11--- (Room 225),MATPH12--- (Room 223),MLST-12--- (Room 222)
1395,MCLE-10--- (Room 104),YPA--1CX-- (Room Gym),YPSYC1AX-- (Room 205A),MCMPS11--- (Room 209),MTXT-11--- (Room A-7),MEVSC11--- (Room 122),MVAPH11--- (Room 113),MINST12--- (Room 121)
1396,MWH--12--- (Room 121),MTAUT11--- (Room 102),MCH--11--- (Room 225),MCMPS11--- (Room A-6),YLAW-2CX-- (Room A-3),MCLE-10--- (Room 104),MFR--11--- (Room 107),MFOM-11--- (Room 106)
1397,unassigned,MCMPS11--- (Room 207A),unassigned,unassigned,MLFSC11--- (Room 226),unassigned,MPREC11--- (Room 214),YPSYC1AX-- (Room 209)
1398,MSP--11--- (Room 123),MWPM-11--- (Room 214),MEVSC11--- (Room A-2),MTPOW10--- (Room 103),MFOOD11--- (Room 206),MMEDD11--- (Room 114),MACLV11--- (Room Gym),MCMPS11--- (Room 207B)
1399,MPREC11--- (Room 214),MCMPS11--- (Room 207A),MCH--11--- (Room 225),MPH--11--- (Room 226),MPGEO12--- (Room 207A),MEVSC11--- (Room 122),YPSYC1AX-- (Room 222),MODED11--- (Room _CHECK THIS THING IDK)
1400,MACLV11FB- (Room Gym),MCMPS11--- (Room 107),MEPSS11--- (Room 122),YHRA-1AX-- (Room 120),MPGEO12--- (Room 207A),MENR-11--- (Room 105),MPREC11--- (Room 220),MMAP-11--- (Room A-2)
1401,MPREC11--- (Room 106),MCLE-10--L (Room 201),unassigned,MCMPS11--- (Room 209),MCLE-10--L (Room 201),MLFSC11--- (Room 226),MINST12--- (Room 207A),MLST-12--- (Room 122)
1402,unassigned,MCMPS11--- (Room A-2),unassigned,unassigned,MSP--11--- (Room 207B),unassigned,MPREC11--- (Room 214),MFOOD11--- (Room 206)
1403,MENFP12--Y (Room 107),MWPM-11--- (Room 214),MSPLG11--- (Room 205B),unassigned,MMEDD11--- (Room 114),MEVSC11--- (Room 122),MENFP12--Y (Room 107),MCLE-10--- (Room 104)
1404,MACLV11FB- (Room Gym),MWPM-11--- (Room 214),MEVSC11--- (Room A-2),YHRA-1AX-- (Room 120),MFOOD11--- (Room 206),MCMPS11--- (Room 205B),MVAPH11--- (Room 113),MLST-12--- (Room 123)
1405,MLFSC11--- (Room 219),unassigned,MEPSS11--- (Room 122),unassigned,MFOM-11--- (Room 220),unassigned,unassigned,MCMPS11--- (Room 207B)
1406,MDNTP11--- (Room Studio),MSJ--12--- (Room 209),YPSYC1AX-- (Room 205A),MCMPS11--- (Room A-6),MACC-12--- (Room A-2),MCH--11--- (Room 219),MPREC11--- (Room 214),MLST-12--- (Room 122)
1407,MIMCB11--L (Room 119),MMACS12--- (Room 203),MCH--11--- (Room 227),MPH--11--- (Room 226),MINST12C-- (Room 222),MIMCB11--L (Room 119),MPREC11--- (Room 220),MLTST11C-- (Room 107)
1408,MPREC11--- (Room 106),MLTST11C-- (Room A-7),MCH--11--- (Room 226),MPH--11--- (Room 223),YLAW-2CX-- (Room 121),MCLE-10--- (Room 104),MATPH12--- (Room 223),MINST12C-- (Room A-3)
1409,MFR--11--- (Room A-3),MLTST11C-- (Room A-7),MCH--11--- (Room 225),MPH--11--- (Room 226),MINST12C-- (Room 222),MCLE-10--- (Room 104),MPREC11H-- (Room 221),MPH--12--- (Room 225)
1410,MCLE-10--- (Room 207B),MCMPS11--- (Room 207B),MVAST11--- (Room 116),MPH--11--- (Room 226),MEPSS11--- (Room 107),MMEDD11--- (Room 114),MPREC11H-- (Room 221),MTXT-11--- (Room A-7)
1411,unassigned,MCLE-10--L (Room 201),MEPSS11--- (Room 122),MTDRF11--- (Room 105),MCLE-10--L (Room 201),MPH--11--- (Room 216),MPREC11H-- (Room 221),MCMPS11--- (Room 207B)
1412,unassigned,MCMPS11--- (Room A-6),MLFSC11--- (Room 216),unassigned,unassigned,unassigned,MFR--11--- (Room 107),YPSYC1AX-- (Room 209)
1413,unassigned,unassigned,MCMPS10--- (Room 207B),unassigned,MFOM-11--- (Room 220),MLFSC11--- (Room 227),unassigned,MTXT-11--- (Room A-7)
1414,unassigned,MCMPS11--- (Room 107),MENR-11--- (Room 104),MTROB11--- (Room 104),MCH--11--- (Room 223),MPH--11--- (Room 225),MPREC11--- (Room 220),MINST12--- (Room 121)
1415,MPREC11--- (Room 106),MSS--10--- (Room 121),unassigned,MPH--11--- (Room 223),MVAST11--- (Room 116),MCMPS10--- (Room A-3),MACLV11--- (Room Gym),MCLE-10--- (Room 104)
1416,MPREC11--- (Room 106),MCMPS11--- (Room 207A),MMACS12--- (Room 203),MATPH12--- (Room 225),MTROB11--- (Room 104),MCLE-10--- (Room 104),MENR-11--- (Room 105),MLST-12--- (Room 123)
1417,MCLE-10--- (Room 104),YPA--1CX-- (Room Gym),MFOOD11--- (Room 206),MCMPS11--- (Room A-6),MSP--11--- (Room 207B),MACLV11--- (Room Gym),MPREC11--- (Room 106),MINST12--- (Room 121)
1418,unassigned,MCMPS11--- (Room 107),MLFSC11--- (Room 216),unassigned,MEPSS11--- (Room 107),unassigned,MPREC11--- (Room 214),unassigned
1419,MLFSC11--- (Room 219),MCMPS11--- (Room A-6),YPSYC1AX-- (Room 205A),YED--1DX-- (Room 109),YLAW-2CX-- (Room 121),MMEDD11--- (Room 114),MINST12--- (Room 207A),MFOM-11--- (Room 106)
1420,MIMCB11--L (Room 119),MLTST11C-- (Room A-7),MCH--11--- (Room 225),MPH--11--- (Room 226),MINST12C-- (Room 222),MIMCB11--L (Room 119),MPREC11H-- (Room 221),MLST-12--- (Room 222)
1421,MTXT-11--- (Room A-7),YPA--1CX-- (Room Gym),MEVSC11--- (Room A-2),MFOOD11--- (Room 206),MWPM-11--- (Room 106),MCMPS11--- (Room 205B),MACLV11G-- (Room Gym),MINST12--- (Room 121)
1422,MDNTP11--- (Room Studio),MSJ--12--- (Room 208),MCH--11--- (Room 225),MCMPS11--- (Room A-6),MSP--12--- (Room 207B),MLFSC11--- (Room 227),unassigned,MCLE-10--- (Room 104)
1423,MAC--11--- (Room 205A),MDRM-11--- (Room A-1),YPSYC1AX-- (Room 205A),MCMPS11--- (Room A-6),MEPSS11--- (Room 107),MLFSC11--- (Room 226),MACLV11G-- (Room Gym),MFOM-11--- (Room 106)
1424,MAC--11--- (Room 205A),MCMPS11--- (Room A-6),MEPSS11--- (Room 122),MIMG-11--- (Room 119),MFOM-11--- (Room 220),MMEDD11--- (Room 114),MACLV11--- (Room Gym),MMAP-11--- (Room A-2)
1425,MDNTP11--- (Room Studio),MCMPS11--- (Room 207B),unassigned,unassigned,YLAW-2CX-- (Room A-3),unassigned,unassigned,MTXT-11--- (Room A-7)
1426,MIMCB11--L (Room 119),MCLE-10--L (Room 201),MDCF-11--- (Room Studio),MCMPS11--- (Room 209),MCLE-10--L (Room 201),MIMCB11--L (Room 119),MPREC11--- (Room 106),MFOOD11--- (Room 206)
1427,unassigned,unassigned,unassigned,MDMD-12D-- (Room 114),MLFSC11--- (Room 226),unassigned,MACLV11G-- (Room Gym),MCMPS11--- (Room 207B)
1428,unassigned,unassigned,MEPSS11--- (Room 122),unassigned,MFOM-11--- (Room 220),MLFSC11--- (Room 226),unassigned,MCMPS11--- (Room 207B)
1429,MPREC11--- (Room 214),MDRM-11--- (Room A-1),MEPSS11--- (Room 122),MPH--11--- (Room 226),MWH--12--- (Room 122),MMEDD11--- (Room 114),MACLV11--- (Room Gym),MCMPS11--- (Room 207B)
1430,MWH--12--- (Room 121),MPREC11--- (Room 220),MCH--11--- (Room 225),unassigned,YLAW-2CX-- (Room 205B),MCMPS11--- (Room 205B),MFR--11--- (Room 107),MLST-12--- (Room 222)
1431,unassigned,unassigned,MDCF-11--- (Room Studio),unassigned,YLAW-2CX-- (Room A-3),MVAPH11--- (Room 113),MACLV11G-- (Room Gym),unassigned
1432,MFMP-10--- (Room 221),MSJ--12--- (Room 208),MEVSC11--- (Room 207A),YED--1DX-- (Room 109),YLAW-2CX-- (Room 121),MCMPS11--- (Room 205B),MPREC11--- (Room 106),YPSYC1AX-- (Room 209)
1433,unassigned,MEVSC12C-- (Room 205A),MEVSC11--- (Room A-2),MPH--11--- (Room 223),MINST12C-- (Room 222),MCH--11--- (Room 219),MPREC11H-- (Room 221),MLTST11C-- (Room 107)
1434,MCLE-10--- (Room 104),MLTST11C-- (Room A-7),MMACS12--- (Room 203),ASTA-12--- (Room 212),MCH--11--- (Room 223),MPH--11--- (Room 216),MPREC11H-- (Room 221),MINST12C-- (Room A-3)
1435,MAC--11--- (Room 205A),MENR-11--- (Room 104),MFOOD11--- (Room 206),MCMPS11--- (Room A-6),YLAW-2CX-- (Room A-3),MMEDD11--- (Room 114),MPREC11--- (Room 220),MODED11--- (Room _CHECK THIS THING IDK)
1436,MSP--12--- (Room 123),MMACS12--- (Room 203),MCH--11--- (Room 225),ASTA-12--- (Room 212),MINST12C-- (Room 222),MPH--11--- (Room 216),MPREC11--- (Room 220),MLTST11C-- (Room 107)
1437,MCLE-10--- (Room 201),MCMPS11--- (Room 207B),MEPSS11--- (Room 122),MFOOD11--- (Room 206),MFOM-11--- (Room 220),MLFSC11--- (Room 227),MACLV11--- (Room Gym),MWWK-11--- (Room 101)
1438,MCLE-10--- (Room 201),MCMPS11--- (Room 207A),MEPSS11--- (Room 122),MFOOD11--- (Room 206),MWH--12--- (Room 122),MLFSC11--- (Room 226),MINST12--- (Room 207A),MFOM-11--- (Room 106)
1439,MCLE-10--- (Room 104),MCMPS11--- (Room A-2),YPSYC1AX-- (Room 205A),MVAST11--- (Room 116),MCH--11--- (Room 223),MPREC12--- (Room 221),MACLV11--- (Room Gym),MLST-12--- (Room 123)
1440,MCLE-10--- (Room 207B),MCMPS11--- (Room 207B),MCH--11--- (Room 226),MPH--11--- (Room 223),MEPSS11--- (Room 107),MEVSC11--- (Room 122),MPREC11H-- (Room 221),MODED11--- (Room _CHECK THIS THING IDK)
1441,MPREC11--- (Room 106),MSJ--12--- (Room 209),MCH--11--- (Room 211),MCMPS11--- (Room A-6),YLAW-2CX-- (Room A-3),MPH--11--- (Room 216),YPSYC1AX-- (Room 222),MLST-12--- (Room 123)
1442,MTXT-11--- (Room A-7),MCMPS11--- (Room A-2),unassigned,unassigned,unassigned,MLFSC11--- (Room 226),MVAPH11--- (Room 113),unassigned
1443,unassigned,MCH--12--- (Room 225),YPSYC1AX-- (Room 205A),MATPH12--- (Room 225),MINST12C-- (Room 222),MPH--11--- (Room 225),MPREC11--- (Room 214),MLTST11C-- (Room 107)
1444,unassigned,MCMPS11--- (Room 207B),MEPSS11--- (Room 222),unassigned,unassigned,MLFSC11--- (Room 226),unassigned,MFOM-11--- (Room 106)
1445,unassigned,MCMPS11--- (Room 207A),MEPSS11--- (Room 122),unassigned,MLFSC11--- (Room 226),unassigned,unassigned,MFOM-11--- (Room 106)
1446,MCLE-10--- (Room 201),MWPM-11--- (Room 214),MEPSS11--- (Room 222),MCMPS11--- (Room A-6),MTXT-11--- (Room A-7),MLFSC11--- (Room 226),MWWK-11--- (Room 101),MFOOD11--- (Room 206)
1447,MCLE-10--- (Room 201),YPA--1CX-- (Room Gym),MEVSC11--- (Room A-2),MCMPS11--- (Room 209),YLAW-2CX-- (Room A-3),unassigned,YPSYC1AX-- (Room 222),MLST-12--- (Room 122)
1448,MCLE-10--- (Room 104),MCMPS11--- (Room 107),MENR-11--- (Room 104),MVAST11--- (Room 116),MAC--11--- (Room A-2),MLFSC11--- (Room 227),MPREC11--- (Room 106),MENT-12--- (Room A-2)
1449,MLFSC11--- (Room 219),MCMPS11--- (Room A-6),MEPSS11--- (Room 222),unassigned,MFOM-11--- (Room 220),unassigned,unassigned,unassigned
1450,MSP--11--- (Room 123),MCMPS11--- (Room 207B),MCH--11--- (Room 225),MDNCN11--- (Room Studio),YLAW-2CX-- (Room 121),MCLE-10--- (Room 104),MPREC11--- (Room 214),MLST-12--- (Room 222)
1451,MCLE-10--- (Room 104),MPREC11--- (Room 220),MLFSC11--- (Room 216),unassigned,MPGEO12--- (Room 207A),MCMPS11--- (Room 205B),MATPH12--- (Room 226),YPSYC1AX-- (Room 209)
1452,MPREC11--- (Room 214),MSJ--12--- (Room 208),unassigned,MPH--11--- (Room 219),MCH--11--- (Room 223),MACLV11--- (Room Gym),MCMCL12--- (Room 208),MWWK-11--- (Room 101)
1453,MLFSC11--- (Room 219),MLTST11C-- (Room A-7),MTDRF11--- (Room 105),MPH--11--- (Room 226),MINST12C-- (Room 222),MCH--11--- (Room 219),MPREC11--- (Room 220),MCLE-10--- (Room 104)
1454,MACLV11FB- (Room Gym),MCMPS11--- (Room A-6),MEVSC11--- (Room 207A),YHRA-1AX-- (Room 120),MFOM-11--- (Room 220),MCLE-10--- (Room 104),MVAPH12--- (Room 113),MLST-12--- (Room 123)
1455,MPREC11--- (Room 214),MCLE-10--L (Room 201),MCH--11--- (Room 226),MCMPS11--- (Room A-6),MCLE-10--L (Room 201),MPH--11--- (Room 216),MINST12--- (Room 207A),MLST-12--- (Room 122)
1456,unassigned,MCMPS11--- (Room 107),unassigned,MATPH12--- (Room 216),MPGEO12--- (Room 207A),unassigned,YPSYC1AX-- (Room 222),unassigned
1457,MACLV11FB- (Room Gym),MWPM-11--- (Room 214),MEPSS11--- (Room 222),MCMPS11--- (Room 209),MSP--12--- (Room 207B),MEVSC11--- (Room 122),MTAUT11--- (Room 102),MCLE-10--- (Room 104)
1458,unassigned,MCMPS11--- (Room 107),MEPSS11--- (Room 122),unassigned,unassigned,MLFSC11--- (Room 226),unassigned,MFOM-11--- (Room 106)
1459,MEC--12--- (Room 222),MCMPS11--- (Room 207A),MCH--11--- (Room 227),MPH--11--- (Room 219),YLAW-2CX-- (Room A-3),MCLE-10--- (Room 104),MPREC11--- (Room 220),MLST-12--- (Room 122)
1460,unassigned,MSJ--12--- (Room 208),MDCF-11--- (Room Studio),MDNCN11--- (Room Studio),MWPM-11--- (Room 106),MEVSC11--- (Room 122),unassigned,MCMPS11--- (Room 207B)
1461,MPREC11--- (Room 214),MCMPS11--- (Room A-6),MEPSS11--- (Room 222),MPH--11--- (Room 226),YLAW-2CX-- (Room 205B),MACLV11--- (Room Gym),MTAUT11--- (Room 102),MWWK-11--- (Room 101)
1462,MWH--12--- (Room 121),MPREC11--- (Room 220),YPSYC1AX-- (Room 205A),MIMG-11--- (Room 119),YLAW-2CX-- (Room A-3),MCMPS11--- (Room 205B),MATPH12--- (Room 223),MLST-12--- (Room 123)
1463,MLFSC11--- (Room 219),MCLE-10--L (Room 201),MCH--11--- (Room 227),MTDRF11--- (Room 105),MCLE-10--L (Room 201),MCMPS11--- (Room 205B),MPREC11H-- (Room 221),MINST12--- (Room 121)
1464,MPREC11--- (Room 106),MCMPS11--- (Room 207B),MEVSC11--- (Room 207A),MFOOD11--- (Room 206),YLAW-2CX-- (Room 121),MCH--11--- (Room 219),MBSP-11--- (Room 207B),MLST-12--- (Room 122)
1465,MLFSC11--- (Room 219),MCMPS11--- (Room 107),MEPSS11--- (Room 122),MDMD-12D-- (Room 114),MFOM-11--- (Room 220),MVAPH11--- (Room 113),MACLV11G-- (Room Gym),MMAP-11--- (Room A-2)
1466,MFR--11--- (Room A-3),unassigned,unassigned,unassigned,MEPSS11--- (Room 107),unassigned,MACLV11G-- (Room Gym),MCMPS11--- (Room 207B)
1467,unassigned,MCMPS11--- (Room 207A),MCH--11--- (Room 227),MDMD-12D-- (Room 114),MWH--12--- (Room 122),MACLV11--- (Room Gym),MPREC11--- (Room 220),MODED11--- (Room _CHECK THIS THING IDK)
1468,MPREC11--- (Room 106),MMACS12--- (Room 203),MCH--11--- (Room 226),MCMPS11--- (Room A-6),YLAW-2CX-- (Room A-3),MPH--11--- (Room 225),YPSYC1AX-- (Room 222),MLST-12--- (Room 222)
1469,unassigned,MCLE-10--L (Room 201),MCH--11--- (Room 211),MCMPS11--- (Room 209),MCLE-10--L (Room 201),MPH--11--- (Room 211),MPREC11H-- (Room 221),MLST-12--- (Room 122)
1470,MCLE-10--- (Room 201),MCMPS11--- (Room 107),MCH--11--- (Room 225),MPH--11--- (Room 226),MLFSC11--- (Room 226),MENR-11--- (Room 105),MPREC11--- (Room 214),MINST12--- (Room 121)
1471,MFR--11--- (Room A-3),MPREC11--- (Room 220),MEPSS11--- (Room 222),MCMPS11--- (Room A-6),MCH--11--- (Room 223),MLFSC11--- (Room 227),YPSYC1AX-- (Room 222),MODED11--- (Room _CHECK THIS THING IDK)
1472,MPREC11--- (Room 106),MCMPS11--- (Room 107),MFOOD11--- (Room 206),MATPH12--- (Room 225),YLAW-2CX-- (Room 121),MPH--11--- (Room 216),YPSYC1AX-- (Room 222),MLST-12--- (Room 122)
1473,MEC--12--- (Room 209),MCMPS11--- (Room 107),MCH--11--- (Room 225),MTDRF11--- (Room 105),MAC--11--- (Room A-2),MPH--11--- (Room 216),MPREC11--- (Room 106),MLST-12--- (Room 222)
1474,MCLE-10--- (Room 201),MPREC11--- (Room 220),MCH--11--- (Room 227),unassigned,MINST12C-- (Room 222),unassigned,MACLV11--- (Room Gym),MLTST11C-- (Room 107)
1475,MIMCB11--L (Room 119),MCMPS11--- (Room 107),MCH--11--- (Room 226),unassigned,MLFSC11--- (Room 226),MIMCB11--L (Room 119),MPREC11--- (Room 106),MLST-12--- (Room 122)
1476,MDNTP11--- (Room Studio),MSS--10--- (Room 121),MEVSC11--- (Room A-2),MIMG-11--- (Room 119),MTXT-11--- (Room A-7),MCMPS10--- (Room A-3),MPREC11--- (Room 106),MFOOD11--- (Room 206)
1477,MLFSC11--- (Room 219),MTAUT11--- (Room 102),MEPSS11--- (Room 122),MCMPS11--- (Room A-6),MSP--11--- (Room 207B),MEVSC11--- (Room 122),MWWK-11--- (Room 101),MFOM-11--- (Room 106)
1478,MFR--11--- (Room A-3),MLTST11C-- (Room A-7),MCH--11--- (Room 226),ASTA-12--- (Room 212),MINST12C-- (Room 222),MPH--11--- (Room 216),MPREC11H-- (Room 221),MMAP-11--- (Room A-2)
1479,unassigned,MCMPS11--- (Room 207B),unassigned,unassigned,MSP--11--- (Room 207B),MLFSC11--- (Room 226),MPREC11--- (Room 106),unassigned
1480,MEC--12--- (Room 209),MCMPS11--- (Room A-6),MENR-11--- (Room 104),unassigned,MLFSC11--- (Room 226),unassigned,unassigned,unassigned
1481,unassigned,MCMPS11--- (Room A-6),MEPSS11--- (Room 222),unassigned,unassigned,MLFSC11--- (Room 227),unassigned,MMAP-11--- (Room A-2)
1482,MCLE-10--- (Room 104),MCMPS11--- (Room 207A),MTAUT11--- (Room 102),YHRA-1AX-- (Room 120),YLAW-2CX-- (Room A-3),MPH--11--- (Room 211),MLST-12--- (Room 121),MPREC12--- (Room 214)
1483,MCLE-10--- (Room 104),MMACS12--- (Room 203),MCH--11--- (Room 227),MCMPS11--- (Room 209),MEPSS11--- (Room 107),MLFSC11--- (Room 226),MPREC11--- (Room 220),MFOOD11--- (Room 206)
1484,unassigned,MCLE-10--L (Room 201),MCH--11--- (Room 227),ASTA-12--- (Room 212),MCLE-10--L (Room 201),MPH--11--- (Room 216),MPREC11H-- (Room 221),MINST12C-- (Room A-3)
1485,MPREC11--- (Room 214),MCMPS11--- (Room A-6),YED--1DX-L (Room 108),MIMG-11--- (Room 119),YLAW-2CX-- (Room A-3),MCH--11--- (Room 219),MVAPH11--- (Room 113),YED--1DX-L (Room 108)
1486,MCLE-10--- (Room 104),MPREC11--- (Room 220),MCH--11--- (Room 211),MCMPS11--- (Room 209),MLFSC11--- (Room 226),MPH--11--- (Room 211),MCH--12--- (Room 225),MLST-12--- (Room 222)
1487,MCLE-10--- (Room 104),MPREC11--- (Room 220),MCH--11--- (Room 226),MTDRF11--- (Room 105),MINST12C-- (Room 222),MPH--11--- (Room 225),MATPH12--- (Room 223),MLTST11C-- (Room 107)
1488,MFR--10--- (Room 208),YPA--1CX-- (Room Gym),MVAST11--- (Room 116),MFOOD11--- (Room 206),MFOM-11--- (Room 220),MCMPS11--- (Room 205B),MVAPH11--- (Room 113),MLST-12--- (Room 122)
1489,MCLE-10--- (Room 207B),YPA--1CX-- (Room Gym),MFOOD11--- (Room 206),MCMPS11--- (Room A-6),MLFSC11--- (Room 226),MACLV11--- (Room Gym),MPREC11--- (Room 214),MLST-12--- (Room 123)
1490,unassigned,MCMPS11--- (Room 207A),MDCF-11--- (Room Studio),unassigned,unassigned,MVAPH11--- (Room 113),unassigned,unassigned
1491,MCLE-10--- (Room 207B),MPREC11--- (Room 220),MEPSS11--- (Room 122),MPH--11--- (Room 226),MLFSC11--- (Room 226),MMEDD11--- (Room 114),MVAPH11--- (Room 113),MCMPS11--- (Room 207B)
1492,unassigned,YPA--1CX-- (Room Gym),unassigned,MCMPS11--- (Room 209),YLAW-2CX-- (Room 205B),unassigned,YPSYC1AX-- (Room 222),MMAP-11--- (Room A-2)
1493,MCLE-10--- (Room 207B),MTAUT11--- (Room 102),MCH--11--- (Room 226),MCMPS11--- (Room 209),MEPSS11--- (Room 107),MACLV11--- (Room Gym),MPREC11--- (Room 106),MODED11--- (Room _CHECK THIS THING IDK)
1494,MPREC11--- (Room 214),MLTST11C-- (Room A-7),MCH--11--- (Room 211),MPH--11--- (Room 226),MINST12C-- (Room 222),MPREC12--- (Room 221),MATPH12--- (Room 226),MPH--12--- (Room 225)
1495,MPREC11--- (Room 214),MCMPS11--- (Room A-6),MEPSS11--- (Room 122),MPH--11--- (Room 226),MLFSC11--- (Room 226),MCH--11--- (Room 219),YPSYC1AX-- (Room 222),MFOOD11--- (Room 206)
1496,MACLV11FB- (Room Gym),MCMPS11--- (Room 207B),MEVSC11--- (Room 207A),YHRA-1AX-- (Room 120),MWPM-11--- (Room 106),MCLE-10--- (Room 104),MTAUT11--- (Room 102),MINST12--- (Room 121)
1497,MSP--11--- (Room 123),MTAUT11--- (Room 102),MLFSC11--- (Room 216),MCMPS11--- (Room 209),MWPM-11--- (Room 106),MCLE-10--- (Room 104),MWWK-11--- (Room 101),MINST12--- (Room 121)
1498,unassigned,MCMPS11--- (Room 207A),MEPSS11--- (Room 122),unassigned,unassigned,MLFSC11--- (Room 226),unassigned,MFOM-11--- (Room 106)
1499,MCLE-10--- (Room 104),MMACS12--- (Room 203),MENR-11--- (Room 104),ASTA-12--- (Room 212),MCH--11--- (Room 223),MPH--11--- (Room 216),MPREC11--- (Room 220),MLTST11C-- (Room 107)
1500,MDNTP11--- (Room Studio),MDRM-11--- (Room A-1),MEPSS11--- (Room 222),MCMPS11--- (Room 209),MWPM-11--- (Room 106),MEVSC11--- (Room 122),MVAPH11--- (Room 113),MCLE-10--- (Room 104)
1501,unassigned,MWPM-11--- (Room 214),MEPSS11--- (Room 122),MCMPS11--- (Room 209),YLAW-2CX-- (Room A-3),MEVSC11--- (Room 122),MWWK-11--- (Room 101),MFOOD11--- (Room 206)
1502,MCLE-10--- (Room 201),MPREC11--- (Room 220),MCH--11--- (Room 211),MPH--11--- (Room 219),MINST12C-- (Room 222),MLFSC11--- (Room 226),MLST-12--- (Room 121),MLTST11C-- (Room 107)
1503,MCLE-10--- (Room 207B),unassigned,MTDRF11--- (Room 105),MATPH12--- (Room 225),MINST12C-- (Room 222),MPH--11--- (Room 225),MPREC11H-- (Room 221),MLTST11C-- (Room 107)
1504,MENR-11--- (Room 105),MCMPS11--- (Room 207A),MEPSS11--- (Room 222),MPH--11--- (Room 219),MCH--11--- (Room 223),MTXT-11--- (Room A-7),MPREC11--- (Room 220),YPSYC1AX-- (Room 209)
1505,MCLE-10--- (Room 201),MCMPS11--- (Room A-6),MLFSC11--- (Room 216),MVAST11--- (Room 116),MFOOD11--- (Room 206),MCH--11--- (Room 219),unassigned,MFOM-11--- (Room 106)
1506,unassigned,MLTST11C-- (Room A-7),MCH--11--- (Room 227),unassigned,MMEDD11--- (Room 114),MLFSC11--- (Room 227),MPREC11H-- (Room 221),MINST12C-- (Room A-3)
1507,unassigned,MCH--12--- (Room 219),unassigned,MPREC12--- (Room 106),MINST12C-- (Room 222),MPH--11--- (Room 216),MATPH12--- (Room 226),MLTST11C-- (Room 107)
1508,MPREC11--- (Room 106),MLTST11C-- (Room A-7),MCH--11--- (Room 227),MPH--11--- (Room 226),YLAW-2CX-- (Room A-3),MCLE-10--- (Room 104),MATPH12--- (Room 226),MINST12C-- (Room A-3)
1509,MPREC11--- (Room 214),MEVSC12C-- (Room 205A),MEVSC11--- (Room 207A),unassigned,MPGEO12--- (Room 207A),MCMPS11--- (Room 205B),MINST12--- (Room 207A),YPSYC1AX-- (Room 209)
1510,MCLE-10--- (Room 201),MSJ--12--- (Room 209),MFOOD11--- (Room 206),MCMPS11--- (Room 209),MCH--11--- (Room 223),MLFSC11--- (Room 226),MVAPH11--- (Room 113),MFOM-11--- (Room 106)
1511,MIMCB11--L (Room 119),MCLE-10--L (Room 201),MEPSS11--- (Room 222),MCMPS11--- (Room 209),MCLE-10--L (Room 201),MIMCB11--L (Room 119),MACLV11G-- (Room Gym),MFOM-11--- (Room 106)
1512,MCLE-10--- (Room 207B),MCMPS11--- (Room A-6),MCH--11--- (Room 227),MPH--11--- (Room 219),MEPSS11--- (Room 107),MLFSC11--- (Room 226),MPREC11--- (Room 214),unassigned
1513,MCLE-10--- (Room 201),MLTST11C-- (Room A-7),MVAST11--- (Room 116),MPH--11--- (Room 226),YLAW-2CX-- (Room 121),MCH--11--- (Room 219),MPREC11--- (Room 220),MINST12C-- (Room A-3)
1514,MACLV11FB- (Room Gym),MWPM-11--- (Room 214),MEVSC11--- (Room A-2),YHRA-1AX-- (Room 120),MEPSS11--- (Room 107),MCLE-10--- (Room 104),MBSP-11--- (Room 207B),MCMPS11--- (Room 207B)
1515,MCLE-10--- (Room 201),MWPM-11--- (Room 214),MEVSC11--- (Room 207A),MSS--10--- (Room 208),MFOOD11--- (Room 206),MCMPS11--- (Room 205B),MTAUT11--- (Room 102),MEFWR10--- (Room A-6)
1516,MLFSC11--- (Room 219),MDRM-11--- (Room A-1),MCH--11--- (Room 225),ASTA-12--- (Room 212),MINST12C-- (Room 222),MPH--11--- (Room 225),MPREC11H-- (Room 221),MLTST11C-- (Room 107)
1517,MEC--12--- (Room 209),MLTST11C-- (Room A-7),MCH--11--- (Room 225),ASTA-12--- (Room 212),MINST12C-- (Room 222),MPH--11--- (Room 211),MPREC11H-- (Room 221),MCLE-10--- (Room 104)
1518,MWH--12--- (Room 121),MWPM-11--- (Room 214),MEVSC11--- (Room A-2),MFOOD11--- (Room 206),YLAW-2CX-- (Room 205B),MCLE-10--- (Room 104),YPSYC1AX-- (Room 222),MCMPS11--- (Room 207B)
1519,MLFSC11--- (Room 219),MCMPS11--- (Room 207B),MEPSS11--- (Room 222),unassigned,MFOM-11--- (Room 220),unassigned,unassigned,unassigned
1520,unassigned,MCMPS11--- (Room 107),MEPSS11--- (Room 122),unassigned,MFOM-11--- (Room 220),MLFSC11--- (Room 227),unassigned,unassigned
1521,MSP--11--- (Room 123),MCMPS11--- (Room A-6),MCH--11--- (Room 227),MFOOD11--- (Room 206),YLAW-2CX-- (Room A-3),MLFSC11--- (Room 227),MINST12--- (Room 207A),MTXT-11--- (Room A-7)
1522,MCLE-10--- (Room 104),MLTST11C-- (Room A-7),MMACS12--- (Room 203),MPH--11--- (Room 226),MINST12C-- (Room 222),MCH--11--- (Room 219),MPREC11--- (Room 106),ACSC-2A--- (Room 203)
1523,MPREC11--- (Room 106),MCMPS11--- (Room A-6),MCH--11--- (Room 226),unassigned,MBSP-11--- (Room 205A),MPH--11--- (Room 216),MLST-12--- (Room 121),MPREC12--- (Room 214)
1524,MAC--11--- (Room 205A),MPREC11--- (Room 220),MENR-11--- (Room 104),MCMPS11--- (Room 209),MSP--11--- (Room 207B),MPH--11--- (Room 211),MLST-12--- (Room 121),YPSYC1AX-- (Room 209)
1525,unassigned,MPREC11--- (Room 220),MCH--11--- (Room 226),MCMPS11--- (Room A-6),MPGEO12--- (Room 207A),MPH--11--- (Room 211),MENR-11--- (Room 105),MPREC12--- (Room 214)
1526,MEC--12--- (Room 209),MCMPS11--- (Room A-2),MTAUT11--- (Room 102),MPREC12--- (Room 210),MCH--11--- (Room 223),MPH--11--- (Room 211),MACLV11--- (Room Gym),MLST-12--- (Room 222)
1527,MPREC11--- (Room 214),MCMPS11--- (Room 207A),MTAUT11--- (Room 102),MFOOD11--- (Room 206),MCH--11--- (Room 223),MPH--11--- (Room 225),MACLV11--- (Room Gym),MINST12--- (Room 121)
1528,MDNTP11--- (Room Studio),MSJ--12--- (Room 208),MCH--11--- (Room 226),MCMPS11--- (Room 209),MLFSC11--- (Room 226),MCLE-10--- (Room 104),MPREC11--- (Room 106),MLST-12--- (Room 222)
1529,MPREC11--- (Room 214),MCMPS11--- (Room 107),YPSYC1AX-- (Room 205A),unassigned,MACC-12--- (Room A-2),MCH--11--- (Room 219),unassigned,MLST-12--- (Room 122)
1530,MCLE-10--- (Room 201),MSJ--12--- (Room 208),MCH--11--- (Room 211),MCMPS11--- (Room A-6),MLFSC11--- (Room 226),MACLV11--- (Room Gym),MPREC11H-- (Room 221),YPSYC1AX-- (Room 209)
1531,unassigned,MCLE-10--L (Room 201),MCH--11--- (Room 225),unassigned,MCLE-10--L (Room 201),MPH--11--- (Room 211),MPREC11H-- (Room 221),MLTST11C-- (Room 107)
1532,MEC--12--- (Room 222),MSJ--12--- (Room 208),MEVSC11--- (Room 207A),MIMG-11--- (Room 119),MACC-12--- (Room A-2),MCMPS11--- (Room 205B),MPREC11--- (Room 106),MCLE-10--- (Room 104)
1533,MCLE-10--- (Room 104),MCMPS11--- (Room 207B),YPSYC1AX-- (Room 205A),MFOOD11--- (Room 206),YLAW-2CX-- (Room 121),MCH--11--- (Room 219),MPREC11--- (Room 106),MLST-12--- (Room 123)
1534,MIMCB11--L (Room 119),MLTST11C-- (Room A-7),MCH--11--- (Room 227),MPH--11--- (Room 219),MTXT-11--- (Room A-7),MIMCB11--L (Room 119),MPREC11H-- (Room 221),MINST12C-- (Room A-3)
1535,MCLE-10--- (Room 207B),MCMPS11--- (Room A-6),MFOOD11--- (Room 206),MVAST11--- (Room 116),MPGEO12--- (Room 207A),MLFSC11--- (Room 226),unassigned,MFOM-11--- (Room 106)
1536,unassigned,MCLE-10--L (Room 201),MCH--11--- (Room 211),ASTA-12--- (Room 212),MCLE-10--L (Room 201),MPH--11--- (Room 211),MPREC11H-- (Room 221),MLTST11C-- (Room 107)
1537,MCLE-10--- (Room 207B),MCMPS11--- (Room A-2),MCH--11--- (Room 227),MPH--11--- (Room 219),MCMPR11AI- (Room 203),MPREC12--- (Room 221),MINST12--- (Room 207A),MMACS11--- (Room 203)
1538,MPREC11--- (Room 106),MCMPS11--- (Room A-2),MEPSS11--- (Room 222),MPH--11--- (Room 223),MACC-12--- (Room A-2),MCLE-10--- (Room 104),MTAUT11--- (Room 102),MPREC12--- (Room 220)
1539,unassigned,MPREC11--- (Room 220),MTDRF11--- (Room 105),unassigned,unassigned,unassigned,MFR--11--- (Room 107),YPSYC1AX-- (Room 209)
1540,MAC--11--- (Room 205A),MSS--10--- (Room 121),MMACS11--- (Room 203),MTPOW10--- (Room 103),MSC--10--- (Room 225),MPHED10B-- (Room Gym),MFMP-10--- (Room 212),MEFWR10--- (Room A-6)
1541,MSC--10--- (Room 211),MSS--10--- (Room 205B),MPHED10--- (Room Gym),MDMD-12D-- (Room 114),MTEAR10--- (Room 104),YED--0AX-- (Room 109),MFMP-10--- (Room 212),MEFWR10--- (Room A-6)
1542,MSC--10--- (Room 211),MSS--10--- (Room 121),MWBDV10IT- (Room 114),MEFWR10--- (Room 123),MPHED10B-- (Room Gym),MTEXP10--- (Room 105),MFMP-10--- (Room 212),MMACS11--- (Room 203)
1543,MFMP-10C-- (Room 210),MMACS11--- (Room 203),MPHED10G-- (Room Gym),MTDRF10--- (Room 105),MSC--10C-- (Room 216),MSS--10C-- (Room 208),MWBDV10IT- (Room 114),MCMPS10C-- (Room 207A)
1544,MPHED10FB- (Room Gym),MSS--10--- (Room 121),MCMPS10--- (Room 207B),YHRA-0AX-- (Room 120),MFMP-10--- (Room 214),MVAPH10--- (Room 113),MSC--10--- (Room 216),MWWK-10--- (Room 101)
1545,MPHED10FB- (Room Gym),MSS--10--- (Room 222),unassigned,MWPM-10--- (Room 214),MSC--10--- (Room 227),MCMPS10--- (Room A-3),MWBDV10IT- (Room 114),YED--0AX-- (Room 108)
1546,MFOOD10--- (Room 206),MSS--10--- (Room 205B),MTPOW10--- (Room 103),MWPM-10--- (Room 214),MSC--10--- (Room 219),MPHED10B-- (Room Gym),MWWK-10--- (Room 101),MEFWR10--- (Room A-6)
1547,MFR--09--- (Room 208),MSS--10C-- (Room 122),MWBDV10IT- (Room 114),MFMP-10C-- (Room 220),MSC--10C-- (Room 216),MFR--10--- (Room 207B),MPHED10G-- (Room Gym),MCMPS10C-- (Room 207A)
1548,MCLE-10--- (Room 207B),MSS--10--- (Room 123),MEFWR10--- (Room 209),MDMD-12D-- (Room 114),MCMPR11AI- (Room 203),MTEXP10--- (Room 105),MSC--10--- (Room 216),MPHED10B-- (Room Gym)
1549,MSC--10--- (Room 211),MPHED10--L (Room Gym),MEFWR10--- (Room 209),MSS--10--- (Room 207A),MFMP-10--- (Room 214),MTXT-10--- (Room A-7),MFOOD10--- (Room 206),MPHED10--L (Room Gym)
1550,MSC--10--- (Room 211),MPHED10--L (Room Gym),MEFWR10--- (Room 209),MSS--10--- (Room 205B),MTEAR10--- (Room 104),MTEXP10--- (Room 105),MFMP-10--- (Room 212),MPHED10--L (Room Gym)
1551,MPHED10FB- (Room Gym),MSS--10--- (Room 121),MWBDV10IT- (Room 114),MTPOW10--- (Room 103),MSC--10--- (Room 225),MCMPS10--- (Room A-3),MFMP-10--- (Room 212),MADEM10--- (Room 208)
1552,MSP--10--- (Room 123),unassigned,MPHED10G-- (Room Gym),MSS--10--- (Room 208),MSC--10--- (Room 225),MCLE-10--- (Room 104),MFMP-10--- (Room 212),MTXT-10--- (Room A-7)
1553,MSC--10--- (Room 226),MMACS11--- (Room 203),MPHED10G-- (Room Gym),MSS--10--- (Room 205B),MMUGT10--- (Room 119),MVAPH10--- (Room 113),MFMP-10--- (Room 212),MEFWR10--- (Room 205A)
1554,MFMP-10C-- (Room 210),MMACS11--- (Room 203),MTDRF10--- (Room 105),MTPOW10--- (Room 103),MPHED10B-- (Room Gym),MSS--10C-- (Room 208),MSC--10C-- (Room 211),MCMPS10C-- (Room 207A)
1555,MSC--10--- (Room 211),MSS--10--- (Room 123),MEFWR10--- (Room 209),MWPM-10--- (Room 214),MMUGT10--- (Room 119),MTXT-10--- (Room A-7),MFOOD10--- (Room 206),MPHED10B-- (Room Gym)
1556,MSP--10--- (Room 123),MSS--10--- (Room 205B),MPHED10G-- (Room Gym),MTPOW10--- (Room 103),MSC--10--- (Room 227),MFOOD10--- (Room 206),MFMP-10--- (Room 210),MEFWR10--- (Room A-6)
1557,MSC--10--- (Room 211),MSS--10--- (Room 205B),MPHED10G-- (Room Gym),MEFWR10--- (Room 123),MFMP-10--- (Room 214),unassigned,MFOOD10--- (Room 206),MADEM10--- (Room 208)
1558,MFMP-10C-- (Room 210),MPHED10--L (Room Gym),MMACS11--- (Room 203),MCMPS10C-- (Room A-3),MTEAR10--- (Room 104),MSS--10C-- (Room 208),MSC--10C-- (Room 211),MPHED10--L (Room Gym)
1559,MFMP-10--- (Room 221),MSS--10--- (Room 121),MPHED10G-- (Room Gym),MEFWR10--- (Room 123),MCMPR11AI- (Room 203),MFOOD10--- (Room 206),MFR--12--- (Room 107),MSC--10--- (Room 223)
1560,MSC--10--- (Room 211),MSS--10--- (Room 121),MEFWR10--- (Room 209),MTPOW10--- (Room 103),MMUGT10--- (Room 119),MFOOD10--- (Room 206),MFMP-10--- (Room 212),MPHED10B-- (Room Gym)
1561,MFOOD10--- (Room 206),MSS--10C-- (Room 122),MWBDV10IT- (Room 114),MFMP-10C-- (Room 220),MTEAR10--- (Room 104),MPHED10--- (Room Gym),MSC--10C-- (Room 211),MCMPS10C-- (Room 207A)
1562,MPHED10FB- (Room Gym),MSS--10--- (Room 123),MTPOW10--- (Room 103),YHRA-0AX-- (Room 120),MSC--10--- (Room 219),MFOOD10--- (Room 206),MFMP-10--- (Room 210),MEFWR10--- (Room 205A)
1563,MSC--10--- (Room 211),MPHED10--L (Room Gym),MEFWR10--- (Room 209),MSS--10--- (Room 208),MTXT-10--- (Room A-7),MVAPH10--- (Room 113),MFMP-10--- (Room 210),MPHED10--L (Room Gym)
1564,MPHED10FB- (Room Gym),MSS--10--- (Room 121),MTPOW10--- (Room 103),YHRA-0AX-- (Room 120),MSC--10--- (Room 219),MFOOD10--- (Room 206),MFMP-10--- (Room 210),MEFWR10--- (Room A-6)
1565,MSC--10--- (Room 211),MSS--10--- (Room 121),MTPOW10--- (Room 103),MWPM-10--- (Room 214),MPHED10B-- (Room Gym),MCMPS10--- (Room A-3),MFOOD10--- (Room 206),MWWK-10--- (Room 101)
1566,MFMP-10C-- (Room 210),MSS--10C-- (Room 122),MPHED10G-- (Room Gym),MCMPS10C-- (Room A-3),MAC--11--- (Room A-2),MCLE-10--- (Room 104),MSC--10C-- (Room 211),MADEM10--- (Room 208)
1567,MAC--11--- (Room 205A),MSS--10--- (Room 121),MCMPS10--- (Room 207B),MDMD-12D-- (Room 114),MSC--10--- (Room 225),MFMP-10H-- (Room 210),MFR--10--- (Room A-2),MADEM10--- (Room 208)
1568,MAC--11--- (Room 205A),MSS--10--- (Room 121),MEFWR10--- (Room 209),MTPOW10--- (Room 103),MCMPR11AI- (Room 203),MFMP-10H-- (Room 210),MFR--12--- (Room 107),MSC--10--- (Room 223)
1569,MFMP-10--- (Room 221),MSS--10--- (Room 121),MPHED10G-- (Room Gym),MDMD-12D-- (Room 114),MCMPR11AI- (Room 203),MCLE-10--- (Room 104),MSC--10--- (Room 216),MEFWR10--- (Room A-6)
1570,MAC--11--- (Room 205A),MSS--10--- (Room 121),unassigned,unassigned,MFMP-10--- (Room 214),MFOOD10--- (Room 206),MFR--12--- (Room 107),MEFWR10--- (Room A-6)
1571,MFMP-10--- (Room 221),MSS--10--- (Room 121),MPHED10--- (Room Gym),MTPOW10--- (Room 103),MSC--10--- (Room 227),YED--0AX-- (Room 109),MFOOD10--- (Room 206),MEFWR10--- (Room A-6)
1572,MSC--10--- (Room 226),MSS--10--- (Room 222),MVAST10--- (Room 116),MDMD-12D-- (Room 114),MMEDD10--- (Room 114),MFMP-10H-- (Room 210),MPHED10G-- (Room Gym),MEFWR10--- (Room A-6)
1573,MTEXP10--- (Room 105),MMACS11--- (Room 203),MEFWR10--- (Room 209),MSS--10--- (Room 207A),MMUGT10--- (Room 119),MFMP-10H-- (Room 210),MSC--10--- (Room 216),MPHED10B-- (Room Gym)
1574,MTXT-10--- (Room A-7),MDNTP10--- (Room Studio),YED--0AX-- (Room 109),MSS--10--- (Room 205B),MSC--10--- (Room 225),MFOOD10--- (Room 206),MPHED10G-- (Room Gym),MEFWR10--- (Room 205A)
1575,MSC--10--- (Room 211),MMACS11--- (Room 203),MTEXP10--- (Room 104),MSS--10--- (Room 122),MPHED10B-- (Room Gym),MFMP-10H-- (Room 210),MFOOD10--- (Room 206),MEFWR10--- (Room A-6)
1576,MFOOD10--- (Room 206),MPHED10--L (Room Gym),MEFWR10--- (Room 209),MSS--10--- (Room 205B),MSC--10--- (Room 227),MTXT-10--- (Room A-7),MFMP-10--- (Room 212),MPHED10--L (Room Gym)
1577,MFMP-10--- (Room 221),MPHED10--L (Room Gym),MCMPS10--- (Room 207B),MSS--10--- (Room 205B),MTXT-10--- (Room A-7),MVAPH10--- (Room 113),MSC--10--- (Room 216),MPHED10--L (Room Gym)
1578,unassigned,MSS--10--- (Room 222),MCMPS10--- (Room 207B),unassigned,MSC--10--- (Room 225),unassigned,MFMP-10--- (Room 212),unassigned
1579,MFOOD10--- (Room 206),MSS--10--- (Room 222),YED--0AX-- (Room 109),MWPM-10--- (Room 214),MSC--10--- (Room 219),MCMPS10--- (Room A-3),MPHED10G-- (Room Gym),MTXT-10--- (Room A-7)
1580,MSC--10--- (Room 226),YED--0AX-L (Room 109),MEFWR10--- (Room A-7),MSS--10--- (Room 205B),MFMP-10--- (Room 214),MFOOD10--- (Room 206),MWWK-10--- (Room 101),YED--0AX-L (Room 109)
1581,MPHED10FB- (Room Gym),unassigned,MTPOW10--- (Room 103),MEFWR10--- (Room 123),MLFSC11--- (Room 226),unassigned,MFMP-10--- (Room 210),MCLE-10--- (Room 104)
1582,MCLE-10--- (Room 201),MSS--10C-- (Room 122),MMACS11--- (Room 203),MFMP-10C-- (Room 220),MSC--10C-- (Room 216),MPHED10--- (Room Gym),MPREC11--- (Room 220),MCMPS10C-- (Room 207A)
1583,MSC--10--- (Room 211),MPHED10--L (Room Gym),MCMPS10--- (Room 207B),MSS--10--- (Room 205B),MTEAR10--- (Room 104),MTEXP10--- (Room 105),MFR--10--- (Room A-2),MPHED10--L (Room Gym)
1584,MCLE-10--- (Room 201),MTEXP10--- (Room 104),YED--0AX-- (Room 109),MSS--10--- (Room 207A),MFMP-10--- (Room 214),MFOOD10--- (Room 206),MSC--10--- (Room 216),MEFWR10--- (Room A-6)
1585,MCLE-10--- (Room 201),unassigned,MTPOW10--- (Room 103),MSS--10--- (Room 205B),MSC--10--- (Room 225),MPHED10B-- (Room Gym),MFMP-10--- (Room 212),MEFWR10--- (Room A-6)
1586,MSC--10--- (Room 226),MSS--10--- (Room 123),MEFWR10--- (Room A-7),MWPM-10--- (Room 214),MVAST10--- (Room 116),MPHED10B-- (Room Gym),MFOOD10--- (Room 206),MWWK-10--- (Room 101)
1587,MFMP-10--- (Room 221),MSS--10--- (Room 222),MTDRF10--- (Room 105),MEFWR10--- (Room 123),MSC--10--- (Room 225),MTXT-10--- (Room A-7),MPHED10G-- (Room Gym),MMAP-11--- (Room A-2)
1588,MFOOD10--- (Room 206),MSS--10--- (Room 222),MEFWR10--- (Room 209),MWPM-10--- (Room 214),unassigned,MVAPH10--- (Room 113),unassigned,MPHED10B-- (Room Gym)
1589,MFR--10--- (Room 208),MTDRF10--- (Room 105),MTPOW10--- (Room 103),MSS--10--- (Room 205B),MSC--10--- (Room 219),MMEDD10--- (Room 114),MPHED10G-- (Room Gym),MEFWR10--- (Room 205A)
1590,MAC--11--- (Room 205A),MSS--10--- (Room 123),MMACS11--- (Room 203),MTPOW10--- (Room 103),MSC--10--- (Room 225),MFOOD10--- (Room 206),MFMP-10--- (Room 212),MEFWR10--- (Room A-6)
1591,MFMP-10--- (Room 221),unassigned,MPHED10--- (Room Gym),MSS--10--- (Room 205B),MSC--10--- (Room 225),unassigned,MWWK-10--- (Room 101),MEFWR10--- (Room A-6)
1592,MSC--10--- (Room 226),MSS--10--- (Room 121),MMACS11--- (Room 203),MEFWR10--- (Room 123),MFMP-10--- (Room 214),MFOOD10--- (Room 206),MWWK-10--- (Room 101),MPHED10B-- (Room Gym)
1593,unassigned,MSS--10--- (Room 205B),MCMPS10--- (Room 207B),unassigned,MSC--10--- (Room 225),unassigned,MFMP-10--- (Room 210),unassigned
1594,MFMP-10C-- (Room 210),MPHED10--L (Room Gym),MMACS11--- (Room 203),MCMPS10C-- (Room A-3),MSC--10C-- (Room 216),MSS--10C-- (Room 208),MVAPH10--- (Room 113),MPHED10--L (Room Gym)
1595,MSC--10--- (Room 226),MSS--10--- (Room 123),YED--0AX-- (Room 109),MTPOW10--- (Room 103),MFMP-10--- (Room 214),MPHED10B-- (Room Gym),MFOOD10--- (Room 206),MEFWR10--- (Room 205A)
1596,MFMP-10C-- (Room 210),MSS--10C-- (Room 122),MWBDV10IT- (Room 114),MCMPS10C-- (Room A-3),MSC--10C-- (Room 216),MPHED10B-- (Room Gym),MFR--12--- (Room 107),MMACS11--- (Room 203)
1597,MFOOD10--- (Room 206),unassigned,MPHED10G-- (Room Gym),MSS--10--- (Room 122),MSC--10--- (Room 225),MTXT-10--- (Room A-7),MFMP-10--- (Room 210),MEFWR10--- (Room A-6)
1598,MSC--10--- (Room 226),MSS--10--- (Room 121),MPHED10G-- (Room Gym),MVAST10--- (Room 116),MTXT-10--- (Room A-7),MFR--10--- (Room 207B),MFMP-10--- (Room 212),MEFWR10--- (Room A-6)
1599,MAC--11--- (Room 205A),MSS--10--- (Room 121),MPHED10G-- (Room Gym),MVAST10--- (Room 116),MFMP-10--- (Room 214),MFOOD10--- (Room 206),MVAPH10--- (Room 113),MEFWR10--- (Room A-6)
1600,MTXT-10--- (Room A-7),MSS--10--- (Room 123),MPHED10--- (Room Gym),MEFWR10--- (Room 123),MAC--11--- (Room A-2),MFMP-10H-- (Room 210),MWBDV10IT- (Room 114),MSC--10--- (Room 223)
1601,MFMP-10C-- (Room 210),MSS--10C-- (Room 122),MTEXP10--- (Room 104),MCMPS10C-- (Room A-3),MCMPR11AI- (Room 203),MFR--10--- (Room 207B),MSC--10C-- (Room 211),MMACS11--- (Room 203)
1602,MFMP-10--- (Room 221),unassigned,MCMPS10--- (Room 207B),unassigned,MTXT-10--- (Room A-7),unassigned,unassigned,MSC--10--- (Room 223)
1603,MFMP-10C-- (Room 210),MTDRF10--- (Room 105),MPHED10--- (Room Gym),MCMPS10C-- (Room A-3),MSC--10C-- (Room 216),MSS--10C-- (Room 208),MWBDV10IT- (Room 114),MMACS11--- (Room 203)
1604,unassigned,unassigned,MCMPS10--- (Room 207B),MSS--10--- (Room 208),MAC--11--- (Room A-2),MFMP-10H-- (Room 210),MWBDV10IT- (Room 114),MADEM10--- (Room 208)
1605,MFMP-10C-- (Room 210),MPHED10--L (Room Gym),MVAST10--- (Room 116),MCMPS10C-- (Room A-3),MTXT-10--- (Room A-7),MSS--10C-- (Room 208),MSC--10C-- (Room 211),MPHED10--L (Room Gym)
1606,MFMP-10C-- (Room 210),unassigned,MTDRF10--- (Room 105),MCMPS10C-- (Room A-3),MSC--10C-- (Room 216),MSS--10C-- (Room 208),unassigned,unassigned
1607,MTXT-10--- (Room A-7),MDRM-10--- (Room A-1),MPHED10G-- (Room Gym),MSS--10--- (Room 208),MSC--10--- (Room 219),MFOOD10--- (Room 206),MFMP-10--- (Room 212),MADEM10--- (Room 208)
1608,MSC--10--- (Room 226),MPHED10--L (Room Gym),MEFWR10--- (Room 209),MSS--10--- (Room 207A),MMUGT10--- (Room 119),MFOOD10--- (Room 206),MFMP-10--- (Room 212),MPHED10--L (Room Gym)
1609,MTEXP10--- (Room 105),MTDRF10--- (Room 105),MEFWR10--- (Room 209),MSS--10--- (Room 208),MMEDD10--- (Room 114),MFMP-10H-- (Room 210),MSC--10--- (Room 216),MPHED10B-- (Room Gym)
1610,MFR--10--- (Room 208),MSS--10--- (Room 222),MEVSC11--- (Room A-2),MEFWR10--- (Room 123),MFMP-10--- (Room 214),MTXT-10--- (Room A-7),MFR--11--- (Room 107),MCLE-10--- (Room 104)
1611,MFMP-10--- (Room 221),MDRM-10--- (Room A-1),MTPOW10--- (Room 103),MSS--10--- (Room 205B),MSC--10--- (Room 219),MTXT-10--- (Room A-7),MPHED10G-- (Room Gym),MEFWR10--- (Room 205A)
1612,MSC--10--- (Room 211),MSS--10--- (Room 121),MPHED10G-- (Room Gym),MTDRF10--- (Room 105),MMEDD10--- (Room 114),MFMP-10H-- (Room 210),MFOOD10--- (Room 206),MEFWR10--- (Room 205A)
1613,MSC--10--- (Room 226),MSS--10--- (Room 121),MPHED10--- (Room Gym),MDMD-12D-- (Room 114),MTEAR10--- (Room 104),MTXT-10--- (Room A-7),MFMP-10--- (Room 212),MEFWR10--- (Room A-6)
1614,MTEXP10--- (Room 105),MMACS11--- (Room 203),MPHED10--- (Room Gym),MFMP-10C-- (Room 220),MSP--11--- (Room 207B),MSS--10C-- (Room 208),MSC--10C-- (Room 211),MCMPS10C-- (Room 207A)
1615,MSC--10--- (Room 226),MPHED10--L (Room Gym),MEFWR10--- (Room 209),MSS--10--- (Room 205B),MAC--11--- (Room A-2),MTEXP10--- (Room 105),MFOOD10--- (Room 206),MPHED10--L (Room Gym)
1616,unassigned,unassigned,MCMPS10--- (Room 207B),unassigned,MMEDD10--- (Room 114),unassigned,MSC--10--- (Room 216),unassigned
1617,MAC--11--- (Room 205A),MSS--10--- (Room 222),MVAST10--- (Room 116),MEFWR10--- (Room 123),MSC--10--- (Room 219),MFMP-10H-- (Room 210),MPHED10G-- (Room Gym),MMAP-11--- (Room A-2)
1618,MWBDV10IT- (Room 114),YESFL0AX-- (Room A-3),MPHED10--- (Room Gym),MSS--10--- (Room 122),MFMP-10--- (Room 214),MCMPS10--- (Room A-3),MVAPH10--- (Room 113),MSC--10--- (Room 223)
1619,MSC--10--- (Room 226),MTEXP10--- (Room 104),MEFWR10--- (Room A-7),MSS--10--- (Room 122),MCMPR11AI- (Room 203),MPHED10B-- (Room Gym),MFMP-10--- (Room 210),unassigned
1620,MFMP-10C-- (Room 210),MPHED10--L (Room Gym),MMACS11--- (Room 203),MCMPS10C-- (Room A-3),MSC--10C-- (Room 216),MSS--10C-- (Room 208),MFOOD10--- (Room 206),MPHED10--L (Room Gym)
1621,MTEXP10--- (Room 105),MMACS11--- (Room 203),MPHED10--- (Room Gym),MFMP-10C-- (Room 220),MTEAR10--- (Room 104),MSS--10C-- (Room 208),MSC--10C-- (Room 211),MCMPS10C-- (Room 207A)
1622,MFMP-10C-- (Room 210),MSS--10C-- (Room 122),MPHED10--- (Room Gym),MCMPS10C-- (Room A-3),MVAST10--- (Room 116),MFOOD10--- (Room 206),MSC--10C-- (Room 211),unassigned
1623,MSC--10--- (Room 211),YESFL0AX-- (Room A-3),unassigned,unassigned,MMUGT10--- (Room 119),MCMPS10--- (Room A-3),MFMP-10--- (Room 210),unassigned
1624,MPHED10FB- (Room Gym),MSS--10--- (Room 121),MTPOW10--- (Room 103),MWPM-10--- (Room 214),MSC--10--- (Room 227),MVAPH10--- (Room 113),MFOOD10--- (Room 206),MEFWR10--- (Room A-6)
1625,MFR--10--- (Room 208),MMACS11--- (Room 203),MPHED10G-- (Room Gym),MSS--10--- (Room 208),MSC--10--- (Room 219),MCMPS10--- (Room A-3),MFMP-10--- (Room 210),MMAP-11--- (Room A-2)
1626,MTEXP10--- (Room 105),MTDRF10--- (Room 105),MCMPS10--- (Room 207B),MSS--10--- (Room 207A),MSC--10--- (Room 219),YED--0AX-- (Room 109),MFMP-10--- (Room 210),MPHED10B-- (Room Gym)
1627,MFOOD10--- (Room 206),MSS--10--- (Room 222),MPHED10--- (Room Gym),MTEAR10--- (Room 104),MSC--10--- (Room 227),MFMP-10H-- (Room 210),MFR--10--- (Room A-2),MEFWR10--- (Room A-6)
1628,MFMP-10--- (Room 221),MSS--10--- (Room 205B),MWBDV10IT- (Room 114),MEFWR10--- (Room 123),MBSP-11--- (Room 205A),MVAPH10--- (Room 113),MSC--10--- (Room 216),MPHED10B-- (Room Gym)
1629,MFMP-10C-- (Room 210),MPHED10--L (Room Gym),MTPOW10--- (Room 103),MCMPS10C-- (Room A-3),MSC--10C-- (Room 216),MSS--10C-- (Room 208),MWBDV10IT- (Room 203),MPHED10--L (Room Gym)
1630,MTXT-10--- (Room A-7),MSS--10--- (Room 121),MPHED10G-- (Room Gym),MVAST10--- (Room 116),MMUGT10--- (Room 119),MFMP-10H-- (Room 210),MSC--10--- (Room 216),MEFWR10--- (Room A-6)
1631,MSC--10--- (Room 211),YESFL0AX-- (Room A-3),MTEXP10--- (Room 104),MSS--10--- (Room 122),MPHED10B-- (Room Gym),MCMPS10--- (Room A-3),MFOOD10--- (Room 206),unassigned
1632,MSP--10--- (Room 123),MSS--10--- (Room 222),MTPOW10--- (Room 103),MWPM-10--- (Room 214),MSC--10--- (Room 219),MFOOD10--- (Room 206),MPHED10G-- (Room Gym),MEFWR10--- (Room 205A)
1633,MAC--11--- (Room 205A),MSS--10--- (Room 121),MWBDV10IT- (Room 114),MTDRF10--- (Room 105),MFMP-10--- (Room 214),MCMPS10--- (Room A-3),MPHED10G-- (Room Gym),MSC--10--- (Room 223)
1634,MSC--10--- (Room 211),MSS--10--- (Room 205B),MPHED10--- (Room Gym),MEFWR10--- (Room 123),MCMPR11AI- (Room 203),MMEDD10--- (Room 114),MFMP-10--- (Room 212),MMACS11--- (Room 203)
1635,MSC--10--- (Room 226),MTEXP10--- (Room 104),MPHED10--- (Room Gym),MEFWR10--- (Room 123),MFMP-10--- (Room 214),MFR--10--- (Room 207B),MWBDV10IT- (Room 114),MCLE-10--- (Room 104)
1636,MAC--11--- (Room 205A),unassigned,MEFWR10--- (Room A-7),MSS--10--- (Room 208),MMEDD10--- (Room 114),MPHED10--- (Room Gym),MFMP-10--- (Room 210),MSC--10--- (Room 223)
1637,MFMP-10--- (Room 221),unassigned,MCMPS10--- (Room 207B),MSS--10--- (Room 122),MSC--10--- (Room 227),MPHED10B-- (Room Gym),MFOOD10--- (Room 206),YPR--0BX-- (Room _CHECK THIS THING IDK)
1638,MCLE-10--- (Room 207B),MSS--10--- (Room 123),MPHED10G-- (Room Gym),MVAST10--- (Room 116),MSC--10--- (Room 227),MFR--10--- (Room 207B),MFMP-10--- (Room 210),MEFWR10--- (Room A-6)
1639,MFMP-10--- (Room 221),MSS--10--- (Room 222),MPHED10--- (Room Gym),MEFWR10--- (Room 123),MSC--10--- (Room 225),MVAPH10--- (Room 113),MWBDV10IT- (Room 114),MMACS11--- (Room 203)
1640,MWBDV10IT- (Room 114),MSS--10--- (Room 222),MPHED10--- (Room Gym),MEFWR10--- (Room 123),MSC--10--- (Room 225),MFMP-10H-- (Room 210),MVAPH10--- (Room 113),MMACS11--- (Room 203)
1641,MFOOD10--- (Room 206),YED--0AX-- (Room 109),MEFWR10--- (Room A-7),MSS--10--- (Room 122),MSC--10--- (Room 225),MPHED10B-- (Room Gym),MFMP-10--- (Room 212),YPR--0BX-- (Room _CHECK THIS THING IDK)
1642,MCLE-10--- (Room 104),MTEXP10--- (Room 104),MEFWR10--- (Room A-7),MSS--10--- (Room 207A),MSC--10--- (Room 227),MFMP-10H-- (Room 210),MPHED10G-- (Room Gym),MMACS11--- (Room 203)
1643,MFMP-10C-- (Room 210),MTEXP10--- (Room 104),MWBDV10IT- (Room 114),MCMPS10C-- (Room A-3),MPHED10B-- (Room Gym),MSS--10C-- (Room 208),MSC--10C-- (Room 211),MADEM10--- (Room 208)
1644,MFMP-10C-- (Room 210),MSS--10C-- (Room 122),MMACS11--- (Room 203),MTPOW10--- (Room 103),MPHED10B-- (Room Gym),MFR--10--- (Room 207B),MSC--10C-- (Room 211),MCMPS10C-- (Room 207A)
1645,MSC--10--- (Room 211),MSS--10--- (Room 222),MMACS11--- (Room 203),MEFWR10--- (Room 123),MPHED10B-- (Room Gym),MFMP-10H-- (Room 210),MVAPH10--- (Room 113),MCLE-10--- (Room 104)
1646,MFMP-10C-- (Room 210),MMACS11--- (Room 203),MTEXP10--- (Room 104),MTPOW10--- (Room 103),MSC--10C-- (Room 216),MSS--10C-- (Room 208),MFOOD10--- (Room 206),MCMPS10C-- (Room 207A)
1647,MFMP-10C-- (Room 210),MPHED10--L (Room Gym),MTPOW10--- (Room 103),MCMPS10C-- (Room A-3),MSC--10C-- (Room 216),MSS--10C-- (Room 208),MTEXP10--- (Room 105),MPHED10--L (Room Gym)
1648,MAC--11--- (Room 205A),MSS--10C-- (Room 122),MMACS11--- (Room 203),MFMP-10C-- (Room 220),MSC--10C-- (Room 216),MPHED10B-- (Room Gym),MWBDV10IT- (Room 203),MCMPS10C-- (Room 207A)
1649,MSC--10--- (Room 226),MPHED10--L (Room Gym),MCMPS10--- (Room 207B),MSS--10--- (Room 205B),MAC--11--- (Room A-2),MFOOD10--- (Room 206),MFMP-10--- (Room 212),MPHED10--L (Room Gym)
1650,unassigned,YED--0AX-L (Room 109),MPHED10G-- (Room Gym),MSS--10--- (Room 208),MSC--10--- (Room 219),MCMPS10--- (Room A-3),unassigned,YED--0AX-L (Room 109)
1651,MAC--11--- (Room 205A),MSS--10--- (Room 123),MWBDV10IT- (Room 114),MEFWR10--- (Room 123),MFMP-10--- (Room 214),MFOOD10--- (Room 206),MPHED10G-- (Room Gym),MSC--10--- (Room 223)
1652,unassigned,MSS--10--- (Room 222),MCMPS10--- (Room 207B),unassigned,MSC--10--- (Room 227),unassigned,MFMP-10--- (Room 210),unassigned
1653,MFOOD10--- (Room 206),MSS--10--- (Room 123),MPHED10G-- (Room Gym),MEFWR10--- (Room 123),MAC--11--- (Room A-2),MFMP-10H-- (Room 210),MFR--12--- (Room 107),MSC--10--- (Room 223)
1654,MSP--10--- (Room 123),YED--0AX-- (Room 109),MEFWR10--- (Room A-7),MSS--10--- (Room 208),MSC--10--- (Room 225),MFOOD10--- (Room 206),MFMP-10--- (Room 210),MCLE-10--- (Room 104)
1655,MWBDV10IT- (Room 114),MMACS11--- (Room 203),MCMPS10--- (Room 207B),MSS--10--- (Room 122),MSC--10--- (Room 219),YED--0AX-- (Room 109),MFMP-10--- (Room 210),MPHED10B-- (Room Gym)
1656,MSC--10--- (Room 211),MTEXP10--- (Room 104),MCMPS10--- (Room 207B),MSS--10--- (Room 205B),MPHED10B-- (Room Gym),MFMP-10H-- (Room 210),MWBDV10IT- (Room 203),MMACS11--- (Room 203)
1657,MWBDV10IT- (Room 114),MSS--10C-- (Room 122),MDCF-10--- (Room Studio),MFMP-10C-- (Room 220),MSC--10C-- (Room 216),MVAPH10--- (Room 113),MPHED10G-- (Room Gym),MCMPS10C-- (Room 207A)
1658,MSC--10--- (Room 226),MSS--10--- (Room 222),MCMPS10--- (Room 207B),MDMD-12D-- (Room 114),MFMP-10--- (Room 214),MFR--10--- (Room 207B),MPHED10G-- (Room Gym),MADEM10--- (Room 208)
1659,MAC--11--- (Room 205A),MSS--10--- (Room 121),MPHED10G-- (Room Gym),MWPM-10--- (Room 214),MSC--10--- (Room 227),MFOOD10--- (Room 206),MBSP-11--- (Room 207B),MEFWR10--- (Room A-6)
1660,MSC--10--- (Room 211),MSS--10--- (Room 123),MTDRF10--- (Room 105),MWPM-10--- (Room 214),MMUGT10--- (Room 119),MCMPS10--- (Room A-3),MVAPH10--- (Room 113),MPHED10B-- (Room Gym)
1661,MCLE-10--- (Room 104),MSS--10--- (Room 222),MEFWR10--- (Room A-7),MDMD-12D-- (Room 114),MTEAR10--- (Room 104),MFMP-10H-- (Room 210),MSC--10--- (Room 216),MPHED10B-- (Room Gym)
1662,MPHED10FB- (Room Gym),MSS--10--- (Room 222),MTPOW10--- (Room 103),MWPM-10--- (Room 214),MSC--10--- (Room 219),MCMPS10--- (Room A-3),MFOOD10--- (Room 206),YED--0AX-- (Room 108)
1663,MFMP-10--- (Room 221),YPA--0CX-- (Room Gym),MCMPS10--- (Room 207B),MSS--10--- (Room 207A),MAC--11--- (Room A-2),MFOOD10--- (Room 206),MACLV11G-- (Room Gym),MSC--10--- (Room 223)
1664,unassigned,MSS--10--- (Room 222),MPHED10--- (Room Gym),unassigned,MTDRF10--- (Room 105),MFMP-10H-- (Room 210),MWBDV10IT- (Room 114),MSC--10--- (Room 223)
1665,MSC--10--- (Room 211),MSS--10--- (Room 205B),MTEXP10--- (Room 104),MTPOW10--- (Room 103),MPHED10B-- (Room Gym),MFOOD10--- (Room 206),MFMP-10--- (Room 210),MEFWR10--- (Room 205A)
1666,MPREC11--- (Room 106),MSS--10C-- (Room 122),MPHED10--- (Room Gym),MCMPS10C-- (Room A-3),MMUGT10--- (Room 119),MMEDD10--- (Room 114),MSC--10C-- (Room 211),MMACS11--- (Room 203)
1667,MSP--10--- (Room 123),MSS--10C-- (Room 122),MMACS11--- (Room 203),MFMP-10C-- (Room 220),MSC--10C-- (Room 216),MPHED10B-- (Room Gym),MFOOD10--- (Room 206),MCMPS10C-- (Room 207A)
1668,MAC--11--- (Room 205A),MSS--10--- (Room 123),MWBDV10IT- (Room 114),unassigned,MFMP-10--- (Room 214),MPHED10B-- (Room Gym),MFOOD10--- (Room 206),MEFWR10--- (Room 205A)
1669,MFMP-10C-- (Room 210),MSS--10C-- (Room 122),MTPOW10--- (Room 103),MTEAR10--- (Room 104),MSC--10C-- (Room 216),MTEXP10--- (Room 105),MVAPH10--- (Room 113),MCMPS10C-- (Room 207A)
1670,MSP--10--- (Room 123),MPHED10--L (Room Gym),MEFWR10--- (Room 209),MSS--10--- (Room 122),MSC--10--- (Room 227),MVAPH10--- (Room 113),MFMP-10--- (Room 210),MPHED10--L (Room Gym)
1671,MSP--10--- (Room 123),MPHED10--L (Room Gym),MEFWR10--- (Room 209),MSS--10--- (Room 208),MSC--10--- (Room 225),unassigned,MFMP-10--- (Room 210),MPHED10--L (Room Gym)
1672,unassigned,unassigned,MCMPS10--- (Room 207B),MSS--10--- (Room 205B),MTXT-10--- (Room A-7),unassigned,unassigned,unassigned
1673,MPHED10FB- (Room Gym),MSS--10--- (Room 121),MTPOW10--- (Room 103),MWPM-10--- (Room 214),MSC--10--- (Room 219),MVAPH10--- (Room 113),MWWK-10--- (Room 101),MEFWR10--- (Room A-6)
1674,MSC--10--- (Room 226),MSS--10--- (Room 222),MWBDV10IT- (Room 114),MEFWR10--- (Room 123),MMUGT10--- (Room 119),MPHED10--- (Room Gym),MVAPH10--- (Room 113),MMACS11--- (Room 203)
1675,MFOOD10--- (Room 206),MSS--10--- (Room 123),MPHED10G-- (Room Gym),MEFWR10--- (Room 123),MSC--10--- (Room 227),MFMP-10H-- (Room 210),MFR--09--- (Room A-2),MMAP-11--- (Room A-2)
1676,MFMP-10--- (Room 221),MPHED10--L (Room Gym),MEFWR10--- (Room A-7),MSS--10--- (Room 208),MTXT-10--- (Room A-7),YED--0AX-- (Room 109),MSC--10--- (Room 216),MPHED10--L (Room Gym)
1677,MFOOD10--- (Room 206),MSS--10--- (Room 205B),MTPOW10--- (Room 103),MEFWR10--- (Room 123),MSC--10--- (Room 225),MTEXP10--- (Room 105),MFMP-10--- (Room 210),MPHED10B-- (Room Gym)
1678,MWBDV10IT- (Room 114),unassigned,MPHED10--- (Room Gym),MFMP-10C-- (Room 220),MMUGT10--- (Room 119),MSS--10C-- (Room 208),MSC--10C-- (Room 211),MCMPS10C-- (Room 207A)
1679,MFMP-10C-- (Room 210),MSS--10C-- (Room 122),MPHED10--- (Room Gym),MDMD-12D-- (Room 114),MTDRF10--- (Room 105),MFR--10--- (Room 207B),MSC--10C-- (Room 211),MCMPS10C-- (Room 207A)
1680,MSP--10--- (Room 123),MSS--10--- (Room 205B),MPHED10G-- (Room Gym),MTDRF10--- (Room 105),MSC--10--- (Room 219),MVAPH10--- (Room 113),MFMP-10--- (Room 212),MEFWR10--- (Room 205A)
1681,MFMP-10C-- (Room 210),MSS--10C-- (Room 122),MPHED10--- (Room Gym),MCMPS10C-- (Room A-3),MTDRF10--- (Room 105),MMEDD10--- (Room 114),MSC--10C-- (Room 211),MWWK-10--- (Room 101)
1682,MFMP-10--- (Room 221),MSS--10--- (Room 222),MPHED10G-- (Room Gym),MEFWR10--- (Room 123),MTXT-10--- (Room A-7),MMEDD10--- (Room 114),MSC--10--- (Room 216),MADEM10--- (Room 208)
1683,MFOOD10--- (Room 206),MSS--10--- (Room 222),MPHED10G-- (Room Gym),MVAST10--- (Room 116),MFMP-10--- (Room 214),MCMPS10--- (Room A-3),MVAPH10--- (Room 113),MSC--10--- (Room 223)
1684,MFR--10--- (Room 208),MSS--10--- (Room 123),MCMPS10--- (Room 207B),MTPOW10--- (Room 103),MFMP-10--- (Room 214),MPHED10B-- (Room Gym),MSC--10--- (Room 216),YPR--0BX-- (Room _CHECK THIS THING IDK)
1685,MPHED10FB- (Room Gym),MSS--10--- (Room 121),MCMPS10--- (Room 207B),YHRA-0AX-- (Room 120),MMEDD10--- (Room 114),MFOOD10--- (Room 206),MSC--10--- (Room 216),MADEM10--- (Room 208)
1686,MFMP-10C-- (Room 210),MDRM-10--- (Room A-1),MPHED10--- (Room Gym),MCMPS10C-- (Room A-3),MMEDD10--- (Room 114),MSS--10C-- (Room 208),MSC--10C-- (Room 211),MTXT-10--- (Room A-7)
1687,MPHED10FB- (Room Gym),MSS--10--- (Room 123),MTPOW10--- (Room 103),YHRA-0AX-- (Room 120),MSC--10--- (Room 219),MFOOD10--- (Room 206),MFMP-10--- (Room 212),MEFWR10--- (Room A-6)
1688,MFMP-10C-- (Room 210),MPHED10--L (Room Gym),MTEXP10--- (Room 104),MCMPS10C-- (Room A-3),MTDRF10--- (Room 105),MSS--10C-- (Room 208),MSC--10C-- (Room 211),MPHED10--L (Room Gym)
1689,MTEXP10--- (Room 105),MMACS11--- (Room 203),MEFWR10--- (Room A-7),MSS--10--- (Room 205B),MMUGT10--- (Room 119),MPHED10B-- (Room Gym),MFMP-10--- (Room 210),MSC--10--- (Room 223)
1690,MSC--10--- (Room 226),MSS--10--- (Room 222),MCMPS10--- (Room 207B),MWPM-10--- (Room 214),MMEDD10--- (Room 114),MFOOD10--- (Room 206),MVAPH10--- (Room 113),MPHED10B-- (Room Gym)
1691,MFR--10--- (Room 208),unassigned,MDCF-10--- (Room Studio),MSS--10--- (Room 205B),MFMP-10--- (Room 214),MCMPS10--- (Room A-3),MPHED10G-- (Room Gym),MSC--10--- (Room 223)
1692,MSC--10--- (Room 226),MSS--10--- (Room 123),MCMPS10--- (Room 207B),MTPOW10--- (Room 103),MPHED10B-- (Room Gym),MMEDD10--- (Room 114),MFMP-10--- (Room 212),MWWK-10--- (Room 101)
1693,MFMP-10--- (Room 221),MSC--09--- (Room 227),MEFWR10--- (Room 209),MSS--10--- (Room 208),MSC--10--- (Room 219),unassigned,MPHED10G-- (Room Gym),MTXT-10--- (Room A-7)
1694,MFMP-10--- (Room 221),YPA--0CX-- (Room Gym),MPHED10G-- (Room Gym),MSS--10--- (Room 207A),MMUGT10--- (Room 119),MVAPH10--- (Room 113),MSC--10--- (Room 216),MEFWR10--- (Room 205A)
1695,MFOOD10--- (Room 206),MDRM-10--- (Room A-1),MDCF-10--- (Room Studio),MSS--10--- (Room 207A),MSC--10--- (Room 227),MPHED10--- (Room Gym),MFMP-10--- (Room 210),MEFWR10--- (Room 205A)
1696,MAC--11--- (Room 205A),MSS--10--- (Room 123),MTPOW10--- (Room 103),unassigned,MPHED10B-- (Room Gym),MCMPS10--- (Room A-3),MFMP-10--- (Room 212),MSC--10--- (Room 223)
1697,MFMP-10--- (Room 221),YPA--0CX-- (Room Gym),MCMPS10--- (Room 207B),MSS--10--- (Room 205B),MSC--10--- (Room 219),MVAPH10--- (Room 113),MPHED10G-- (Room Gym),YPR--0BX-- (Room _CHECK THIS THING IDK)
1698,MAC--11--- (Room 205A),unassigned,unassigned,unassigned,MBSP-11--- (Room 205A),MPH--11--- (Room 216),MPREC11--- (Room 214),MMAP-11--- (Room A-2)
1699,MFMP-10--- (Room 221),MSS--10--- (Room 205B),MWBDV10IT- (Room 114),MEFWR10--- (Room 123),MSC--10--- (Room 227),MPHED10B-- (Room Gym),MFOOD10--- (Room 206),YPR--0BX-- (Room _CHECK THIS THING IDK)
1700,unassigned,unassigned,MCMPS10--- (Room 207B),MSS--10--- (Room 208),MSC--10--- (Room 219),unassigned,MFMP-10--- (Room 210),unassigned
1701,MFOOD10--- (Room 206),MSS--10--- (Room 222),MTPOW10--- (Room 103),MEFWR10--- (Room 123),MFMP-10--- (Room 214),MFR--10--- (Room 207B),MSC--10--- (Room 216),MPHED10B-- (Room Gym)
1702,MFMP-10C-- (Room 210),MSS--10C-- (Room 122),MTEXP10--- (Room 104),MTDRF10--- (Room 105),MCMPR11AI- (Room 203),MPHED10--- (Room Gym),MSC--10C-- (Room 211),MCMPS10C-- (Room 207A)
1703,MPHED10FB- (Room Gym),MSS--10--- (Room 123),MTPOW10--- (Room 103),MWPM-10--- (Room 214),MSC--10--- (Room 227),MCMPS10--- (Room A-3),MFOOD10--- (Room 206),unassigned
1704,MFR--12--- (Room A-3),MSS--10--- (Room 222),MEFWR10--- (Room A-7),MTPOW10--- (Room 103),MCMPR11AI- (Room 203),MFMP-10H-- (Room 210),MFOOD10--- (Room 206),MSC--10--- (Room 223)
1705,MSP--10--- (Room 123),MTEXP10--- (Room 104),MPHED10G-- (Room Gym),MFMP-10C-- (Room 220),MMEDD10--- (Room 114),MSS--10C-- (Room 208),MSC--10C-- (Room 211),MCMPS10C-- (Room 207A)
1706,MFR--12--- (Room A-3),MTEXP10--- (Room 104),MEFWR10--- (Room 209),MSS--10--- (Room 208),MMEDD10--- (Room 114),MFMP-10H-- (Room 210),MPHED10G-- (Room Gym),MSC--10--- (Room 223)
1707,MFMP-10--- (Room 221),MSS--10--- (Room 123),MPHED10--- (Room Gym),MWPM-10--- (Room 214),MTXT-10--- (Room A-7),MMEDD10--- (Room 114),MSC--10--- (Room 216),MEFWR10--- (Room A-6)
1708,MFMP-10C-- (Room 210),MSS--10C-- (Room 122),MWBDV10IT- (Room 114),MDMD-12D-- (Room 114),MSC--10C-- (Room 216),MPHED10--- (Room Gym),MPREC11--- (Room 106),MCMPS10C-- (Room 207A)
1709,MFR--10--- (Room 208),MDNTP10--- (Room Studio),MWBDV10IT- (Room 114),MSS--10--- (Room 122),MTDRF10--- (Room 105),MFMP-10H-- (Room 210),MPHED10G-- (Room Gym),MSC--10--- (Room 223)
1710,MMA--09--- (Room 220),MPHED10--L (Room Gym),MTEXP10--- (Room 104),MSS--10--- (Room 122),MSC--10--- (Room 227),MMEDD10--- (Room 114),MFMP-10--- (Room 212),MPHED10--L (Room Gym)
1711,MFMP-10--- (Room 221),MSS--10--- (Room 123),MPHED10G-- (Room Gym),MEFWR10--- (Room 123),MVAST10--- (Room 116),YED--0AX-- (Room 109),MFOOD10--- (Room 206),MSC--10--- (Room 223)
1712,MFOOD10--- (Room 206),MSS--10--- (Room 121),MEFWR10--- (Room 209),MVAST10--- (Room 116),MSC--10--- (Room 227),MPHED10B-- (Room Gym),MFMP-10--- (Room 210),YPR--0BX-- (Room _CHECK THIS THING IDK)
1713,MSP--10--- (Room 123),unassigned,MDCF-10--- (Room Studio),unassigned,MTXT-10--- (Room A-7),MCMPS10--- (Room A-3),unassigned,unassigned
1714,MFR--12--- (Room A-3),MSS--10--- (Room 205B),MPHED10G-- (Room Gym),MTPOW10--- (Room 103),MSC--10--- (Room 227),MFOOD10--- (Room 206),MFMP-10--- (Room 210),MEFWR10--- (Room 205A)
1715,MSC--10--- (Room 226),MSS--10--- (Room 121),MEFWR10--- (Room 209),MWPM-10--- (Room 214),MTXT-10--- (Room A-7),YED--0AX-- (Room 109),MPHED10G-- (Room Gym),MSC--09--- (Room 226)
1716,MSC--10--- (Room 226),YESFL0AX-- (Room A-3),MPHED10--- (Room Gym),MSS--10--- (Room 207A),MFMP-10--- (Room 214),MCMPS10--- (Room A-3),MFOOD10--- (Room 206),YPR--0BX-- (Room _CHECK THIS THING IDK)
1717,MFR--10--- (Room 208),MDRM-10--- (Room A-1),MPHED10--- (Room Gym),MSS--10--- (Room 205B),MSC--10--- (Room 227),MTEXP10--- (Room 105),MWBDV10IT- (Room 114),MEFWR10--- (Room A-6)
1718,MFMP-10--- (Room 221),MSS--10--- (Room 123),MTEXP10--- (Room 104),MEFWR10--- (Room 123),MSC--10--- (Room 227),MPHED10B-- (Room Gym),MFOOD10--- (Room 206),YPR--0BX-- (Room _CHECK THIS THING IDK)
1719,MAC--11--- (Room 205A),MSS--10--- (Room 222),MPHED10G-- (Room Gym),MEFWR10--- (Room 123),MFMP-10--- (Room 214),MFOOD10--- (Room 206),MVAPH10--- (Room 113),MSC--10--- (Room 223)
1720,MFMP-10C-- (Room 210),MPHED10--L (Room Gym),unassigned,MCMPS10C-- (Room A-3),MCMPR11AI- (Room 203),MSS--10C-- (Room 208),MSC--10C-- (Room 211),MPHED10--L (Room Gym)
1721,MSC--10--- (Room 211),MDRM-10--- (Room A-1),MTEXP10--- (Room 104),MSS--10--- (Room 122),MPHED10B-- (Room Gym),MTXT-10--- (Room A-7),MFMP-10--- (Room 210),MEFWR10--- (Room A-6)
1722,MFMP-10--- (Room 221),MPHED10--L (Room Gym),MEFWR10--- (Room 209),MSS--10--- (Room 207A),MMUGT10--- (Room 119),MTXT-10--- (Room A-7),MSC--10--- (Room 216),MPHED10--L (Room Gym)
1723,MSC--10--- (Room 226),MSS--10--- (Room 121),MTDRF10--- (Room 105),MEFWR10--- (Room 123),MMEDD10--- (Room 114),MFMP-10H-- (Room 210),unassigned,unassigned
1724,MFR--10--- (Room 208),MPHED10--L (Room Gym),MEFWR10--- (Room A-7),MSS--10--- (Room 205B),MSC--10--- (Room 227),MMEDD10--- (Room 114),MFMP-10--- (Room 212),MPHED10--L (Room Gym)
1725,MFOOD10--- (Room 206),MSS--10--- (Room 222),MVAST10--- (Room 116),unassigned,MMUGT10--- (Room 119),MCMPS10--- (Room A-3),MFMP-10--- (Room 212),MSC--10--- (Room 223)
1726,MSP--10--- (Room 123),MMA--09--- (Room 210),MPHED10--- (Room Gym),MSS--10--- (Room 207A),MSC--10--- (Room 225),MFR--09--- (Room 207B),MFMP-10--- (Room 212),MEFWR10--- (Room A-6)
1727,MAC--11--- (Room 205A),MMACS11--- (Room 203),MPHED10G-- (Room Gym),MFMP-10C-- (Room 220),MCMPR11AI- (Room 203),MSS--10C-- (Room 208),MSC--10C-- (Room 211),MCMPS10C-- (Room 207A)
1728,MFMP-10--- (Room 221),MSS--10--- (Room 222),MDCF-10--- (Room Studio),MVAST10--- (Room 116),MSC--10--- (Room 219),MFOOD10--- (Room 206),MPHED10G-- (Room Gym),MEFWR10--- (Room 205A)
1729,MSC--10--- (Room 211),YESFL0AX-- (Room A-3),unassigned,MSS--10--- (Room 207A),MFMP-10--- (Room 214),MCMPS10--- (Room A-3),MVAPH10--- (Room 113),MPHED10B-- (Room Gym)
1730,MFR--11--- (Room A-3),unassigned,MEFWR10--- (Room A-7),unassigned,MFMP-10--- (Room 214),MPHED10B-- (Room Gym),MSC--10--- (Room 216),YPR--0BX-- (Room _CHECK THIS THING IDK)
1731,MPHED10FB- (Room Gym),MSS--10--- (Room 205B),MCMPS10--- (Room 207B),MWPM-10--- (Room 214),MSC--10--- (Room 225),YED--0AX-- (Room 109),MVAPH10--- (Room 113),MWWK-10--- (Room 101)
1732,MFMP-10--- (Room 221),MSS--10--- (Room 205B),MDCF-10--- (Room Studio),MEFWR10--- (Room 123),MSC--10--- (Room 227),MFR--09--- (Room 207B),MPHED10G-- (Room Gym),MTXT-10--- (Room A-7)
1733,MFOOD10--- (Room 206),MDNTP10--- (Room Studio),MPHED10G-- (Room Gym),MFMP-10C-- (Room 220),MSC--10C-- (Room 216),MSS--10C-- (Room 208),MFR--12--- (Room 107),MCMPS10C-- (Room 207A)
1734,MSC--10--- (Room 226),MSS--10--- (Room 123),MWBDV10IT- (Room 114),MTDRF10--- (Room 105),MAC--11--- (Room A-2),MFOOD10--- (Room 206),MPHED10G-- (Room Gym),MEFWR10--- (Room 205A)
1735,MSC--10--- (Room 226),MPHED10--L (Room Gym),MCMPS10--- (Room 207B),MSS--10--- (Room 122),MCMPR11AI- (Room 203),MTEXP10--- (Room 105),MFMP-10--- (Room 212),MPHED10--L (Room Gym)
1736,MSC--10--- (Room 226),MSS--10--- (Room 123),MPHED10G-- (Room Gym),MDMD-12D-- (Room 114),MMUGT10--- (Room 119),MCMPS10--- (Room A-3),MFMP-10--- (Room 210),MMACS11--- (Room 203)
1737,MSC--10--- (Room 226),MPHED10--L (Room Gym),MEFWR10--- (Room A-7),MSS--10--- (Room 122),MMEDD10--- (Room 114),MFMP-10H-- (Room 210),MFOOD10--- (Room 206),MPHED10--L (Room Gym)
1738,MFMP-10C-- (Room 210),MSS--10C-- (Room 122),MPHED10--- (Room Gym),MCMPS10C-- (Room A-3),MSC--10C-- (Room 216),MMEDD10--- (Room 114),MFR--11--- (Room 107),MADEM10--- (Room 208)
1739,MSP--10--- (Room 123),MPHED10--L (Room Gym),MEFWR10--- (Room A-7),MSS--10--- (Room 207A),MSC--10--- (Room 219),MFR--10--- (Room 207B),MFMP-10--- (Room 210),MPHED10--L (Room Gym)
1740,MFMP-10C-- (Room 210),MSS--10C-- (Room 122),MTDRF10--- (Room 105),MCMPS10C-- (Room A-3),MSC--10C-- (Room 216),MFR--10--- (Room 207B),MWBDV10IT- (Room 114),MPHED10B-- (Room Gym)
1741,MTXT-10--- (Room A-7),YESFL0AX-- (Room A-3),MDCF-10--- (Room Studio),MSS--10--- (Room 207A),MTDRF10--- (Room 105),MCMPS10--- (Room A-3),MFMP-10--- (Room 210),MPHED10B-- (Room Gym)
1742,MTEXP10--- (Room 105),MSS--10--- (Room 205B),MMACS11--- (Room 203),MEFWR10--- (Room 123),MSC--10--- (Room 227),MFMP-10H-- (Room 210),MFOOD10--- (Room 206),MPHED10B-- (Room Gym)
1743,MFMP-10C-- (Room 210),MPHED10--L (Room Gym),MTDRF10--- (Room 105),MCMPS10C-- (Room A-3),MMEDD10--- (Room 114),MSS--10C-- (Room 208),MSC--10C-- (Room 211),MPHED10--L (Room Gym)
1744,MSC--10--- (Room 211),MSS--10--- (Room 222),MPHED10G-- (Room Gym),MEFWR10--- (Room 123),MFMP-10--- (Room 214),MTXT-10--- (Room A-7),MFOOD10--- (Room 206),MSC--09--- (Room 216)
1745,MCLE-10--- (Room 104),MPHED10--L (Room Gym),MEFWR10--- (Room A-7),MSS--10--- (Room 122),MCH--11--- (Room 223),MPH--11--- (Room 211),unassigned,MPHED10--L (Room Gym)
1746,MAC--11--- (Room 205A),MSS--10C-- (Room 122),MTDRF10--- (Room 105),MFMP-10C-- (Room 220),MMEDD10--- (Room 114),MPHED10B-- (Room Gym),MSC--10C-- (Room 211),MCMPS10C-- (Room 207A)
1747,MFMP-10--- (Room 221),MMACS11--- (Room 203),MPHED10G-- (Room Gym),MSS--10--- (Room 205B),MSC--10--- (Room 219),MTXT-10--- (Room A-7),MBSP-11--- (Room 207B),MEFWR10--- (Room 205A)
1748,MFMP-10--- (Room 221),MDRM-10--- (Room A-1),MPHED10--- (Room Gym),MSS--10--- (Room 122),MCMPR11AI- (Room 203),MCMPS10--- (Room A-3),MFR--10--- (Room A-2),MSC--10--- (Room 223)
1749,MSC--10--- (Room 211),MMACS11--- (Room 203),MEFWR10--- (Room 209),MSS--10--- (Room 208),MCMPR11AI- (Room 203),MMEDD10--- (Room 114),MFMP-10--- (Room 212),MPHED10B-- (Room Gym)
1750,MFOOD10--- (Room 206),YESFL0AX-- (Room A-3),MPHED10--- (Room Gym),MSS--10--- (Room 208),MSC--10--- (Room 225),MCMPS10--- (Room A-3),MFMP-10--- (Room 210),MTXT-10--- (Room A-7)
1751,MFMP-10--- (Room 221),YESFL0AX-- (Room A-3),MDCF-10--- (Room Studio),MSS--10--- (Room 122),MVAST10--- (Room 116),MCMPS10--- (Room A-3),MPHED10G-- (Room Gym),MSC--10--- (Room 223)
1752,MFMP-10C-- (Room 210),MSS--10C-- (Room 122),MTPOW10--- (Room 103),MCMPS10C-- (Room A-3),MSC--10C-- (Room 216),MPHED10B-- (Room Gym),MTEXP10--- (Room 105),MMACS11--- (Room 203)
1753,MAC--11--- (Room 205A),MPREC11--- (Room 220),MEFWR10--- (Room A-7),MSS--10--- (Room 207A),MSC--10--- (Room 225),MPHED10B-- (Room Gym),MFR--11--- (Room 107),MMACS11--- (Room 203)
1754,MFMP-10C-- (Room 210),MSS--10C-- (Room 122),MMACS11--- (Room 203),MCMPS10C-- (Room A-3),MCMPR11AI- (Room 203),MTEXP10--- (Room 105),MSC--10C-- (Room 211),MPHED10B-- (Room Gym)
1755,MSP--10--- (Room 123),MSS--10C-- (Room 122),MTPOW10--- (Room 103),MFMP-10C-- (Room 220),MSC--10C-- (Room 216),MFOOD10--- (Room 206),MPHED10G-- (Room Gym),MCMPS10C-- (Room 207A)
1756,MFMP-10--- (Room 221),MPHED10--L (Room Gym),MEFWR10--- (Room A-7),MSS--10--- (Room 208),MAC--11--- (Room A-2),MVAPH10--- (Room 113),MSC--10--- (Room 216),MPHED10--L (Room Gym)
1757,XBA--09C-L (Room 119),MMA--09--- (Room 210),MEN--09--- (Room A-3),MSC--09--- (Room 211),MADEM10--- (Room 208),MFR--09--- (Room 207B),MSS--09--- (Room 122),XBA--09C-L (Room 119)
1758,MWBDV10IT- (Room 114),MMA--09--- (Room 210),XLDCB09M-- (Room 103),MEN--09--- (Room 107),MPHE-09B-- (Room Gym),MADGE09--- (Room 105),MSS--09--- (Room 122),MSC--09--- (Room 226)
1759,MMA--09--- (Room 220),MPHE-09Y-- (Room Gym),MEN--09--- (Room A-3),MSC--09--- (Room 211),MSP--09--- (Room 205A),MPHE-09--- (Room Gym),MSS--09--- (Room 122),MADT-09--- (Room A-7)
1760,MFR--09--- (Room 208),MADGE09--- (Room 104),MPHE-09--- (Room Gym),MEN--09--- (Room 107),MMA--09--- (Room 210),MSS--09--- (Room 123),MWBDV10IT- (Room 114),MSC--09--- (Room 226)
1761,MADGE09--- (Room 105),MADD-09--- (Room 105),MSS--09C-- (Room 121),MEN--09C-- (Room 205A),MADER09--- (Room 104),unassigned,MWBDV10IT- (Room 114),MSC--09C-- (Room 211)
1762,MFR--11--- (Room A-3),MSC--09C-- (Room 226),MSS--09C-- (Room 121),MEN--09C-- (Room 205A),MADT-09--- (Room A-7),MPHE-09--- (Room Gym),MADGE09--- (Room 105),MADEM10--- (Room 208)
1763,MWBDV10IT- (Room 114),MMA--09--- (Room 210),MEN--09--- (Room A-3),MDNC-09H-- (Room Studio),MSC--09--- (Room 211),MFR--09--- (Room 207B),MSS--09--- (Room 122),MADEM10--- (Room 208)
1764,MFR--09--- (Room 208),MMA--09--- (Room 210),MEN--09--- (Room A-3),MADER09--- (Room 104),MPHE-09B-- (Room Gym),MSS--09--- (Room 121),MADGE09--- (Room 105),MSC--09--- (Room 226)
1765,MEN--09--- (Room A-6),MMA--09--- (Room 210),MPHE-09--- (Room Gym),XLDCB09M-- (Room 103),MADD-09--- (Room 105),MSS--09--- (Room 123),MWBDV10IT- (Room 114),MSC--09--- (Room 226)
1766,MADGE09--- (Room 105),MADD-09--- (Room 105),MPHE-09--- (Room Gym),MVA--09--- (Room 116),MSS--09C-- (Room 209),MEN--09C-- (Room A-6),MWBDV10IT- (Room 114),MSC--09C-- (Room 211)
1767,unassigned,MMA--09--- (Room 210),MADGE09--- (Room 104),MEN--09--- (Room 107),MSP--09--- (Room 205A),MPHE-09B-- (Room Gym),MSS--09--- (Room 122),MSC--09--- (Room 219)
1768,MEN--09--- (Room A-6),MMA--09--- (Room 210),unassigned,MDNC-09H-- (Room Studio),MVA--09--- (Room 116),MSS--09--- (Room 121),MPHE-09G-- (Room Gym),MSC--09--- (Room 219)
1769,XBA--09C-L (Room 119),MADD-09--- (Room 105),MEN--09--- (Room A-3),MSC--09--- (Room 211),MMA--09--- (Room 210),MSS--09--- (Room 107),MWBDV10IT- (Room 114),XBA--09C-L (Room 119)
1770,XBA--09C-L (Room 119),MSC--09C-- (Room 226),MDNC-09F-- (Room Studio),MADER09--- (Room 104),MSS--09C-- (Room 209),MEN--09C-- (Room A-6),MFR--09--- (Room A-2),XBA--09C-L (Room 119)
1771,XBA--09C-L (Room 119),MSC--09C-- (Room 226),MSS--09C-- (Room 121),MADER09--- (Room 104),MADEM10--- (Room 208),MEN--09C-- (Room A-6),XBA--09G-- (Room 119),XBA--09C-L (Room 119)
1772,MPHE-09--L (Room Gym),MSC--09C-- (Room 226),MSS--09C-- (Room 121),XLDCB09M-- (Room 103),MPHE-09--L (Room Gym),MEN--09C-- (Room A-6),XBA--09G-- (Room 119),MMA--09C-- (Room 212)
1773,XBA--09C-L (Room 119),MSC--09--- (Room 227),MMA--09H-- (Room 106),MEN--09--- (Room 107),MSP--09--- (Room 205A),MSS--09--- (Room 121),MFR--11--- (Room 107),XBA--09C-L (Room 119)
1774,XBA--09C-L (Room 119),MSC--09C-- (Room 226),MVA--09--- (Room 116),MEN--09C-- (Room 205A),MSS--09C-- (Room 209),MFR--09--- (Room 207B),MSP--09--- (Room 207B),XBA--09C-L (Room 119)
1775,MEN--09--- (Room A-6),MADD-09--- (Room 105),MVA--09--- (Room 116),MSC--09--- (Room 211),MMA--09--- (Room 210),MSS--09--- (Room 121),MWBDV10IT- (Room 114),MPHE-09B-- (Room Gym)
1776,MWBDV10IT- (Room 114),MSC--09C-- (Room 226),MSS--09C-- (Room 121),MEN--09C-- (Room 205A),MVA--09--- (Room 116),MPHE-09--- (Room Gym),MSP--09--- (Room 207B),MADEM10--- (Room 208)
1777,XBA--09C-L (Room 119),MSC--09C-- (Room 226),MSS--09C-- (Room 121),MDNC-09H-- (Room Studio),MVA--09--- (Room 116),MEN--09C-- (Room A-6),MSP--09--- (Room 207B),XBA--09C-L (Room 119)
1778,MADT-09--- (Room A-7),MMA--09--- (Room 210),MEN--09--- (Room A-3),MVA--09--- (Room 116),MSP--09--- (Room 205A),MSS--09--- (Room 121),MPHE-09G-- (Room Gym),XLDCB09LS- (Room 108)
1779,MADGE09--- (Room 105),MADD-09--- (Room 105),MSS--09C-- (Room 121),MEN--09C-- (Room 205A),MADEM10--- (Room 208),MPHE-09--- (Room Gym),MWBDV10IT- (Room 203),MSC--09C-- (Room 211)
1780,MPHE-09--L (Room Gym),MADD-09--- (Room 105),MSS--09C-- (Room 121),MADER09--- (Room 104),MPHE-09--L (Room Gym),MEN--09C-- (Room A-6),MADGE09--- (Room 105),MMA--09C-- (Room 212)
1781,MADT-09--- (Room A-7),MMA--09--- (Room 210),MVA--09--- (Room 116),MEN--09--- (Room A-2),MPHE-09B-- (Room Gym),MSS--09--- (Room 121),XBA--09G-- (Room 119),MSC--09--- (Room 226)
1782,XBA--09C-L (Room 119),unassigned,MSS--09C-- (Room 121),MADER09--- (Room 104),MPHE-09--L (Room Gym),MEN--09C-- (Room A-6),MADGE09--- (Room 105),XBA--09C-L (Room 119)
1783,MFR--11--- (Room A-3),MSC--09--- (Room 227),MMA--09H-- (Room 106),MEN--09--- (Room 107),unassigned,unassigned,MSS--09--- (Room 205B),MADEM10--- (Room 208)
1784,XBA--09C-L (Room 119),MSC--09C-- (Room 226),MADD-09--- (Room 105),MEN--09C-- (Room 205A),MSS--09C-- (Room 209),MADT-09--- (Room A-7),MADGE09--- (Room 105),XBA--09C-L (Room 119)
1785,MWBDV10IT- (Room 114),MSC--09--- (Room 227),MMA--09H-- (Room 106),MSS--09--- (Room 121),MADD-09--- (Room 105),MFR--09--- (Room 207B),MPHE-09G-- (Room Gym),MEN--09--- (Room 205B)
1786,MWBDV10IT- (Room 114),MSC--09--- (Room 227),MMA--09H-- (Room 106),MADD-09--- (Room 105),MADER09--- (Room 104),MPHE-09B-- (Room Gym),MSS--09--- (Room 122),MEN--09--- (Room 205B)
1787,MPHE-09--L (Room Gym),MMA--09--- (Room 210),MVA--09--- (Room 116),MEN--09--- (Room 222),MPHE-09--L (Room Gym),MSS--09--- (Room 121),MADGE09--- (Room 105),MSC--09--- (Room 226)
1788,MEN--09--- (Room A-6),MMA--09--- (Room 106),MPHE-09G-- (Room Gym),MSS--09--- (Room 121),MSC--09--- (Room 211),MADT-09--- (Room A-7),MSP--09--- (Room 207B),MADEM10--- (Room 208)
1789,MFR--09--- (Room 208),MMA--09--- (Room 210),MEN--09--- (Room A-3),YHRA-0AX-- (Room 120),MVA--09--- (Room 116),MSS--09--- (Room 121),MADW-09--- (Room 101),MSC--09--- (Room 226)
1790,unassigned,MMA--09--- (Room 210),MPHE-09G-- (Room Gym),MEN--09--- (Room 222),MADT-09--- (Room A-7),MSS--09--- (Room 121),MFR--09--- (Room A-2),MSC--09--- (Room 226)
1791,MFR--09--- (Room 208),MADGE09--- (Room 104),MPHE-09--- (Room Gym),MADER09--- (Room 104),MSS--09C-- (Room 209),MEN--09C-- (Room A-6),MWBDV10IT- (Room 203),MMA--09C-- (Room 212)
1792,MFR--11--- (Room A-3),MADD-09--- (Room 105),MMA--09H-- (Room 106),MEN--09--- (Room 107),MPHE-09B-- (Room Gym),MSS--09--- (Room 123),MWBDV10IT- (Room 203),MSC--09--- (Room 226)
1793,MPHE-09--L (Room Gym),MMA--09--- (Room 210),XLDCB09M-- (Room 103),MEN--09--- (Room 107),MPHE-09--L (Room Gym),MSS--09--- (Room 121),unassigned,MSC--09--- (Room 219)
1794,XLDCB09LS- (Room 109),MADD-09--- (Room 105),MVA--09--- (Room 116),MEN--09C-- (Room 205A),MSS--09C-- (Room 209),MADT-09--- (Room A-7),MPHE-09G-- (Room Gym),MSC--09C-- (Room 211)
1795,MFR--11--- (Room A-3),MSC--09C-- (Room 226),MPHE-09--- (Room Gym),MEN--09C-- (Room 205A),MSS--09C-- (Room 209),MADGE09--- (Room 105),MWBDV10IT- (Room 203),MMA--09C-- (Room 212)
1796,MMA--09--- (Room 220),unassigned,MPHE-09--- (Room Gym),MEN--09--- (Room 222),MADD-09--- (Room 105),MSS--09--- (Room 107),MADGE09--- (Room 105),MSC--09--- (Room 226)
1797,XBA--09C-L (Room 119),MSC--09--- (Room 227),MMA--09H-- (Room 106),MEN--09--- (Room 107),MADD-09--- (Room 105),MSS--09--- (Room 121),XBA--09G-- (Room 119),XBA--09C-L (Room 119)
1798,MADGE09--- (Room 105),unassigned,MPHE-09--- (Room Gym),MADD-09--- (Room 105),MSS--09C-- (Room 209),MEN--09C-- (Room A-6),MWBDV10IT- (Room 114),MSC--09C-- (Room 211)
1799,MFR--09--- (Room 208),MSC--09C-- (Room 226),MSS--09C-- (Room 121),XLDCB09M-- (Room 103),MPHE-09B-- (Room Gym),MEN--09C-- (Room A-6),MADGE09--- (Room 105),MMA--09C-- (Room 212)
1800,MMA--09--- (Room 220),MDR--09--- (Room A-1),MEN--09--- (Room A-3),MSC--09--- (Room 211),MPHE-09B-- (Room Gym),MSS--09--- (Room 121),MSP--09--- (Room 207B),MADW-09--- (Room 101)
1801,MEN--09--- (Room A-6),MMA--09--- (Room 210),MPHE-09G-- (Room Gym),MSS--09--- (Room 121),MSP--09--- (Room 205A),unassigned,XBA--09G-- (Room 119),MSC--09--- (Room 226)
1802,XBA--09C-L (Room 119),MSC--09--- (Room 227),MVA--09--- (Room 116),MEN--09--- (Room 222),MMA--09--- (Room 210),MFR--09--- (Room 207B),MSS--09--- (Room 122),XBA--09C-L (Room 119)
1803,XLDCB09LS- (Room 108),MPHE-09Y-- (Room Gym),MDNC-09F-- (Room Studio),MADER09--- (Room 104),MSC--09--- (Room 211),MSS--09--- (Room 107),MPHE-09G-- (Room Gym),MEN--09--- (Room 205B)
1804,MEN--09--- (Room A-6),MMA--09--- (Room 210),MDNC-09F-- (Room Studio),MDNC-09H-- (Room Studio),MVA--09--- (Room 116),MPHE-09--- (Room Gym),MSS--09--- (Room 122),MSC--09--- (Room 216)
1805,XLDCB09LS- (Room 108),unassigned,MEN--09--- (Room A-3),MDNC-09H-- (Room Studio),MADD-09--- (Room 105),MSS--09--- (Room 107),MPHE-09G-- (Room Gym),MSC--09--- (Room 226)
1806,XLDCB09LS- (Room 109),unassigned,unassigned,MEN--09--- (Room 107),MSC--09--- (Room 211),MSS--09--- (Room 222),MWBDV10IT- (Room 203),MPHE-09B-- (Room Gym)
1807,MFR--11--- (Room A-3),MADD-09--- (Room 105),MEN--09--- (Room A-3),MVA--09--- (Room 116),MMA--09--- (Room 210),MSS--09--- (Room 123),MWBDV10IT- (Room 203),MSC--09--- (Room 216)
1808,XBA--09C-L (Room 119),MSC--09C-- (Room 226),MSS--09C-- (Room 121),MADER09--- (Room 104),MADEM10--- (Room 208),MEN--09C-- (Room A-6),MWBDV10IT- (Room 203),XBA--09C-L (Room 119)
1809,XBA--09C-L (Room 119),MSC--09--- (Room 227),MEN--09--- (Room A-3),MDNC-09H-- (Room Studio),MADEM10--- (Room 208),MSS--09--- (Room 222),MFR--11--- (Room 107),XBA--09C-L (Room 119)
1810,MMA--09--- (Room 220),MADD-09--- (Room 105),MPHE-09G-- (Room Gym),MSS--09--- (Room 121),MSC--09--- (Room 211),MADGE09--- (Room 105),MFR--09--- (Room A-2),MEN--09--- (Room 205B)
1811,MADGE09--- (Room 105),MMA--09--- (Room 106),MPHE-09G-- (Room Gym),MEN--09--- (Room 107),MADEM10--- (Room 208),MSS--09--- (Room 121),MFR--11--- (Room 107),MADW-09--- (Room 101)
1812,MMA--09--- (Room 220),MSC--09--- (Room 227),MEN--09E-- (Room 107),MSS--09--- (Room 121),MADEM10--- (Room 208),MPHE-09B-- (Room Gym),MWBDV10IT- (Room 203),MADW-09--- (Room 101)
1813,MWBDV10IT- (Room 114),MADD-09--- (Room 105),MMA--09H-- (Room 106),MEN--09--- (Room 222),MPHE-09B-- (Room Gym),MSS--09--- (Room 121),MFR--11--- (Room 107),MSC--09--- (Room 219)
1814,MADGE09--- (Room 105),MSC--09C-- (Room 226),MPHE-09--- (Room Gym),MADD-09--- (Room 105),MSS--09C-- (Room 209),MEN--09C-- (Room A-6),MWBDV10IT- (Room 203),MMA--09C-- (Room 212)
1815,MMA--09--- (Room 220),MADGE09--- (Room 104),MPHE-09G-- (Room Gym),MEN--09--- (Room A-2),MVA--09--- (Room 116),MSS--09--- (Room 121),MSP--09--- (Room 207B),MSC--09--- (Room 216)
1816,MADT-09--- (Room A-7),unassigned,MPHE-09G-- (Room Gym),MSC--09--- (Room 211),MVA--09--- (Room 116),MSS--09--- (Room 123),MADW-09--- (Room 101),MEN--09--- (Room 205B)
1817,MADGE09--- (Room 105),MMA--09--- (Room 210),MEN--09--- (Room A-3),YHRA-0AX-- (Room 120),MSC--09--- (Room 211),MSS--09--- (Room 121),MSP--09--- (Room 207B),MPHE-09FB- (Room Gym)
1818,MADT-09--- (Room A-7),MDR--09--- (Room A-1),MVA--09--- (Room 116),MSS--09--- (Room 121),MSC--09--- (Room 211),MFR--09--- (Room 207B),MPHE-09G-- (Room Gym),MEN--09--- (Room 205B)
1819,MADGE09--- (Room 105),MMA--09--- (Room 210),MEN--09--- (Room A-3),YHRA-0AX-- (Room 120),MSC--09--- (Room 211),MFR--09--- (Room 207B),MSS--09--- (Room 205B),MPHE-09FB- (Room Gym)
1820,MFR--09--- (Room 208),MMA--09--- (Room 210),MADD-09--- (Room 105),MEN--09--- (Room A-2),MPHE-09B-- (Room Gym),MADGE09--- (Room 105),MSS--09--- (Room 205B),MSC--09--- (Room 226)
1821,XLDCB09LS- (Room 109),MMA--09--- (Room 210),MEN--09--- (Room A-3),MADER09--- (Room 104),MPHE-09B-- (Room Gym),MSS--09--- (Room 121),MADW-09--- (Room 101),MSC--09--- (Room 226)
1822,MMA--09--- (Room 220),MADD-09--- (Room 105),XLDCB09M-- (Room 103),MEN--09--- (Room A-2),MSC--09--- (Room 211),MFR--09--- (Room 207B),MSS--09--- (Room 205B),MPHE-09B-- (Room Gym)
1823,XBA--09C-L (Room 119),MSC--09--- (Room 227),MEN--09--- (Room A-3),MSS--09--- (Room 121),MMA--09--- (Room 210),MADT-09--- (Room A-7),MSP--09--- (Room 207B),XBA--09C-L (Room 119)
1824,MPHE-09--L (Room Gym),MMA--09--- (Room 106),MVA--09--- (Room 116),MSC--09--- (Room 211),MPHE-09--L (Room Gym),MSS--09--- (Room 107),XBA--09G-- (Room 119),MEN--09--- (Room 205B)
1825,MMA--09--- (Room 220),XLDCB09LSL (Room 109),unassigned,MEN--09--- (Room 107),MADEM10--- (Room 208),MSS--09--- (Room 123),MFR--11--- (Room 107),XLDCB09LSL (Room 109)
1826,MFR--09--- (Room 208),MADGE09--- (Room 104),MSS--09C-- (Room 121),XLDCB09M-- (Room 103),MADER09--- (Room 104),MEN--09C-- (Room A-6),MPHE-09G-- (Room Gym),MMA--09C-- (Room 212)
1827,MEN--09--- (Room A-6),MDR--09--- (Room A-1),MVA--09--- (Room 116),MSC--09--- (Room 211),MMA--09--- (Room 210),MADT-09--- (Room A-7),MSS--09--- (Room 122),MADEM10--- (Room 208)
1828,XBA--09C-L (Room 119),MSC--09C-- (Room 226),MSS--09C-- (Room 121),MVA--09--- (Room 116),MADEM10--- (Room 208),MEN--09C-- (Room A-6),MSP--09--- (Room 207B),XBA--09C-L (Room 119)
1829,MMA--09--- (Room 220),MADD-09--- (Room 105),MPHE-09--- (Room Gym),MEN--09--- (Room 107),MADT-09--- (Room A-7),MSS--09--- (Room 123),MADW-09--- (Room 101),MSC--09--- (Room 226)
1830,MMA--09--- (Room 220),MDR--09--- (Room A-1),MVA--09--- (Room 116),MSC--09--- (Room 211),MADEM10--- (Room 208),MADT-09--- (Room A-7),MPHE-09G-- (Room Gym),MEN--09--- (Room 205B)
1831,MADGE09--- (Room 105),MMA--09--- (Room 210),XLDCB09M-- (Room 103),MEN--09--- (Room 222),MADEM10--- (Room 208),MSS--09--- (Room 121),MSP--09--- (Room 207B),MPHE-09B-- (Room Gym)
1832,MEN--09--- (Room A-6),MMA--09--- (Room 210),MWBDV10IT- (Room 114),MADER09--- (Room 104),MADD-09--- (Room 105),MPHE-09B-- (Room Gym),MSS--09--- (Room 122),MSC--09--- (Room 216)
1833,MADGE09--- (Room 105),MSC--09C-- (Room 226),MWBDV10IT- (Room 114),MEN--09C-- (Room 205A),MSS--09C-- (Room 209),MPHE-09--- (Room Gym),MFR--11--- (Room 107),MADEM10--- (Room 208)
1834,MEN--09--- (Room A-6),MMA--09--- (Room 210),MPHE-09G-- (Room Gym),MDNC-09H-- (Room Studio),MSP--09--- (Room 205A),MSS--09--- (Room 123),MFR--09--- (Room A-2),MSC--09--- (Room 226)
1835,XBA--09C-L (Room 119),MSC--09--- (Room 227),MMA--09H-- (Room 106),MEN--09--- (Room 222),MVA--09--- (Room 116),MFR--09--- (Room 207B),MSS--09--- (Room 205B),XBA--09C-L (Room 119)
1836,MMA--09--- (Room 220),MSC--09--- (Room 227),MPHE-09G-- (Room Gym),MDNC-09H-- (Room Studio),MSP--09--- (Room 205A),MSS--09--- (Room 123),MWBDV10IT- (Room 203),MEN--09--- (Room 205B)
1837,MFR--09--- (Room 208),MPHE-09Y-- (Room Gym),MEN--09--- (Room A-3),MDNC-09H-- (Room Studio),MMA--09--- (Room 210),MSS--09--- (Room 107),MPHE-09G-- (Room Gym),MSC--09--- (Room 219)
1838,MADGE09--- (Room 105),MADD-09--- (Room 105),MSS--09C-- (Room 121),XLDCB09M-- (Room 103),MPHE-09B-- (Room Gym),MEN--09C-- (Room A-6),MSP--09--- (Room 207B),MSC--09C-- (Room 211)
1839,MFR--09--- (Room 208),MADGE09--- (Room 104),MPHE-09G-- (Room Gym),MSC--09--- (Room 211),MVA--09--- (Room 116),MSS--09--- (Room 121),XBA--09G-- (Room 119),MEN--09--- (Room 205B)
1840,MEN--09--- (Room A-6),MADGE09--- (Room 104),MMA--09H-- (Room 106),MSS--09--- (Room 121),MADD-09--- (Room 105),MPHE-09--- (Room Gym),XBA--09G-- (Room 119),MSC--09--- (Room 226)
1841,MEN--09--- (Room A-6),MSC--09--- (Room 227),MMA--09H-- (Room 106),MSS--09--- (Room 121),MSP--09--- (Room 205A),MFR--09--- (Room 207B),XBA--09G-- (Room 119),MPHE-09B-- (Room Gym)
1842,MWBDV10IT- (Room 114),MMA--09--- (Room 106),MEN--09E-- (Room 107),MSC--09--- (Room 211),MVA--09--- (Room 116),MSS--09--- (Room 123),MADGE09--- (Room 105),MPHE-09B-- (Room Gym)
1843,MMA--09--- (Room 220),MDNC-09PT- (Room Studio),MPHE-09G-- (Room Gym),MEN--09--- (Room 222),MVA--09--- (Room 116),MSS--09--- (Room 123),MFR--09--- (Room A-2),MSC--09--- (Room 219)
1844,MFR--09--- (Room 208),MMA--09--- (Room 106),MDNC-09F-- (Room Studio),MEN--09--- (Room 222),MSC--09--- (Room 211),MSS--09--- (Room 107),MPHE-09G-- (Room Gym),MADEM10--- (Room 208)
1845,MWBDV10IT- (Room 114),MDNC-09PT- (Room Studio),MVA--09--- (Room 116),MEN--09C-- (Room 205A),MSS--09C-- (Room 209),MPHE-09--- (Room Gym),MFR--09--- (Room A-2),MSC--09C-- (Room 211)
1846,MWBDV10IT- (Room 114),MADGE09--- (Room 104),MDNC-09F-- (Room Studio),MEN--09--- (Room 107),MMA--09--- (Room 210),MSS--09--- (Room 121),MPHE-09G-- (Room Gym),MSC--09--- (Room 226)
1847,MADGE09--- (Room 105),MADD-09--- (Room 105),MPHE-09--- (Room Gym),MADER09--- (Room 104),MSS--09C-- (Room 209),MEN--09C-- (Room A-6),MWBDV10IT- (Room 203),MSC--09C-- (Room 211)
1848,unassigned,MPHE-09Y-- (Room Gym),MPHE-09G-- (Room Gym),MEN--09--- (Room 222),MMA--09--- (Room 210),unassigned,unassigned,unassigned
1849,MADT-09--- (Room A-7),MMA--09--- (Room 106),MPHE-09--- (Room Gym),MSC--09--- (Room 211),MADEM10--- (Room 208),MFR--09--- (Room 207B),MSS--09--- (Room 122),MEN--09--- (Room 205B)
1850,MADT-09--- (Room A-7),MADD-09--- (Room 105),MMA--09H-- (Room 106),MEN--09--- (Room 107),MVA--09--- (Room 116),MSS--09--- (Room 107),MPHE-09G-- (Room Gym),MSC--09--- (Room 216)
1851,XBA--09C-L (Room 119),unassigned,MWBDV10IT- (Room 114),MEN--09--- (Room 222),MSC--09--- (Room 211),unassigned,MSS--09--- (Room 122),XBA--09C-L (Room 119)
1852,MFR--09--- (Room 208),unassigned,MEN--09E-- (Room 107),MSC--09--- (Room 211),MADD-09--- (Room 105),MSS--09--- (Room 107),MPHE-09G-- (Room Gym),MADW-09--- (Room 101)
1853,MFR--09--- (Room 208),MMA--09--- (Room 210),MPHE-09G-- (Room Gym),MEN--09--- (Room 222),MADT-09--- (Room A-7),MSS--09--- (Room 107),MSP--09--- (Room 207B),MSC--09--- (Room 216)
1854,XLDCB09LS- (Room 109),MDNC-09PT- (Room Studio),MPHE-09G-- (Room Gym),unassigned,MVA--09--- (Room 116),MSS--09--- (Room 222),XBA--09G-- (Room 119),MSC--09--- (Room 216)
1855,unassigned,unassigned,MSS--09C-- (Room 121),MEN--09C-- (Room 205A),MADEM10--- (Room 208),MPHE-09--- (Room Gym),MADGE09--- (Room 105),MSC--09C-- (Room 211)
1856,MFR--11--- (Room A-3),MADGE09--- (Room 104),MPHE-09--- (Room Gym),MADER09--- (Room 104),MSS--09C-- (Room 209),MEN--09C-- (Room A-6),MWBDV10IT- (Room 114),XLDCB09LS- (Room 108)
1857,unassigned,MSC--09C-- (Room 226),MSS--09C-- (Room 121),MDNC-09H-- (Room Studio),MPHE-09B-- (Room Gym),MEN--09C-- (Room A-6),MFR--09--- (Room A-2),MMA--09C-- (Room 212)
1858,MADGE09--- (Room 105),MADD-09--- (Room 105),MPHE-09--- (Room Gym),MEN--09--- (Room A-2),MMA--09--- (Room 210),MFR--09--- (Room 207B),MSS--09--- (Room 205B),MSC--09--- (Room 216)
1859,MWBDV10IT- (Room 114),MADGE09--- (Room 104),MSS--09C-- (Room 121),MEN--09C-- (Room 205A),MADEM10--- (Room 208),MPHE-09B-- (Room Gym),MSP--09--- (Room 207B),MSC--09C-- (Room 211)
1860,MPHE-09--L (Room Gym),MSC--09--- (Room 227),XLDCB09LSL (Room 109),MVA--09--- (Room 116),MPHE-09--L (Room Gym),MSS--09--- (Room 107),XLDCB09LSL (Room 109),MEN--09--- (Room 205B)
1861,MEN--09--- (Room A-6),MADGE09--- (Room 104),MMA--09H-- (Room 106),XLDCB09M-- (Room 103),MVA--09--- (Room 116),MPHE-09--- (Room Gym),MSS--09--- (Room 122),MSC--09--- (Room 216)
1862,XBA--09C-L (Room 119),MADGE09--- (Room 104),MMA--09H-- (Room 106),MEN--09--- (Room 222),MSC--09--- (Room 211),MSS--09--- (Room 222),XBA--09G-- (Room 119),XBA--09C-L (Room 119)
1863,MMA--09--- (Room 220),MPHE-09Y-- (Room Gym),MEN--09E-- (Room 107),MADD-09--- (Room 105),MVA--09--- (Room 116),MSS--09--- (Room 222),MPHE-09G-- (Room Gym),MSC--09--- (Room 226)
1864,MEN--09--- (Room A-6),MMA--09--- (Room 106),MVA--09--- (Room 116),MSS--09--- (Room 121),MADT-09--- (Room A-7),MADGE09--- (Room 105),MPHE-09G-- (Room Gym),MADEM10--- (Room 208)
1865,MFR--11--- (Room A-3),MMA--09--- (Room 106),MPHE-09G-- (Room Gym),MVA--09--- (Room 116),MSC--09--- (Room 211),MSS--09--- (Room 121),MWBDV10IT- (Room 114),MEN--09--- (Room 205B)
1866,MFR--09--- (Room 208),MSC--09C-- (Room 226),MPHE-09--- (Room Gym),MDNC-09H-- (Room Studio),MSS--09C-- (Room 209),MEN--09C-- (Room A-6),MWBDV10IT- (Room 203),MADEM10--- (Room 208)
1867,MPHE-09--L (Room Gym),MMA--09--- (Room 106),MEN--09--- (Room A-3),MADER09--- (Room 104),MPHE-09--L (Room Gym),MSS--09--- (Room 123),XBA--09G-- (Room 119),MSC--09--- (Room 216)
1868,MMA--09--- (Room 220),MADGE09--- (Room 104),XLDCB09M-- (Room 103),MEN--09--- (Room 107),MADD-09--- (Room 105),MPHE-09--- (Room Gym),MSS--09--- (Room 122),MSC--09--- (Room 216)
1869,MFR--09--- (Room 208),MMA--09--- (Room 106),MEN--09--- (Room A-3),MDNC-09H-- (Room Studio),MSC--09--- (Room 211),MSS--09--- (Room 107),MPHE-09G-- (Room Gym),MADEM10--- (Room 208)
1870,MEN--09--- (Room A-6),MDNC-09PT- (Room Studio),MPHE-09--- (Room Gym),MSC--09--- (Room 211),MMA--09--- (Room 210),MSS--09--- (Room 222),MFR--09--- (Room A-2),MADEM10--- (Room 208)
1871,MADT-09--- (Room A-7),MMA--09--- (Room 106),MPHE-09--- (Room Gym),MEN--09--- (Room A-2),MSC--09--- (Room 211),MSS--09--- (Room 222),MSP--09--- (Room 207B),MADW-09--- (Room 101)
1872,MMA--09--- (Room 220),MADD-09--- (Room 105),MPHE-09G-- (Room Gym),MEN--09--- (Room 107),MSC--09--- (Room 211),MSS--09--- (Room 123),MFR--11--- (Room 107),MADEM10--- (Room 208)
1873,MADGE09--- (Room 105),MSC--09--- (Room 227),MPHE-09--- (Room Gym),MEN--09--- (Room 222),MSP--09--- (Room 205A),MSS--09--- (Room 222),MADW-09--- (Room 101),MADEM10--- (Room 208)
1874,MMA--09--- (Room 220),MSC--09--- (Room 227),MEN--09--- (Room A-3),MADD-09--- (Room 105),MVA--09--- (Room 116),MSS--09--- (Room 123),MPHE-09G-- (Room Gym),MADT-09--- (Room A-7)
1875,MMA--09--- (Room 220),MADD-09--- (Room 105),MDNC-09F-- (Room Studio),MSC--09--- (Room 211),MADT-09--- (Room A-7),MPHE-09--- (Room Gym),MSS--09--- (Room 205B),MEN--09--- (Room 205B)
1876,MEN--09--- (Room A-6),unassigned,MADGE09--- (Room 104),MSS--09--- (Room 121),MADEM10--- (Room 208),MPHE-09B-- (Room Gym),MSP--09--- (Room 207B),MSC--09--- (Room 226)
1877,MEN--09--- (Room A-6),MSC--09--- (Room 227),MMA--09H-- (Room 106),MDNC-09H-- (Room Studio),MSP--09--- (Room 205A),MSS--09--- (Room 107),MPHE-09G-- (Room Gym),MADT-09--- (Room A-7)
1878,MEN--09--- (Room A-6),MMA--09--- (Room 210),MADD-09--- (Room 105),MADER09--- (Room 104),MPHE-09B-- (Room Gym),unassigned,MSS--09--- (Room 205B),MSC--09--- (Room 216)
1879,XLDCB09LS- (Room 109),MMA--09--- (Room 210),MWBDV10IT- (Room 114),MSC--09--- (Room 211),MSP--09--- (Room 205A),MSS--09--- (Room 107),MPHE-09G-- (Room Gym),MEN--09--- (Room 205B)
1880,MADGE09--- (Room 105),MSC--09C-- (Room 226),MADD-09--- (Room 105),MEN--09C-- (Room 205A),MSS--09C-- (Room 209),MPHE-09--- (Room Gym),MWBDV10IT- (Room 203),MMA--09C-- (Room 212)
1881,MMA--09--- (Room 220),unassigned,MEN--09E-- (Room 107),MSC--09--- (Room 211),MADD-09--- (Room 105),MSS--09--- (Room 107),MWBDV10IT- (Room 203),MPHE-09B-- (Room Gym)
1882,MFR--09--- (Room 208),MMA--09--- (Room 106),MPHE-09--- (Room Gym),MADD-09--- (Room 105),MSC--09--- (Room 211),MSS--09--- (Room 107),MWBDV10IT- (Room 203),MEN--09--- (Room 205B)
1883,MMA--09--- (Room 220),MPHE-09Y-- (Room Gym),MPHE-09G-- (Room Gym),MEN--09--- (Room 222),MADEM10--- (Room 208),MSS--09--- (Room 121),MFR--09--- (Room A-2),MADW-09--- (Room 101)
1884,MEN--09--- (Room A-6),MADD-09--- (Room 105),XLDCB09M-- (Room 103),MADER09--- (Room 104),MSC--09--- (Room 211),MSS--09--- (Room 222),MPHE-09G-- (Room Gym),MADT-09--- (Room A-7)
1885,MPHE-09--L (Room Gym),MMA--09--- (Room 106),MVA--09--- (Room 116),MEN--09--- (Room A-2),MSC--09--- (Room 211),MSS--09--- (Room 107),MFR--09--- (Room A-2),MPHE-09--L (Room Gym)
1886,MEN--09--- (Room A-6),MADGE09--- (Room 104),MMA--09H-- (Room 106),MADD-09--- (Room 105),MSP--09--- (Room 205A),MSS--09--- (Room 121),MPHE-09G-- (Room Gym),MADEM10--- (Room 208)
1887,MFR--09--- (Room 208),MMA--09--- (Room 210),MDNC-09F-- (Room Studio),MEN--09--- (Room 107),MADEM10--- (Room 208),MSS--09--- (Room 107),MPHE-09G-- (Room Gym),MSC--09--- (Room 216)
1888,MFR--11--- (Room A-3),MMA--09--- (Room 106),MEN--09--- (Room A-3),XLDCB09M-- (Room 103),MPHE-09B-- (Room Gym),MADGE09--- (Room 105),MSS--09--- (Room 205B),MSC--09--- (Room 216)
1889,MMA--09--- (Room 220),MSC--09--- (Room 227),MEN--09--- (Room A-3),unassigned,unassigned,MSS--09--- (Room 107),MADW-09--- (Room 101),MADEM10--- (Room 208)
1890,MEN--09--- (Room A-6),MMA--09--- (Room 106),MPHE-09G-- (Room Gym),MSC--09--- (Room 211),MADD-09--- (Room 105),MSS--09--- (Room 222),MSP--09--- (Room 207B),MADEM10--- (Room 208)
1891,MADGE09--- (Room 105),MSC--09--- (Room 227),MEN--09--- (Room A-3),XLDCB09M-- (Room 103),MMA--09--- (Room 210),MPHE-09--- (Room Gym),MSS--09--- (Room 205B),MADW-09--- (Room 101)
1892,MMA--09--- (Room 220),MADGE09--- (Room 104),XLDCB09M-- (Room 103),MSS--09--- (Room 121),MSC--09--- (Room 211),MPHE-09--- (Room Gym),MSP--09--- (Room 207B),MEN--09--- (Room 205B)
1893,MEN--09--- (Room A-6),MMA--09--- (Room 106),MPHE-09--- (Room Gym),MVA--09--- (Room 116),MADD-09--- (Room 105),MSS--09--- (Room 123),MSP--09--- (Room 207B),MADT-09--- (Room A-7)
1894,MWBDV10IT- (Room 114),MADGE09--- (Room 104),MMA--09H-- (Room 106),MEN--09--- (Room A-2),MPHE-09B-- (Room Gym),MSS--09--- (Room 222),MFR--09--- (Room A-2),MSC--09--- (Room 219)
1895,MMA--09--- (Room 220),MSC--09--- (Room 227),MEN--09E-- (Room 107),MVA--09--- (Room 116),MPHE-09B-- (Room Gym),MSS--09--- (Room 123),MWBDV10IT- (Room 203),MEN--09--- (Room 205B)
1896,MMA--09--- (Room 220),unassigned,unassigned,MEN--09--- (Room 222),unassigned,unassigned,MSS--09--- (Room 122),MSC--09--- (Room 226)
1897,MFR--09--- (Room 208),MADGE09--- (Room 104),MPHE-09--- (Room Gym),MADER09--- (Room 104),MMA--09--- (Room 210),MSS--09--- (Room 123),MADW-09--- (Room 101),MSC--09--- (Room 219)
1898,MADGE09--- (Room 105),unassigned,MWBDV10IT- (Room 114),MEN--09C-- (Room 205A),MSS--09C-- (Room 209),MPHE-09--- (Room Gym),MFR--11--- (Room 107),MMA--09C-- (Room 212)
1899,MMA--09--- (Room 220),MPHE-09Y-- (Room Gym),MVA--09--- (Room 116),MEN--09--- (Room A-2),MADEM10--- (Room 208),MSS--09--- (Room 107),MPHE-09G-- (Room Gym),MSC--09--- (Room 216)
1900,MEN--09--- (Room A-6),MDR--09--- (Room A-1),MPHE-09G-- (Room Gym),MSS--09--- (Room 121),MVA--09--- (Room 116),MFR--09--- (Room 207B),XBA--09G-- (Room 119),MSC--09--- (Room 219)
1901,unassigned,MADD-09--- (Room 105),MPHE-09--- (Room Gym),XLDCB09M-- (Room 103),MSS--09C-- (Room 209),MEN--09C-- (Room A-6),MADGE09--- (Room 105),MSC--09C-- (Room 211)
1902,MEN--09--- (Room A-6),MMA--09--- (Room 106),MPHE-09G-- (Room Gym),MDNC-09H-- (Room Studio),MSP--09--- (Room 205A),MSS--09--- (Room 222),MWBDV10IT- (Room 203),MSC--09--- (Room 226)
1903,MWBDV10IT- (Room 114),MMA--09--- (Room 106),MEN--09--- (Room A-3),MSC--09--- (Room 211),MSP--09--- (Room 205A),MSS--09--- (Room 121),MFR--11--- (Room 107),MPHE-09B-- (Room Gym)
1904,MFR--11--- (Room A-3),MADGE09--- (Room 104),MMA--09H-- (Room 106),MEN--09--- (Room A-2),MADEM10--- (Room 208),MSS--09--- (Room 121),MPHE-09G-- (Room Gym),MSC--09--- (Room 216)
1905,MWBDV10IT- (Room 114),MMA--09--- (Room 106),MPHE-09--- (Room Gym),MEN--09--- (Room 222),MADEM10--- (Room 208),MSS--09--- (Room 123),MADGE09--- (Room 105),MSC--09--- (Room 219)
1906,XBA--09C-L (Room 119),MSC--09C-- (Room 226),MSS--09C-- (Room 121),MADD-09--- (Room 105),MADER09--- (Room 104),MEN--09C-- (Room A-6),MADGE09--- (Room 105),XBA--09C-L (Room 119)
1907,XBA--09C-L (Room 119),MSC--09--- (Room 227),MEN--09--- (Room A-3),XLDCB09M-- (Room 103),MMA--09--- (Room 210),MSS--09--- (Room 222),MADGE09--- (Room 105),XBA--09C-L (Room 119)
1908,MPHE-09--L (Room Gym),unassigned,MSS--09C-- (Room 121),MEN--09C-- (Room 205A),MPHE-09--L (Room Gym),MFR--09--- (Room 207B),MWBDV10IT- (Room 114),MMA--09C-- (Room 212)
1909,MADGE09--- (Room 105),MMA--09--- (Room 106),MWBDV10IT- (Room 114),MEN--09--- (Room 107),MADER09--- (Room 104),MSS--09--- (Room 121),MSP--09--- (Room 207B),MSC--09--- (Room 219)
1910,MMA--09--- (Room 220),unassigned,MEN--09--- (Room A-3),MSC--09--- (Room 211),MPHE-09B-- (Room Gym),MSS--09--- (Room 123),XBA--09G-- (Room 119),MADW-09--- (Room 101)
1911,MWBDV10IT- (Room 114),MADGE09--- (Room 104),MSS--09C-- (Room 121),MADER09--- (Room 104),MPHE-09B-- (Room Gym),MEN--09C-- (Room A-6),MFR--09--- (Room A-2),MMA--09C-- (Room 212)
1912,MFR--11--- (Room A-3),MMA--09--- (Room 106),MEN--09--- (Room A-3),YHRA-0AX-- (Room 120),MSC--09--- (Room 211),MADGE09--- (Room 105),MSS--09--- (Room 205B),MPHE-09FB- (Room Gym)
1913,MEN--09--- (Room A-6),MMA--09--- (Room 106),MDNC-09F-- (Room Studio),XLDCB09M-- (Room 103),MSP--09--- (Room 205A),MSS--09--- (Room 222),MPHE-09G-- (Room Gym),MSC--09--- (Room 216)
1914,MEN--09--- (Room A-6),MPHE-09Y-- (Room Gym),MPHE-09G-- (Room Gym),MSC--09--- (Room 211),MSP--09--- (Room 205A),unassigned,MSS--09--- (Room 122),XLDCB09LS- (Room 108)
1915,MWBDV10IT- (Room 114),MMA--09--- (Room 210),XLDCB09M-- (Room 103),YHRA-0AX-- (Room 120),MADD-09--- (Room 105),MSS--09--- (Room 107),MSP--09--- (Room 207B),MSC--09--- (Room 216)
1916,MEN--09--- (Room A-6),MADD-09--- (Room 105),MPHE-09--- (Room Gym),XLDCB09M-- (Room 103),MMA--09--- (Room 210),MSS--09--- (Room 121),MADW-09--- (Room 101),MSC--09--- (Room 219)
1917,MFR--11--- (Room A-3),MMA--09--- (Room 210),MVA--09--- (Room 116),MEN--09--- (Room A-2),MADEM10--- (Room 208),MSS--09--- (Room 222),MPHE-09G-- (Room Gym),MSC--09--- (Room 216)
1918,MMA--09--- (Room 220),MADD-09--- (Room 105),MWBDV10IT- (Room 114),MEN--09--- (Room 222),MADER09--- (Room 104),MPHE-09--- (Room Gym),MSS--09--- (Room 205B),MSC--09--- (Room 219)
1919,MADT-09--- (Room A-7),MMA--09--- (Room 106),MPHE-09G-- (Room Gym),MDNC-09H-- (Room Studio),MSC--09--- (Room 211),MSS--09--- (Room 121),MSP--09--- (Room 207B),MEN--09--- (Room 205B)
1920,MADGE09--- (Room 105),MSC--09C-- (Room 226),MADD-09--- (Room 105),MEN--09C-- (Room 205A),MSS--09C-- (Room 209),MPHE-09--- (Room Gym),MWBDV10IT- (Room 203),MADEM10--- (Room 208)
1921,XBA--09C-L (Room 119),MADD-09--- (Room 105),MEN--09--- (Room A-3),MSC--09--- (Room 211),MMA--09--- (Room 210),MSS--09--- (Room 121),MADW-09--- (Room 101),XBA--09C-L (Room 119)
1922,MADGE09--- (Room 105),MMA--09--- (Room 106),MEN--09E-- (Room 107),XLDCB09M-- (Room 103),MADEM10--- (Room 208),MPHE-09--- (Room Gym),MSS--09--- (Room 205B),MSC--09--- (Room 216)
1923,MEN--09--- (Room A-6),MMA--09--- (Room 106),MPHE-09G-- (Room Gym),MDNC-09H-- (Room Studio),MSP--09--- (Room 205A),MSS--09--- (Room 121),MWBDV10IT- (Room 203),MSC--09--- (Room 219)
1924,MADT-09--- (Room A-7),MDNC-09PT- (Room Studio),MPHE-09G-- (Room Gym),MEN--09--- (Room 107),MMA--09--- (Room 210),MSS--09--- (Room 222),MSP--09--- (Room 207B),MSC--09--- (Room 219)
1925,MFR--09--- (Room 208),MDR--09--- (Room A-1),MPHE-09G-- (Room Gym),MEN--09--- (Room 107),MMA--09--- (Room 210),MSS--09--- (Room 107),XBA--09G-- (Room 119),MSC--09--- (Room 216)
1926,MWBDV10IT- (Room 114),MMA--09--- (Room 106),XLDCB09LSL (Room 109),MEN--09--- (Room 107),MADER09--- (Room 104),MSS--09--- (Room 222),XLDCB09LSL (Room 109),MSC--09--- (Room 219)
1927,MWBDV10IT- (Room 114),MMA--09--- (Room 210),MEN--09--- (Room A-3),MSS--09--- (Room 121),MADD-09--- (Room 105),MFR--09--- (Room 207B),MPHE-09G-- (Room Gym),MADT-09--- (Room A-7)
1928,MMA--09--- (Room 220),MDNC-09PT- (Room Studio),MPHE-09G-- (Room Gym),MADD-09--- (Room 105),MSP--09--- (Room 205A),MSS--09--- (Room 123),XBA--09G-- (Room 119),MSC--09--- (Room 226)
1929,unassigned,MMA--09--- (Room 106),MWBDV10IT- (Room 114),MEN--09--- (Room 107),MADD-09--- (Room 105),MSS--09--- (Room 123),XBA--09G-- (Room 119),MSC--09--- (Room 219)
1930,MMA--09--- (Room 220),MADGE09--- (Room 104),MEN--09E-- (Room 107),MADD-09--- (Room 105),MADER09--- (Room 104),MPHE-09B-- (Room Gym),MSS--09--- (Room 205B),MSC--09--- (Room 219)
1931,MPHE-09--L (Room Gym),unassigned,MSS--09C-- (Room 121),MADER09--- (Room 104),MPHE-09--L (Room Gym),MEN--09C-- (Room A-6),MADGE09--- (Room 105),MMA--09C-- (Room 212)
1932,MFR--11--- (Room A-3),MSC--09C-- (Room 226),MWBDV10IT- (Room 114),MEN--09C-- (Room 205A),MSS--09C-- (Room 209),MPHE-09B-- (Room Gym),MADGE09--- (Room 105),MMA--09C-- (Room 212)
1933,MEN--09--- (Room A-6),MDR--09--- (Room A-1),MMA--09H-- (Room 106),MVA--09--- (Room 116),MADEM10--- (Room 208),MSS--09--- (Room 123),MPHE-09G-- (Room Gym),MSC--09--- (Room 219)
1934,MFR--11--- (Room A-3),unassigned,MSS--09C-- (Room 121),MEN--09C-- (Room 205A),MADEM10--- (Room 208),MPHE-09--- (Room Gym),MWBDV10IT- (Room 114),MSC--09C-- (Room 211)
1935,MADT-09--- (Room A-7),MDR--09--- (Room A-1),MMA--09H-- (Room 106),MEN--09--- (Room A-2),MVA--09--- (Room 116),MSS--09--- (Room 123),MPHE-09G-- (Room Gym),MSC--09--- (Room 219)
1936,MADT-09--- (Room A-7),MDR--09--- (Room A-1),MMA--09H-- (Room 106),MEN--09--- (Room 107),MVA--09--- (Room 116),MSS--09--- (Room 222),MPHE-09G-- (Room Gym),MSC--09--- (Room 216)
1937,MWBDV10IT- (Room 114),MSC--09C-- (Room 226),MPHE-09--- (Room Gym),MVA--09--- (Room 116),MSS--09C-- (Room 209),MEN--09C-- (Room A-6),MFR--11--- (Room 107),MADEM10--- (Room 208)
1938,MADGE09--- (Room 105),MSC--09C-- (Room 226),MSS--09C-- (Room 121),MEN--09C-- (Room 205A),MSP--09--- (Room 205A),MPHE-09B-- (Room Gym),MWBDV10IT- (Room 114),MMA--09C-- (Room 212)
1939,MADT-09--- (Room A-7),MMA--09--- (Room 106),MEN--09E-- (Room 107),MDNC-09H-- (Room Studio),MVA--09--- (Room 116),MSS--09--- (Room 222),MPHE-09G-- (Room Gym),MSC--09--- (Room 216)
1940,unassigned,unassigned,MSS--09C-- (Room 121),MEN--09C-- (Room 205A),MADEM10--- (Room 208),MPHE-09--- (Room Gym),MWBDV10IT- (Room 203),MMA--09C-- (Room 212)
1941,MFR--11--- (Room A-3),MSC--09--- (Room 227),MMA--09H-- (Room 106),MADD-09--- (Room 105),MADEM10--- (Room 208),MSS--09--- (Room 222),MPHE-09G-- (Room Gym),MEN--09--- (Room 205B)
1942,MADT-09--- (Room A-7),MADD-09--- (Room 105),MPHE-09--- (Room Gym),MEN--09--- (Room A-2),MADEM10--- (Room 208),MSS--09--- (Room 107),XBA--09G-- (Room 119),MSC--09--- (Room 219)
1943,MEN--09--- (Room A-6),unassigned,XLDCB09LSL (Room 109),MSS--09--- (Room 121),MMA--09--- (Room 210),unassigned,XLDCB09LSL (Room 109),MSC--09--- (Room 219)
1944,XLDCB09LS- (Room 109),unassigned,MEN--09E-- (Room 107),MSC--09--- (Room 211),MADER09--- (Room 104),MFR--09--- (Room 207B),MSS--09--- (Room 205B),MPHE-09B-- (Room Gym)
1945,XBA--09C-L (Room 119),MSC--09--- (Room 227),MEN--09--- (Room A-3),MVA--09--- (Room 116),MADEM10--- (Room 208),MSS--09--- (Room 107),MWBDV10IT- (Room 203),XBA--09C-L (Room 119)
1946,MEN--09--- (Room A-6),MSC--09--- (Room 227),MPHE-09G-- (Room Gym),MDNC-09H-- (Room Studio),MMA--09--- (Room 210),MSS--09--- (Room 107),MSP--09--- (Room 207B),MADT-09--- (Room A-7)
1947,MFR--09--- (Room 208),MADGE09--- (Room 104),MMA--09H-- (Room 106),MADER09--- (Room 104),MSC--09--- (Room 211),MSS--09--- (Room 123),MWBDV10IT- (Room 114),MEN--09--- (Room 205B)
1948,MMA--09--- (Room 220),MPHE-09Y-- (Room Gym),MADD-09--- (Room 105),MSC--09--- (Room 211),MADT-09--- (Room A-7),MSS--09--- (Room 107),MPHE-09G-- (Room Gym),MEN--09--- (Room 205B)
1949,MFR--09--- (Room 208),MPHE-09Y-- (Room Gym),MEN--09--- (Room A-3),unassigned,MMA--09--- (Room 210),MSS--09--- (Room 107),XBA--09G-- (Room 119),MSC--09--- (Room 219)
1950,XBA--09C-L (Room 119),MMA--09--- (Room 106),MADD-09--- (Room 105),MEN--09--- (Room A-2),MSC--09--- (Room 211),MSS--09--- (Room 222),MADGE09--- (Room 105),XBA--09C-L (Room 119)
1951,MFR--11--- (Room A-3),MSC--09C-- (Room 226),MSS--09C-- (Room 121),MEN--09C-- (Room 205A),MADEM10--- (Room 208),MPHE-09--- (Room Gym),MWBDV10IT- (Room 114),MMA--09C-- (Room 212)
1952,MWBDV10IT- (Room 114),MSC--09C-- (Room 226),MPHE-09--- (Room Gym),MEN--09C-- (Room 205A),MSS--09C-- (Room 209),MADGE09--- (Room 105),MFR--11--- (Room 107),MMA--09C-- (Room 212)
1953,MFR--11--- (Room A-3),MMA--09--- (Room 106),MDNC-09F-- (Room Studio),MEN--09--- (Room A-2),MADEM10--- (Room 208),MSS--09--- (Room 222),MPHE-09G-- (Room Gym),MSC--09--- (Room 219)
