Student,Block 0,Block 1,Block 2,Block 3,Block 4,Block 5,Block 6,Block 7
1000,20th CENTURY WORLD HISTORY 12 (Room 121),ENVIRONMENTAL SCIENCE 12 - CLIMATE CHANGE (Room 205A),unassigned,PRE-CALCULUS 12 (Room 210),CALCULUS 12 (Room 212),ENGLISH FIRST PEOPLES 12 (Room A-2),COMPARATIVE CULTURES 12 (Room 208),PSYCHOLOGY 11 (Room 209)
1001,unassigned,ANATOMY AND PHYSIOLOGY 12 (Room 211),unassigned,unassigned,unassigned,FRENCH 10 (Room 207B),CONCERT BAND 9 - Guitar (Room 119),PRE-CALCULUS 12 (Room 220)
1002,ENGLISH FIRST PEOPLES 12 (Room 122),SOCIAL JUSTICE 12 (Room 208),DANCE FOUNDATIONS 12 (Room Studio),unassigned,FOOD STUDIES 12 (Room 206),TEXTILES 12 (Room A-7),unassigned,LEARNING STRATEGIES 12 (Room 109)
1003,unassigned,ENVIRONMENTAL SCIENCE 12 - CLIMATE CHANGE (Room 205A),AUTOMOTIVE TECHNOLOGY 12 (Room 102),ANATOMY AND PHYSIOLOGY 12 (Room 225),unassigned,ENGLISH STUDIES 12 (Room 207A),ACTIVE LIVING 12 (Room Gym),PRE-CALCULUS 12 (Room 220)
1004,CHEMISTRY 12 (Room 216),PRE-CALCULUS 12 HONOURS (Room 212),FOOD STUDIES 12 (Room 206),DRAFTING 12 (Room 105),ENGLISH STUDIES 12 CHALLENGE (Room A-6),ENGINEERING 12 (Room 105),PHYSICS 12 (Room 219),AP CALCULUS AB 12 external credential (Room 221)
1005,CHEMISTRY 12 (Room 216),PRE-CALCULUS 12 HONOURS (Room 212),unassigned,PHYSICS 11 (Room 223),CALCULUS 12 (Room 212),ENGLISH STUDIES 12 (Room 205A),ANATOMY AND PHYSIOLOGY 12 (Room 223),PHYSICS 12 (Room 225)
1006,SPANISH 11 (Room 123),CHEMISTRY 12 (Room 216),unassigned,PRE-CALCULUS 12 (Room 210),SPANISH 12 (Room 207B),CALCULUS 12 (Room 106),LAW STUDIES 12 (Room 121),TEXTILES 12 (Room A-7)
1007,unassigned,CHEMISTRY 12 (Room 219),AP ENGLISH LITERATURE & COMPOSITION 12 (Room 123),LITERARY STUDIES 12 (Room A-7),CALCULUS 12 (Room 212),ENGINEERING 12 (Room 105),AP PHYSICS C (MECHANICS) 12 external credential (Room 227),PHYSICS 12 (Room 227)
1008,ECONOMICS 12 (Room 209),CHEMISTRY 12 (Room 216),AP ENGLISH LITERATURE & COMPOSITION 12 (Room 123),LITERARY STUDIES 12 (Room A-7),ENGLISH STUDIES 12 CHALLENGE (Room A-6),PRE-CALCULUS 12 (Room 221),ENGINEERING 12 (Room 105),PHYSICS 12 (Room 227)
1009,ENGLISH STUDIES 12 (Room A-2),CHEMISTRY 12 (Room 216),PHYSICS 12 (Room 223),ANATOMY AND PHYSIOLOGY 12 (Room 216),FOOD STUDIES 12 (Room 206),PRE-CALCULUS 12 (Room 221),PSYCHOLOGY 11 (Room 222),OUTDOOR EDUCATION 12 (Room _CHECK THIS THING IDK)
1010,COMPUTER PROGRAMMING 12 AI and (Room 203),unassigned,AP ENGLISH LITERATURE & COMPOSITION 12 (Room 123),LITERARY STUDIES 12 (Room A-7),unassigned,PRE-CALCULUS 12 (Room 221),PHYSICS 12 (Room 219),unassigned
1011,CHEMISTRY 12 (Room 216),AUTOMOTIVE TECHNOLOGY 12 (Room 102),AP ENGLISH LITERATURE & COMPOSITION 12 (Room 123),LITERARY STUDIES 12 (Room A-7),DRAFTING 12 (Room 105),unassigned,PHYSICS 12 (Room 219),AP CALCULUS AB 12 external credential (Room 221)
1012,ENGLISH STUDIES 12 (Room A-2),SOCIAL JUSTICE 12 (Room 209),AUTOMOTIVE TECHNOLOGY 12 (Room 102),CROSS TRAINING 12 (Room 120),FOOD STUDIES 12 (Room 206),ACTIVE LIVING 12 (Room Gym),COMPARATIVE CULTURES 12 (Room 208),LEARNING STRATEGIES 12 (Room 109)
1013,ECONOMICS 12 (Room 209),CHEMISTRY 12 (Room 216),FOOD STUDIES 12 (Room 206),PRE-CALCULUS 12 (Room 106),CRIMINOLOGY 12 (Room 121),ENGLISH FIRST PEOPLES 12 (Room A-2),PSYCHOLOGY 11 (Room 222),TEXTILES 12 (Room A-7)
1014,unassigned,unassigned,LIFE SCIENCES 11 (Room 216),unassigned,PHYSICAL GEOGRAPHY 12 (Room 207A),COMPOSITION 11 (Room 205B),unassigned,FOUNDATIONS OF MATHEMATICS 11 (Room 106)
1015,unassigned,unassigned,FOOD STUDIES 12 (Room 206),PRE-CALCULUS 12 (Room 106),CALCULUS 12 (Room 221),ENGLISH STUDIES 12 (Room 207A),PSYCHOLOGY 11 (Room 222),LAW STUDIES 12 (Room 123)
1016,unassigned,SOCIAL JUSTICE 12 (Room 209),FOOD STUDIES 12 (Room 206),unassigned,PHYSICAL GEOGRAPHY 12 (Room 207A),ENGLISH STUDIES 12 (Room 207A),AUTOMOTIVE TECHNOLOGY 12 (Room 102),FOUNDATIONS OF MATHEMATICS 11 (Room 106)
1017,ENGLISH FIRST PEOPLES 12 Year (Room 107),unassigned,ELL Academic Literacy 11 (Room 205B),PRE-CALCULUS 12 (Room 210),DRAFTING 12 (Room 105),CALCULUS 12 (Room 106),ENGLISH FIRST PEOPLES 12 Year (Room 107),unassigned
1018,TEXTILES 12 (Room A-7),CHEMISTRY 12 (Room 225),FOOD STUDIES 12 (Room 206),PRE-CALCULUS 12 (Room 210),CALCULUS 12 (Room 221),ENGLISH STUDIES 12 (Room 207A),AP PHYSICS C (MECHANICS) 12 external credential (Room 227),OUTDOOR EDUCATION 12 (Room _CHECK THIS THING IDK)
1019,FRENCH 11 (Room A-3),unassigned,unassigned,ENGLISH STUDIES 12 (Room 207B),CRIMINOLOGY 12 (Room A-3),MEDIA DESIGN 12 (Room 114),unassigned,unassigned
1020,unassigned,unassigned,unassigned,ENGLISH STUDIES 12 (Room 207B),ACCOUNTING 11 (Room A-2),PRE-CALCULUS 12 (Room 221),unassigned,PHYSICS 12 (Room 225)
1021,ENGLISH FIRST PEOPLES 12 (Room 205B),ANATOMY AND PHYSIOLOGY 12 (Room 211),DANCE FOUNDATIONS 12 (Room Studio),unassigned,unassigned,unassigned,CHEMISTRY 12 (Room 225),PRE-CALCULUS 12 (Room 214)
1022,PRE-CALCULUS 11 (Room 214),ENVIRONMENTAL SCIENCE 12 - CLIMATE CHANGE (Room 205A),ART STUDIO 12 (Room 116),ENGLISH STUDIES 12 (Room 207B),TEXTILES 12 (Room A-7),PRE-CALCULUS 12 (Room 221),COMPARATIVE CULTURES 12 (Room 208),PSYCHOLOGY 11 (Room 209)
1023,PRE-CALCULUS 12 (Room 212),CHEMISTRY 12 (Room 219),FOOD STUDIES 12 (Room 206),PHYSICS 11 (Room 226),CALCULUS 12 (Room 212),ENGLISH STUDIES 12 (Room 207A),PHYSICS 12 (Room 219),TEXTILES 12 (Room A-7)
1024,ENGLISH STUDIES 12 (Room A-2),AUTOMOTIVE TECHNOLOGY 12 (Room 102),CHEMISTRY 11 (Room 211),unassigned,unassigned,PRE-CALCULUS 12 (Room 221),CHEMISTRY 12 (Room 225),unassigned
1025,unassigned,CHEMISTRY 12 (Room 216),unassigned,ENGLISH STUDIES 12 (Room 207B),unassigned,unassigned,PHYSICS 12 (Room 219),PRE-CALCULUS 12 (Room 220)
1026,CHEMISTRY 12 (Room 216),PRE-CALCULUS 12 HONOURS (Room 212),ENGINEERING 12 (Room 104),FOOD STUDIES 12 (Room 206),ENGLISH STUDIES 12 CHALLENGE (Room A-6),MEDIA DESIGN 12 (Room 114),AP PHYSICS C (MECHANICS) 12 external credential (Room 227),AP CALCULUS AB 12 external credential (Room 221)
1027,unassigned,SOCIAL JUSTICE 12 (Room 208),ENGLISH STUDIES 12 (Room A-6),ANATOMY AND PHYSIOLOGY 12 (Room 225),CRIMINOLOGY 12 (Room A-3),TEXTILES 12 (Room A-7),LAW STUDIES 12 (Room 121),FOUNDATIONS OF MATHEMATICS 11 (Room 106)
1028,unassigned,ANATOMY AND PHYSIOLOGY 12 (Room 211),DANCE FOUNDATIONS 12 (Room Studio),unassigned,FOOD STUDIES 12 (Room 206),MEDIA DESIGN 12 (Room 114),unassigned,unassigned
1029,unassigned,SOCIAL JUSTICE 12 (Room 208),AP ENGLISH LITERATURE & COMPOSITION 12 (Room 123),LITERARY STUDIES 12 (Room A-7),20th CENTURY WORLD HISTORY 12 (Room 122),unassigned,LAW STUDIES 12 (Room 121),PRE-CALCULUS 12 (Room 214)
1030,ENGLISH STUDIES 12 (Room A-2),CHEMISTRY 12 (Room 219),PHYSICS 12 (Room 223),PRE-CALCULUS 12 (Room 210),CRIMINOLOGY 12 (Room A-3),CALCULUS 12 (Room 106),ACTIVE LIVING 12 (Room Gym),LAW STUDIES 12 (Room 122)
1031,unassigned,unassigned,unassigned,ENGLISH STUDIES 12 (Room 207B),CRIMINOLOGY 12 (Room A-3),unassigned,unassigned,PRE-CALCULUS 12 (Room 220)
1032,20th CENTURY WORLD HISTORY 12 (Room 121),YOGA FOR MINDFULNESS 12 (Room Gym),FOOD STUDIES 12 (Room 206),unassigned,PHYSICAL GEOGRAPHY 12 (Room 207A),ENGLISH FIRST PEOPLES 12 (Room A-2),unassigned,CAREER LIFE EDUCATION 10 (Room 104)
1033,ECONOMICS 12 (Room 222),YOGA FOR MINDFULNESS 12 (Room Gym),ENGLISH STUDIES 12 (Room A-6),unassigned,FOUNDATIONS OF MATHEMATICS 11 (Room 220),ACTIVE LIVING 12 (Room Gym),PRE-CALCULUS 11 (Room 214),CONTEMPORARY INDIGENOUS STUDIES 12 (Room 121)
1034,20th CENTURY WORLD HISTORY 12 (Room 121),SOCIAL JUSTICE 12 (Room 209),LIFE SCIENCES 11 (Room 216),ENGLISH STUDIES 12 (Room 207B),LEARNING STRATEGIES 12 (Room 109),PRE-CALCULUS 12 (Room 221),PSYCHOLOGY 11 (Room 222),FOOD STUDIES 12 (Room 206)
1035,E-COMMERCE 12 (Room 222),WORKPLACE MATHEMATICS 11 (Room 214),unassigned,unassigned,ACCOUNTING 11 (Room A-2),ENGLISH STUDIES 12 (Room 207A),unassigned,FOUNDATIONS OF MATHEMATICS 11 (Room 106)
1036,PRE-CALCULUS 12 (Room 212),CHEMISTRY 12 (Room 219),COMPUTER SCIENCE 11 (Room 203),PHYSICS 11 (Room 219),COMPUTER PROGRAMMING 11 AI and (Room 203),ENGLISH STUDIES 12 CHALLENGE (Room 209),PHYSICS 12 (Room 219),AP CALCULUS AB 12 external credential (Room 221)
1037,PRE-CALCULUS 12 (Room 212),CHEMISTRY 12 (Room 225),AP ENGLISH LITERATURE & COMPOSITION 12 (Room 123),LITERARY STUDIES 12 (Room A-7),20th CENTURY WORLD HISTORY 12 (Room 122),CALCULUS 12 (Room 106),ANATOMY AND PHYSIOLOGY 12 (Room 226),PHYSICS 12 (Room 227)
1038,ENGLISH STUDIES 12 (Room A-2),AUTOMOTIVE TECHNOLOGY 12 (Room 102),CHEMISTRY 11 (Room 227),CROSS TRAINING 12 (Room 120),FOUNDATIONS OF MATHEMATICS 11 (Room 220),PHOTOGRAPHY 11 (Room 113),ANATOMY AND PHYSIOLOGY 12 (Room 226),LAW STUDIES 12 (Room 122)
1039,ECONOMICS 12 (Room 222),CHEMISTRY 12 (Room 219),FOOD STUDIES 12 (Room 206),ANATOMY AND PHYSIOLOGY 12 (Room 216),PHYSICAL GEOGRAPHY 12 (Room 207A),ENGLISH STUDIES 12 (Room 205A),AP PHYSICS C (MECHANICS) 12 external credential (Room 227),AP CALCULUS AB 12 external credential (Room 221)
1040,ECONOMICS 12 (Room 222),unassigned,PHYSICS 12 (Room 223),ENGLISH STUDIES 12 (Room 207B),unassigned,unassigned,unassigned,PRE-CALCULUS 12 (Room 214)
1041,DANCE TECHNIQUE AND PERFORMANCE 12 (Room Studio),unassigned,PSYCHOLOGY 11 (Room 205A),FOOD STUDIES 12 (Room 206),CRIMINOLOGY 12 (Room 205B),ENGLISH FIRST PEOPLES 12 (Room A-2),CONTEMPORARY INDIGENOUS STUDIES 12 (Room 207A),LAW STUDIES 12 (Room 222)
1042,unassigned,COMPOSITION 11 (Room 207A),LIFE SCIENCES 11 (Room 216),unassigned,SPANISH 12 (Room 207B),unassigned,unassigned,unassigned
1043,unassigned,unassigned,unassigned,ENGLISH STUDIES 12 (Room 207B),SPANISH 12 (Room 207B),unassigned,FRENCH 12 (Room 107),PRE-CALCULUS 12 (Room 220)
1044,20th CENTURY WORLD HISTORY 12 (Room 121),SOCIAL JUSTICE 12 (Room 208),ENGLISH STUDIES 12 (Room A-6),ANATOMY AND PHYSIOLOGY 12 (Room 225),SPANISH 12 (Room 207B),unassigned,PSYCHOLOGY 11 (Room 222),unassigned
1045,INSTRUMENTAL MUSIC 12: CONCERT BAND LINEAR (Room 119),CHEMISTRY 12 (Room 216),unassigned,PRE-CALCULUS 12 (Room 210),ENGLISH STUDIES 12 CHALLENGE (Room A-6),INSTRUMENTAL MUSIC 12: CONCERT BAND LINEAR (Room 119),AP PHYSICS C (MECHANICS) 12 external credential (Room 227),PHYSICS 12 (Room 227)
1046,ECONOMICS 12 (Room 222),CHEMISTRY 12 (Room 225),unassigned,AP STATISTICS 12 (Room 212),CALCULUS 12 (Room 221),ENGLISH STUDIES 12 CHALLENGE (Room 209),PHYSICS 12 (Room 219),unassigned
1047,ENGLISH FIRST PEOPLES 12 (Room 122),DRAFTING 12 (Room 105),INSTRUMENTAL MUSIC 12: GUITAR (Room 119),PRE-CALCULUS 12 (Room 210),CALCULUS 12 (Room 221),ENGINEERING 12 (Room 105),WOODWORK 12 (Room 101),FOOD STUDIES 12 (Room 206)
1048,20th CENTURY WORLD HISTORY 12 (Room 121),SOCIAL JUSTICE 12 (Room 209),PSYCHOLOGY 11 (Room 205A),PRE-CALCULUS 12 (Room 210),FOOD STUDIES 12 (Room 206),ENGLISH STUDIES 12 (Room 207A),COMPARATIVE CULTURES 12 (Room 208),ENTREPRENEURSHIP 12 (Room A-2)
1049,PRE-CALCULUS 12 (Room 212),CHEMISTRY 12 (Room 216),AP ENGLISH LITERATURE & COMPOSITION 12 (Room 123),LITERARY STUDIES 12 (Room A-7),unassigned,unassigned,AP PHYSICS C (MECHANICS) 12 external credential (Room 227),AP CALCULUS AB 12 external credential (Room 221)
1050,CHEMISTRY 12 (Room 216),SOCIAL JUSTICE 12 (Room 209),FOOD STUDIES 12 (Room 206),ANATOMY AND PHYSIOLOGY 12 (Room 225),unassigned,ENGLISH STUDIES 12 (Room 207A),ACTIVE LIVING 12 Girls (Room Gym),unassigned
1051,TEXTILES 12 (Room A-7),PRE-CALCULUS 12 HONOURS (Room 212),COMPUTER SCIENCE 11 (Room 203),ART STUDIO 12 (Room 116),CALCULUS 12 (Room 221),ENGLISH STUDIES 12 (Room 207A),ANATOMY AND PHYSIOLOGY 12 (Room 223),COMPUTER SCIENCE 12 (Room 203)
1052,ENGLISH FIRST PEOPLES 12 (Room 122),CHEMISTRY 12 (Room 219),unassigned,AP STATISTICS 12 (Room 212),20th CENTURY WORLD HISTORY 12 (Room 122),unassigned,unassigned,unassigned
1053,ENGLISH FIRST PEOPLES 12 (Room 122),PRE-CALCULUS 12 HONOURS (Room 212),PHYSICS 12 (Room 223),unassigned,unassigned,ENGINEERING 12 (Room 105),CHEMISTRY 12 (Room 225),AP CALCULUS AB 12 external credential (Room 221)
1054,unassigned,COMPUTER SCIENCE 11 (Room 203),INSTRUMENTAL MUSIC 12: GUITAR (Room 119),unassigned,20th CENTURY WORLD HISTORY 12 (Room 122),unassigned,PHYSICS 12 (Room 219),unassigned
1055,DANCE TECHNIQUE AND PERFORMANCE 12 (Room Studio),SOCIAL JUSTICE 12 (Room 209),unassigned,ENGLISH STUDIES 12 (Room 207B),unassigned,unassigned,unassigned,PRE-CALCULUS 12 (Room 220)
1056,unassigned,CHEMISTRY 12 (Room 219),unassigned,unassigned,unassigned,ENGLISH STUDIES 12 (Room 207A),PHYSICS 12 (Room 219),PRE-CALCULUS 12 (Room 220)
1057,20th CENTURY WORLD HISTORY 12 (Room 121),unassigned,unassigned,ENGLISH STUDIES 12 (Room 207B),SPANISH 12 (Room 207B),unassigned,AUTOMOTIVE TECHNOLOGY 12 (Room 102),FOOD STUDIES 12 (Room 206)
1058,unassigned,ANATOMY AND PHYSIOLOGY 12 (Room 211),unassigned,unassigned,ROBOTICS 12 (Room 104),PRE-CALCULUS 12 (Room 221),unassigned,PHYSICS 12 (Room 225)
1059,DANCE TECHNIQUE AND PERFORMANCE 12 (Room Studio),LEARNING STRATEGIES 12 (Room 109),DANCE FOUNDATIONS 12 (Room Studio),ART STUDIO 12 (Room 116),CRIMINOLOGY 12 (Room 121),ENGLISH STUDIES 12 (Room 207A),CONTEMPORARY INDIGENOUS STUDIES 12 (Room 207A),CAREER LIFE EDUCATION 10 (Room 104)
1060,ENGLISH STUDIES 12 (Room A-2),SOCIAL JUSTICE 12 (Room 209),unassigned,unassigned,unassigned,LIFE SCIENCES 11 (Room 226),unassigned,PRE-CALCULUS 12 (Room 220)
1061,20th CENTURY WORLD HISTORY 12 (Room 121),unassigned,LIFE SCIENCES 11 (Room 216),unassigned,unassigned,ENGLISH STUDIES 12 (Room 207A),unassigned,FOUNDATIONS OF MATHEMATICS 11 (Room 106)
1062,unassigned,unassigned,unassigned,ANATOMY AND PHYSIOLOGY 12 (Room 216),20th CENTURY WORLD HISTORY 12 (Room 122),unassigned,PHYSICS 12 (Room 219),PRE-CALCULUS 12 (Room 220)
1063,ECONOMICS 12 (Room 209),YOGA FOR MINDFULNESS 12 (Room Gym),unassigned,ENGLISH STUDIES 12 (Room 207B),unassigned,unassigned,CHEMISTRY 12 (Room 225),LAW STUDIES 12 (Room 123)
1064,CHEMISTRY 12 (Room 216),PRE-CALCULUS 12 HONOURS (Room 212),AP ENGLISH LITERATURE & COMPOSITION 12 (Room 123),LITERARY STUDIES 12 (Room A-7),COMPUTER PROGRAMMING 11 AI and (Room 203),unassigned,PHYSICS 12 (Room 219),AP CALCULUS AB 12 external credential (Room 221)
1065,INSTRUMENTAL MUSIC 12: CONCERT BAND LINEAR (Room 119),CHEMISTRY 12 (Room 219),unassigned,ANATOMY AND PHYSIOLOGY 12 (Room 216),ENGLISH STUDIES 12 CHALLENGE (Room A-6),INSTRUMENTAL MUSIC 12: CONCERT BAND LINEAR (Room 119),AP PHYSICS C (MECHANICS) 12 external credential (Room 227),AP CALCULUS AB 12 external credential (Room 221)
1066,20th CENTURY WORLD HISTORY 12 (Room 121),AUTOMOTIVE TECHNOLOGY 12 (Room 102),ENGLISH STUDIES 12 (Room A-6),PRE-CALCULUS 12 (Room 106),CALCULUS 12 (Room 221),ACTIVE LIVING 12 (Room Gym),LAW STUDIES 12 (Room 121),MARKETING AND PROMOTION 11 (Room A-2)
1067,PRE-CALCULUS 11 (Room 214),DRAMA 12 (Room A-1),INSTRUMENTAL MUSIC 12: GUITAR (Room 119),ENGLISH STUDIES 12 (Room 207B),CRIMINOLOGY 12 (Room 121),MEDIA DESIGN 12 (Room 114),AUTOMOTIVE TECHNOLOGY 12 (Room 102),FOOD STUDIES 12 (Room 206)
1068,unassigned,CHEMISTRY 12 (Room 216),unassigned,PRE-CALCULUS 12 (Room 106),CALCULUS 12 (Room 212),ENGLISH STUDIES 12 (Room 205A),ANATOMY AND PHYSIOLOGY 12 (Room 226),PHYSICS 12 (Room 225)
1069,FOUNDATIONS OF MATH AND PRE-CALCULUS 10 (Room 221),SOCIAL JUSTICE 12 (Room 209),CHEMISTRY 11 (Room 225),PHYSICS 11 (Room 223),unassigned,ENGLISH FIRST PEOPLES 12 (Room A-2),ANATOMY AND PHYSIOLOGY 12 (Room 226),FOOD STUDIES 12 (Room 206)
1070,ENGLISH FIRST PEOPLES 12 (Room 122),unassigned,unassigned,PHYSICS 11 (Room 226),20th CENTURY WORLD HISTORY 12 (Room 122),unassigned,PHYSICS 12 (Room 219),PRE-CALCULUS 12 (Room 220)
1071,PRE-CALCULUS 12 (Room 212),ANATOMY AND PHYSIOLOGY 12 (Room 211),PSYCHOLOGY 11 (Room 205A),PHYSICS 11 (Room 219),CALCULUS 12 (Room 212),ENGLISH STUDIES 12 CHALLENGE (Room 209),PHYSICS 12 (Room 219),TEXTILES 12 (Room A-7)
1072,ENGLISH FIRST PEOPLES 12 (Room 205B),SOCIAL JUSTICE 12 (Room 208),ENGINEERING 12 (Room 104),FOOD STUDIES 12 (Room 206),CRIMINOLOGY 12 (Room 205B),ACTIVE LIVING 12 (Room Gym),WOODWORK 12 (Room 101),unassigned
1073,ENGLISH STUDIES 12 (Room A-2),SOCIAL JUSTICE 12 (Room 209),unassigned,ANATOMY AND PHYSIOLOGY 12 (Room 216),unassigned,unassigned,unassigned,PRE-CALCULUS 12 (Room 220)
1074,DANCE TECHNIQUE AND PERFORMANCE 12 (Room Studio),CHEMISTRY 12 (Room 225),ENGLISH STUDIES 12 (Room A-6),PRE-CALCULUS 12 (Room 106),CALCULUS 12 (Room 212),unassigned,ANATOMY AND PHYSIOLOGY 12 (Room 223),PSYCHOLOGY 11 (Room 209)
1075,unassigned,COMPOSITION 11 (Room 107),EXPLORATIONS IN SOCIAL STUDIES 11 (Room 222),unassigned,FOUNDATIONS OF MATHEMATICS 11 (Room 220),LIFE SCIENCES 11 (Room 227),unassigned,unassigned
1076,ENGLISH FIRST PEOPLES 12 (Room 205B),LEARNING STRATEGIES 12 (Room 109),AUTOMOTIVE TECHNOLOGY 12 (Room 102),unassigned,CRIMINOLOGY 12 (Room 205B),ACTIVE LIVING 12 (Room Gym),COMPARATIVE CULTURES 12 (Room 208),FOUNDATIONS OF MATHEMATICS 11 (Room 106)
1077,unassigned,ANATOMY AND PHYSIOLOGY 12 (Room 211),ENGLISH STUDIES 12 (Room A-6),unassigned,unassigned,PRE-CALCULUS 12 (Room 221),unassigned,PHYSICS 12 (Room 225)
1078,CHEMISTRY 12 (Room 216),ANATOMY AND PHYSIOLOGY 12 (Room 211),unassigned,PHYSICS 11 (Room 226),CALCULUS 12 (Room 221),ENGLISH FIRST PEOPLES 12 (Room A-2),COMPARATIVE CULTURES 12 (Room 208),PHYSICS 12 (Room 227)
1079,ENGLISH FIRST PEOPLES 12 (Room 122),SOCIAL JUSTICE 12 (Room 209),FOOD STUDIES 12 (Room 206),unassigned,PHYSICAL GEOGRAPHY 12 (Room 207A),unassigned,unassigned,CONTEMPORARY INDIGENOUS STUDIES 12 (Room 121)
1080,INSTRUMENTAL MUSIC 12: CONCERT BAND LINEAR (Room 119),PRE-CALCULUS 12 HONOURS (Room 212),INSTRUMENTAL MUSIC 12: GUITAR (Room 119),unassigned,ENGLISH STUDIES 12 CHALLENGE (Room A-6),INSTRUMENTAL MUSIC 12: CONCERT BAND LINEAR (Room 119),AP PHYSICS C (MECHANICS) 12 external credential (Room 227),AP CALCULUS AB 12 external credential (Room 221)
1081,FRENCH 12 (Room A-3),CHEMISTRY 12 (Room 223),unassigned,ENGLISH STUDIES 12 (Room 207B),unassigned,unassigned,unassigned,PRE-CALCULUS 12 (Room 220)
1082,ENGLISH STUDIES 12 (Room A-2),ANATOMY AND PHYSIOLOGY 12 (Room 211),unassigned,unassigned,unassigned,unassigned,PSYCHOLOGY 11 (Room 222),PRE-CALCULUS 12 (Room 214)
1083,20th CENTURY WORLD HISTORY 12 (Room 121),unassigned,LIFE SCIENCES 11 (Room 216),3D ANIMATION 12 (Room 114),FOUNDATIONS OF MATHEMATICS 11 (Room 220),ENGLISH FIRST PEOPLES 12 (Room A-2),ACTIVE LIVING 12 (Room Gym),ENTREPRENEURSHIP 12 (Room A-2)
1084,unassigned,CHEMISTRY 12 (Room 223),PHYSICS 12 (Room 223),unassigned,CRIMINOLOGY 12 (Room A-3),ENGLISH STUDIES 12 (Room 205A),PSYCHOLOGY 11 (Room 222),AP CALCULUS AB 12 external credential (Room 221)
1085,CHEMISTRY 12 (Room 216),ENVIRONMENTAL SCIENCE 12 - CLIMATE CHANGE (Room 205A),DRAFTING 12 (Room 105),ANATOMY AND PHYSIOLOGY 12 (Room 225),FOUNDATIONS OF MATHEMATICS 11 (Room 220),ENGLISH STUDIES 12 (Room 207A),PSYCHOLOGY 11 (Room 222),unassigned
1086,ENGLISH STUDIES 12 (Room A-2),CHEMISTRY 12 (Room 223),PHYSICS 12 (Room 223),ANATOMY AND PHYSIOLOGY 12 (Room 225),LEARNING STRATEGIES 12 (Room 109),ACTIVE LIVING 12 (Room Gym),AP PHYSICS C (MECHANICS) 12 external credential (Room 227),PRE-CALCULUS 12 (Room 214)
1087,unassigned,unassigned,FOOD STUDIES 12 (Room 206),ENGLISH STUDIES 12 (Room 207B),FOUNDATIONS OF MATHEMATICS 11 (Room 220),PHOTOGRAPHY 12 (Room 113),unassigned,unassigned
1088,ENGLISH FIRST PEOPLES 12 (Room 122),SOCIAL JUSTICE 12 (Room 209),FOOD STUDIES 12 (Room 206),unassigned,20th CENTURY WORLD HISTORY 12 (Room 122),PHOTOGRAPHY 11 (Room 113),LAW STUDIES 12 (Room 121),LEARNING STRATEGIES 12 (Room 109)
1089,ENGLISH FIRST PEOPLES 12 (Room 122),ANATOMY AND PHYSIOLOGY 12 (Room 211),ART STUDIO 12 (Room 116),PRE-CALCULUS 12 (Room 210),INTRODUCTORY SPANISH 11 (Room 205A),PHYSICS 11 (Room 216),LAW STUDIES 12 (Room 121),AP COMPUTER SCIENCE A 12 (Room 203)
1090,ENGLISH STUDIES 12 (Room A-2),CHEMISTRY 12 (Room 219),unassigned,unassigned,unassigned,unassigned,ANATOMY AND PHYSIOLOGY 12 (Room 226),PRE-CALCULUS 12 (Room 220)
1091,E-COMMERCE 12 (Room 222),unassigned,ENGLISH STUDIES 12 (Room A-6),AP STATISTICS 12 (Room 212),ACCOUNTING 12 (Room A-2),unassigned,PHYSICS 12 (Room 219),PRE-CALCULUS 12 (Room 214)
1092,ECONOMICS 12 (Room 209),CHEMISTRY 12 (Room 216),COMPUTER SCIENCE 12 (Room 203),ANATOMY AND PHYSIOLOGY 12 (Room 216),CALCULUS 12 (Room 221),ENGLISH FIRST PEOPLES 12 (Room A-2),AP PHYSICS C (MECHANICS) 12 external credential (Room 227),FOOD STUDIES 12 (Room 206)
1093,ENGLISH FIRST PEOPLES 12 (Room 122),SOCIAL JUSTICE 12 (Room 209),ART STUDIO 12 (Room 116),DRAFTING 12 (Room 105),FOOD STUDIES 12 (Room 206),ACTIVE LIVING 12 (Room Gym),AUTOMOTIVE TECHNOLOGY 12 (Room 102),FOUNDATIONS OF MATHEMATICS 11 (Room 106)
1094,ECONOMICS 12 (Room 222),CHEMISTRY 12 (Room 225),DRAFTING 12 (Room 105),unassigned,CALCULUS 12 (Room 221),ENGLISH FIRST PEOPLES 12 (Room A-2),ANATOMY AND PHYSIOLOGY 12 (Room 223),PHYSICS 12 (Room 227)
1095,ENGLISH FIRST PEOPLES 12 Year (Room 107),SOCIAL JUSTICE 12 (Room 208),ELL Academic Literacy 11 (Room 205B),unassigned,unassigned,ACTIVE LIVING 12 (Room Gym),ENGLISH FIRST PEOPLES 12 Year (Room 107),PRE-CALCULUS 12 (Room 220)
1096,ENGLISH STUDIES 12 (Room A-2),ENVIRONMENTAL SCIENCE 12 - CLIMATE CHANGE (Room 205A),AUTOMOTIVE TECHNOLOGY 12 (Room 102),FOOD STUDIES 12 (Room 206),CRIMINOLOGY 12 (Room A-3),TEXTILES 12 (Room A-7),ENGINE AND DRIVETRAIN 12 (Room 102),FOUNDATIONS OF MATHEMATICS 11 (Room 106)
1097,CHEMISTRY 12 (Room 216),SOCIAL JUSTICE 12 (Room 209),ENGLISH STUDIES 12 (Room A-6),PRE-CALCULUS 12 (Room 210),FOOD STUDIES 12 (Room 206),PHOTOGRAPHY 11 (Room 113),ANATOMY AND PHYSIOLOGY 12 (Room 226),OUTDOOR EDUCATION 12 (Room _CHECK THIS THING IDK)
1098,PRE-CALCULUS 12 (Room 212),unassigned,PHYSICS 12 (Room 223),AP STATISTICS 12 (Room 212),CALCULUS 12 (Room 221),ENGLISH STUDIES 12 (Room 205A),LAW STUDIES 12 (Room 121),MARKETING AND PROMOTION 11 (Room A-2)
1099,ECONOMICS 12 (Room 222),ENVIRONMENTAL SCIENCE 12 - CLIMATE CHANGE (Room 205A),CHEMISTRY 11 (Room 226),PHYSICS 11 (Room 219),CALCULUS 12 (Room 221),ENGLISH FIRST PEOPLES 12 (Room A-2),CHEMISTRY 12 (Room 225),PHYSICS 12 (Room 225)
1100,20th CENTURY WORLD HISTORY 12 (Room 121),CHEMISTRY 12 (Room 223),unassigned,PHYSICS 11 (Room 219),ENGLISH STUDIES 12 CHALLENGE (Room A-6),CALCULUS 12 (Room 106),unassigned,PHYSICS 12 (Room 225)
1101,ECONOMICS 12 (Room 222),CHEMISTRY 12 (Room 223),unassigned,ANATOMY AND PHYSIOLOGY 12 (Room 225),CALCULUS 12 (Room 221),ENGLISH STUDIES 12 CHALLENGE (Room 209),AP PHYSICS C (MECHANICS) 12 external credential (Room 227),MARKETING AND PROMOTION 11 (Room A-2)
1102,ENGLISH STUDIES 12 (Room A-2),YOGA FOR MINDFULNESS 12 (Room Gym),AUTOMOTIVE TECHNOLOGY 12 (Room 102),ART STUDIO 12 (Room 116),FOOD STUDIES 12 (Room 206),TEXTILES 12 (Room A-7),ANATOMY AND PHYSIOLOGY 12 (Room 226),PRE-CALCULUS 12 (Room 214)
1103,unassigned,CHEMISTRY 12 (Room 223),unassigned,PRE-CALCULUS 12 (Room 106),CALCULUS 12 (Room 212),ENGLISH STUDIES 12 CHALLENGE (Room 209),ANATOMY AND PHYSIOLOGY 12 (Room 223),PHYSICS 12 (Room 227)
1104,ENGLISH FIRST PEOPLES 12 (Room 122),YOGA FOR MINDFULNESS 12 (Room Gym),unassigned,ANATOMY AND PHYSIOLOGY 12 (Room 225),FOOD STUDIES 12 (Room 206),PRE-CALCULUS 12 (Room 221),CHEMISTRY 12 (Room 225),MARKETING AND PROMOTION 11 (Room A-2)
1105,TEXTILES 12 (Room A-7),PRE-CALCULUS 12 HONOURS (Room 212),PHYSICS 12 (Room 223),FOOD STUDIES 12 (Room 206),CALCULUS 12 (Room 221),ENGLISH STUDIES 12 (Room 207A),CHEMISTRY 12 (Room 225),OUTDOOR EDUCATION 12 (Room _CHECK THIS THING IDK)
1106,LIFE SCIENCES 11 (Room 219),unassigned,FOOD STUDIES 12 (Room 206),ENGLISH STUDIES 12 (Room 207B),SPANISH 12 (Room 207B),PHOTOGRAPHY 11 (Room 113),ANATOMY AND PHYSIOLOGY 12 (Room 226),FOUNDATIONS OF MATHEMATICS 11 (Room 106)
1107,CHEMISTRY 12 (Room 216),PRE-CALCULUS 12 HONOURS (Room 212),ENGLISH STUDIES 12 (Room A-6),ANATOMY AND PHYSIOLOGY 12 (Room 225),unassigned,ACTIVE LIVING 12 (Room Gym),AP PHYSICS C (MECHANICS) 12 external credential (Room 227),AP CALCULUS AB 12 external credential (Room 221)
1108,unassigned,ENVIRONMENTAL SCIENCE 12 - CLIMATE CHANGE (Room 205A),SPOKEN LANGUAGE 11 (Room 205B),3D ANIMATION 12 (Room 114),ART STUDIO 12 (Room 116),ENGINEERING 12 (Room 105),CONTEMPORARY INDIGENOUS STUDIES 12 (Room 207A),PRE-CALCULUS 12 (Room 220)
1109,ECONOMICS 12 (Room 209),AUTOMOTIVE TECHNOLOGY 12 (Room 102),FOOD STUDIES 12 (Room 206),unassigned,ACCOUNTING 12 (Room A-2),ENGLISH FIRST PEOPLES 12 (Room A-2),unassigned,FOUNDATIONS OF MATHEMATICS 11 (Room 106)
1110,unassigned,unassigned,unassigned,ENGLISH STUDIES 12 (Room 207B),20th CENTURY WORLD HISTORY 12 (Room 122),PHOTOGRAPHY 11 (Room 113),FRENCH 12 (Room 107),unassigned
1111,unassigned,LEARNING STRATEGIES 12 (Room 109),FOOD STUDIES 12 (Room 206),ENGLISH STUDIES 12 (Room 207B),20th CENTURY WORLD HISTORY 12 (Room 122),MEDIA DESIGN 12 (Room 114),unassigned,PRE-CALCULUS 12 (Room 220)
1112,ENGLISH FIRST PEOPLES 12 Year (Room 107),SOCIAL JUSTICE 12 (Room 208),ELL Academic Literacy 11 (Room 205B),FOOD STUDIES 12 (Room 206),SPANISH 11 (Room 207B),unassigned,ENGLISH FIRST PEOPLES 12 Year (Room 107),LAW STUDIES 12 (Room 122)
1113,PRE-CALCULUS 11 (Room 214),CHEMISTRY 12 (Room 223),PSYCHOLOGY 11 (Room 205A),ANATOMY AND PHYSIOLOGY 12 (Room 216),COMPUTER PROGRAMMING 11 AI and (Room 203),ENGLISH FIRST PEOPLES 12 (Room A-2),LAW STUDIES 12 (Room 121),PRE-CALCULUS 12 (Room 214)
1114,ECONOMICS 12 (Room 209),CHEMISTRY 12 (Room 223),AP ENGLISH LITERATURE & COMPOSITION 12 (Room 123),ANATOMY AND PHYSIOLOGY 12 (Room 225),ACCOUNTING 11 (Room A-2),CALCULUS 12 (Room 106),PHYSICS 12 (Room 219),LAW STUDIES 12 (Room 222)
1115,ECONOMICS 12 (Room 209),COMPUTER SCIENCE 12 (Room 203),PHYSICS 12 (Room 223),PRE-CALCULUS 12 (Room 106),CALCULUS 12 (Room 212),ENGLISH STUDIES 12 (Room 205A),PSYCHOLOGY 11 (Room 222),ENTREPRENEURSHIP 12 (Room A-2)
1116,DANCE TECHNIQUE AND PERFORMANCE 12 (Room Studio),ENVIRONMENTAL SCIENCE 12 - CLIMATE CHANGE (Room 205A),unassigned,unassigned,20th CENTURY WORLD HISTORY 12 (Room 122),ENGLISH STUDIES 12 (Room 207A),COMPARATIVE CULTURES 12 (Room 208),unassigned
1117,ECONOMICS 12 (Room 209),ANATOMY AND PHYSIOLOGY 12 (Room 211),PHYSICS 12 (Room 223),FOOD STUDIES 12 (Room 206),PHYSICAL GEOGRAPHY 12 (Room 207A),ENGLISH FIRST PEOPLES 12 (Room A-2),AUTOMOTIVE TECHNOLOGY 12 (Room 102),OUTDOOR EDUCATION 12 (Room _CHECK THIS THING IDK)
1118,ENGLISH FIRST PEOPLES 12 (Room 122),ANATOMY AND PHYSIOLOGY 12 (Room 211),unassigned,FOOD STUDIES 12 (Room 206),20th CENTURY WORLD HISTORY 12 (Room 122),unassigned,COMPARATIVE CULTURES 12 (Room 208),LAW STUDIES 12 (Room 123)
1119,ENGLISH FIRST PEOPLES 12 Year (Room 107),YOGA FOR MINDFULNESS 12 (Room Gym),SPOKEN LANGUAGE 11 (Room 205B),unassigned,WORKPLACE MATHEMATICS 11 (Room 106),TEXTILES 12 (Room A-7),ENGLISH FIRST PEOPLES 12 Year (Room 107),LEARNING STRATEGIES 12 (Room 109)
1120,ENGLISH FIRST PEOPLES 12 (Room 122),WORKPLACE MATHEMATICS 11 (Room 214),EXPLORATIONS IN SOCIAL STUDIES 11 (Room 222),FOOD STUDIES 12 (Room 206),CRIMINOLOGY 12 (Room 205B),ENVIRONMENTAL SCIENCE 11 (Room 122),AUTOMOTIVE TECHNOLOGY 12 (Room 102),CAREER LIFE EDUCATION 10 (Room 104)
1121,unassigned,SOCIAL JUSTICE 12 (Room 209),ELL Academic Literacy 11 (Room 205B),ANATOMY AND PHYSIOLOGY 12 (Room 225),unassigned,PRE-CALCULUS 12 (Room 221),unassigned,PSYCHOLOGY 11 (Room 209)
1122,CHEMISTRY 12 (Room 216),PRE-CALCULUS 12 HONOURS (Room 212),unassigned,unassigned,ENGLISH STUDIES 12 CHALLENGE (Room A-6),unassigned,AP PHYSICS C (MECHANICS) 12 external credential (Room 227),LAW STUDIES 12 (Room 122)
1123,ECONOMICS 12 (Room 209),CHEMISTRY 12 (Room 216),INSTRUMENTAL MUSIC 12: GUITAR (Room 119),PRE-CALCULUS 12 (Room 210),unassigned,ENGLISH FIRST PEOPLES 12 (Room A-2),ANATOMY AND PHYSIOLOGY 12 (Room 223),LAW STUDIES 12 (Room 123)
1124,LIFE SCIENCES 11 (Room 219),CHEMISTRY 12 (Room 219),PHYSICS 12 (Room 223),PRE-CALCULUS 12 (Room 106),CALCULUS 12 (Room 221),ENGLISH STUDIES 12 (Room 205A),ANATOMY AND PHYSIOLOGY 12 (Room 223),OUTDOOR EDUCATION 12 (Room _CHECK THIS THING IDK)
1125,ENGLISH FIRST PEOPLES 12 (Room 122),ANATOMY AND PHYSIOLOGY 12 (Room 211),unassigned,PRE-CALCULUS 12 (Room 106),CALCULUS 12 (Room 221),unassigned,CHEMISTRY 12 (Room 225),PHYSICS 12 (Room 227)
1126,20th CENTURY WORLD HISTORY 12 (Room 121),COMPOSITION 11 (Room A-6),PSYCHOLOGY 11 (Room 205A),ANATOMY AND PHYSIOLOGY 12 (Room 216),unassigned,ENGLISH STUDIES 12 (Room 205A),PHOTOGRAPHY 11 (Room 113),TEXTILES 12 (Room A-7)
1127,PRE-CALCULUS 12 (Room 212),CHEMISTRY 12 (Room 216),AP ENGLISH LITERATURE & COMPOSITION 12 (Room 123),LITERARY STUDIES 12 (Room A-7),ART STUDIO 12 (Room 116),CALCULUS 12 (Room 106),ANATOMY AND PHYSIOLOGY 12 (Room 223),PHYSICS 12 (Room 225)
1128,CHEMISTRY 12 (Room 216),SOCIAL JUSTICE 12 (Room 208),LIFE SCIENCES 11 (Room 216),ENGLISH STUDIES 12 (Room 207B),FOOD STUDIES 12 (Room 206),PRE-CALCULUS 12 (Room 221),ANATOMY AND PHYSIOLOGY 12 (Room 226),PHYSICS 12 (Room 227)
1129,20th CENTURY WORLD HISTORY 12 (Room 121),ANATOMY AND PHYSIOLOGY 12 (Room 211),PSYCHOLOGY 11 (Room 205A),ENGLISH STUDIES 12 (Room 207B),PHYSICAL GEOGRAPHY 12 (Room 207A),PRE-CALCULUS 12 (Room 221),ACTIVE LIVING 12 Girls (Room Gym),PHYSICS 12 (Room 227)
1130,PRE-CALCULUS 12 (Room 212),CHEMISTRY 12 (Room 216),AP ENGLISH LITERATURE & COMPOSITION 12 (Room 123),LITERARY STUDIES 12 (Room A-7),PHYSICAL GEOGRAPHY 12 (Room 207A),CALCULUS 12 (Room 106),ACTIVE LIVING 12 (Room Gym),PHYSICS 12 (Room 227)
1131,PRE-CALCULUS 12 (Room 212),ANATOMY AND PHYSIOLOGY 12 (Room 211),COMPUTER SCIENCE 11 (Room 203),unassigned,CALCULUS 12 (Room 221),ENGLISH STUDIES 12 (Room 205A),unassigned,LAW STUDIES 12 (Room 122)
1132,ECONOMICS 12 (Room 209),PRE-CALCULUS 12 HONOURS (Room 212),PHYSICS 12 (Room 223),PRE-CALCULUS 12 (Room 210),ENGLISH STUDIES 12 CHALLENGE (Room A-6),CALCULUS 12 (Room 106),LAW STUDIES 12 (Room 121),AP CALCULUS AB 12 external credential (Room 221)
1133,INSTRUMENTAL MUSIC 12: CONCERT BAND LINEAR (Room 119),PRE-CALCULUS 12 HONOURS (Room 212),AP ENGLISH LITERATURE & COMPOSITION 12 (Room 123),LITERARY STUDIES 12 (Room A-7),FOOD STUDIES 12 (Room 206),INSTRUMENTAL MUSIC 12: CONCERT BAND LINEAR (Room 119),PHYSICS 12 (Room 219),AP CALCULUS AB 12 external credential (Room 221)
1134,PRE-CALCULUS 12 (Room 212),CHEMISTRY 12 (Room 216),ENGINEERING 12 (Room 104),ROBOTICS 12 (Room 104),CALCULUS 12 (Room 221),ENGLISH STUDIES 12 (Room 207A),AP PHYSICS C (MECHANICS) 12 external credential (Room 227),PHYSICS 12 (Room 227)
1135,unassigned,AUTOMOTIVE TECHNOLOGY 12 (Room 102),unassigned,FOOD STUDIES 12 (Room 206),COMPUTER PROGRAMMING 11 AI and (Room 203),ENGLISH STUDIES 12 (Room 207A),ENGINE AND DRIVETRAIN 12 (Room 102),WOODWORK 12 (Room 101)
1136,ECONOMICS 12 (Room 209),SOCIAL JUSTICE 12 (Room 209),unassigned,ANATOMY AND PHYSIOLOGY 12 (Room 216),20th CENTURY WORLD HISTORY 12 (Room 122),ENGLISH FIRST PEOPLES 12 (Room A-2),PHOTOGRAPHY 12 (Room 113),PRE-CALCULUS 12 (Room 220)
1137,E-COMMERCE 12 (Room 209),unassigned,INSTRUMENTAL MUSIC 12: GUITAR (Room 119),PRE-CALCULUS 12 (Room 210),CALCULUS 12 (Room 221),ENGLISH FIRST PEOPLES 12 (Room A-2),unassigned,LAW STUDIES 12 (Room 222)
1138,PRE-CALCULUS 12 (Room 212),SOCIAL JUSTICE 12 (Room 208),ENGLISH STUDIES 12 (Room A-6),PHYSICS 11 (Room 223),CRIMINOLOGY 12 (Room 205B),CALCULUS 12 (Room 106),LAW STUDIES 12 (Room 121),PHYSICS 12 (Room 227)
1139,CHEMISTRY 12 (Room 216),PRE-CALCULUS 12 HONOURS (Room 212),AP ENGLISH LITERATURE & COMPOSITION 12 (Room 123),LITERARY STUDIES 12 (Room A-7),CALCULUS 12 (Room 212),ENGINEERING 12 (Room 105),AP PHYSICS C (MECHANICS) 12 external credential (Room 227),FOOD STUDIES 12 (Room 206)
1140,ENGLISH FIRST PEOPLES 12 (Room 122),DRAMA 12 (Room A-1),unassigned,CROSS TRAINING 12 (Room 120),unassigned,unassigned,ACTIVE LIVING 12 (Room Gym),FOOD STUDIES 12 (Room 206)
1141,ECONOMICS 12 (Room 209),ENVIRONMENTAL SCIENCE 12 - CLIMATE CHANGE (Room 205A),unassigned,PRE-CALCULUS 12 (Room 106),SPANISH 12 (Room 207B),ENGLISH STUDIES 12 CHALLENGE (Room 209),LAW STUDIES 12 (Room 121),AP CALCULUS AB 12 external credential (Room 221)
1142,E-COMMERCE 12 (Room 209),PRE-CALCULUS 11 (Room 220),unassigned,ANATOMY AND PHYSIOLOGY 12 (Room 225),ACCOUNTING 12 (Room A-2),ENGLISH FIRST PEOPLES 12 (Room A-2),unassigned,PRE-CALCULUS 12 (Room 220)
1143,ENGLISH STUDIES 12 (Room A-2),unassigned,AUTOMOTIVE TECHNOLOGY 12 (Room 102),CROSS TRAINING 12 (Room 120),ROBOTICS 12 (Room 104),ACTIVE LIVING 12 (Room Gym),ENGINE AND DRIVETRAIN 12 (Room 102),FOOD STUDIES 12 (Room 206)
1144,ENGLISH FIRST PEOPLES 12 (Room 122),CHEMISTRY 12 (Room 225),ENGINEERING 12 (Room 104),PRE-CALCULUS 12 (Room 210),DRAFTING 12 (Room 105),unassigned,PHYSICS 12 (Room 219),AP CALCULUS AB 12 external credential (Room 221)
1145,ENGLISH FIRST PEOPLES 12 (Room 205B),ENVIRONMENTAL SCIENCE 12 - CLIMATE CHANGE (Room 205A),PHYSICS 12 (Room 223),ANATOMY AND PHYSIOLOGY 12 (Room 216),PHYSICAL GEOGRAPHY 12 (Room 207A),CALCULUS 12 (Room 106),CHEMISTRY 12 (Room 225),OUTDOOR EDUCATION 12 (Room _CHECK THIS THING IDK)
1146,ENGLISH FIRST PEOPLES 12 (Room 122),SOCIAL JUSTICE 12 (Room 209),DANCE FOUNDATIONS 12 (Room Studio),unassigned,FOOD STUDIES 12 (Room 206),ENVIRONMENTAL SCIENCE 11 (Room 122),unassigned,LEARNING STRATEGIES 12 (Room 109)
1147,20th CENTURY WORLD HISTORY 12 (Room 121),ENVIRONMENTAL SCIENCE 12 - CLIMATE CHANGE (Room 205A),AUTOMOTIVE TECHNOLOGY 12 (Room 102),ANATOMY AND PHYSIOLOGY 12 (Room 216),TEXTILES 12 (Room A-7),ENGLISH STUDIES 12 (Room 207A),ENGINE AND DRIVETRAIN 12 (Room 102),unassigned
1148,PRE-CALCULUS 12 (Room 212),SOCIAL JUSTICE 12 (Room 209),AUTOMOTIVE TECHNOLOGY 12 (Room 102),DANCE CONDITIONING 12 (Room Studio),CALCULUS 12 (Room 221),ENGLISH FIRST PEOPLES 12 (Room A-2),CHEMISTRY 12 (Room 225),CONTEMPORARY INDIGENOUS STUDIES 12 (Room 121)
1149,unassigned,SOCIAL JUSTICE 12 (Room 209),FOOD STUDIES 12 (Room 206),unassigned,unassigned,ENGLISH STUDIES 12 (Room 207A),ANATOMY AND PHYSIOLOGY 12 (Room 226),PSYCHOLOGY 11 (Room 209)
1150,PRE-CALCULUS 12 (Room 212),CHEMISTRY 12 (Room 223),PSYCHOLOGY 11 (Room 205A),ART STUDIO 12 (Room 116),FOOD STUDIES 12 (Room 206),CALCULUS 12 (Room 106),LAW STUDIES 12 (Room 121),OUTDOOR EDUCATION 12 (Room _CHECK THIS THING IDK)
1151,ENGLISH FIRST PEOPLES 12 (Room 122),YOGA FOR MINDFULNESS 12 (Room Gym),unassigned,ANATOMY AND PHYSIOLOGY 12 (Room 216),INTRODUCTORY SPANISH 11 (Room 205A),unassigned,ACTIVE LIVING 12 Girls (Room Gym),unassigned
1152,ENGLISH FIRST PEOPLES 12 (Room 205B),AUTOMOTIVE TECHNOLOGY 12 (Room 102),FOOD STUDIES 12 (Room 206),PRE-CALCULUS 12 (Room 106),CRIMINOLOGY 12 (Room 121),LEARNING STRATEGIES 12 (Room 109),ANATOMY AND PHYSIOLOGY 12 (Room 226),LAW STUDIES 12 (Room 222)
1153,ECONOMICS 12 (Room 209),PRE-CALCULUS 11 (Room 220),ENGLISH STUDIES 12 (Room A-6),unassigned,unassigned,unassigned,unassigned,PRE-CALCULUS 12 (Room 214)
1154,20th CENTURY WORLD HISTORY 12 (Room 121),unassigned,ENGLISH STUDIES 12 (Room A-6),PRE-CALCULUS 12 (Room 210),PHYSICAL GEOGRAPHY 12 (Room 207A),CALCULUS 12 (Room 106),unassigned,unassigned
1155,DANCE TECHNIQUE AND PERFORMANCE 12 (Room Studio),SOCIAL JUSTICE 12 (Room 208),PSYCHOLOGY 11 (Room 205A),unassigned,CRIMINOLOGY 12 (Room A-3),ENGLISH FIRST PEOPLES 12 (Room A-2),CONTEMPORARY INDIGENOUS STUDIES 12 (Room 207A),PRE-CALCULUS 12 (Room 220)
1156,TEXTILES 12 (Room A-7),SOCIAL JUSTICE 12 (Room 208),DANCE FOUNDATIONS 12 (Room Studio),FOOD STUDIES 12 (Room 206),INTRODUCTORY SPANISH 11 (Room 205A),ENGLISH STUDIES 12 (Room 205A),COMPARATIVE CULTURES 12 (Room 208),LAW STUDIES 12 (Room 222)
1157,PRE-CALCULUS 12 (Room 212),CHEMISTRY 12 (Room 223),AP ENGLISH LITERATURE & COMPOSITION 12 (Room 123),LITERARY STUDIES 12 (Room A-7),FOOD STUDIES 12 (Room 206),CALCULUS 12 (Room 106),AUTOMOTIVE TECHNOLOGY 12 (Room 102),PHYSICS 12 (Room 227)
1158,INSTRUMENTAL MUSIC 12: CONCERT BAND LINEAR (Room 119),SOCIAL JUSTICE 12 (Room 209),AP ENGLISH LITERATURE & COMPOSITION 12 (Room 123),LITERARY STUDIES 12 (Room A-7),PHYSICAL GEOGRAPHY 12 (Room 207A),INSTRUMENTAL MUSIC 12: CONCERT BAND LINEAR (Room 119),unassigned,unassigned
1159,ENGLISH FIRST PEOPLES 12 (Room 122),WORKPLACE MATHEMATICS 11 (Room 214),unassigned,3D ANIMATION 12 (Room 114),FOOD STUDIES 12 (Room 206),unassigned,unassigned,unassigned
1160,ENGLISH FIRST PEOPLES 12 (Room 205B),AUTOMOTIVE TECHNOLOGY 12 (Room 102),ENVIRONMENTAL SCIENCE 11 (Room 207A),PRE-CALCULUS 12 (Room 210),LEARNING STRATEGIES 12 (Room 109),PHYSICS 11 (Room 211),ANATOMY AND PHYSIOLOGY 12 (Room 226),WOODWORK 12 (Room 101)
1161,LIFE SCIENCES 11 (Room 219),COMPOSITION 11 (Room 207A),EXPLORATIONS IN SOCIAL STUDIES 11 (Room 122),unassigned,SPANISH 12 (Room 207B),ENGLISH FIRST PEOPLES 12 (Room A-2),ACTIVE LIVING 12 (Room Gym),CAREER LIFE EDUCATION 10 (Room 104)
1162,E-COMMERCE 12 (Room 222),unassigned,ENGLISH STUDIES 12 (Room A-6),PRE-CALCULUS 12 (Room 210),20th CENTURY WORLD HISTORY 12 (Room 122),ACTIVE LIVING 12 (Room Gym),COMPARATIVE CULTURES 12 (Room 208),ENTREPRENEURSHIP 12 (Room A-2)
1163,PRE-CALCULUS 12 (Room 212),CHEMISTRY 12 (Room 223),unassigned,unassigned,CALCULUS 12 (Room 221),ENGLISH STUDIES 12 (Room 207A),ANATOMY AND PHYSIOLOGY 12 (Room 226),unassigned
1164,ECONOMICS 12 (Room 209),CHEMISTRY 12 (Room 223),ENGINEERING 12 (Room 104),PRE-CALCULUS 12 (Room 106),CALCULUS 12 (Room 212),ENGLISH STUDIES 12 CHALLENGE (Room 209),AUTOMOTIVE TECHNOLOGY 12 (Room 102),PHYSICS 12 (Room 227)
1165,ENGLISH FIRST PEOPLES 12 (Room 122),SOCIAL JUSTICE 12 (Room 208),unassigned,unassigned,unassigned,unassigned,unassigned,unassigned
1166,unassigned,CHEMISTRY 12 (Room 216),AUTOMOTIVE TECHNOLOGY 12 (Room 102),unassigned,DRAFTING 12 (Room 105),ENGLISH STUDIES 12 (Room 205A),AP PHYSICS C (MECHANICS) 12 external credential (Room 227),AP CALCULUS AB 12 external credential (Room 221)
1167,ENGLISH STUDIES 12 (Room A-2),LEARNING STRATEGIES 12 (Room 109),FOOD STUDIES 12 (Room 206),unassigned,CRIMINOLOGY 12 (Room A-3),ACTIVE LIVING 12 (Room Gym),COMPARATIVE CULTURES 12 (Room 208),PSYCHOLOGY 11 (Room 209)
1168,unassigned,CHEMISTRY 12 (Room 216),ENGLISH STUDIES 12 (Room A-6),PRE-CALCULUS 12 (Room 210),unassigned,CALCULUS 12 (Room 106),PHYSICS 12 (Room 219),FOOD STUDIES 12 (Room 206)
1169,ENGLISH FIRST PEOPLES 12 (Room 122),CHEMISTRY 12 (Room 219),ENGINEERING 12 (Room 104),3D ANIMATION 12 (Room 114),ACCOUNTING 12 (Room A-2),ACTIVE LIVING 12 (Room Gym),AP PHYSICS C (MECHANICS) 12 external credential (Room 227),COMPUTER SCIENCE 12 (Room 203)
1170,ENGLISH STUDIES 12 (Room A-2),CHEMISTRY 12 (Room 219),DRAFTING 12 (Room 105),ROBOTICS 12 (Room 104),CRIMINOLOGY 12 (Room 121),unassigned,ENGINEERING 12 (Room 105),unassigned
1171,PRE-CALCULUS 11 (Room 106),DRAMA 12 (Room A-1),CHEMISTRY 11 (Room 211),COMPOSITION 11 (Room A-6),LIFE SCIENCES 11 (Room 226),ENGLISH STUDIES 12 (Room 207A),CONTEMPORARY INDIGENOUS STUDIES 12 (Room 207A),LEARNING STRATEGIES 12 (Room 109)
1172,PRE-CALCULUS 12 (Room 212),ENVIRONMENTAL SCIENCE 12 - CLIMATE CHANGE (Room 205A),AP ENGLISH LITERATURE & COMPOSITION 12 (Room 123),LITERARY STUDIES 12 (Room A-7),CALCULUS 12 (Room 212),PHYSICS 11 (Room 225),CHEMISTRY 12 (Room 225),TEXTILES 12 (Room A-7)
1173,ACCOUNTING 11 (Room 205A),CHEMISTRY 12 (Room 225),AUTOMOTIVE TECHNOLOGY 12 (Room 102),PRE-CALCULUS 12 (Room 210),CALCULUS 12 (Room 221),ENGLISH FIRST PEOPLES 12 (Room A-2),ACTIVE LIVING 12 (Room Gym),PHYSICS 12 (Room 227)
1174,PRE-CALCULUS 12 (Room 212),SOCIAL JUSTICE 12 (Room 208),ENGINEERING 12 (Room 104),PHYSICS 11 (Room 219),20th CENTURY WORLD HISTORY 12 (Room 122),ENGLISH STUDIES 12 (Room 205A),COMPARATIVE CULTURES 12 (Room 208),PHYSICS 12 (Room 227)
1175,unassigned,ANATOMY AND PHYSIOLOGY 12 (Room 211),ENGLISH STUDIES 12 (Room A-6),unassigned,20th CENTURY WORLD HISTORY 12 (Room 122),PHOTOGRAPHY 11 (Room 113),unassigned,unassigned
1176,ENGLISH FIRST PEOPLES 12 (Room 205B),CHEMISTRY 12 (Room 225),PHYSICS 12 (Room 223),PRE-CALCULUS 12 (Room 210),CALCULUS 12 (Room 221),unassigned,ANATOMY AND PHYSIOLOGY 12 (Room 226),LAW STUDIES 12 (Room 123)
1177,ECONOMICS 12 (Room 209),SOCIAL JUSTICE 12 (Room 208),unassigned,PRE-CALCULUS 12 (Room 106),20th CENTURY WORLD HISTORY 12 (Room 122),ENGLISH STUDIES 12 (Room 207A),CHEMISTRY 12 (Room 225),LAW STUDIES 12 (Room 222)
1178,unassigned,CHEMISTRY 12 (Room 225),ENGLISH STUDIES 12 (Room A-6),PRE-CALCULUS 12 (Room 106),CALCULUS 12 (Room 212),TEXTILES 12 (Room A-7),ANATOMY AND PHYSIOLOGY 12 (Room 226),PHYSICS 12 (Room 225)
1179,ECONOMICS 12 (Room 222),unassigned,PSYCHOLOGY 11 (Room 205A),unassigned,FOOD STUDIES 12 (Room 206),ENGLISH FIRST PEOPLES 12 (Room A-2),COMPARATIVE CULTURES 12 (Room 208),FOUNDATIONS OF MATHEMATICS 11 (Room 106)
1180,ENGLISH STUDIES 12 (Room A-2),unassigned,unassigned,unassigned,SPANISH 12 (Room 207B),PRE-CALCULUS 12 (Room 221),unassigned,PHYSICS 12 (Room 225)
1181,20th CENTURY WORLD HISTORY 12 (Room 121),DRAMA 12 (Room A-1),ENVIRONMENTAL SCIENCE 11 (Room A-2),ART STUDIO 12 (Room 116),FOUNDATIONS OF MATHEMATICS 11 (Room 220),ENGLISH STUDIES 12 (Room 205A),CONTEMPORARY INDIGENOUS STUDIES 12 (Room 207A),PSYCHOLOGY 11 (Room 209)
1182,PRE-CALCULUS 12 (Room 212),CHEMISTRY 12 (Room 223),unassigned,PHYSICS 11 (Room 219),CALCULUS 12 (Room 221),ENGLISH STUDIES 12 (Room 207A),ENGINEERING 12 (Room 105),unassigned
1183,PRE-CALCULUS 12 (Room 212),YOGA FOR MINDFULNESS 12 (Room Gym),unassigned,DANCE CONDITIONING 12 (Room Studio),CALCULUS 12 (Room 212),ENGLISH STUDIES 12 (Room 207A),CHEMISTRY 12 (Room 225),PSYCHOLOGY 11 (Room 209)
1184,ENGLISH STUDIES 12 (Room A-2),unassigned,AUTOMOTIVE TECHNOLOGY 12 (Room 102),CROSS TRAINING 12 (Room 120),EXPLORATIONS IN SOCIAL STUDIES 11 (Room 107),ENVIRONMENTAL SCIENCE 11 (Room 122),unassigned,unassigned
1185,unassigned,COMPOSITION 11 (Room A-2),DANCE FOUNDATIONS 11 (Room Studio),unassigned,FOOD STUDIES 11 (Room 206),unassigned,PRE-CALCULUS 11 (Room 214),unassigned
1186,ENGLISH FIRST PEOPLES 12 (Room 205B),ENVIRONMENTAL SCIENCE 12 - CLIMATE CHANGE (Room 205A),DRAFTING 12 (Room 105),PRE-CALCULUS 12 (Room 106),20th CENTURY WORLD HISTORY 12 (Room 122),PHYSICS 11 (Room 225),WOODWORK 12 (Room 101),FOOD STUDIES 12 (Room 206)
1187,ENGLISH FIRST PEOPLES 12 (Room 122),unassigned,INSTRUMENTAL MUSIC 12: GUITAR (Room 119),unassigned,EXPLORATIONS IN SOCIAL STUDIES 11 (Room 107),unassigned,unassigned,FOOD STUDIES 12 (Room 206)
1188,ENGLISH FIRST PEOPLES 12 (Room 205B),CHEMISTRY 12 (Room 223),PHYSICS 12 (Room 223),PRE-CALCULUS 12 (Room 106),CALCULUS 12 (Room 221),unassigned,unassigned,LAW STUDIES 12 (Room 123)
1189,CHEMISTRY 12 (Room 216),AUTOMOTIVE TECHNOLOGY 12 (Room 102),PSYCHOLOGY 11 (Room 205A),ENGLISH STUDIES 12 (Room 207B),20th CENTURY WORLD HISTORY 12 (Room 122),PRE-CALCULUS 12 (Room 221),ENGINE AND DRIVETRAIN 12 (Room 102),LAW STUDIES 12 (Room 122)
1190,20th CENTURY WORLD HISTORY 12 (Room 121),ENVIRONMENTAL SCIENCE 12 - CLIMATE CHANGE (Room 205A),ENGLISH STUDIES 12 (Room A-6),ANATOMY AND PHYSIOLOGY 12 (Room 216),CRIMINOLOGY 12 (Room 121),PRE-CALCULUS 12 (Room 221),ACTIVE LIVING 12 (Room Gym),FOOD STUDIES 12 (Room 206)
1191,ENGLISH FIRST PEOPLES 12 (Room 205B),AUTOMOTIVE TECHNOLOGY 12 (Room 102),ENVIRONMENTAL SCIENCE 11 (Room 207A),unassigned,unassigned,unassigned,LAW STUDIES 12 (Room 121),CAREER LIFE EDUCATION 10 (Room 104)
1192,unassigned,unassigned,ART STUDIO 12 (Room 116),FOOD STUDIES 12 (Room 206),INTRODUCTORY SPANISH 11 (Room 205A),ENGLISH STUDIES 12 (Room 205A),PSYCHOLOGY 11 (Room 222),unassigned
1193,CHEMISTRY 12 (Room 216),SOCIAL JUSTICE 12 (Room 208),ENGLISH STUDIES 12 (Room A-6),PRE-CALCULUS 12 (Room 106),CALCULUS 12 (Room 212),PHYSICS 11 (Room 225),ANATOMY AND PHYSIOLOGY 12 (Room 223),FOOD STUDIES 12 (Room 206)
1194,unassigned,unassigned,unassigned,ANATOMY AND PHYSIOLOGY 12 (Room 216),unassigned,ENGLISH STUDIES 12 (Room 205A),ENGINEERING 12 (Room 105),PRE-CALCULUS 12 (Room 220)
1195,20th CENTURY WORLD HISTORY 12 (Room 121),SOCIAL JUSTICE 12 (Room 208),ELL Academic Literacy 11 (Room 205B),DANCE CONDITIONING 12 (Room Studio),CRIMINOLOGY 12 (Room 205B),unassigned,COMPARATIVE CULTURES 12 (Room 208),PRE-CALCULUS 12 (Room 220)
1196,COMPUTER PROGRAMMING 12 AI and (Room 203),unassigned,ELL Academic Literacy 11 (Room 205B),PRE-CALCULUS 12 (Room 106),MEDIA DESIGN 12 (Room 114),ENGINEERING 12 (Room 105),PHYSICS 12 (Room 219),LAW STUDIES 12 (Room 222)
1197,DANCE TECHNIQUE AND PERFORMANCE 12 (Room Studio),CHEMISTRY 12 (Room 219),PHYSICS 12 (Room 223),PRE-CALCULUS 12 (Room 210),CALCULUS 12 (Room 221),ENGLISH FIRST PEOPLES 12 (Room A-2),ANATOMY AND PHYSIOLOGY 12 (Room 226),FOOD STUDIES 12 (Room 206)
1198,unassigned,SOCIAL JUSTICE 12 (Room 208),unassigned,DANCE CONDITIONING 12 (Room Studio),unassigned,ENGLISH STUDIES 12 (Room 205A),ANATOMY AND PHYSIOLOGY 12 (Room 223),unassigned
1199,ECONOMICS 12 (Room 209),CHEMISTRY 12 (Room 225),AUTOMOTIVE TECHNOLOGY 12 (Room 102),PRE-CALCULUS 12 (Room 106),CRIMINOLOGY 12 (Room 121),ENGLISH FIRST PEOPLES 12 (Room A-2),ACTIVE LIVING 12 (Room Gym),CONTEMPORARY INDIGENOUS STUDIES 12 (Room 121)
1200,ACCOUNTING 12 (Room 205A),CHEMISTRY 12 (Room 225),unassigned,AP STATISTICS 12 (Room 212),INTRODUCTORY SPANISH 11 (Room 205A),ENGLISH STUDIES 12 (Room 207A),unassigned,PHYSICS 12 (Room 227)
1201,ENGLISH FIRST PEOPLES 12 (Room 122),unassigned,unassigned,ANATOMY AND PHYSIOLOGY 12 (Room 216),unassigned,ACTIVE LIVING 12 (Room Gym),PHYSICS 12 (Room 219),PRE-CALCULUS 12 (Room 214)
1202,SPANISH 11 (Room 123),CHEMISTRY 12 (Room 216),ENGLISH STUDIES 12 (Room A-6),ANATOMY AND PHYSIOLOGY 12 (Room 225),SPANISH 12 (Room 207B),PRE-CALCULUS 12 (Room 221),INTRODUCTORY SPANISH 11 (Room 207B),TEXTILES 12 (Room A-7)
1203,20th CENTURY WORLD HISTORY 12 (Room 121),WORKPLACE MATHEMATICS 11 (Room 214),ENGLISH STUDIES 12 (Room A-6),3D ANIMATION 12 (Room 114),FOUNDATIONS OF MATHEMATICS 11 (Room 220),TEXTILES 12 (Room A-7),COMPARATIVE CULTURES 12 (Room 208),LAW STUDIES 12 (Room 222)
1204,ENGLISH FIRST PEOPLES 12 (Room 122),DRAMA 12 (Room A-1),DRAFTING 12 (Room 105),ANATOMY AND PHYSIOLOGY 12 (Room 216),FOOD STUDIES 12 (Room 206),PRE-CALCULUS 12 (Room 221),CHEMISTRY 12 (Room 225),OUTDOOR EDUCATION 12 (Room _CHECK THIS THING IDK)
1205,ENGLISH FIRST PEOPLES 12 (Room 205B),COMPUTER SCIENCE 12 (Room 203),DRAFTING 12 (Room 105),PRE-CALCULUS 12 (Room 210),COMPUTER PROGRAMMING 11 AI and (Room 203),CALCULUS 12 (Room 106),ENGINEERING 12 (Room 105),PHYSICS 12 (Room 225)
1206,ECONOMICS 12 (Room 222),PRE-CALCULUS 12 HONOURS (Room 212),PSYCHOLOGY 11 (Room 205A),ANATOMY AND PHYSIOLOGY 12 (Room 225),ENGLISH STUDIES 12 CHALLENGE (Room A-6),CALCULUS 12 (Room 106),AP PHYSICS C (MECHANICS) 12 external credential (Room 227),AP COMPUTER SCIENCE A 12 (Room 203)
1207,DANCE TECHNIQUE AND PERFORMANCE 12 (Room Studio),PRE-CALCULUS 12 HONOURS (Room 212),unassigned,ENGLISH STUDIES 12 (Room 207B),CRIMINOLOGY 12 (Room 121),unassigned,COMPARATIVE CULTURES 12 (Room 208),LAW STUDIES 12 (Room 123)
1208,ECONOMICS 12 (Room 222),PRE-CALCULUS 12 HONOURS (Room 212),PHYSICS 12 (Room 223),DRAFTING 12 (Room 105),CALCULUS 12 (Room 212),ENGLISH STUDIES 12 CHALLENGE (Room 209),CHEMISTRY 12 (Room 225),LAW STUDIES 12 (Room 123)
1209,INSTRUMENTAL MUSIC 12: CONCERT BAND LINEAR (Room 119),CHEMISTRY 12 (Room 216),AP ENGLISH LITERATURE & COMPOSITION 12 (Room 123),LITERARY STUDIES 12 (Room A-7),unassigned,INSTRUMENTAL MUSIC 12: CONCERT BAND LINEAR (Room 119),ANATOMY AND PHYSIOLOGY 12 (Room 226),PRE-CALCULUS 12 (Room 214)
1210,ENGLISH FIRST PEOPLES 12 (Room 205B),ENVIRONMENTAL SCIENCE 12 - CLIMATE CHANGE (Room 205A),DANCE FOUNDATIONS 12 (Room Studio),PRE-CALCULUS 12 (Room 210),INTRODUCTORY SPANISH 11 (Room 205A),CALCULUS 12 (Room 106),ACTIVE LIVING 12 Girls (Room Gym),ENTREPRENEURSHIP 12 (Room A-2)
1211,LIFE SCIENCES 11 (Room 219),CHEMISTRY 12 (Room 223),ENGINEERING 12 (Room 104),DRAFTING 12 (Room 105),CALCULUS 12 (Room 221),ENGLISH STUDIES 12 CHALLENGE (Room 209),ANATOMY AND PHYSIOLOGY 12 (Room 223),PHYSICS 12 (Room 227)
1212,ENGLISH FIRST PEOPLES 12 (Room 205B),ENVIRONMENTAL SCIENCE 12 - CLIMATE CHANGE (Room 205A),PSYCHOLOGY 11 (Room 205A),CROSS TRAINING 12 (Room 120),CRIMINOLOGY 12 (Room 121),ACTIVE LIVING 12 (Room Gym),AUTOMOTIVE TECHNOLOGY 12 (Room 102),FOUNDATIONS OF MATHEMATICS 11 (Room 106)
1213,ENGLISH FIRST PEOPLES 12 (Room 205B),ENGINE AND DRIVETRAIN 12 (Room 102),CHEMISTRY 11 (Room 227),DRAFTING 12 (Room 105),CALCULUS 12 (Room 212),ENGINEERING 12 (Room 105),CHEMISTRY 12 (Room 225),PHYSICS 12 (Room 225)
1214,PRE-CALCULUS 12 (Room 212),CHEMISTRY 12 (Room 219),AP ENGLISH LITERATURE & COMPOSITION 12 (Room 123),LITERARY STUDIES 12 (Room A-7),CALCULUS 12 (Room 212),unassigned,ANATOMY AND PHYSIOLOGY 12 (Room 223),LAW STUDIES 12 (Room 122)
1215,ENGLISH FIRST PEOPLES 12 (Room 205B),CHEMISTRY 12 (Room 216),unassigned,ANATOMY AND PHYSIOLOGY 12 (Room 225),unassigned,ENGLISH STUDIES 12 (Room 207A),PSYCHOLOGY 11 (Room 222),unassigned
1216,unassigned,CHEMISTRY 12 (Room 216),PHYSICS 12 (Room 223),ENGLISH STUDIES 12 (Room 207B),ACCOUNTING 11 (Room A-2),CALCULUS 12 (Room 106),LAW STUDIES 12 (Room 121),AP CALCULUS AB 12 external credential (Room 221)
1217,PRE-CALCULUS 12 (Room 212),CHEMISTRY 12 (Room 216),ENGLISH STUDIES 12 (Room A-6),AP STATISTICS 12 (Room 212),ROBOTICS 12 (Room 104),CALCULUS 12 (Room 106),AP PHYSICS C (MECHANICS) 12 external credential (Room 227),LAW STUDIES 12 (Room 122)
1218,FRENCH 12 (Room A-3),SOCIAL JUSTICE 12 (Room 209),unassigned,unassigned,LIFE SCIENCES 11 (Room 226),unassigned,PSYCHOLOGY 11 (Room 222),unassigned
1219,CHEMISTRY 12 (Room 216),ANATOMY AND PHYSIOLOGY 12 (Room 211),AP ENGLISH LITERATURE & COMPOSITION 12 (Room 123),LITERARY STUDIES 12 (Room A-7),SPANISH 12 (Room 207B),PRE-CALCULUS 12 (Room 221),COMPARATIVE CULTURES 12 (Room 208),PSYCHOLOGY 11 (Room 209)
1220,ENGLISH FIRST PEOPLES 12 (Room 122),CHEMISTRY 12 (Room 225),INSTRUMENTAL MUSIC 12: GUITAR (Room 119),ANATOMY AND PHYSIOLOGY 12 (Room 216),CRIMINOLOGY 12 (Room 121),CALCULUS 12 (Room 106),PHYSICS 12 (Room 219),FOOD STUDIES 12 (Room 206)
1221,CHEMISTRY 12 (Room 216),PRE-CALCULUS 12 HONOURS (Room 212),PHYSICS 12 (Room 223),DRAFTING 12 (Room 105),FOOD STUDIES 12 (Room 206),ENGLISH STUDIES 12 CHALLENGE (Room 209),ACTIVE LIVING 12 Girls (Room Gym),AP CALCULUS AB 12 external credential (Room 221)
1222,PRE-CALCULUS 12 (Room 212),CHEMISTRY 12 (Room 219),ENGLISH STUDIES 12 (Room A-6),3D ANIMATION 12 (Room 114),CRIMINOLOGY 12 (Room 121),CALCULUS 12 (Room 106),AP PHYSICS C (MECHANICS) 12 external credential (Room 227),PHYSICS 12 (Room 227)
1223,CHEMISTRY 12 (Room 216),DRAMA 12 (Room A-1),ENGLISH STUDIES 12 (Room A-6),PRE-CALCULUS 12 (Room 210),PHYSICAL GEOGRAPHY 12 (Room 207A),CALCULUS 12 (Room 106),ANATOMY AND PHYSIOLOGY 12 (Room 223),FOOD STUDIES 12 (Room 206)
1224,ENGLISH STUDIES 12 (Room A-2),CHEMISTRY 12 (Room 223),ART STUDIO 12 (Room 116),PRE-CALCULUS 12 (Room 210),SPANISH 12 (Room 207B),CALCULUS 12 (Room 106),ANATOMY AND PHYSIOLOGY 12 (Room 223),PHYSICS 12 (Room 225)
1225,ENGLISH FIRST PEOPLES 12 Year (Room 107),ANATOMY AND PHYSIOLOGY 12 (Room 211),ELL Academic Literacy 11 (Room 205B),FOOD STUDIES 12 (Room 206),ART STUDIO 12 (Room 116),unassigned,ENGLISH FIRST PEOPLES 12 Year (Room 107),unassigned
1226,PRE-CALCULUS 12 (Room 212),unassigned,AP ENGLISH LITERATURE & COMPOSITION 12 (Room 123),LITERARY STUDIES 12 (Room A-7),CALCULUS 12 (Room 221),LIFE SCIENCES 11 (Room 227),unassigned,PHYSICS 12 (Room 227)
1227,unassigned,PRE-CALCULUS 11 (Room 220),LIFE SCIENCES 11 (Room 216),unassigned,ART STUDIO 12 (Room 116),ENGLISH STUDIES 12 (Room 205A),unassigned,unassigned
1228,LIFE SCIENCES 11 (Room 219),CHEMISTRY 12 (Room 216),AP ENGLISH LITERATURE & COMPOSITION 12 (Room 123),LITERARY STUDIES 12 (Room A-7),DRAFTING 12 (Room 105),CALCULUS 12 (Room 106),PHYSICS 12 (Room 219),PSYCHOLOGY 11 (Room 209)
1229,ENGLISH STUDIES 12 (Room A-2),CHEMISTRY 12 (Room 219),unassigned,PRE-CALCULUS 12 (Room 106),SPANISH 12 (Room 207B),unassigned,ANATOMY AND PHYSIOLOGY 12 (Room 226),PHYSICS 12 (Room 225)
1230,unassigned,SOCIAL JUSTICE 12 (Room 209),ENGLISH STUDIES 12 (Room A-6),FOOD STUDIES 12 (Room 206),LEARNING STRATEGIES 12 (Room 109),PHOTOGRAPHY 11 (Room 113),LAW STUDIES 12 (Room 121),unassigned
1231,DANCE TECHNIQUE AND PERFORMANCE 12 (Room Studio),CHEMISTRY 12 (Room 219),ENGLISH STUDIES 12 (Room A-6),ANATOMY AND PHYSIOLOGY 12 (Room 216),TEXTILES 12 (Room A-7),unassigned,COMPARATIVE CULTURES 12 (Room 208),FOUNDATIONS OF MATHEMATICS 11 (Room 106)
1232,unassigned,LEARNING STRATEGIES 12 (Room 109),ENGLISH STUDIES 12 (Room A-6),FOOD STUDIES 12 (Room 206),FOUNDATIONS OF MATHEMATICS 11 (Room 220),CHEMISTRY 11 (Room 219),unassigned,unassigned
1233,ENGLISH FIRST PEOPLES 12 (Room 205B),unassigned,ENGINEERING 12 (Room 104),PHYSICS 11 (Room 223),DRAFTING 12 (Room 105),PRE-CALCULUS 12 (Room 221),ACTIVE LIVING 12 (Room Gym),PHYSICS 12 (Room 225)
1234,20th CENTURY WORLD HISTORY 12 (Room 121),PRE-CALCULUS 12 HONOURS (Room 212),PHYSICS 12 (Room 223),unassigned,CALCULUS 12 (Room 221),ENGLISH FIRST PEOPLES 12 (Room A-2),CHEMISTRY 12 (Room 225),COMPUTER SCIENCE 11 (Room 203)
1235,CHEMISTRY 12 (Room 216),SOCIAL JUSTICE 12 (Room 208),AP ENGLISH LITERATURE & COMPOSITION 12 (Room 123),LITERARY STUDIES 12 (Room A-7),CRIMINOLOGY 12 (Room 205B),PRE-CALCULUS 12 (Room 221),ACTIVE LIVING 12 Girls (Room Gym),PHYSICS 12 (Room 225)
1236,unassigned,ANATOMY AND PHYSIOLOGY 12 (Room 211),unassigned,DANCE CONDITIONING 12 (Room Studio),TEXTILES 12 (Room A-7),ENGLISH STUDIES 12 (Room 207A),unassigned,PRE-CALCULUS 12 (Room 214)
1237,ECONOMICS 12 (Room 209),CHEMISTRY 12 (Room 216),AUTOMOTIVE TECHNOLOGY 12 (Room 102),PRE-CALCULUS 12 (Room 210),CALCULUS 12 (Room 212),ENGLISH STUDIES 12 CHALLENGE (Room 209),PHOTOGRAPHY 11 (Room 113),PHYSICS 12 (Room 225)
1238,unassigned,AUTOMOTIVE TECHNOLOGY 12 (Room 102),ENGINEERING 12 (Room 104),ENGLISH STUDIES 12 (Room 207B),PHYSICAL GEOGRAPHY 12 (Room 207A),CALCULUS 12 (Room 106),CHEMISTRY 12 (Room 225),unassigned
1239,CHEMISTRY 12 (Room 216),PRE-CALCULUS 12 HONOURS (Room 212),INSTRUMENTAL MUSIC 12: GUITAR (Room 119),AP STATISTICS 12 (Room 212),ACCOUNTING 11 (Room A-2),ENGLISH STUDIES 12 CHALLENGE (Room 209),AP PHYSICS C (MECHANICS) 12 external credential (Room 227),AP CALCULUS AB 12 external credential (Room 221)
1240,ECONOMICS 12 (Room 222),DRAMA 12 (Room A-1),INSTRUMENTAL MUSIC 12: GUITAR (Room 119),PRE-CALCULUS 12 (Room 210),CRIMINOLOGY 12 (Room 205B),ENGLISH FIRST PEOPLES 12 (Room A-2),COMPARATIVE CULTURES 12 (Room 208),LAW STUDIES 12 (Room 122)
1241,ECONOMICS 12 (Room 209),ANATOMY AND PHYSIOLOGY 12 (Room 211),AP ENGLISH LITERATURE & COMPOSITION 12 (Room 123),LITERARY STUDIES 12 (Room A-7),20th CENTURY WORLD HISTORY 12 (Room 122),CALCULUS 12 (Room 106),CHEMISTRY 12 (Room 225),PSYCHOLOGY 11 (Room 209)
1242,20th CENTURY WORLD HISTORY 12 (Room 121),unassigned,ENGLISH STUDIES 12 (Room A-6),unassigned,CRIMINOLOGY 12 (Room A-3),unassigned,CONTEMPORARY INDIGENOUS STUDIES 12 (Room 207A),LAW STUDIES 12 (Room 122)
1243,ENGLISH FIRST PEOPLES 12 (Room 205B),LEARNING STRATEGIES 12 (Room 109),AUTOMOTIVE TECHNOLOGY 12 (Room 102),unassigned,EXPLORATIONS IN SOCIAL STUDIES 11 (Room 107),unassigned,WOODWORK 12 (Room 101),FOOD STUDIES 12 (Room 206)
1244,CHEMISTRY 12 (Room 216),PRE-CALCULUS 12 HONOURS (Room 212),unassigned,AP STATISTICS 12 (Room 212),unassigned,ENGLISH FIRST PEOPLES 12 (Room A-2),ANATOMY AND PHYSIOLOGY 12 (Room 223),LAW STUDIES 12 (Room 122)
1245,ENGLISH FIRST PEOPLES 12 (Room 122),AUTOMOTIVE TECHNOLOGY 12 (Room 102),FOOD STUDIES 12 (Room 206),3D ANIMATION 12 (Room 114),MEDIA DESIGN 12 (Room 114),ACTIVE LIVING 12 (Room Gym),PHOTOGRAPHY 11 (Room 113),CAREER LIFE EDUCATION 10 (Room 104)
1246,ENGLISH FIRST PEOPLES 12 (Room 205B),SOCIAL JUSTICE 12 (Room 209),unassigned,unassigned,WORKPLACE MATHEMATICS 11 (Room 106),unassigned,ACTIVE LIVING 12 (Room Gym),ENTREPRENEURSHIP 12 (Room A-2)
1247,ECONOMICS 12 (Room 209),AUTOMOTIVE TECHNOLOGY 12 (Room 102),PSYCHOLOGY 11 (Room 205A),PRE-CALCULUS 12 (Room 106),ACCOUNTING 11 (Room A-2),ENGLISH STUDIES 12 (Room 205A),CONTEMPORARY INDIGENOUS STUDIES 12 (Room 207A),LAW STUDIES 12 (Room 122)
1248,unassigned,AUTOMOTIVE TECHNOLOGY 12 (Room 102),unassigned,COMPOSITION 11 (Room 209),PHYSICAL GEOGRAPHY 12 (Room 207A),ENGLISH STUDIES 12 (Room 207A),ACTIVE LIVING 12 (Room Gym),LEARNING STRATEGIES 12 (Room 109)
1249,CAREER LIFE EDUCATION 10 (Room 201),LEARNING STRATEGIES 12 (Room 109),AUTOMOTIVE TECHNOLOGY 12 (Room 102),unassigned,unassigned,ENGLISH FIRST PEOPLES 12 (Room A-2),ACTIVE LIVING 12 (Room Gym),WOODWORK 12 (Room 101)
1250,ENGLISH FIRST PEOPLES 12 Year (Room 107),ENVIRONMENTAL SCIENCE 12 - CLIMATE CHANGE (Room 205A),INSTRUMENTAL MUSIC 12: GUITAR (Room 119),PRE-CALCULUS 12 (Room 106),CRIMINOLOGY 12 (Room A-3),unassigned,ENGLISH FIRST PEOPLES 12 Year (Room 107),TEXTILES 12 (Room A-7)
1251,ENGLISH FIRST PEOPLES 12 (Room 122),SOCIAL JUSTICE 12 (Room 209),LIFE SCIENCES 11 (Room 216),PHYSICS 11 (Room 226),ROBOTICS 12 (Room 104),PRE-CALCULUS 12 (Room 221),PHYSICS 12 (Room 219),LEARNING STRATEGIES 12 (Room 109)
1252,TEXTILES 12 (Room A-7),CHEMISTRY 12 (Room 219),AUTOMOTIVE TECHNOLOGY 12 (Room 102),ENGLISH STUDIES 12 (Room 207B),FOOD STUDIES 12 (Room 206),PRE-CALCULUS 12 (Room 221),ANATOMY AND PHYSIOLOGY 12 (Room 223),OUTDOOR EDUCATION 12 (Room _CHECK THIS THING IDK)
1253,PRE-CALCULUS 12 (Room 212),CHEMISTRY 12 (Room 225),ENGINEERING 12 (Room 104),CROSS TRAINING 12 (Room 120),ENGLISH STUDIES 12 CHALLENGE (Room A-6),CALCULUS 12 (Room 106),ANATOMY AND PHYSIOLOGY 12 (Room 223),PHYSICS 12 (Room 227)
1254,ECONOMICS 12 (Room 222),CHEMISTRY 12 (Room 225),unassigned,AP STATISTICS 12 (Room 212),FOOD STUDIES 12 (Room 206),ENGLISH STUDIES 12 (Room 205A),AP PHYSICS C (MECHANICS) 12 external credential (Room 227),AP CALCULUS AB 12 external credential (Room 221)
1255,ENGLISH FIRST PEOPLES 12 (Room 122),unassigned,unassigned,unassigned,FOUNDATIONS OF MATHEMATICS 11 (Room 220),unassigned,unassigned,unassigned
1256,TEXTILES 12 (Room A-7),CHEMISTRY 12 (Room 216),PHYSICS 12 (Room 223),PRE-CALCULUS 12 (Room 106),CALCULUS 12 (Room 212),ENGLISH STUDIES 12 CHALLENGE (Room 209),ANATOMY AND PHYSIOLOGY 12 (Room 226),PSYCHOLOGY 11 (Room 209)
1257,ECONOMICS 12 (Room 222),CHEMISTRY 12 (Room 225),unassigned,ANATOMY AND PHYSIOLOGY 12 (Room 216),ENGLISH STUDIES 12 CHALLENGE (Room A-6),unassigned,LAW STUDIES 12 (Room 121),AP CALCULUS AB 12 external credential (Room 221)
1258,ECONOMICS 12 (Room 222),ANATOMY AND PHYSIOLOGY 12 (Room 211),PHYSICS 12 (Room 223),FOOD STUDIES 12 (Room 206),ENGLISH STUDIES 12 CHALLENGE (Room A-6),CALCULUS 12 (Room 106),COMPARATIVE CULTURES 12 (Room 208),OUTDOOR EDUCATION 12 (Room _CHECK THIS THING IDK)
1259,CHEMISTRY 12 (Room 216),PRE-CALCULUS 12 HONOURS (Room 212),unassigned,AP STATISTICS 12 (Room 212),ENGLISH STUDIES 12 CHALLENGE (Room A-6),TEXTILES 12 (Room A-7),AP PHYSICS C (MECHANICS) 12 external credential (Room 227),AP CALCULUS AB 12 external credential (Room 221)
1260,CHEMISTRY 12 (Room 216),PRE-CALCULUS 12 HONOURS (Room 212),AP ENGLISH LITERATURE & COMPOSITION 12 (Room 123),LITERARY STUDIES 12 (Room A-7),20th CENTURY WORLD HISTORY 12 (Room 122),PHYSICS 11 (Room 225),ANATOMY AND PHYSIOLOGY 12 (Room 223),AP CALCULUS AB 12 external credential (Room 221)
1261,ENGLISH FIRST PEOPLES 12 Year (Room 107),SOCIAL JUSTICE 12 (Room 209),SPOKEN LANGUAGE 11 (Room 205B),PRE-CALCULUS 12 (Room 210),CALCULUS 12 (Room 212),ACTIVE LIVING 12 (Room Gym),ENGLISH FIRST PEOPLES 12 Year (Room 107),CONTEMPORARY INDIGENOUS STUDIES 12 (Room 121)
1262,PRE-CALCULUS 11 (Room 214),ANATOMY AND PHYSIOLOGY 12 (Room 211),COMPUTER SCIENCE 11 (Room 203),3D ANIMATION 12 (Room 114),20th CENTURY WORLD HISTORY 12 (Room 122),ENGLISH STUDIES 12 (Room 205A),AUTOMOTIVE TECHNOLOGY 12 (Room 102),FOUNDATIONS OF MATHEMATICS 11 (Room 106)
1263,PRE-CALCULUS 12 (Room 212),CHEMISTRY 12 (Room 216),AP ENGLISH LITERATURE & COMPOSITION 12 (Room 123),LITERARY STUDIES 12 (Room A-7),CALCULUS 12 (Room 212),unassigned,ANATOMY AND PHYSIOLOGY 12 (Room 223),unassigned
1264,unassigned,PRE-CALCULUS 12 HONOURS (Room 212),PHYSICS 12 (Room 223),ANATOMY AND PHYSIOLOGY 12 (Room 225),ENGLISH STUDIES 12 CHALLENGE (Room A-6),unassigned,CHEMISTRY 12 (Room 225),AP CALCULUS AB 12 external credential (Room 221)
1265,ENGLISH STUDIES 12 (Room A-2),unassigned,AUTOMOTIVE TECHNOLOGY 12 (Room 102),PRE-CALCULUS 12 (Room 106),unassigned,ACTIVE LIVING 12 (Room Gym),CONTEMPORARY INDIGENOUS STUDIES 12 (Room 207A),FOOD STUDIES 12 (Room 206)
1266,ENGLISH FIRST PEOPLES 12 (Room 205B),ENVIRONMENTAL SCIENCE 12 - CLIMATE CHANGE (Room 205A),PHYSICS 12 (Room 223),FOOD STUDIES 12 (Room 206),CALCULUS 12 (Room 212),ENGINEERING 12 (Room 105),CHEMISTRY 12 (Room 225),OUTDOOR EDUCATION 12 (Room _CHECK THIS THING IDK)
1267,ENGLISH FIRST PEOPLES 12 (Room 205B),unassigned,ART STUDIO 12 (Room 116),3D ANIMATION 12 (Room 114),20th CENTURY WORLD HISTORY 12 (Room 122),unassigned,PHOTOGRAPHY 12 (Room 113),LAW STUDIES 12 (Room 123)
1268,E-COMMERCE 12 (Room 209),unassigned,ENGLISH STUDIES 12 (Room A-6),PHYSICS 11 (Room 226),CALCULUS 12 (Room 221),unassigned,unassigned,PHYSICS 12 (Room 225)
1269,ENGLISH FIRST PEOPLES 12 Year (Room 107),CHEMISTRY 12 (Room 223),ELL Academic Literacy 11 (Room 205B),PRE-CALCULUS 12 (Room 106),CALCULUS 12 (Room 212),unassigned,ENGLISH FIRST PEOPLES 12 Year (Room 107),PHYSICS 12 (Room 225)
1270,ECONOMICS 12 (Room 222),DRAMA 12 (Room A-1),ELL Academic Literacy 11 (Room 205B),PRE-CALCULUS 12 (Room 106),20th CENTURY WORLD HISTORY 12 (Room 122),CALCULUS 12 (Room 106),LAW STUDIES 12 (Room 121),ENTREPRENEURSHIP 12 (Room A-2)
1271,20th CENTURY WORLD HISTORY 12 (Room 121),CHEMISTRY 12 (Room 223),DRAFTING 12 (Room 105),PRE-CALCULUS 12 (Room 106),FOOD STUDIES 12 (Room 206),ENGLISH FIRST PEOPLES 12 (Room A-2),ACTIVE LIVING 12 (Room Gym),PHYSICS 12 (Room 225)
1272,unassigned,PRE-CALCULUS 12 HONOURS (Room 212),unassigned,PHYSICS 11 (Room 223),CALCULUS 12 (Room 212),ENGLISH STUDIES 12 CHALLENGE (Room 209),CHEMISTRY 12 (Room 225),PHYSICS 12 (Room 227)
1273,ENGLISH FIRST PEOPLES 12 Year (Room 107),COMPUTER SCIENCE 12 (Room 203),ELL Academic Literacy 11 (Room 205B),PRE-CALCULUS 12 (Room 210),CALCULUS 12 (Room 212),PHYSICS 11 (Room 225),ENGLISH FIRST PEOPLES 12 Year (Room 107),PSYCHOLOGY 11 (Room 209)
1274,ENGLISH STUDIES 12 (Room A-2),unassigned,unassigned,unassigned,CRIMINOLOGY 12 (Room A-3),unassigned,PSYCHOLOGY 11 (Room 222),FOUNDATIONS OF MATHEMATICS 11 (Room 106)
1275,DANCE TECHNIQUE AND PERFORMANCE 12 (Room Studio),ENVIRONMENTAL SCIENCE 12 - CLIMATE CHANGE (Room 205A),LIFE SCIENCES 11 (Room 216),DANCE CONDITIONING 12 (Room Studio),TEXTILES 12 (Room A-7),ENGLISH FIRST PEOPLES 12 (Room A-2),COMPARATIVE CULTURES 12 (Room 208),LAW STUDIES 12 (Room 123)
1276,PRE-CALCULUS 11 (Room 106),AUTOMOTIVE TECHNOLOGY 11 (Room 102),FOOD STUDIES 11 (Room 206),PHYSICS 11 (Room 223),CRIMINOLOGY 12 (Room 205B),COMPOSITION 11 (Room 205B),COMPARATIVE CULTURES 12 (Room 208),LAW STUDIES 12 (Room 123)
1277,CAREER LIFE EDUCATION 10 (Room 201),LITERARY STUDIES 11 Challenge (Room A-7),CHEMISTRY 11 (Room 211),AP STATISTICS 12 (Room 212),CONTEMPORARY INDIGENOUS STUDIES 12 CHALLENGE (Room 222),PHYSICS 11 (Room 216),PRE-CALCULUS 11 (Room 220),COMPUTER SCIENCE 12 (Room 203)
1278,LIFE SCIENCES 11 (Room 219),SOCIAL JUSTICE 12 (Room 209),CHEMISTRY 11 (Room 227),COMPOSITION 11 (Room A-6),CRIMINOLOGY 12 (Room A-3),PHYSICS 11 (Room 216),PRE-CALCULUS 11 (Room 214),PSYCHOLOGY 11 (Room 209)
1279,PRE-CALCULUS 11 (Room 214),COMPOSITION 11 (Room 207A),ENGINEERING 11 (Room 104),INSTRUMENTAL MUSIC 11: GUITAR (Room 119),COMPUTER PROGRAMMING 11 AI and (Room 203),PHYSICS 11 (Room 211),CONTEMPORARY INDIGENOUS STUDIES 12 (Room 207A),COMPUTER SCIENCE 11 (Room 203)
1280,ACCOUNTING 11 (Room 205A),PRE-CALCULUS 11 (Room 220),ENGINEERING 11 (Room 104),COMPOSITION 11 (Room A-6),EXPLORATIONS IN SOCIAL STUDIES 11 (Room 107),PHYSICS 11 (Room 225),FRENCH 10 (Room A-2),CAREER LIFE EDUCATION 10 (Room 104)
1281,CAREER LIFE EDUCATION 10 (Room 201),PRE-CALCULUS 11 (Room 220),CHEMISTRY 11 (Room 225),COMPOSITION 11 (Room A-6),EXPLORATIONS IN SOCIAL STUDIES 11 (Room 107),LIFE SCIENCES 11 (Room 227),FRENCH 10 (Room A-2),TEXTILES 11 (Room A-7)
1282,PRE-CALCULUS 11 (Room 106),AUTOMOTIVE TECHNOLOGY 11 (Room 102),CHEMISTRY 11 (Room 227),COMPOSITION 11 (Room 209),TEXTILES 11 (Room A-7),LIFE SCIENCES 11 (Room 227),LAW STUDIES 12 (Room 121),WOODWORK 11 (Room 101)
1283,CAREER LIFE EDUCATION 10 (Room 104),COMPOSITION 11 (Room 207A),DRAFTING 11 (Room 105),ART STUDIO 11 (Room 116),CHEMISTRY 11 (Room 223),PHYSICS 11 (Room 216),PRE-CALCULUS 11 (Room 106),CONTEMPORARY INDIGENOUS STUDIES 12 (Room 121)
1284,PRE-CALCULUS 11 (Room 214),COMPOSITION 11 (Room A-2),EXPLORATIONS IN SOCIAL STUDIES 11 (Room 122),PHYSICS 11 (Room 226),LIFE SCIENCES 11 (Room 226),CHEMISTRY 11 (Room 219),FRENCH 11 (Room 107),PSYCHOLOGY 11 (Room 209)
1285,CAREER LIFE EDUCATION 10 (Room 201),YOGA FOR MINDFULNESS 11 (Room Gym),ENVIRONMENTAL SCIENCE 11 (Room 207A),COMPOSITION 11 (Room 209),WORKPLACE MATHEMATICS 11 (Room 106),TEXTILES 11 (Room A-7),LAW STUDIES 12 (Room 121),PSYCHOLOGY 11 (Room 209)
1286,unassigned,PRE-CALCULUS 11 (Room 220),EXPLORATIONS IN SOCIAL STUDIES 11 (Room 222),unassigned,MEDIA DESIGN 11 (Room 114),LIFE SCIENCES 11 (Room 226),unassigned,unassigned
1287,PRE-CALCULUS 11 (Room 214),LITERARY STUDIES 11 Challenge (Room A-7),CHEMISTRY 11 (Room 225),AP STATISTICS 12 (Room 212),CRIMINOLOGY 12 (Room 121),PHYSICS 11 (Room 211),PSYCHOLOGY 11 (Room 222),CONTEMPORARY INDIGENOUS STUDIES 12 CHALLENGE (Room A-3)
1288,FRENCH 11 (Room A-3),PRE-CALCULUS 11 (Room 220),unassigned,FOOD STUDIES 11 (Room 206),EXPLORATIONS IN SOCIAL STUDIES 11 (Room 107),ENVIRONMENTAL SCIENCE 11 (Room 122),ACTIVE LIVING 11 Girls (Room Gym),COMPOSITION 11 (Room 207B)
1289,unassigned,COMPOSITION 11 (Room A-6),EXPLORATIONS IN SOCIAL STUDIES 11 (Room 122),unassigned,FOUNDATIONS OF MATHEMATICS 11 (Room 220),LIFE SCIENCES 11 (Room 226),unassigned,unassigned
1290,LIFE SCIENCES 11 (Room 219),COMPOSITION 11 (Room A-6),EXPLORATIONS IN SOCIAL STUDIES 11 (Room 122),unassigned,FOUNDATIONS OF MATHEMATICS 11 (Room 220),unassigned,unassigned,unassigned
1291,CAREER LIFE EDUCATION 10 (Room 201),COMPOSITION 11 (Room 207A),AUTOMOTIVE TECHNOLOGY 11 (Room 102),INSTRUMENTAL MUSIC 11: GUITAR (Room 119),CRIMINOLOGY 12 (Room 121),ENVIRONMENTAL SCIENCE 11 (Room 122),LAW STUDIES 12 (Room 121),FOUNDATIONS OF MATHEMATICS 11 (Room 106)
1292,unassigned,PRE-CALCULUS 11 (Room 220),unassigned,CROSS TRAINING 11 (Room 120),MEDIA DESIGN 11 (Room 114),COMPOSITION 11 (Room 205B),unassigned,unassigned
1293,ECONOMICS 12 (Room 222),LITERARY STUDIES 11 Challenge (Room A-7),CHEMISTRY 11 (Room 226),AP STATISTICS 12 (Room 212),CRIMINOLOGY 12 (Room 121),PHYSICS 11 (Room 225),PRE-CALCULUS 11 (Room 220),CONTEMPORARY INDIGENOUS STUDIES 12 CHALLENGE (Room A-3)
1294,PRE-CALCULUS 11 (Room 214),YOGA FOR MINDFULNESS 11 (Room Gym),PSYCHOLOGY 11 (Room 205A),PHYSICS 11 (Room 219),CHEMISTRY 11 (Room 223),LIFE SCIENCES 11 (Room 227),COMPARATIVE CULTURES 12 (Room 208),COMPOSITION 11 (Room 207B)
1295,INSTRUMENTAL MUSIC 11: CONCERT BAND LINEAR (Room 119),COMPOSITION 11 (Room 207A),CHEMISTRY 11 (Room 226),PHYSICS 11 (Room 219),CRIMINOLOGY 12 (Room 121),INSTRUMENTAL MUSIC 11: CONCERT BAND LINEAR (Room 119),PRE-CALCULUS 11 (Room 220),LAW STUDIES 12 (Room 123)
1296,ACTIVE LIVING 11 Football (Room Gym),COMPOSITION 11 (Room 207A),LEARNING STRATEGIES 11 LINEAR (Room 108),unassigned,FOUNDATIONS OF MATHEMATICS 11 (Room 220),LIFE SCIENCES 11 (Room 226),CONTEMPORARY INDIGENOUS STUDIES 12 (Room 207A),LEARNING STRATEGIES 11 LINEAR (Room 108)
1297,PRE-CALCULUS 11 (Room 214),COMPOSITION 11 (Room A-2),EXPLORATIONS IN SOCIAL STUDIES 11 (Room 122),unassigned,MEDIA DESIGN 11 (Room 114),ENGLISH STUDIES 12 (Room 205A),COMPARATIVE CULTURES 12 (Room 208),PRE-CALCULUS 12 (Room 214)
1298,CAREER LIFE EDUCATION 10 (Room 201),LITERARY STUDIES 11 Challenge (Room A-7),LIFE SCIENCES 11 (Room 216),AP STATISTICS 12 (Room 212),CONTEMPORARY INDIGENOUS STUDIES 12 CHALLENGE (Room 222),PHYSICS 11 (Room 225),LAW STUDIES 12 (Room 121),PRE-CALCULUS 12 (Room 220)
1299,PRE-CALCULUS 11 (Room 214),COMPOSITION 11 (Room 207B),PSYCHOLOGY 11 (Room 205A),unassigned,unassigned,unassigned,FRENCH 11 (Room 107),unassigned
1300,CAREER LIFE EDUCATION 10 (Room 104),AUTOMOTIVE TECHNOLOGY 11 (Room 102),EXPLORATIONS IN SOCIAL STUDIES 11 (Room 222),COMPOSITION 11 (Room 209),WORKPLACE MATHEMATICS 11 (Room 106),PHYSICS 11 (Room 216),LEARNING STRATEGIES 11 (Room 108),WOODWORK 11 (Room 101)
1301,PRE-CALCULUS 11 (Room 214),COMPOSITION 11 (Room A-6),LEARNING STRATEGIES 11 LINEAR (Room 108),unassigned,CHEMISTRY 11 (Room 223),unassigned,LAW STUDIES 12 (Room 121),LEARNING STRATEGIES 11 LINEAR (Room 108)
1302,CAREER LIFE EDUCATION 10 (Room 201),LITERARY STUDIES 11 Challenge (Room A-7),CHEMISTRY 11 (Room 225),PHYSICS 11 (Room 219),CRIMINOLOGY 12 (Room 205B),LIFE SCIENCES 11 (Room 227),PRE-CALCULUS 11 (Room 214),CONTEMPORARY INDIGENOUS STUDIES 12 CHALLENGE (Room A-3)
1303,ACTIVE LIVING 11 Football (Room Gym),COMPOSITION 11 (Room 107),ENVIRONMENTAL SCIENCE 11 (Room A-2),CROSS TRAINING 11 (Room 120),WORKPLACE MATHEMATICS 11 (Room 106),CAREER LIFE EDUCATION 10 (Room 104),AUTOMOTIVE TECHNOLOGY 11 (Room 102),LAW STUDIES 12 (Room 222)
1304,ACTIVE LIVING 11 Football (Room Gym),COMPOSITION 11 (Room 207A),ENVIRONMENTAL SCIENCE 11 (Room A-2),CROSS TRAINING 11 (Room 120),WORKPLACE MATHEMATICS 11 (Room 106),CAREER LIFE EDUCATION 10 (Room 104),FRENCH 11 (Room 107),LAW STUDIES 12 (Room 123)
1305,unassigned,COMPOSITION 11 (Room A-6),LIFE SCIENCES 11 (Room 216),unassigned,CRIMINOLOGY 12 (Room 121),unassigned,unassigned,MARKETING AND PROMOTION 11 (Room A-2)
1306,PRE-CALCULUS 11 (Room 214),COMPOSITION 11 (Room 207A),CHEMISTRY 11 (Room 226),LEARNING STRATEGIES 11 (Room 109),CRIMINOLOGY 12 (Room 121),PHYSICS 11 (Room 225),PSYCHOLOGY 11 (Room 222),CONTEMPORARY INDIGENOUS STUDIES 12 (Room 121)
1307,DANCE TECHNIQUE AND PERFORMANCE 11 (Room Studio),unassigned,CHEMISTRY 11 (Room 211),COMPOSITION 11 (Room A-6),EXPLORATIONS IN SOCIAL STUDIES 11 (Room 107),CAREER LIFE EDUCATION 10 (Room 104),PRE-CALCULUS 11 (Room 106),unassigned
1308,PRE-CALCULUS 11 (Room 214),LITERARY STUDIES 11 Challenge (Room A-7),COMPUTER SCIENCE 11 (Room 203),PHYSICS 11 (Room 219),CONTEMPORARY INDIGENOUS STUDIES 12 CHALLENGE (Room 222),CHEMISTRY 11 (Room 219),AUTOMOTIVE TECHNOLOGY 11 (Room 102),FOOD STUDIES 11 (Room 206)
1309,ACCOUNTING 11 (Room 205A),COMPOSITION 11 (Room 207A),EXPLORATIONS IN SOCIAL STUDIES 11 (Room 122),unassigned,MEDIA DESIGN 11 (Room 114),CHEMISTRY 11 (Room 219),PRE-CALCULUS 11 (Room 214),TEXTILES 11 (Room A-7)
1310,CAREER LIFE EDUCATION 10 (Room 201),LITERARY STUDIES 11 Challenge (Room A-7),CHEMISTRY 11 (Room 226),AP STATISTICS 12 (Room 212),LIFE SCIENCES 11 (Room 226),PHYSICS 11 (Room 216),PRE-CALCULUS 11 HONOURS (Room 221),CONTEMPORARY INDIGENOUS STUDIES 12 CHALLENGE (Room A-3)
1311,ECONOMICS 12 (Room 222),PRE-CALCULUS 11 (Room 220),EXPLORATIONS IN SOCIAL STUDIES 11 (Room 122),COMPOSITION 11 (Room A-6),CHEMISTRY 11 (Room 223),LIFE SCIENCES 11 (Room 227),PSYCHOLOGY 11 (Room 222),CAREER LIFE EDUCATION 10 (Room 104)
1312,CAREER LIFE EDUCATION 10 (Room 207B),PRE-CALCULUS 11 (Room 220),CHEMISTRY 11 (Room 211),PHYSICS 11 (Room 219),CRIMINOLOGY 12 (Room 205B),COMPOSITION 11 (Room 205B),FRENCH 11 (Room 107),LAW STUDIES 12 (Room 122)
1313,CAREER LIFE EDUCATION 10 (Room 201),LITERARY STUDIES 11 Challenge (Room A-7),CHEMISTRY 11 (Room 226),AP STATISTICS 12 (Room 212),CONTEMPORARY INDIGENOUS STUDIES 12 CHALLENGE (Room 222),PHYSICS 11 (Room 211),PRE-CALCULUS 11 HONOURS (Room 221),COMPUTER SCIENCE 12 (Room 203)
1314,SPANISH 11 (Room 123),COMPOSITION 11 (Room A-6),unassigned,AP STATISTICS 12 (Room 212),CRIMINOLOGY 12 (Room A-3),PHYSICS 11 (Room 211),ACTIVE LIVING 11 (Room Gym),LAW STUDIES 12 (Room 222)
1315,PRE-CALCULUS 11 (Room 214),COMPOSITION 11 (Room A-2),CHEMISTRY 11 (Room 225),PHYSICS 11 (Room 223),COMPUTER PROGRAMMING 11 AI and (Room 203),LIFE SCIENCES 11 (Room 227),PSYCHOLOGY 11 (Room 222),LAW STUDIES 12 (Room 222)
1316,ACTIVE LIVING 11 Football (Room Gym),PRE-CALCULUS 11 (Room 220),FOOD STUDIES 11 (Room 206),CROSS TRAINING 11 (Room 120),20th CENTURY WORLD HISTORY 12 (Room 122),COMPOSITION 11 (Room 205B),PSYCHOLOGY 11 (Room 222),MARKETING AND PROMOTION 11 (Room A-2)
1317,ACTIVE LIVING 11 Football (Room Gym),COMPOSITION 11 (Room A-2),ENVIRONMENTAL SCIENCE 11 (Room A-2),CROSS TRAINING 11 (Room 120),WORKPLACE MATHEMATICS 11 (Room 106),CAREER LIFE EDUCATION 10 (Room 104),LEARNING STRATEGIES 11 (Room 108),LAW STUDIES 12 (Room 222)
1318,CAREER LIFE EDUCATION 10 (Room 201),COMPOSITION 11 (Room A-2),AUTOMOTIVE TECHNOLOGY 11 (Room 102),PHYSICS 11 (Room 223),CRIMINOLOGY 12 (Room 121),PHOTOGRAPHY 11 (Room 113),PRE-CALCULUS 11 (Room 214),LAW STUDIES 12 (Room 222)
1319,CAREER LIFE EDUCATION 10 (Room 201),COMPOSITION 11 (Room 207A),PSYCHOLOGY 11 (Room 205A),ANATOMY AND PHYSIOLOGY 12 (Room 225),ACCOUNTING 12 (Room A-2),PHYSICS 11 (Room 225),PRE-CALCULUS 11 HONOURS (Room 221),LAW STUDIES 12 (Room 123)
1320,CAREER LIFE EDUCATION 10 (Room 104),WORKPLACE MATHEMATICS 11 (Room 214),FOOD STUDIES 11 (Room 206),COMPOSITION 11 (Room 209),CRIMINOLOGY 12 (Room 205B),ENVIRONMENTAL SCIENCE 11 (Room 122),PHOTOGRAPHY 11 (Room 113),OUTDOOR EDUCATION 11 (Room _CHECK THIS THING IDK)
1321,FRENCH 11 (Room A-3),SOCIAL JUSTICE 12 (Room 208),CHEMISTRY 11 (Room 226),COMPOSITION 11 (Room 209),TEXTILES 11 (Room A-7),LIFE SCIENCES 11 (Room 227),PRE-CALCULUS 11 (Room 220),FOOD STUDIES 11 (Room 206)
1322,CAREER LIFE EDUCATION 10 (Room 201),COMPOSITION 11 (Room 207A),PSYCHOLOGY 11 (Room 205A),PHYSICS 11 (Room 226),ACCOUNTING 11 (Room A-2),PHOTOGRAPHY 11 (Room 113),COMPARATIVE CULTURES 12 (Room 208),LAW STUDIES 12 (Room 222)
1323,TEXTILES 11 (Room A-7),COMPOSITION 11 (Room 207B),CHEMISTRY 11 (Room 227),PHYSICS 11 (Room 219),CRIMINOLOGY 12 (Room 205B),LIFE SCIENCES 11 (Room 227),PRE-CALCULUS 11 HONOURS (Room 221),CAREER LIFE EDUCATION 10 (Room 104)
1324,INSTRUMENTAL MUSIC 11: CONCERT BAND LINEAR (Room 119),LITERARY STUDIES 11 Challenge (Room A-7),LIFE SCIENCES 11 (Room 216),PHYSICS 11 (Room 219),CHEMISTRY 11 (Room 223),INSTRUMENTAL MUSIC 11: CONCERT BAND LINEAR (Room 119),PRE-CALCULUS 11 (Room 106),CONTEMPORARY INDIGENOUS STUDIES 12 CHALLENGE (Room A-3)
1325,DANCE TECHNIQUE AND PERFORMANCE 11 (Room Studio),WORKPLACE MATHEMATICS 11 (Room 214),EXPLORATIONS IN SOCIAL STUDIES 11 (Room 222),COMPOSITION 11 (Room 209),CRIMINOLOGY 12 (Room 205B),LIFE SCIENCES 11 (Room 227),WOODWORK 11 (Room 101),CAREER LIFE EDUCATION 10 (Room 104)
1326,PRE-CALCULUS 11 (Room 106),COMPOSITION 11 (Room 207B),EXPLORATIONS IN SOCIAL STUDIES 11 (Room 222),ANATOMY AND PHYSIOLOGY 12 (Room 216),CRIMINOLOGY 12 (Room 205B),ENVIRONMENTAL SCIENCE 11 (Room 122),ACTIVE LIVING 11 (Room Gym),LAW STUDIES 12 (Room 123)
1327,PRE-CALCULUS 11 (Room 214),CAREER LIFE EDUCATION 10 Linear (Room 201),CHEMISTRY 11 (Room 225),DRAFTING 11 (Room 105),CAREER LIFE EDUCATION 10 Linear (Room 201),PHYSICS 11 (Room 225),COMPARATIVE CULTURES 12 (Room 208),COMPOSITION 11 (Room 207B)
1328,CAREER LIFE EDUCATION 10 (Room 104),COMPOSITION 11 (Room 207B),ENVIRONMENTAL SCIENCE 11 (Room A-2),WORKPLACE MATHEMATICS 10 (Room 214),WORKPLACE MATHEMATICS 11 (Room 106),ACTIVE LIVING 11 (Room Gym),LEARNING STRATEGIES 11 (Room 108),LAW STUDIES 12 (Room 222)
1329,PRE-CALCULUS 11 (Room 214),SOCIAL JUSTICE 12 (Room 209),CHEMISTRY 11 (Room 211),COMPOSITION 11 (Room A-6),CRIMINOLOGY 12 (Room 121),LIFE SCIENCES 11 (Room 227),PSYCHOLOGY 11 (Room 222),LAW STUDIES 12 (Room 123)
1330,TEXTILES 12 (Room A-7),SOCIAL STUDIES 10 (Room 121),EFP WRITING 10 (Room 209),INSTRUMENTAL MUSIC 11: GUITAR (Room 119),WORKPLACE MATHEMATICS 11 (Room 106),PHYSICAL AND HEALTH EDUCATION 10 (Room Gym),SCIENCE 10 (Room 216),FOOD STUDIES 11 (Room 206)
1331,CAREER LIFE EDUCATION 10 (Room 104),PRE-CALCULUS 11 (Room 220),ENVIRONMENTAL SCIENCE 11 (Room 207A),COMPOSITION 11 (Room A-6),CHEMISTRY 11 (Room 223),LIFE SCIENCES 11 (Room 227),COMPARATIVE CULTURES 12 (Room 208),OUTDOOR EDUCATION 11 (Room _CHECK THIS THING IDK)
1332,ACCOUNTING 11 (Room 205A),PRE-CALCULUS 11 (Room 220),LIFE SCIENCES 11 (Room 216),PHYSICS 11 (Room 226),CONTEMPORARY INDIGENOUS STUDIES 12 CHALLENGE (Room 222),CAREER LIFE EDUCATION 10 (Room 104),CHEMISTRY 12 (Room 225),LITERARY STUDIES 11 Challenge (Room 107)
1333,unassigned,COMPOSITION 11 (Room 107),unassigned,unassigned,LIFE SCIENCES 11 (Room 226),unassigned,ACTIVE LIVING 11 Girls (Room Gym),PSYCHOLOGY 11 (Room 209)
1334,INSTRUMENTAL MUSIC 11: CONCERT BAND LINEAR (Room 119),SOCIAL JUSTICE 12 (Room 208),LIFE SCIENCES 11 (Room 216),unassigned,CHEMISTRY 11 (Room 223),INSTRUMENTAL MUSIC 11: CONCERT BAND LINEAR (Room 119),PRE-CALCULUS 11 (Room 106),COMPOSITION 11 (Room 207B)
1335,PRE-CALCULUS 11 (Room 106),CAREER LIFE EDUCATION 10 Linear (Room 201),CHEMISTRY 11 (Room 227),unassigned,CAREER LIFE EDUCATION 10 Linear (Room 201),PHYSICS 11 (Room 216),LAW STUDIES 12 (Room 121),COMPOSITION 11 (Room 207B)
1336,CAREER LIFE EDUCATION 10 (Room 207B),ANATOMY AND PHYSIOLOGY 12 (Room 211),unassigned,COMPOSITION 11 (Room A-6),FOOD STUDIES 11 (Room 206),PHYSICS 11 (Room 225),PRE-CALCULUS 11 (Room 220),LAW STUDIES 12 (Room 222)
1337,ACTIVE LIVING 11 Football (Room Gym),WORKPLACE MATHEMATICS 11 (Room 214),ENVIRONMENTAL SCIENCE 11 (Room 207A),CROSS TRAINING 11 (Room 120),EXPLORATIONS IN SOCIAL STUDIES 11 (Room 107),COMPOSITION 11 (Room 205B),INTRODUCTORY SPANISH 11 (Room 207B),CAREER LIFE EDUCATION 10 (Room 104)
1338,LIFE SCIENCES 11 (Room 219),COMPOSITION 11 (Room 207A),EXPLORATIONS IN SOCIAL STUDIES 11 (Room 122),PHYSICS 11 (Room 219),CRIMINOLOGY 12 (Room A-3),CHEMISTRY 11 (Room 219),PRE-CALCULUS 11 (Room 106),PSYCHOLOGY 11 (Room 209)
1339,CAREER LIFE EDUCATION 10 (Room 207B),COMPUTER SCIENCE 12 (Room 203),DRAFTING 11 (Room 105),COMPOSITION 11 (Room A-6),CRIMINOLOGY 12 (Room 205B),PHYSICS 11 (Room 225),PRE-CALCULUS 11 (Room 214),LAW STUDIES 12 (Room 122)
1340,ACTIVE LIVING 11 Football (Room Gym),PRE-CALCULUS 11 (Room 220),ENVIRONMENTAL SCIENCE 11 (Room 207A),CROSS TRAINING 11 (Room 120),FOOD STUDIES 11 (Room 206),CAREER LIFE EDUCATION 10 (Room 104),LAW STUDIES 12 (Room 121),COMPOSITION 11 (Room 207B)
1341,20th CENTURY WORLD HISTORY 12 (Room 121),COMPOSITION 11 (Room 207B),ENVIRONMENTAL SCIENCE 11 (Room 207A),PHYSICS 11 (Room 223),PHYSICAL GEOGRAPHY 12 (Room 207A),ACTIVE LIVING 12 (Room Gym),PRE-CALCULUS 11 (Room 220),CAREER LIFE EDUCATION 10 (Room 104)
1342,TEXTILES 11 (Room A-7),COMPOSITION 11 (Room 207A),EXPLORATIONS IN SOCIAL STUDIES 11 (Room 122),ART STUDIO 11 (Room 116),FOUNDATIONS OF MATHEMATICS 11 (Room 220),ENVIRONMENTAL SCIENCE 11 (Room 122),LEARNING STRATEGIES 11 (Room 108),MARKETING AND PROMOTION 11 (Room A-2)
1343,unassigned,unassigned,DANCE FOUNDATIONS 11 (Room Studio),unassigned,FOUNDATIONS OF MATHEMATICS 11 (Room 220),unassigned,INTRODUCTORY SPANISH 11 (Room 207B),COMPOSITION 11 (Room 207B)
1344,unassigned,COMPOSITION 11 (Room 207B),unassigned,unassigned,ART STUDIO 11 (Room 116),unassigned,ACTIVE LIVING 11 Girls (Room Gym),TEXTILES 11 (Room A-7)
1345,CAREER LIFE EDUCATION 10 (Room 104),LITERARY STUDIES 11 Challenge (Room A-7),LIFE SCIENCES 11 (Room 216),DRAFTING 11 (Room 105),CHEMISTRY 11 (Room 223),PHYSICS 11 (Room 211),PRE-CALCULUS 11 (Room 220),CONTEMPORARY INDIGENOUS STUDIES 12 CHALLENGE (Room A-3)
1346,SPANISH 11 (Room 123),CHEMISTRY 12 (Room 219),AUTOMOTIVE TECHNOLOGY 11 (Room 102),COMPOSITION 11 (Room 209),CRIMINOLOGY 12 (Room 205B),PHYSICS 11 (Room 225),PRE-CALCULUS 11 HONOURS (Room 221),CAREER LIFE EDUCATION 10 (Room 104)
1347,unassigned,COMPOSITION 11 (Room A-6),EXPLORATIONS IN SOCIAL STUDIES 11 (Room 122),unassigned,unassigned,LIFE SCIENCES 11 (Room 226),unassigned,FOUNDATIONS OF MATHEMATICS 11 (Room 106)
1348,TEXTILES 11 (Room A-7),COMPOSITION 11 (Room 207A),LIFE SCIENCES 11 (Room 216),unassigned,FOUNDATIONS OF MATHEMATICS 11 (Room 220),unassigned,unassigned,unassigned
1349,CAREER LIFE EDUCATION 10 (Room 201),COMPOSITION 11 (Room A-6),PSYCHOLOGY 11 (Room 205A),FOOD STUDIES 11 (Room 206),LIFE SCIENCES 11 (Room 226),CHEMISTRY 11 (Room 219),PRE-CALCULUS 11 (Room 214),LAW STUDIES 12 (Room 122)
1350,PRE-CALCULUS 11 (Room 214),COMPOSITION 11 (Room A-6),FOOD STUDIES 11 (Room 206),PHYSICS 11 (Room 223),CRIMINOLOGY 12 (Room 121),CHEMISTRY 11 (Room 219),COMPARATIVE CULTURES 12 (Room 208),CAREER LIFE EDUCATION 10 (Room 104)
1351,PRE-CALCULUS 11 (Room 214),COMPOSITION 11 (Room 107),PSYCHOLOGY 11 (Room 205A),ANATOMY AND PHYSIOLOGY 12 (Room 225),unassigned,PHYSICS 11 (Room 225),CONTEMPORARY INDIGENOUS STUDIES 12 (Room 207A),CAREER LIFE EDUCATION 10 (Room 104)
1352,unassigned,COMPOSITION 11 (Room 107),EXPLORATIONS IN SOCIAL STUDIES 11 (Room 222),unassigned,FOUNDATIONS OF MATHEMATICS 11 (Room 220),LIFE SCIENCES 11 (Room 226),unassigned,unassigned
1353,SPANISH 10 (Room 123),LITERARY STUDIES 11 Challenge (Room A-7),LIFE SCIENCES 11 (Room 216),unassigned,SPANISH 11 (Room 207B),CAREER LIFE EDUCATION 10 (Room 104),PSYCHOLOGY 11 (Room 222),CONTEMPORARY INDIGENOUS STUDIES 12 CHALLENGE (Room A-3)
1354,CAREER LIFE EDUCATION 10 (Room 104),WORKPLACE MATHEMATICS 11 (Room 214),LIFE SCIENCES 11 (Room 216),INSTRUMENTAL MUSIC 11: GUITAR (Room 119),CRIMINOLOGY 12 (Room 205B),COMPOSITION 11 (Room 205B),unassigned,TEXTILES 11 (Room A-7)
1355,20th CENTURY WORLD HISTORY 12 (Room 121),COMPOSITION 11 (Room 207B),LIFE SCIENCES 11 (Room 216),FOOD STUDIES 11 (Room 206),CRIMINOLOGY 12 (Room 205B),TEXTILES 11 (Room A-7),PRE-CALCULUS 11 (Room 106),PSYCHOLOGY 11 (Room 209)
1356,unassigned,COMPOSITION 11 (Room A-6),unassigned,INSTRUMENTAL MUSIC 11: GUITAR (Room 119),unassigned,unassigned,ACTIVE LIVING 11 Girls (Room Gym),unassigned
1357,ACCOUNTING 12 (Room 205A),LITERARY STUDIES 11 Challenge (Room A-7),COMPUTER SCIENCE 11 (Room 203),AP STATISTICS 12 (Room 212),CONTEMPORARY INDIGENOUS STUDIES 12 CHALLENGE (Room 222),PHYSICS 11 (Room 211),PRE-CALCULUS 11 HONOURS (Room 221),LAW STUDIES 12 (Room 122)
1358,ECONOMICS 12 (Room 209),LITERARY STUDIES 11 Challenge (Room A-7),CHEMISTRY 11 (Room 226),AP STATISTICS 12 (Room 212),CONTEMPORARY INDIGENOUS STUDIES 12 CHALLENGE (Room 222),PHYSICS 11 (Room 225),PRE-CALCULUS 11 HONOURS (Room 221),LAW STUDIES 12 (Room 122)
1359,FRENCH 12 (Room A-3),COMPOSITION 11 (Room 107),CHEMISTRY 11 (Room 211),PHYSICS 11 (Room 219),LIFE SCIENCES 11 (Room 226),CAREER LIFE EDUCATION 10 (Room 104),PRE-CALCULUS 11 HONOURS (Room 221),LAW STUDIES 12 (Room 123)
1360,CAREER LIFE EDUCATION 10 (Room 104),WORKPLACE MATHEMATICS 11 (Room 214),EXPLORATIONS IN SOCIAL STUDIES 11 (Room 122),COMPOSITION 11 (Room A-6),CRIMINOLOGY 12 (Room 205B),ENVIRONMENTAL SCIENCE 11 (Room 122),LEARNING STRATEGIES 11 (Room 108),PSYCHOLOGY 11 (Room 209)
1361,unassigned,unassigned,unassigned,3D ANIMATION 12 (Room 114),MEDIA DESIGN 11 (Room 114),PHOTOGRAPHY 11 (Room 113),unassigned,MARKETING AND PROMOTION 11 (Room A-2)
1362,PRE-CALCULUS 12 (Room 212),COMPOSITION 11 (Room A-2),COMPUTER SCIENCE 11 (Room 203),PHYSICS 11 (Room 223),COMPUTER PROGRAMMING 11 AI and (Room 203),CHEMISTRY 11 (Room 219),LAW STUDIES 12 (Room 121),FOOD STUDIES 11 (Room 206)
1363,CAREER LIFE EDUCATION 10 (Room 201),WORKPLACE MATHEMATICS 11 (Room 214),FOOD STUDIES 11 (Room 206),LEARNING STRATEGIES 11 (Room 109),20th CENTURY WORLD HISTORY 12 (Room 122),ACTIVE LIVING 11 (Room Gym),SCIENCE 10 (Room 216),COMPOSITION 11 (Room 207B)
1364,PRE-CALCULUS 11 (Room 106),LITERARY STUDIES 11 Challenge (Room A-7),CHEMISTRY 11 (Room 225),PHYSICS 11 (Room 219),CRIMINOLOGY 12 (Room 121),ENGINEERING 11 (Room 105),AUTOMOTIVE TECHNOLOGY 11 (Room 102),CONTEMPORARY INDIGENOUS STUDIES 12 CHALLENGE (Room A-3)
1365,PRE-CALCULUS 11 (Room 106),LITERARY STUDIES 11 Challenge (Room A-7),PSYCHOLOGY 11 (Room 205A),unassigned,MEDIA DESIGN 11 (Room 114),LIFE SCIENCES 11 (Room 227),PHOTOGRAPHY 11 (Room 113),CONTEMPORARY INDIGENOUS STUDIES 12 CHALLENGE (Room A-3)
1366,PRE-CALCULUS 12 (Room 212),DRAMA 11 (Room A-1),CHEMISTRY 11 (Room 227),COMPOSITION 11 (Room A-6),ACCOUNTING 11 (Room A-2),ENVIRONMENTAL SCIENCE 11 (Room 122),ACTIVE LIVING 11 Girls (Room Gym),PSYCHOLOGY 11 (Room 209)
1367,unassigned,unassigned,ART STUDIO 11 (Room 116),unassigned,SPANISH 11 (Room 207B),PHOTOGRAPHY 11 (Room 113),unassigned,COMPOSITION 11 (Room 207B)
1368,CAREER LIFE EDUCATION 10 (Room 201),COMPOSITION 11 (Room 207B),ENVIRONMENTAL SCIENCE 11 (Room A-2),FOOD STUDIES 11 (Room 206),FOUNDATIONS OF MATHEMATICS 11 (Room 220),LIFE SCIENCES 11 (Room 227),FRENCH 9 (Room A-2),CONTEMPORARY INDIGENOUS STUDIES 12 (Room 121)
1369,SPANISH 11 (Room 123),PRE-CALCULUS 11 (Room 220),EXPLORATIONS IN SOCIAL STUDIES 11 (Room 222),COMPOSITION 11 (Room 209),FOOD STUDIES 11 (Room 206),CAREER LIFE EDUCATION 10 (Room 104),ACTIVE LIVING 11 (Room Gym),WOODWORK 11 (Room 101)
1370,unassigned,unassigned,ENVIRONMENTAL SCIENCE 11 (Room A-2),unassigned,ACCOUNTING 11 (Room A-2),TEXTILES 11 (Room A-7),unassigned,COMPOSITION 11 (Room 207B)
1371,ENGINEERING 11 (Room 105),PRE-CALCULUS 11 (Room 220),ENVIRONMENTAL SCIENCE 11 (Room A-2),COMPOSITION 11 (Room 209),DRAFTING 11 (Room 105),ACTIVE LIVING 11 (Room Gym),WOODWORK 11 (Room 101),OUTDOOR EDUCATION 11 (Room _CHECK THIS THING IDK)
1372,SPANISH 11 (Room 123),COMPOSITION 11 (Room 207B),CHEMISTRY 11 (Room 227),DRAFTING 11 (Room 105),CRIMINOLOGY 12 (Room 205B),CAREER LIFE EDUCATION 10 (Room 104),PRE-CALCULUS 11 HONOURS (Room 221),LAW STUDIES 12 (Room 123)
1373,PRE-CALCULUS 12 (Room 212),AUTOMOTIVE TECHNOLOGY 11 (Room 102),CHEMISTRY 11 (Room 211),COMPOSITION 11 (Room A-6),FOOD STUDIES 11 (Room 206),PHYSICS 11 (Room 211),ACTIVE LIVING 11 (Room Gym),CONTEMPORARY INDIGENOUS STUDIES 12 (Room 121)
1374,unassigned,ENVIRONMENTAL SCIENCE 12 - CLIMATE CHANGE (Room 205A),CHEMISTRY 11 (Room 227),PHYSICS 11 (Room 223),LIFE SCIENCES 11 (Room 226),COMPOSITION 11 (Room 205B),PRE-CALCULUS 11 HONOURS (Room 221),PHYSICS 12 (Room 227)
1375,unassigned,unassigned,unassigned,unassigned,LIFE SCIENCES 11 (Room 226),ENVIRONMENTAL SCIENCE 11 (Room 122),ACTIVE LIVING 11 Girls (Room Gym),COMPOSITION 11 (Room 207B)
1376,CAREER LIFE EDUCATION 10 (Room 207B),LITERARY STUDIES 11 Challenge (Room A-7),CHEMISTRY 11 (Room 226),PHYSICS 11 (Room 223),ROBOTICS 11 (Room 104),LIFE SCIENCES 11 (Room 226),PRE-CALCULUS 11 HONOURS (Room 221),CONTEMPORARY INDIGENOUS STUDIES 12 CHALLENGE (Room A-3)
1377,CAREER LIFE EDUCATION 10 (Room 104),COMPOSITION 11 (Room 207B),EXPLORATIONS IN SOCIAL STUDIES 11 (Room 222),unassigned,ACCOUNTING 11 (Room A-2),unassigned,SCIENCE 10 (Room 216),PRE-CALCULUS 12 (Room 214)
1378,PRE-CALCULUS 11 (Room 214),COMPOSITION 11 (Room 207A),CHEMISTRY 11 (Room 225),PHYSICS 11 (Room 223),LIFE SCIENCES 11 (Room 226),PRE-CALCULUS 12 (Room 221),LAW STUDIES 12 (Room 121),MARKETING AND PROMOTION 11 (Room A-2)
1379,CAREER LIFE EDUCATION 10 (Room 207B),COMPOSITION 11 (Room 207B),ART STUDIO 11 (Room 116),PHYSICS 11 (Room 219),EXPLORATIONS IN SOCIAL STUDIES 11 (Room 107),MEDIA DESIGN 11 (Room 114),PRE-CALCULUS 11 (Room 106),MARKETING AND PROMOTION 11 (Room A-2)
1380,CAREER LIFE EDUCATION 10 (Room 104),WORKPLACE MATHEMATICS 11 (Room 214),COMPOSITION 10 (Room 207B),DANCE CONDITIONING 11 (Room Studio),EXPLORATIONS IN SOCIAL STUDIES 11 (Room 107),ENVIRONMENTAL SCIENCE 11 (Room 122),AUTOMOTIVE TECHNOLOGY 11 (Room 102),COMPOSITION 11 (Room 207B)
1381,20th CENTURY WORLD HISTORY 12 (Room 121),CAREER LIFE EDUCATION 10 Linear (Room 201),CHEMISTRY 11 (Room 227),PRE-CALCULUS 12 (Room 106),CAREER LIFE EDUCATION 10 Linear (Room 201),PHYSICS 11 (Room 211),ANATOMY AND PHYSIOLOGY 12 (Room 226),COMPOSITION 11 (Room 207B)
1382,SPANISH 11 (Room 123),COMPOSITION 11 (Room A-2),unassigned,INSTRUMENTAL MUSIC 11: GUITAR (Room 119),CRIMINOLOGY 12 (Room A-3),PHYSICS 11 (Room 211),PRE-CALCULUS 11 (Room 220),LAW STUDIES 12 (Room 222)
1383,SPANISH 11 (Room 123),COMPOSITION 11 (Room 207B),PSYCHOLOGY 11 (Room 205A),PHYSICS 11 (Room 226),CRIMINOLOGY 12 (Room 121),CAREER LIFE EDUCATION 10 (Room 104),PRE-CALCULUS 11 (Room 220),LAW STUDIES 12 (Room 222)
1384,LIFE SCIENCES 11 (Room 219),DRAMA 11 (Room A-1),EXPLORATIONS IN SOCIAL STUDIES 11 (Room 222),ART STUDIO 11 (Room 116),SPANISH 11 (Room 207B),COMPOSITION 11 (Room 205B),ACTIVE LIVING 11 Girls (Room Gym),MARKETING AND PROMOTION 11 (Room A-2)
1385,CAREER LIFE EDUCATION 10 (Room 104),ENGINEERING 11 (Room 104),CHEMISTRY 11 (Room 211),COMPOSITION 11 (Room A-6),ROBOTICS 11 (Room 104),PHYSICS 11 (Room 211),PRE-CALCULUS 11 (Room 106),WOODWORK 11 (Room 101)
1386,PRE-CALCULUS 11 (Room 106),COMPOSITION 11 (Room 207A),EXPLORATIONS IN SOCIAL STUDIES 11 (Room 122),unassigned,unassigned,unassigned,ACTIVE LIVING 11 (Room Gym),unassigned
1387,LIFE SCIENCES 11 (Room 219),unassigned,EXPLORATIONS IN SOCIAL STUDIES 11 (Room 122),unassigned,FOUNDATIONS OF MATHEMATICS 11 (Room 220),unassigned,unassigned,COMPOSITION 11 (Room 207B)
1388,CHEMISTRY 12 (Room 216),COMPOSITION 11 (Room A-2),EXPLORATIONS IN SOCIAL STUDIES 11 (Room 222),INSTRUMENTAL MUSIC 11: GUITAR (Room 119),TEXTILES 11 (Room A-7),PHYSICS 11 (Room 211),PRE-CALCULUS 11 (Room 106),LAW STUDIES 12 (Room 123)
1389,20th CENTURY WORLD HISTORY 12 (Room 121),CAREER LIFE EDUCATION 10 Linear (Room 201),AUTOMOTIVE TECHNOLOGY 11 (Room 102),unassigned,CAREER LIFE EDUCATION 10 Linear (Room 201),CHEMISTRY 11 (Room 219),PRE-CALCULUS 11 (Room 214),COMPOSITION 11 (Room 207B)
1390,ENGLISH STUDIES 12 (Room A-2),AUTOMOTIVE TECHNOLOGY 11 (Room 102),ENVIRONMENTAL SCIENCE 11 (Room A-2),LEARNING STRATEGIES 11 (Room 109),WORKPLACE MATHEMATICS 11 (Room 106),ACTIVE LIVING 11 (Room Gym),PHOTOGRAPHY 11 (Room 113),LAW STUDIES 12 (Room 122)
1391,DANCE TECHNIQUE AND PERFORMANCE 11 (Room Studio),SOCIAL JUSTICE 12 (Room 209),ENVIRONMENTAL SCIENCE 11 (Room A-2),COMPOSITION 11 (Room 209),SPANISH 11 (Room 207B),CAREER LIFE EDUCATION 10 (Room 104),LEARNING STRATEGIES 11 (Room 108),TEXTILES 11 (Room A-7)
1392,PRE-CALCULUS 11 (Room 106),CAREER LIFE EDUCATION 10 Linear (Room 201),CHEMISTRY 11 (Room 226),COMPOSITION 11 (Room A-6),CAREER LIFE EDUCATION 10 Linear (Room 201),PHYSICS 11 (Room 211),ENGINEERING 11 (Room 105),PRE-CALCULUS 12 (Room 214)
1393,ACCOUNTING 11 (Room 205A),COMPOSITION 11 (Room A-2),ENVIRONMENTAL SCIENCE 11 (Room A-2),PRE-CALCULUS 12 (Room 106),CRIMINOLOGY 12 (Room A-3),CAREER LIFE EDUCATION 10 (Room 104),COMPARATIVE CULTURES 12 (Room 208),LAW STUDIES 12 (Room 122)
1394,SPANISH 11 (Room 123),LITERARY STUDIES 11 Challenge (Room A-7),CHEMISTRY 11 (Room 227),AP STATISTICS 12 (Room 212),CONTEMPORARY INDIGENOUS STUDIES 12 CHALLENGE (Room 222),PHYSICS 11 (Room 225),ANATOMY AND PHYSIOLOGY 12 (Room 223),LAW STUDIES 12 (Room 222)
1395,CAREER LIFE EDUCATION 10 (Room 104),YOGA FOR MINDFULNESS 11 (Room Gym),PSYCHOLOGY 11 (Room 205A),COMPOSITION 11 (Room 209),TEXTILES 11 (Room A-7),ENVIRONMENTAL SCIENCE 11 (Room 122),PHOTOGRAPHY 11 (Room 113),CONTEMPORARY INDIGENOUS STUDIES 12 (Room 121)
1396,20th CENTURY WORLD HISTORY 12 (Room 121),AUTOMOTIVE TECHNOLOGY 11 (Room 102),CHEMISTRY 11 (Room 225),COMPOSITION 11 (Room A-6),CRIMINOLOGY 12 (Room A-3),CAREER LIFE EDUCATION 10 (Room 104),FRENCH 11 (Room 107),FOUNDATIONS OF MATHEMATICS 11 (Room 106)
1397,unassigned,COMPOSITION 11 (Room 207A),unassigned,unassigned,LIFE SCIENCES 11 (Room 226),unassigned,PRE-CALCULUS 11 (Room 214),PSYCHOLOGY 11 (Room 209)
1398,SPANISH 11 (Room 123),WORKPLACE MATHEMATICS 11 (Room 214),ENVIRONMENTAL SCIENCE 11 (Room A-2),ADST – POWER TECHNOLOGY 10 (Room 103),FOOD STUDIES 11 (Room 206),MEDIA DESIGN 11 (Room 114),ACTIVE LIVING 11 (Room Gym),COMPOSITION 11 (Room 207B)
1399,PRE-CALCULUS 11 (Room 214),COMPOSITION 11 (Room 207A),CHEMISTRY 11 (Room 225),PHYSICS 11 (Room 226),PHYSICAL GEOGRAPHY 12 (Room 207A),ENVIRONMENTAL SCIENCE 11 (Room 122),PSYCHOLOGY 11 (Room 222),OUTDOOR EDUCATION 11 (Room _CHECK THIS THING IDK)
1400,ACTIVE LIVING 11 Football (Room Gym),COMPOSITION 11 (Room 107),EXPLORATIONS IN SOCIAL STUDIES 11 (Room 122),CROSS TRAINING 11 (Room 120),PHYSICAL GEOGRAPHY 12 (Room 207A),ENGINEERING 11 (Room 105),PRE-CALCULUS 11 (Room 220),MARKETING AND PROMOTION 11 (Room A-2)
1401,PRE-CALCULUS 11 (Room 106),CAREER LIFE EDUCATION 10 Linear (Room 201),unassigned,COMPOSITION 11 (Room 209),CAREER LIFE EDUCATION 10 Linear (Room 201),LIFE SCIENCES 11 (Room 226),CONTEMPORARY INDIGENOUS STUDIES 12 (Room 207A),LAW STUDIES 12 (Room 122)
1402,unassigned,COMPOSITION 11 (Room A-2),unassigned,unassigned,SPANISH 11 (Room 207B),unassigned,PRE-CALCULUS 11 (Room 214),FOOD STUDIES 11 (Room 206)
1403,ENGLISH FIRST PEOPLES 12 Year (Room 107),WORKPLACE MATHEMATICS 11 (Room 214),SPOKEN LANGUAGE 11 (Room 205B),unassigned,MEDIA DESIGN 11 (Room 114),ENVIRONMENTAL SCIENCE 11 (Room 122),ENGLISH FIRST PEOPLES 12 Year (Room 107),CAREER LIFE EDUCATION 10 (Room 104)
1404,ACTIVE LIVING 11 Football (Room Gym),WORKPLACE MATHEMATICS 11 (Room 214),ENVIRONMENTAL SCIENCE 11 (Room A-2),CROSS TRAINING 11 (Room 120),FOOD STUDIES 11 (Room 206),COMPOSITION 11 (Room 205B),PHOTOGRAPHY 11 (Room 113),LAW STUDIES 12 (Room 123)
1405,LIFE SCIENCES 11 (Room 219),unassigned,EXPLORATIONS IN SOCIAL STUDIES 11 (Room 122),unassigned,FOUNDATIONS OF MATHEMATICS 11 (Room 220),unassigned,unassigned,COMPOSITION 11 (Room 207B)
1406,DANCE TECHNIQUE AND PERFORMANCE 11 (Room Studio),SOCIAL JUSTICE 12 (Room 209),PSYCHOLOGY 11 (Room 205A),COMPOSITION 11 (Room A-6),ACCOUNTING 12 (Room A-2),CHEMISTRY 11 (Room 219),PRE-CALCULUS 11 (Room 214),LAW STUDIES 12 (Room 122)
1407,INSTRUMENTAL MUSIC 11: CONCERT BAND LINEAR (Room 119),COMPUTER SCIENCE 12 (Room 203),CHEMISTRY 11 (Room 227),PHYSICS 11 (Room 226),CONTEMPORARY INDIGENOUS STUDIES 12 CHALLENGE (Room 222),INSTRUMENTAL MUSIC 11: CONCERT BAND LINEAR (Room 119),PRE-CALCULUS 11 (Room 220),LITERARY STUDIES 11 Challenge (Room 107)
1408,PRE-CALCULUS 11 (Room 106),LITERARY STUDIES 11 Challenge (Room A-7),CHEMISTRY 11 (Room 226),PHYSICS 11 (Room 223),CRIMINOLOGY 12 (Room 121),CAREER LIFE EDUCATION 10 (Room 104),ANATOMY AND PHYSIOLOGY 12 (Room 223),CONTEMPORARY INDIGENOUS STUDIES 12 CHALLENGE (Room A-3)
1409,FRENCH 11 (Room A-3),LITERARY STUDIES 11 Challenge (Room A-7),CHEMISTRY 11 (Room 225),PHYSICS 11 (Room 226),CONTEMPORARY INDIGENOUS STUDIES 12 CHALLENGE (Room 222),CAREER LIFE EDUCATION 10 (Room 104),PRE-CALCULUS 11 HONOURS (Room 221),PHYSICS 12 (Room 225)
1410,CAREER LIFE EDUCATION 10 (Room 207B),COMPOSITION 11 (Room 207B),ART STUDIO 11 (Room 116),PHYSICS 11 (Room 226),EXPLORATIONS IN SOCIAL STUDIES 11 (Room 107),MEDIA DESIGN 11 (Room 114),PRE-CALCULUS 11 HONOURS (Room 221),TEXTILES 11 (Room A-7)
1411,unassigned,CAREER LIFE EDUCATION 10 Linear (Room 201),EXPLORATIONS IN SOCIAL STUDIES 11 (Room 122),DRAFTING 11 (Room 105),CAREER LIFE EDUCATION 10 Linear (Room 201),PHYSICS 11 (Room 216),PRE-CALCULUS 11 HONOURS (Room 221),COMPOSITION 11 (Room 207B)
1412,unassigned,COMPOSITION 11 (Room A-6),LIFE SCIENCES 11 (Room 216),unassigned,unassigned,unassigned,FRENCH 11 (Room 107),PSYCHOLOGY 11 (Room 209)
1413,unassigned,unassigned,COMPOSITION 10 (Room 207B),unassigned,FOUNDATIONS OF MATHEMATICS 11 (Room 220),LIFE SCIENCES 11 (Room 227),unassigned,TEXTILES 11 (Room A-7)
1414,unassigned,COMPOSITION 11 (Room 107),ENGINEERING 11 (Room 104),ROBOTICS 11 (Room 104),CHEMISTRY 11 (Room 223),PHYSICS 11 (Room 225),PRE-CALCULUS 11 (Room 220),CONTEMPORARY INDIGENOUS STUDIES 12 (Room 121)
1415,PRE-CALCULUS 11 (Room 106),SOCIAL STUDIES 10 (Room 121),unassigned,PHYSICS 11 (Room 223),ART STUDIO 11 (Room 116),COMPOSITION 10 (Room A-3),ACTIVE LIVING 11 (Room Gym),CAREER LIFE EDUCATION 10 (Room 104)
1416,PRE-CALCULUS 11 (Room 106),COMPOSITION 11 (Room 207A),COMPUTER SCIENCE 12 (Room 203),ANATOMY AND PHYSIOLOGY 12 (Room 225),ROBOTICS 11 (Room 104),CAREER LIFE EDUCATION 10 (Room 104),ENGINEERING 11 (Room 105),LAW STUDIES 12 (Room 123)
1417,CAREER LIFE EDUCATION 10 (Room 104),YOGA FOR MINDFULNESS 11 (Room Gym),FOOD STUDIES 11 (Room 206),COMPOSITION 11 (Room A-6),SPANISH 11 (Room 207B),ACTIVE LIVING 11 (Room Gym),PRE-CALCULUS 11 (Room 106),CONTEMPORARY INDIGENOUS STUDIES 12 (Room 121)
1418,unassigned,COMPOSITION 11 (Room 107),LIFE SCIENCES 11 (Room 216),unassigned,EXPLORATIONS IN SOCIAL STUDIES 11 (Room 107),unassigned,PRE-CALCULUS 11 (Room 214),unassigned
1419,LIFE SCIENCES 11 (Room 219),COMPOSITION 11 (Room A-6),PSYCHOLOGY 11 (Room 205A),LEARNING STRATEGIES 11 (Room 109),CRIMINOLOGY 12 (Room 121),MEDIA DESIGN 11 (Room 114),CONTEMPORARY INDIGENOUS STUDIES 12 (Room 207A),FOUNDATIONS OF MATHEMATICS 11 (Room 106)
1420,INSTRUMENTAL MUSIC 11: CONCERT BAND LINEAR (Room 119),LITERARY STUDIES 11 Challenge (Room A-7),CHEMISTRY 11 (Room 225),PHYSICS 11 (Room 226),CONTEMPORARY INDIGENOUS STUDIES 12 CHALLENGE (Room 222),INSTRUMENTAL MUSIC 11: CONCERT BAND LINEAR (Room 119),PRE-CALCULUS 11 HONOURS (Room 221),LAW STUDIES 12 (Room 222)
1421,TEXTILES 11 (Room A-7),YOGA FOR MINDFULNESS 11 (Room Gym),ENVIRONMENTAL SCIENCE 11 (Room A-2),FOOD STUDIES 11 (Room 206),WORKPLACE MATHEMATICS 11 (Room 106),COMPOSITION 11 (Room 205B),ACTIVE LIVING 11 Girls (Room Gym),CONTEMPORARY INDIGENOUS STUDIES 12 (Room 121)
1422,DANCE TECHNIQUE AND PERFORMANCE 11 (Room Studio),SOCIAL JUSTICE 12 (Room 208),CHEMISTRY 11 (Room 225),COMPOSITION 11 (Room A-6),SPANISH 12 (Room 207B),LIFE SCIENCES 11 (Room 227),unassigned,CAREER LIFE EDUCATION 10 (Room 104)
1423,ACCOUNTING 11 (Room 205A),DRAMA 11 (Room A-1),PSYCHOLOGY 11 (Room 205A),COMPOSITION 11 (Room A-6),EXPLORATIONS IN SOCIAL STUDIES 11 (Room 107),LIFE SCIENCES 11 (Room 226),ACTIVE LIVING 11 Girls (Room Gym),FOUNDATIONS OF MATHEMATICS 11 (Room 106)
1424,ACCOUNTING 11 (Room 205A),COMPOSITION 11 (Room A-6),EXPLORATIONS IN SOCIAL STUDIES 11 (Room 122),INSTRUMENTAL MUSIC 11: GUITAR (Room 119),FOUNDATIONS OF MATHEMATICS 11 (Room 220),MEDIA DESIGN 11 (Room 114),ACTIVE LIVING 11 (Room Gym),MARKETING AND PROMOTION 11 (Room A-2)
1425,DANCE TECHNIQUE AND PERFORMANCE 11 (Room Studio),COMPOSITION 11 (Room 207B),unassigned,unassigned,CRIMINOLOGY 12 (Room A-3),unassigned,unassigned,TEXTILES 11 (Room A-7)
1426,INSTRUMENTAL MUSIC 11: CONCERT BAND LINEAR (Room 119),CAREER LIFE EDUCATION 10 Linear (Room 201),DANCE FOUNDATIONS 11 (Room Studio),COMPOSITION 11 (Room 209),CAREER LIFE EDUCATION 10 Linear (Room 201),INSTRUMENTAL MUSIC 11: CONCERT BAND LINEAR (Room 119),PRE-CALCULUS 11 (Room 106),FOOD STUDIES 11 (Room 206)
1427,unassigned,unassigned,unassigned,3D ANIMATION 12 (Room 114),LIFE SCIENCES 11 (Room 226),unassigned,ACTIVE LIVING 11 Girls (Room Gym),COMPOSITION 11 (Room 207B)
1428,unassigned,unassigned,EXPLORATIONS IN SOCIAL STUDIES 11 (Room 122),unassigned,FOUNDATIONS OF MATHEMATICS 11 (Room 220),LIFE SCIENCES 11 (Room 226),unassigned,COMPOSITION 11 (Room 207B)
1429,PRE-CALCULUS 11 (Room 214),DRAMA 11 (Room A-1),EXPLORATIONS IN SOCIAL STUDIES 11 (Room 122),PHYSICS 11 (Room 226),20th CENTURY WORLD HISTORY 12 (Room 122),MEDIA DESIGN 11 (Room 114),ACTIVE LIVING 11 (Room Gym),COMPOSITION 11 (Room 207B)
1430,20th CENTURY WORLD HISTORY 12 (Room 121),PRE-CALCULUS 11 (Room 220),CHEMISTRY 11 (Room 225),unassigned,CRIMINOLOGY 12 (Room 205B),COMPOSITION 11 (Room 205B),FRENCH 11 (Room 107),LAW STUDIES 12 (Room 222)
1431,unassigned,unassigned,DANCE FOUNDATIONS 11 (Room Studio),unassigned,CRIMINOLOGY 12 (Room A-3),PHOTOGRAPHY 11 (Room 113),ACTIVE LIVING 11 Girls (Room Gym),unassigned
1432,FOUNDATIONS OF MATH AND PRE-CALCULUS 10 (Room 221),SOCIAL JUSTICE 12 (Room 208),ENVIRONMENTAL SCIENCE 11 (Room 207A),LEARNING STRATEGIES 11 (Room 109),CRIMINOLOGY 12 (Room 121),COMPOSITION 11 (Room 205B),PRE-CALCULUS 11 (Room 106),PSYCHOLOGY 11 (Room 209)
1433,unassigned,ENVIRONMENTAL SCIENCE 12 - CLIMATE CHANGE (Room 205A),ENVIRONMENTAL SCIENCE 11 (Room A-2),PHYSICS 11 (Room 223),CONTEMPORARY INDIGENOUS STUDIES 12 CHALLENGE (Room 222),CHEMISTRY 11 (Room 219),PRE-CALCULUS 11 HONOURS (Room 221),LITERARY STUDIES 11 Challenge (Room 107)
1434,CAREER LIFE EDUCATION 10 (Room 104),LITERARY STUDIES 11 Challenge (Room A-7),COMPUTER SCIENCE 12 (Room 203),AP STATISTICS 12 (Room 212),CHEMISTRY 11 (Room 223),PHYSICS 11 (Room 216),PRE-CALCULUS 11 HONOURS (Room 221),CONTEMPORARY INDIGENOUS STUDIES 12 CHALLENGE (Room A-3)
1435,ACCOUNTING 11 (Room 205A),ENGINEERING 11 (Room 104),FOOD STUDIES 11 (Room 206),COMPOSITION 11 (Room A-6),CRIMINOLOGY 12 (Room A-3),MEDIA DESIGN 11 (Room 114),PRE-CALCULUS 11 (Room 220),OUTDOOR EDUCATION 11 (Room _CHECK THIS THING IDK)
1436,SPANISH 12 (Room 123),COMPUTER SCIENCE 12 (Room 203),CHEMISTRY 11 (Room 225),AP STATISTICS 12 (Room 212),CONTEMPORARY INDIGENOUS STUDIES 12 CHALLENGE (Room 222),PHYSICS 11 (Room 216),PRE-CALCULUS 11 (Room 220),LITERARY STUDIES 11 Challenge (Room 107)
1437,CAREER LIFE EDUCATION 10 (Room 201),COMPOSITION 11 (Room 207B),EXPLORATIONS IN SOCIAL STUDIES 11 (Room 122),FOOD STUDIES 11 (Room 206),FOUNDATIONS OF MATHEMATICS 11 (Room 220),LIFE SCIENCES 11 (Room 227),ACTIVE LIVING 11 (Room Gym),WOODWORK 11 (Room 101)
1438,CAREER LIFE EDUCATION 10 (Room 201),COMPOSITION 11 (Room 207A),EXPLORATIONS IN SOCIAL STUDIES 11 (Room 122),FOOD STUDIES 11 (Room 206),20th CENTURY WORLD HISTORY 12 (Room 122),LIFE SCIENCES 11 (Room 226),CONTEMPORARY INDIGENOUS STUDIES 12 (Room 207A),FOUNDATIONS OF MATHEMATICS 11 (Room 106)
1439,CAREER LIFE EDUCATION 10 (Room 104),COMPOSITION 11 (Room A-2),PSYCHOLOGY 11 (Room 205A),ART STUDIO 11 (Room 116),CHEMISTRY 11 (Room 223),PRE-CALCULUS 12 (Room 221),ACTIVE LIVING 11 (Room Gym),LAW STUDIES 12 (Room 123)
1440,CAREER LIFE EDUCATION 10 (Room 207B),COMPOSITION 11 (Room 207B),CHEMISTRY 11 (Room 226),PHYSICS 11 (Room 223),EXPLORATIONS IN SOCIAL STUDIES 11 (Room 107),ENVIRONMENTAL SCIENCE 11 (Room 122),PRE-CALCULUS 11 HONOURS (Room 221),OUTDOOR EDUCATION 11 (Room _CHECK THIS THING IDK)
1441,PRE-CALCULUS 11 (Room 106),SOCIAL JUSTICE 12 (Room 209),CHEMISTRY 11 (Room 211),COMPOSITION 11 (Room A-6),CRIMINOLOGY 12 (Room A-3),PHYSICS 11 (Room 216),PSYCHOLOGY 11 (Room 222),LAW STUDIES 12 (Room 123)
1442,TEXTILES 11 (Room A-7),COMPOSITION 11 (Room A-2),unassigned,unassigned,unassigned,LIFE SCIENCES 11 (Room 226),PHOTOGRAPHY 11 (Room 113),unassigned
1443,unassigned,CHEMISTRY 12 (Room 225),PSYCHOLOGY 11 (Room 205A),ANATOMY AND PHYSIOLOGY 12 (Room 225),CONTEMPORARY INDIGENOUS STUDIES 12 CHALLENGE (Room 222),PHYSICS 11 (Room 225),PRE-CALCULUS 11 (Room 214),LITERARY STUDIES 11 Challenge (Room 107)
1444,unassigned,COMPOSITION 11 (Room 207B),EXPLORATIONS IN SOCIAL STUDIES 11 (Room 222),unassigned,unassigned,LIFE SCIENCES 11 (Room 226),unassigned,FOUNDATIONS OF MATHEMATICS 11 (Room 106)
1445,unassigned,COMPOSITION 11 (Room 207A),EXPLORATIONS IN SOCIAL STUDIES 11 (Room 122),unassigned,LIFE SCIENCES 11 (Room 226),unassigned,unassigned,FOUNDATIONS OF MATHEMATICS 11 (Room 106)
1446,CAREER LIFE EDUCATION 10 (Room 201),WORKPLACE MATHEMATICS 11 (Room 214),EXPLORATIONS IN SOCIAL STUDIES 11 (Room 222),COMPOSITION 11 (Room A-6),TEXTILES 11 (Room A-7),LIFE SCIENCES 11 (Room 226),WOODWORK 11 (Room 101),FOOD STUDIES 11 (Room 206)
1447,CAREER LIFE EDUCATION 10 (Room 201),YOGA FOR MINDFULNESS 11 (Room Gym),ENVIRONMENTAL SCIENCE 11 (Room A-2),COMPOSITION 11 (Room 209),CRIMINOLOGY 12 (Room A-3),unassigned,PSYCHOLOGY 11 (Room 222),LAW STUDIES 12 (Room 122)
1448,CAREER LIFE EDUCATION 10 (Room 104),COMPOSITION 11 (Room 107),ENGINEERING 11 (Room 104),ART STUDIO 11 (Room 116),ACCOUNTING 11 (Room A-2),LIFE SCIENCES 11 (Room 227),PRE-CALCULUS 11 (Room 106),ENTREPRENEURSHIP 12 (Room A-2)
1449,LIFE SCIENCES 11 (Room 219),COMPOSITION 11 (Room A-6),EXPLORATIONS IN SOCIAL STUDIES 11 (Room 222),unassigned,FOUNDATIONS OF MATHEMATICS 11 (Room 220),unassigned,unassigned,unassigned
1450,SPANISH 11 (Room 123),COMPOSITION 11 (Room 207B),CHEMISTRY 11 (Room 225),DANCE CONDITIONING 11 (Room Studio),CRIMINOLOGY 12 (Room 121),CAREER LIFE EDUCATION 10 (Room 104),PRE-CALCULUS 11 (Room 214),LAW STUDIES 12 (Room 222)
1451,CAREER LIFE EDUCATION 10 (Room 104),PRE-CALCULUS 11 (Room 220),LIFE SCIENCES 11 (Room 216),unassigned,PHYSICAL GEOGRAPHY 12 (Room 207A),COMPOSITION 11 (Room 205B),ANATOMY AND PHYSIOLOGY 12 (Room 226),PSYCHOLOGY 11 (Room 209)
1452,PRE-CALCULUS 11 (Room 214),SOCIAL JUSTICE 12 (Room 208),unassigned,PHYSICS 11 (Room 219),CHEMISTRY 11 (Room 223),ACTIVE LIVING 11 (Room Gym),COMPARATIVE CULTURES 12 (Room 208),WOODWORK 11 (Room 101)
1453,LIFE SCIENCES 11 (Room 219),LITERARY STUDIES 11 Challenge (Room A-7),DRAFTING 11 (Room 105),PHYSICS 11 (Room 226),CONTEMPORARY INDIGENOUS STUDIES 12 CHALLENGE (Room 222),CHEMISTRY 11 (Room 219),PRE-CALCULUS 11 (Room 220),CAREER LIFE EDUCATION 10 (Room 104)
1454,ACTIVE LIVING 11 Football (Room Gym),COMPOSITION 11 (Room A-6),ENVIRONMENTAL SCIENCE 11 (Room 207A),CROSS TRAINING 11 (Room 120),FOUNDATIONS OF MATHEMATICS 11 (Room 220),CAREER LIFE EDUCATION 10 (Room 104),PHOTOGRAPHY 12 (Room 113),LAW STUDIES 12 (Room 123)
1455,PRE-CALCULUS 11 (Room 214),CAREER LIFE EDUCATION 10 Linear (Room 201),CHEMISTRY 11 (Room 226),COMPOSITION 11 (Room A-6),CAREER LIFE EDUCATION 10 Linear (Room 201),PHYSICS 11 (Room 216),CONTEMPORARY INDIGENOUS STUDIES 12 (Room 207A),LAW STUDIES 12 (Room 122)
1456,unassigned,COMPOSITION 11 (Room 107),unassigned,ANATOMY AND PHYSIOLOGY 12 (Room 216),PHYSICAL GEOGRAPHY 12 (Room 207A),unassigned,PSYCHOLOGY 11 (Room 222),unassigned
1457,ACTIVE LIVING 11 Football (Room Gym),WORKPLACE MATHEMATICS 11 (Room 214),EXPLORATIONS IN SOCIAL STUDIES 11 (Room 222),COMPOSITION 11 (Room 209),SPANISH 12 (Room 207B),ENVIRONMENTAL SCIENCE 11 (Room 122),AUTOMOTIVE TECHNOLOGY 11 (Room 102),CAREER LIFE EDUCATION 10 (Room 104)
1458,unassigned,COMPOSITION 11 (Room 107),EXPLORATIONS IN SOCIAL STUDIES 11 (Room 122),unassigned,unassigned,LIFE SCIENCES 11 (Room 226),unassigned,FOUNDATIONS OF MATHEMATICS 11 (Room 106)
1459,ECONOMICS 12 (Room 222),COMPOSITION 11 (Room 207A),CHEMISTRY 11 (Room 227),PHYSICS 11 (Room 219),CRIMINOLOGY 12 (Room A-3),CAREER LIFE EDUCATION 10 (Room 104),PRE-CALCULUS 11 (Room 220),LAW STUDIES 12 (Room 122)
1460,unassigned,SOCIAL JUSTICE 12 (Room 208),DANCE FOUNDATIONS 11 (Room Studio),DANCE CONDITIONING 11 (Room Studio),WORKPLACE MATHEMATICS 11 (Room 106),ENVIRONMENTAL SCIENCE 11 (Room 122),unassigned,COMPOSITION 11 (Room 207B)
1461,PRE-CALCULUS 11 (Room 214),COMPOSITION 11 (Room A-6),EXPLORATIONS IN SOCIAL STUDIES 11 (Room 222),PHYSICS 11 (Room 226),CRIMINOLOGY 12 (Room 205B),ACTIVE LIVING 11 (Room Gym),AUTOMOTIVE TECHNOLOGY 11 (Room 102),WOODWORK 11 (Room 101)
1462,20th CENTURY WORLD HISTORY 12 (Room 121),PRE-CALCULUS 11 (Room 220),PSYCHOLOGY 11 (Room 205A),INSTRUMENTAL MUSIC 11: GUITAR (Room 119),CRIMINOLOGY 12 (Room A-3),COMPOSITION 11 (Room 205B),ANATOMY AND PHYSIOLOGY 12 (Room 223),LAW STUDIES 12 (Room 123)
1463,LIFE SCIENCES 11 (Room 219),CAREER LIFE EDUCATION 10 Linear (Room 201),CHEMISTRY 11 (Room 227),DRAFTING 11 (Room 105),CAREER LIFE EDUCATION 10 Linear (Room 201),COMPOSITION 11 (Room 205B),PRE-CALCULUS 11 HONOURS (Room 221),CONTEMPORARY INDIGENOUS STUDIES 12 (Room 121)
1464,PRE-CALCULUS 11 (Room 106),COMPOSITION 11 (Room 207B),ENVIRONMENTAL SCIENCE 11 (Room 207A),FOOD STUDIES 11 (Room 206),CRIMINOLOGY 12 (Room 121),CHEMISTRY 11 (Room 219),INTRODUCTORY SPANISH 11 (Room 207B),LAW STUDIES 12 (Room 122)
1465,LIFE SCIENCES 11 (Room 219),COMPOSITION 11 (Room 107),EXPLORATIONS IN SOCIAL STUDIES 11 (Room 122),3D ANIMATION 12 (Room 114),FOUNDATIONS OF MATHEMATICS 11 (Room 220),PHOTOGRAPHY 11 (Room 113),ACTIVE LIVING 11 Girls (Room Gym),MARKETING AND PROMOTION 11 (Room A-2)
1466,FRENCH 11 (Room A-3),unassigned,unassigned,unassigned,EXPLORATIONS IN SOCIAL STUDIES 11 (Room 107),unassigned,ACTIVE LIVING 11 Girls (Room Gym),COMPOSITION 11 (Room 207B)
1467,unassigned,COMPOSITION 11 (Room 207A),CHEMISTRY 11 (Room 227),3D ANIMATION 12 (Room 114),20th CENTURY WORLD HISTORY 12 (Room 122),ACTIVE LIVING 11 (Room Gym),PRE-CALCULUS 11 (Room 220),OUTDOOR EDUCATION 11 (Room _CHECK THIS THING IDK)
1468,PRE-CALCULUS 11 (Room 106),COMPUTER SCIENCE 12 (Room 203),CHEMISTRY 11 (Room 226),COMPOSITION 11 (Room A-6),CRIMINOLOGY 12 (Room A-3),PHYSICS 11 (Room 225),PSYCHOLOGY 11 (Room 222),LAW STUDIES 12 (Room 222)
1469,unassigned,CAREER LIFE EDUCATION 10 Linear (Room 201),CHEMISTRY 11 (Room 211),COMPOSITION 11 (Room 209),CAREER LIFE EDUCATION 10 Linear (Room 201),PHYSICS 11 (Room 211),PRE-CALCULUS 11 HONOURS (Room 221),LAW STUDIES 12 (Room 122)
1470,CAREER LIFE EDUCATION 10 (Room 201),COMPOSITION 11 (Room 107),CHEMISTRY 11 (Room 225),PHYSICS 11 (Room 226),LIFE SCIENCES 11 (Room 226),ENGINEERING 11 (Room 105),PRE-CALCULUS 11 (Room 214),CONTEMPORARY INDIGENOUS STUDIES 12 (Room 121)
1471,FRENCH 11 (Room A-3),PRE-CALCULUS 11 (Room 220),EXPLORATIONS IN SOCIAL STUDIES 11 (Room 222),COMPOSITION 11 (Room A-6),CHEMISTRY 11 (Room 223),LIFE SCIENCES 11 (Room 227),PSYCHOLOGY 11 (Room 222),OUTDOOR EDUCATION 11 (Room _CHECK THIS THING IDK)
1472,PRE-CALCULUS 11 (Room 106),COMPOSITION 11 (Room 107),FOOD STUDIES 11 (Room 206),ANATOMY AND PHYSIOLOGY 12 (Room 225),CRIMINOLOGY 12 (Room 121),PHYSICS 11 (Room 216),PSYCHOLOGY 11 (Room 222),LAW STUDIES 12 (Room 122)
1473,ECONOMICS 12 (Room 209),COMPOSITION 11 (Room 107),CHEMISTRY 11 (Room 225),DRAFTING 11 (Room 105),ACCOUNTING 11 (Room A-2),PHYSICS 11 (Room 216),PRE-CALCULUS 11 (Room 106),LAW STUDIES 12 (Room 222)
1474,CAREER LIFE EDUCATION 10 (Room 201),PRE-CALCULUS 11 (Room 220),CHEMISTRY 11 (Room 227),unassigned,CONTEMPORARY INDIGENOUS STUDIES 12 CHALLENGE (Room 222),unassigned,ACTIVE LIVING 11 (Room Gym),LITERARY STUDIES 11 Challenge (Room 107)
1475,INSTRUMENTAL MUSIC 11: CONCERT BAND LINEAR (Room 119),COMPOSITION 11 (Room 107),CHEMISTRY 11 (Room 226),unassigned,LIFE SCIENCES 11 (Room 226),INSTRUMENTAL MUSIC 11: CONCERT BAND LINEAR (Room 119),PRE-CALCULUS 11 (Room 106),LAW STUDIES 12 (Room 122)
1476,DANCE TECHNIQUE AND PERFORMANCE 11 (Room Studio),SOCIAL STUDIES 10 (Room 121),ENVIRONMENTAL SCIENCE 11 (Room A-2),INSTRUMENTAL MUSIC 11: GUITAR (Room 119),TEXTILES 11 (Room A-7),COMPOSITION 10 (Room A-3),PRE-CALCULUS 11 (Room 106),FOOD STUDIES 11 (Room 206)
1477,LIFE SCIENCES 11 (Room 219),AUTOMOTIVE TECHNOLOGY 11 (Room 102),EXPLORATIONS IN SOCIAL STUDIES 11 (Room 122),COMPOSITION 11 (Room A-6),SPANISH 11 (Room 207B),ENVIRONMENTAL SCIENCE 11 (Room 122),WOODWORK 11 (Room 101),FOUNDATIONS OF MATHEMATICS 11 (Room 106)
1478,FRENCH 11 (Room A-3),LITERARY STUDIES 11 Challenge (Room A-7),CHEMISTRY 11 (Room 226),AP STATISTICS 12 (Room 212),CONTEMPORARY INDIGENOUS STUDIES 12 CHALLENGE (Room 222),PHYSICS 11 (Room 216),PRE-CALCULUS 11 HONOURS (Room 221),MARKETING AND PROMOTION 11 (Room A-2)
1479,unassigned,COMPOSITION 11 (Room 207B),unassigned,unassigned,SPANISH 11 (Room 207B),LIFE SCIENCES 11 (Room 226),PRE-CALCULUS 11 (Room 106),unassigned
1480,ECONOMICS 12 (Room 209),COMPOSITION 11 (Room A-6),ENGINEERING 11 (Room 104),unassigned,LIFE SCIENCES 11 (Room 226),unassigned,unassigned,unassigned
1481,unassigned,COMPOSITION 11 (Room A-6),EXPLORATIONS IN SOCIAL STUDIES 11 (Room 222),unassigned,unassigned,LIFE SCIENCES 11 (Room 227),unassigned,MARKETING AND PROMOTION 11 (Room A-2)
1482,CAREER LIFE EDUCATION 10 (Room 104),COMPOSITION 11 (Room 207A),AUTOMOTIVE TECHNOLOGY 11 (Room 102),CROSS TRAINING 11 (Room 120),CRIMINOLOGY 12 (Room A-3),PHYSICS 11 (Room 211),LAW STUDIES 12 (Room 121),PRE-CALCULUS 12 (Room 214)
1483,CAREER LIFE EDUCATION 10 (Room 104),COMPUTER SCIENCE 12 (Room 203),CHEMISTRY 11 (Room 227),COMPOSITION 11 (Room 209),EXPLORATIONS IN SOCIAL STUDIES 11 (Room 107),LIFE SCIENCES 11 (Room 226),PRE-CALCULUS 11 (Room 220),FOOD STUDIES 11 (Room 206)
1484,unassigned,CAREER LIFE EDUCATION 10 Linear (Room 201),CHEMISTRY 11 (Room 227),AP STATISTICS 12 (Room 212),CAREER LIFE EDUCATION 10 Linear (Room 201),PHYSICS 11 (Room 216),PRE-CALCULUS 11 HONOURS (Room 221),CONTEMPORARY INDIGENOUS STUDIES 12 CHALLENGE (Room A-3)
1485,PRE-CALCULUS 11 (Room 214),COMPOSITION 11 (Room A-6),LEARNING STRATEGIES 11 LINEAR (Room 108),INSTRUMENTAL MUSIC 11: GUITAR (Room 119),CRIMINOLOGY 12 (Room A-3),CHEMISTRY 11 (Room 219),PHOTOGRAPHY 11 (Room 113),LEARNING STRATEGIES 11 LINEAR (Room 108)
1486,CAREER LIFE EDUCATION 10 (Room 104),PRE-CALCULUS 11 (Room 220),CHEMISTRY 11 (Room 211),COMPOSITION 11 (Room 209),LIFE SCIENCES 11 (Room 226),PHYSICS 11 (Room 211),CHEMISTRY 12 (Room 225),LAW STUDIES 12 (Room 222)
1487,CAREER LIFE EDUCATION 10 (Room 104),PRE-CALCULUS 11 (Room 220),CHEMISTRY 11 (Room 226),DRAFTING 11 (Room 105),CONTEMPORARY INDIGENOUS STUDIES 12 CHALLENGE (Room 222),PHYSICS 11 (Room 225),ANATOMY AND PHYSIOLOGY 12 (Room 223),LITERARY STUDIES 11 Challenge (Room 107)
1488,FRENCH 10 (Room 208),YOGA FOR MINDFULNESS 11 (Room Gym),ART STUDIO 11 (Room 116),FOOD STUDIES 11 (Room 206),FOUNDATIONS OF MATHEMATICS 11 (Room 220),COMPOSITION 11 (Room 205B),PHOTOGRAPHY 11 (Room 113),LAW STUDIES 12 (Room 122)
1489,CAREER LIFE EDUCATION 10 (Room 207B),YOGA FOR MINDFULNESS 11 (Room Gym),FOOD STUDIES 11 (Room 206),COMPOSITION 11 (Room A-6),LIFE SCIENCES 11 (Room 226),ACTIVE LIVING 11 (Room Gym),PRE-CALCULUS 11 (Room 214),LAW STUDIES 12 (Room 123)
1490,unassigned,COMPOSITION 11 (Room 207A),DANCE FOUNDATIONS 11 (Room Studio),unassigned,unassigned,PHOTOGRAPHY 11 (Room 113),unassigned,unassigned
1491,CAREER LIFE EDUCATION 10 (Room 207B),PRE-CALCULUS 11 (Room 220),EXPLORATIONS IN SOCIAL STUDIES 11 (Room 122),PHYSICS 11 (Room 226),LIFE SCIENCES 11 (Room 226),MEDIA DESIGN 11 (Room 114),PHOTOGRAPHY 11 (Room 113),COMPOSITION 11 (Room 207B)
1492,unassigned,YOGA FOR MINDFULNESS 11 (Room Gym),unassigned,COMPOSITION 11 (Room 209),CRIMINOLOGY 12 (Room 205B),unassigned,PSYCHOLOGY 11 (Room 222),MARKETING AND PROMOTION 11 (Room A-2)
1493,CAREER LIFE EDUCATION 10 (Room 207B),AUTOMOTIVE TECHNOLOGY 11 (Room 102),CHEMISTRY 11 (Room 226),COMPOSITION 11 (Room 209),EXPLORATIONS IN SOCIAL STUDIES 11 (Room 107),ACTIVE LIVING 11 (Room Gym),PRE-CALCULUS 11 (Room 106),OUTDOOR EDUCATION 11 (Room _CHECK THIS THING IDK)
1494,PRE-CALCULUS 11 (Room 214),LITERARY STUDIES 11 Challenge (Room A-7),CHEMISTRY 11 (Room 211),PHYSICS 11 (Room 226),CONTEMPORARY INDIGENOUS STUDIES 12 CHALLENGE (Room 222),PRE-CALCULUS 12 (Room 221),ANATOMY AND PHYSIOLOGY 12 (Room 226),PHYSICS 12 (Room 225)
1495,PRE-CALCULUS 11 (Room 214),COMPOSITION 11 (Room A-6),EXPLORATIONS IN SOCIAL STUDIES 11 (Room 122),PHYSICS 11 (Room 226),LIFE SCIENCES 11 (Room 226),CHEMISTRY 11 (Room 219),PSYCHOLOGY 11 (Room 222),FOOD STUDIES 11 (Room 206)
1496,ACTIVE LIVING 11 Football (Room Gym),COMPOSITION 11 (Room 207B),ENVIRONMENTAL SCIENCE 11 (Room 207A),CROSS TRAINING 11 (Room 120),WORKPLACE MATHEMATICS 11 (Room 106),CAREER LIFE EDUCATION 10 (Room 104),AUTOMOTIVE TECHNOLOGY 11 (Room 102),CONTEMPORARY INDIGENOUS STUDIES 12 (Room 121)
1497,SPANISH 11 (Room 123),AUTOMOTIVE TECHNOLOGY 11 (Room 102),LIFE SCIENCES 11 (Room 216),COMPOSITION 11 (Room 209),WORKPLACE MATHEMATICS 11 (Room 106),CAREER LIFE EDUCATION 10 (Room 104),WOODWORK 11 (Room 101),CONTEMPORARY INDIGENOUS STUDIES 12 (Room 121)
1498,unassigned,COMPOSITION 11 (Room 207A),EXPLORATIONS IN SOCIAL STUDIES 11 (Room 122),unassigned,unassigned,LIFE SCIENCES 11 (Room 226),unassigned,FOUNDATIONS OF MATHEMATICS 11 (Room 106)
1499,CAREER LIFE EDUCATION 10 (Room 104),COMPUTER SCIENCE 12 (Room 203),ENGINEERING 11 (Room 104),AP STATISTICS 12 (Room 212),CHEMISTRY 11 (Room 223),PHYSICS 11 (Room 216),PRE-CALCULUS 11 (Room 220),LITERARY STUDIES 11 Challenge (Room 107)
1500,DANCE TECHNIQUE AND PERFORMANCE 11 (Room Studio),DRAMA 11 (Room A-1),EXPLORATIONS IN SOCIAL STUDIES 11 (Room 222),COMPOSITION 11 (Room 209),WORKPLACE MATHEMATICS 11 (Room 106),ENVIRONMENTAL SCIENCE 11 (Room 122),PHOTOGRAPHY 11 (Room 113),CAREER LIFE EDUCATION 10 (Room 104)
1501,unassigned,WORKPLACE MATHEMATICS 11 (Room 214),EXPLORATIONS IN SOCIAL STUDIES 11 (Room 122),COMPOSITION 11 (Room 209),CRIMINOLOGY 12 (Room A-3),ENVIRONMENTAL SCIENCE 11 (Room 122),WOODWORK 11 (Room 101),FOOD STUDIES 11 (Room 206)
1502,CAREER LIFE EDUCATION 10 (Room 201),PRE-CALCULUS 11 (Room 220),CHEMISTRY 11 (Room 211),PHYSICS 11 (Room 219),CONTEMPORARY INDIGENOUS STUDIES 12 CHALLENGE (Room 222),LIFE SCIENCES 11 (Room 226),LAW STUDIES 12 (Room 121),LITERARY STUDIES 11 Challenge (Room 107)
1503,CAREER LIFE EDUCATION 10 (Room 207B),unassigned,DRAFTING 11 (Room 105),ANATOMY AND PHYSIOLOGY 12 (Room 225),CONTEMPORARY INDIGENOUS STUDIES 12 CHALLENGE (Room 222),PHYSICS 11 (Room 225),PRE-CALCULUS 11 HONOURS (Room 221),LITERARY STUDIES 11 Challenge (Room 107)
1504,ENGINEERING 11 (Room 105),COMPOSITION 11 (Room 207A),EXPLORATIONS IN SOCIAL STUDIES 11 (Room 222),PHYSICS 11 (Room 219),CHEMISTRY 11 (Room 223),TEXTILES 11 (Room A-7),PRE-CALCULUS 11 (Room 220),PSYCHOLOGY 11 (Room 209)
1505,CAREER LIFE EDUCATION 10 (Room 201),COMPOSITION 11 (Room A-6),LIFE SCIENCES 11 (Room 216),ART STUDIO 11 (Room 116),FOOD STUDIES 11 (Room 206),CHEMISTRY 11 (Room 219),unassigned,FOUNDATIONS OF MATHEMATICS 11 (Room 106)
1506,unassigned,LITERARY STUDIES 11 Challenge (Room A-7),CHEMISTRY 11 (Room 227),unassigned,MEDIA DESIGN 11 (Room 114),LIFE SCIENCES 11 (Room 227),PRE-CALCULUS 11 HONOURS (Room 221),CONTEMPORARY INDIGENOUS STUDIES 12 CHALLENGE (Room A-3)
1507,unassigned,CHEMISTRY 12 (Room 219),unassigned,PRE-CALCULUS 12 (Room 106),CONTEMPORARY INDIGENOUS STUDIES 12 CHALLENGE (Room 222),PHYSICS 11 (Room 216),ANATOMY AND PHYSIOLOGY 12 (Room 226),LITERARY STUDIES 11 Challenge (Room 107)
1508,PRE-CALCULUS 11 (Room 106),LITERARY STUDIES 11 Challenge (Room A-7),CHEMISTRY 11 (Room 227),PHYSICS 11 (Room 226),CRIMINOLOGY 12 (Room A-3),CAREER LIFE EDUCATION 10 (Room 104),ANATOMY AND PHYSIOLOGY 12 (Room 226),CONTEMPORARY INDIGENOUS STUDIES 12 CHALLENGE (Room A-3)
1509,PRE-CALCULUS 11 (Room 214),ENVIRONMENTAL SCIENCE 12 - CLIMATE CHANGE (Room 205A),ENVIRONMENTAL SCIENCE 11 (Room 207A),unassigned,PHYSICAL GEOGRAPHY 12 (Room 207A),COMPOSITION 11 (Room 205B),CONTEMPORARY INDIGENOUS STUDIES 12 (Room 207A),PSYCHOLOGY 11 (Room 209)
1510,CAREER LIFE EDUCATION 10 (Room 201),SOCIAL JUSTICE 12 (Room 209),FOOD STUDIES 11 (Room 206),COMPOSITION 11 (Room 209),CHEMISTRY 11 (Room 223),LIFE SCIENCES 11 (Room 226),PHOTOGRAPHY 11 (Room 113),FOUNDATIONS OF MATHEMATICS 11 (Room 106)
1511,INSTRUMENTAL MUSIC 11: CONCERT BAND LINEAR (Room 119),CAREER LIFE EDUCATION 10 Linear (Room 201),EXPLORATIONS IN SOCIAL STUDIES 11 (Room 222),COMPOSITION 11 (Room 209),CAREER LIFE EDUCATION 10 Linear (Room 201),INSTRUMENTAL MUSIC 11: CONCERT BAND LINEAR (Room 119),ACTIVE LIVING 11 Girls (Room Gym),FOUNDATIONS OF MATHEMATICS 11 (Room 106)
1512,CAREER LIFE EDUCATION 10 (Room 207B),COMPOSITION 11 (Room A-6),CHEMISTRY 11 (Room 227),PHYSICS 11 (Room 219),EXPLORATIONS IN SOCIAL STUDIES 11 (Room 107),LIFE SCIENCES 11 (Room 226),PRE-CALCULUS 11 (Room 214),unassigned
1513,CAREER LIFE EDUCATION 10 (Room 201),LITERARY STUDIES 11 Challenge (Room A-7),ART STUDIO 11 (Room 116),PHYSICS 11 (Room 226),CRIMINOLOGY 12 (Room 121),CHEMISTRY 11 (Room 219),PRE-CALCULUS 11 (Room 220),CONTEMPORARY INDIGENOUS STUDIES 12 CHALLENGE (Room A-3)
1514,ACTIVE LIVING 11 Football (Room Gym),WORKPLACE MATHEMATICS 11 (Room 214),ENVIRONMENTAL SCIENCE 11 (Room A-2),CROSS TRAINING 11 (Room 120),EXPLORATIONS IN SOCIAL STUDIES 11 (Room 107),CAREER LIFE EDUCATION 10 (Room 104),INTRODUCTORY SPANISH 11 (Room 207B),COMPOSITION 11 (Room 207B)
1515,CAREER LIFE EDUCATION 10 (Room 201),WORKPLACE MATHEMATICS 11 (Room 214),ENVIRONMENTAL SCIENCE 11 (Room 207A),SOCIAL STUDIES 10 (Room 208),FOOD STUDIES 11 (Room 206),COMPOSITION 11 (Room 205B),AUTOMOTIVE TECHNOLOGY 11 (Room 102),EFP WRITING 10 (Room A-6)
1516,LIFE SCIENCES 11 (Room 219),DRAMA 11 (Room A-1),CHEMISTRY 11 (Room 225),AP STATISTICS 12 (Room 212),CONTEMPORARY INDIGENOUS STUDIES 12 CHALLENGE (Room 222),PHYSICS 11 (Room 225),PRE-CALCULUS 11 HONOURS (Room 221),LITERARY STUDIES 11 Challenge (Room 107)
1517,ECONOMICS 12 (Room 209),LITERARY STUDIES 11 Challenge (Room A-7),CHEMISTRY 11 (Room 225),AP STATISTICS 12 (Room 212),CONTEMPORARY INDIGENOUS STUDIES 12 CHALLENGE (Room 222),PHYSICS 11 (Room 211),PRE-CALCULUS 11 HONOURS (Room 221),CAREER LIFE EDUCATION 10 (Room 104)
1518,20th CENTURY WORLD HISTORY 12 (Room 121),WORKPLACE MATHEMATICS 11 (Room 214),ENVIRONMENTAL SCIENCE 11 (Room A-2),FOOD STUDIES 11 (Room 206),CRIMINOLOGY 12 (Room 205B),CAREER LIFE EDUCATION 10 (Room 104),PSYCHOLOGY 11 (Room 222),COMPOSITION 11 (Room 207B)
1519,LIFE SCIENCES 11 (Room 219),COMPOSITION 11 (Room 207B),EXPLORATIONS IN SOCIAL STUDIES 11 (Room 222),unassigned,FOUNDATIONS OF MATHEMATICS 11 (Room 220),unassigned,unassigned,unassigned
1520,unassigned,COMPOSITION 11 (Room 107),EXPLORATIONS IN SOCIAL STUDIES 11 (Room 122),unassigned,FOUNDATIONS OF MATHEMATICS 11 (Room 220),LIFE SCIENCES 11 (Room 227),unassigned,unassigned
1521,SPANISH 11 (Room 123),COMPOSITION 11 (Room A-6),CHEMISTRY 11 (Room 227),FOOD STUDIES 11 (Room 206),CRIMINOLOGY 12 (Room A-3),LIFE SCIENCES 11 (Room 227),CONTEMPORARY INDIGENOUS STUDIES 12 (Room 207A),TEXTILES 11 (Room A-7)
1522,CAREER LIFE EDUCATION 10 (Room 104),LITERARY STUDIES 11 Challenge (Room A-7),COMPUTER SCIENCE 12 (Room 203),PHYSICS 11 (Room 226),CONTEMPORARY INDIGENOUS STUDIES 12 CHALLENGE (Room 222),CHEMISTRY 11 (Room 219),PRE-CALCULUS 11 (Room 106),AP COMPUTER SCIENCE A 12 (Room 203)
1523,PRE-CALCULUS 11 (Room 106),COMPOSITION 11 (Room A-6),CHEMISTRY 11 (Room 226),unassigned,INTRODUCTORY SPANISH 11 (Room 205A),PHYSICS 11 (Room 216),LAW STUDIES 12 (Room 121),PRE-CALCULUS 12 (Room 214)
1524,ACCOUNTING 11 (Room 205A),PRE-CALCULUS 11 (Room 220),ENGINEERING 11 (Room 104),COMPOSITION 11 (Room 209),SPANISH 11 (Room 207B),PHYSICS 11 (Room 211),LAW STUDIES 12 (Room 121),PSYCHOLOGY 11 (Room 209)
1525,unassigned,PRE-CALCULUS 11 (Room 220),CHEMISTRY 11 (Room 226),COMPOSITION 11 (Room A-6),PHYSICAL GEOGRAPHY 12 (Room 207A),PHYSICS 11 (Room 211),ENGINEERING 11 (Room 105),PRE-CALCULUS 12 (Room 214)
1526,ECONOMICS 12 (Room 209),COMPOSITION 11 (Room A-2),AUTOMOTIVE TECHNOLOGY 11 (Room 102),PRE-CALCULUS 12 (Room 210),CHEMISTRY 11 (Room 223),PHYSICS 11 (Room 211),ACTIVE LIVING 11 (Room Gym),LAW STUDIES 12 (Room 222)
1527,PRE-CALCULUS 11 (Room 214),COMPOSITION 11 (Room 207A),AUTOMOTIVE TECHNOLOGY 11 (Room 102),FOOD STUDIES 11 (Room 206),CHEMISTRY 11 (Room 223),PHYSICS 11 (Room 225),ACTIVE LIVING 11 (Room Gym),CONTEMPORARY INDIGENOUS STUDIES 12 (Room 121)
1528,DANCE TECHNIQUE AND PERFORMANCE 11 (Room Studio),SOCIAL JUSTICE 12 (Room 208),CHEMISTRY 11 (Room 226),COMPOSITION 11 (Room 209),LIFE SCIENCES 11 (Room 226),CAREER LIFE EDUCATION 10 (Room 104),PRE-CALCULUS 11 (Room 106),LAW STUDIES 12 (Room 222)
1529,PRE-CALCULUS 11 (Room 214),COMPOSITION 11 (Room 107),PSYCHOLOGY 11 (Room 205A),unassigned,ACCOUNTING 12 (Room A-2),CHEMISTRY 11 (Room 219),unassigned,LAW STUDIES 12 (Room 122)
1530,CAREER LIFE EDUCATION 10 (Room 201),SOCIAL JUSTICE 12 (Room 208),CHEMISTRY 11 (Room 211),COMPOSITION 11 (Room A-6),LIFE SCIENCES 11 (Room 226),ACTIVE LIVING 11 (Room Gym),PRE-CALCULUS 11 HONOURS (Room 221),PSYCHOLOGY 11 (Room 209)
1531,unassigned,CAREER LIFE EDUCATION 10 Linear (Room 201),CHEMISTRY 11 (Room 225),unassigned,CAREER LIFE EDUCATION 10 Linear (Room 201),PHYSICS 11 (Room 211),PRE-CALCULUS 11 HONOURS (Room 221),LITERARY STUDIES 11 Challenge (Room 107)
1532,ECONOMICS 12 (Room 222),SOCIAL JUSTICE 12 (Room 208),ENVIRONMENTAL SCIENCE 11 (Room 207A),INSTRUMENTAL MUSIC 11: GUITAR (Room 119),ACCOUNTING 12 (Room A-2),COMPOSITION 11 (Room 205B),PRE-CALCULUS 11 (Room 106),CAREER LIFE EDUCATION 10 (Room 104)
1533,CAREER LIFE EDUCATION 10 (Room 104),COMPOSITION 11 (Room 207B),PSYCHOLOGY 11 (Room 205A),FOOD STUDIES 11 (Room 206),CRIMINOLOGY 12 (Room 121),CHEMISTRY 11 (Room 219),PRE-CALCULUS 11 (Room 106),LAW STUDIES 12 (Room 123)
1534,INSTRUMENTAL MUSIC 11: CONCERT BAND LINEAR (Room 119),LITERARY STUDIES 11 Challenge (Room A-7),CHEMISTRY 11 (Room 227),PHYSICS 11 (Room 219),TEXTILES 11 (Room A-7),INSTRUMENTAL MUSIC 11: CONCERT BAND LINEAR (Room 119),PRE-CALCULUS 11 HONOURS (Room 221),CONTEMPORARY INDIGENOUS STUDIES 12 CHALLENGE (Room A-3)
1535,CAREER LIFE EDUCATION 10 (Room 207B),COMPOSITION 11 (Room A-6),FOOD STUDIES 11 (Room 206),ART STUDIO 11 (Room 116),PHYSICAL GEOGRAPHY 12 (Room 207A),LIFE SCIENCES 11 (Room 226),unassigned,FOUNDATIONS OF MATHEMATICS 11 (Room 106)
1536,unassigned,CAREER LIFE EDUCATION 10 Linear (Room 201),CHEMISTRY 11 (Room 211),AP STATISTICS 12 (Room 212),CAREER LIFE EDUCATION 10 Linear (Room 201),PHYSICS 11 (Room 211),PRE-CALCULUS 11 HONOURS (Room 221),LITERARY STUDIES 11 Challenge (Room 107)
1537,CAREER LIFE EDUCATION 10 (Room 207B),COMPOSITION 11 (Room A-2),CHEMISTRY 11 (Room 227),PHYSICS 11 (Room 219),COMPUTER PROGRAMMING 11 AI and (Room 203),PRE-CALCULUS 12 (Room 221),CONTEMPORARY INDIGENOUS STUDIES 12 (Room 207A),COMPUTER SCIENCE 11 (Room 203)
1538,PRE-CALCULUS 11 (Room 106),COMPOSITION 11 (Room A-2),EXPLORATIONS IN SOCIAL STUDIES 11 (Room 222),PHYSICS 11 (Room 223),ACCOUNTING 12 (Room A-2),CAREER LIFE EDUCATION 10 (Room 104),AUTOMOTIVE TECHNOLOGY 11 (Room 102),PRE-CALCULUS 12 (Room 220)
1539,unassigned,PRE-CALCULUS 11 (Room 220),DRAFTING 11 (Room 105),unassigned,unassigned,unassigned,FRENCH 11 (Room 107),PSYCHOLOGY 11 (Room 209)
1540,ACCOUNTING 11 (Room 205A),SOCIAL STUDIES 10 (Room 121),COMPUTER SCIENCE 11 (Room 203),ADST – POWER TECHNOLOGY 10 (Room 103),SCIENCE 10 (Room 225),PHYSICAL AND HEALTH EDUCATION 10 Boys (Room Gym),FOUNDATIONS OF MATH AND PRE-CALCULUS 10 (Room 212),EFP WRITING 10 (Room A-6)
1541,SCIENCE 10 (Room 211),SOCIAL STUDIES 10 (Room 205B),PHYSICAL AND HEALTH EDUCATION 10 (Room Gym),3D ANIMATION 12 (Room 114),ADST – ELECTRONICS AND ROBOTICS 10 (Room 104),LEARNING STRATEGIES 10 (Room 109),FOUNDATIONS OF MATH AND PRE-CALCULUS 10 (Room 212),EFP WRITING 10 (Room A-6)
1542,SCIENCE 10 (Room 211),SOCIAL STUDIES 10 (Room 121),Information and Communications Technologies 10 (Room 114),EFP WRITING 10 (Room 123),PHYSICAL AND HEALTH EDUCATION 10 Boys (Room Gym),ADST-Technology Explorations 10 (Room 105),FOUNDATIONS OF MATH AND PRE-CALCULUS 10 (Room 212),COMPUTER SCIENCE 11 (Room 203)
1543,FOUNDATIONS OF MATH AND PRE-CALCULUS 10 CHALLENGE (Room 210),COMPUTER SCIENCE 11 (Room 203),PHYSICAL AND HEALTH EDUCATION 10 Girls (Room Gym),ADST – DRAFTING 10 (Room 105),SCIENCE 10: CHALLENGE (Room 216),SOCIAL STUDIES 10 CHALLENGE (Room 208),Information and Communications Technologies 10 (Room 114),COMPOSITION 10 Challenge (Room 207A)
1544,PHYSICAL AND HEALTH EDUCATION 10 Football (Room Gym),SOCIAL STUDIES 10 (Room 121),COMPOSITION 10 (Room 207B),CROSS TRAINING 10 (Room 120),FOUNDATIONS OF MATH AND PRE-CALCULUS 10 (Room 214),VISUAL ARTS: PHOTOGRAPHY 10 (Room 113),SCIENCE 10 (Room 216),ADST – WOODWORK 10 (Room 101)
1545,PHYSICAL AND HEALTH EDUCATION 10 Football (Room Gym),SOCIAL STUDIES 10 (Room 222),unassigned,WORKPLACE MATHEMATICS 10 (Room 214),SCIENCE 10 (Room 227),COMPOSITION 10 (Room A-3),Information and Communications Technologies 10 (Room 114),LEARNING STRATEGIES 10 (Room 108)
1546,ADST – FOOD STUDIES 10 (Room 206),SOCIAL STUDIES 10 (Room 205B),ADST – POWER TECHNOLOGY 10 (Room 103),WORKPLACE MATHEMATICS 10 (Room 214),SCIENCE 10 (Room 219),PHYSICAL AND HEALTH EDUCATION 10 Boys (Room Gym),ADST – WOODWORK 10 (Room 101),EFP WRITING 10 (Room A-6)
1547,FRENCH 9 (Room 208),SOCIAL STUDIES 10 CHALLENGE (Room 122),Information and Communications Technologies 10 (Room 114),FOUNDATIONS OF MATH AND PRE-CALCULUS 10 CHALLENGE (Room 220),SCIENCE 10: CHALLENGE (Room 216),FRENCH 10 (Room 207B),PHYSICAL AND HEALTH EDUCATION 10 Girls (Room Gym),COMPOSITION 10 Challenge (Room 207A)
1548,CAREER LIFE EDUCATION 10 (Room 207B),SOCIAL STUDIES 10 (Room 123),EFP WRITING 10 (Room 209),3D ANIMATION 12 (Room 114),COMPUTER PROGRAMMING 11 AI and (Room 203),ADST-Technology Explorations 10 (Room 105),SCIENCE 10 (Room 216),PHYSICAL AND HEALTH EDUCATION 10 Boys (Room Gym)
1549,SCIENCE 10 (Room 211),PHYSICAL AND HEALTH EDUCATION 10 LINEAR (Room Gym),EFP WRITING 10 (Room 209),SOCIAL STUDIES 10 (Room 207A),FOUNDATIONS OF MATH AND PRE-CALCULUS 10 (Room 214),TEXTILES 10 (Room A-7),ADST – FOOD STUDIES 10 (Room 206),PHYSICAL AND HEALTH EDUCATION 10 LINEAR (Room Gym)
1550,SCIENCE 10 (Room 211),PHYSICAL AND HEALTH EDUCATION 10 LINEAR (Room Gym),EFP WRITING 10 (Room 209),SOCIAL STUDIES 10 (Room 205B),ADST – ELECTRONICS AND ROBOTICS 10 (Room 104),ADST-Technology Explorations 10 (Room 105),FOUNDATIONS OF MATH AND PRE-CALCULUS 10 (Room 212),PHYSICAL AND HEALTH EDUCATION 10 LINEAR (Room Gym)
1551,PHYSICAL AND HEALTH EDUCATION 10 Football (Room Gym),SOCIAL STUDIES 10 (Room 121),Information and Communications Technologies 10 (Room 114),ADST – POWER TECHNOLOGY 10 (Room 103),SCIENCE 10 (Room 225),COMPOSITION 10 (Room A-3),FOUNDATIONS OF MATH AND PRE-CALCULUS 10 (Room 212),ADST – ENTREPRENEURSHIP AND MARKETING 10 (Room 208)
1552,SPANISH 10 (Room 123),unassigned,PHYSICAL AND HEALTH EDUCATION 10 Girls (Room Gym),SOCIAL STUDIES 10 (Room 208),SCIENCE 10 (Room 225),CAREER LIFE EDUCATION 10 (Room 104),FOUNDATIONS OF MATH AND PRE-CALCULUS 10 (Room 212),TEXTILES 10 (Room A-7)
1553,SCIENCE 10 (Room 226),COMPUTER SCIENCE 11 (Room 203),PHYSICAL AND HEALTH EDUCATION 10 Girls (Room Gym),SOCIAL STUDIES 10 (Room 205B),INSTRUMENTAL MUSIC: GUITAR 10 (Room 119),VISUAL ARTS: PHOTOGRAPHY 10 (Room 113),FOUNDATIONS OF MATH AND PRE-CALCULUS 10 (Room 212),EFP WRITING 10 (Room 205A)
1554,FOUNDATIONS OF MATH AND PRE-CALCULUS 10 CHALLENGE (Room 210),COMPUTER SCIENCE 11 (Room 203),ADST – DRAFTING 10 (Room 105),ADST – POWER TECHNOLOGY 10 (Room 103),PHYSICAL AND HEALTH EDUCATION 10 Boys (Room Gym),SOCIAL STUDIES 10 CHALLENGE (Room 208),SCIENCE 10: CHALLENGE (Room 211),COMPOSITION 10 Challenge (Room 207A)
1555,SCIENCE 10 (Room 211),SOCIAL STUDIES 10 (Room 123),EFP WRITING 10 (Room 209),WORKPLACE MATHEMATICS 10 (Room 214),INSTRUMENTAL MUSIC: GUITAR 10 (Room 119),TEXTILES 10 (Room A-7),ADST – FOOD STUDIES 10 (Room 206),PHYSICAL AND HEALTH EDUCATION 10 Boys (Room Gym)
1556,SPANISH 10 (Room 123),SOCIAL STUDIES 10 (Room 205B),PHYSICAL AND HEALTH EDUCATION 10 Girls (Room Gym),ADST – POWER TECHNOLOGY 10 (Room 103),SCIENCE 10 (Room 227),ADST – FOOD STUDIES 10 (Room 206),FOUNDATIONS OF MATH AND PRE-CALCULUS 10 (Room 210),EFP WRITING 10 (Room A-6)
1557,SCIENCE 10 (Room 211),SOCIAL STUDIES 10 (Room 205B),PHYSICAL AND HEALTH EDUCATION 10 Girls (Room Gym),EFP WRITING 10 (Room 123),FOUNDATIONS OF MATH AND PRE-CALCULUS 10 (Room 214),unassigned,ADST – FOOD STUDIES 10 (Room 206),ADST – ENTREPRENEURSHIP AND MARKETING 10 (Room 208)
1558,FOUNDATIONS OF MATH AND PRE-CALCULUS 10 CHALLENGE (Room 210),PHYSICAL AND HEALTH EDUCATION 10 LINEAR (Room Gym),COMPUTER SCIENCE 11 (Room 203),COMPOSITION 10 Challenge (Room A-3),ADST – ELECTRONICS AND ROBOTICS 10 (Room 104),SOCIAL STUDIES 10 CHALLENGE (Room 208),SCIENCE 10: CHALLENGE (Room 211),PHYSICAL AND HEALTH EDUCATION 10 LINEAR (Room Gym)
1559,FOUNDATIONS OF MATH AND PRE-CALCULUS 10 (Room 221),SOCIAL STUDIES 10 (Room 121),PHYSICAL AND HEALTH EDUCATION 10 Girls (Room Gym),EFP WRITING 10 (Room 123),COMPUTER PROGRAMMING 11 AI and (Room 203),ADST – FOOD STUDIES 10 (Room 206),FRENCH 12 (Room 107),SCIENCE 10 (Room 223)
1560,SCIENCE 10 (Room 211),SOCIAL STUDIES 10 (Room 121),EFP WRITING 10 (Room 209),ADST – POWER TECHNOLOGY 10 (Room 103),INSTRUMENTAL MUSIC: GUITAR 10 (Room 119),ADST – FOOD STUDIES 10 (Room 206),FOUNDATIONS OF MATH AND PRE-CALCULUS 10 (Room 212),PHYSICAL AND HEALTH EDUCATION 10 Boys (Room Gym)
1561,ADST – FOOD STUDIES 10 (Room 206),SOCIAL STUDIES 10 CHALLENGE (Room 122),Information and Communications Technologies 10 (Room 114),FOUNDATIONS OF MATH AND PRE-CALCULUS 10 CHALLENGE (Room 220),ADST – ELECTRONICS AND ROBOTICS 10 (Room 104),PHYSICAL AND HEALTH EDUCATION 10 (Room Gym),SCIENCE 10: CHALLENGE (Room 211),COMPOSITION 10 Challenge (Room 207A)
1562,PHYSICAL AND HEALTH EDUCATION 10 Football (Room Gym),SOCIAL STUDIES 10 (Room 123),ADST – POWER TECHNOLOGY 10 (Room 103),CROSS TRAINING 10 (Room 120),SCIENCE 10 (Room 219),ADST – FOOD STUDIES 10 (Room 206),FOUNDATIONS OF MATH AND PRE-CALCULUS 10 (Room 210),EFP WRITING 10 (Room 205A)
1563,SCIENCE 10 (Room 211),PHYSICAL AND HEALTH EDUCATION 10 LINEAR (Room Gym),EFP WRITING 10 (Room 209),SOCIAL STUDIES 10 (Room 208),TEXTILES 10 (Room A-7),VISUAL ARTS: PHOTOGRAPHY 10 (Room 113),FOUNDATIONS OF MATH AND PRE-CALCULUS 10 (Room 210),PHYSICAL AND HEALTH EDUCATION 10 LINEAR (Room Gym)
1564,PHYSICAL AND HEALTH EDUCATION 10 Football (Room Gym),SOCIAL STUDIES 10 (Room 121),ADST – POWER TECHNOLOGY 10 (Room 103),CROSS TRAINING 10 (Room 120),SCIENCE 10 (Room 219),ADST – FOOD STUDIES 10 (Room 206),FOUNDATIONS OF MATH AND PRE-CALCULUS 10 (Room 210),EFP WRITING 10 (Room A-6)
1565,SCIENCE 10 (Room 211),SOCIAL STUDIES 10 (Room 121),ADST – POWER TECHNOLOGY 10 (Room 103),WORKPLACE MATHEMATICS 10 (Room 214),PHYSICAL AND HEALTH EDUCATION 10 Boys (Room Gym),COMPOSITION 10 (Room A-3),ADST – FOOD STUDIES 10 (Room 206),ADST – WOODWORK 10 (Room 101)
1566,FOUNDATIONS OF MATH AND PRE-CALCULUS 10 CHALLENGE (Room 210),SOCIAL STUDIES 10 CHALLENGE (Room 122),PHYSICAL AND HEALTH EDUCATION 10 Girls (Room Gym),COMPOSITION 10 Challenge (Room A-3),ACCOUNTING 11 (Room A-2),CAREER LIFE EDUCATION 10 (Room 104),SCIENCE 10: CHALLENGE (Room 211),ADST – ENTREPRENEURSHIP AND MARKETING 10 (Room 208)
1567,ACCOUNTING 11 (Room 205A),SOCIAL STUDIES 10 (Room 121),COMPOSITION 10 (Room 207B),3D ANIMATION 12 (Room 114),SCIENCE 10 (Room 225),FOUNDATIONS OF MATH AND PRE-CALCULUS 10 HONOURS (Room 210),FRENCH 10 (Room A-2),ADST – ENTREPRENEURSHIP AND MARKETING 10 (Room 208)
1568,ACCOUNTING 11 (Room 205A),SOCIAL STUDIES 10 (Room 121),EFP WRITING 10 (Room 209),ADST – POWER TECHNOLOGY 10 (Room 103),COMPUTER PROGRAMMING 11 AI and (Room 203),FOUNDATIONS OF MATH AND PRE-CALCULUS 10 HONOURS (Room 210),FRENCH 12 (Room 107),SCIENCE 10 (Room 223)
1569,FOUNDATIONS OF MATH AND PRE-CALCULUS 10 (Room 221),SOCIAL STUDIES 10 (Room 121),PHYSICAL AND HEALTH EDUCATION 10 Girls (Room Gym),3D ANIMATION 12 (Room 114),COMPUTER PROGRAMMING 11 AI and (Room 203),CAREER LIFE EDUCATION 10 (Room 104),SCIENCE 10 (Room 216),EFP WRITING 10 (Room A-6)
1570,ACCOUNTING 11 (Room 205A),SOCIAL STUDIES 10 (Room 121),unassigned,unassigned,FOUNDATIONS OF MATH AND PRE-CALCULUS 10 (Room 214),ADST – FOOD STUDIES 10 (Room 206),FRENCH 12 (Room 107),EFP WRITING 10 (Room A-6)
1571,FOUNDATIONS OF MATH AND PRE-CALCULUS 10 (Room 221),SOCIAL STUDIES 10 (Room 121),PHYSICAL AND HEALTH EDUCATION 10 (Room Gym),ADST – POWER TECHNOLOGY 10 (Room 103),SCIENCE 10 (Room 227),LEARNING STRATEGIES 10 (Room 109),ADST – FOOD STUDIES 10 (Room 206),EFP WRITING 10 (Room A-6)
1572,SCIENCE 10 (Room 226),SOCIAL STUDIES 10 (Room 222),VISUAL ARTS: ART STUDIO 10 (Room 116),3D ANIMATION 12 (Room 114),ADST – MEDIA DESIGN 10 (Room 114),FOUNDATIONS OF MATH AND PRE-CALCULUS 10 HONOURS (Room 210),PHYSICAL AND HEALTH EDUCATION 10 Girls (Room Gym),EFP WRITING 10 (Room A-6)
1573,ADST-Technology Explorations 10 (Room 105),COMPUTER SCIENCE 11 (Room 203),EFP WRITING 10 (Room 209),SOCIAL STUDIES 10 (Room 207A),INSTRUMENTAL MUSIC: GUITAR 10 (Room 119),FOUNDATIONS OF MATH AND PRE-CALCULUS 10 HONOURS (Room 210),SCIENCE 10 (Room 216),PHYSICAL AND HEALTH EDUCATION 10 Boys (Room Gym)
1574,TEXTILES 10 (Room A-7),DANCE TECHNIQUE AND PERFORMANCE 10 (Room Studio),LEARNING STRATEGIES 10 (Room 109),SOCIAL STUDIES 10 (Room 205B),SCIENCE 10 (Room 225),ADST – FOOD STUDIES 10 (Room 206),PHYSICAL AND HEALTH EDUCATION 10 Girls (Room Gym),EFP WRITING 10 (Room 205A)
1575,SCIENCE 10 (Room 211),COMPUTER SCIENCE 11 (Room 203),ADST-Technology Explorations 10 (Room 104),SOCIAL STUDIES 10 (Room 122),PHYSICAL AND HEALTH EDUCATION 10 Boys (Room Gym),FOUNDATIONS OF MATH AND PRE-CALCULUS 10 HONOURS (Room 210),ADST – FOOD STUDIES 10 (Room 206),EFP WRITING 10 (Room A-6)
1576,ADST – FOOD STUDIES 10 (Room 206),PHYSICAL AND HEALTH EDUCATION 10 LINEAR (Room Gym),EFP WRITING 10 (Room 209),SOCIAL STUDIES 10 (Room 205B),SCIENCE 10 (Room 227),TEXTILES 10 (Room A-7),FOUNDATIONS OF MATH AND PRE-CALCULUS 10 (Room 212),PHYSICAL AND HEALTH EDUCATION 10 LINEAR (Room Gym)
1577,FOUNDATIONS OF MATH AND PRE-CALCULUS 10 (Room 221),PHYSICAL AND HEALTH EDUCATION 10 LINEAR (Room Gym),COMPOSITION 10 (Room 207B),SOCIAL STUDIES 10 (Room 205B),TEXTILES 10 (Room A-7),VISUAL ARTS: PHOTOGRAPHY 10 (Room 113),SCIENCE 10 (Room 216),PHYSICAL AND HEALTH EDUCATION 10 LINEAR (Room Gym)
1578,unassigned,SOCIAL STUDIES 10 (Room 222),COMPOSITION 10 (Room 207B),unassigned,SCIENCE 10 (Room 225),unassigned,FOUNDATIONS OF MATH AND PRE-CALCULUS 10 (Room 212),unassigned
1579,ADST – FOOD STUDIES 10 (Room 206),SOCIAL STUDIES 10 (Room 222),LEARNING STRATEGIES 10 (Room 109),WORKPLACE MATHEMATICS 10 (Room 214),SCIENCE 10 (Room 219),COMPOSITION 10 (Room A-3),PHYSICAL AND HEALTH EDUCATION 10 Girls (Room Gym),TEXTILES 10 (Room A-7)
1580,SCIENCE 10 (Room 226),LEARNING STRATEGIES 10 LINEAR (Room 109),EFP WRITING 10 (Room A-7),SOCIAL STUDIES 10 (Room 205B),FOUNDATIONS OF MATH AND PRE-CALCULUS 10 (Room 214),ADST – FOOD STUDIES 10 (Room 206),ADST – WOODWORK 10 (Room 101),LEARNING STRATEGIES 10 LINEAR (Room 109)
1581,PHYSICAL AND HEALTH EDUCATION 10 Football (Room Gym),unassigned,ADST – POWER TECHNOLOGY 10 (Room 103),EFP WRITING 10 (Room 123),LIFE SCIENCES 11 (Room 226),unassigned,FOUNDATIONS OF MATH AND PRE-CALCULUS 10 (Room 210),CAREER LIFE EDUCATION 10 (Room 104)
1582,CAREER LIFE EDUCATION 10 (Room 201),SOCIAL STUDIES 10 CHALLENGE (Room 122),COMPUTER SCIENCE 11 (Room 203),FOUNDATIONS OF MATH AND PRE-CALCULUS 10 CHALLENGE (Room 220),SCIENCE 10: CHALLENGE (Room 216),PHYSICAL AND HEALTH EDUCATION 10 (Room Gym),PRE-CALCULUS 11 (Room 220),COMPOSITION 10 Challenge (Room 207A)
1583,SCIENCE 10 (Room 211),PHYSICAL AND HEALTH EDUCATION 10 LINEAR (Room Gym),COMPOSITION 10 (Room 207B),SOCIAL STUDIES 10 (Room 205B),ADST – ELECTRONICS AND ROBOTICS 10 (Room 104),ADST-Technology Explorations 10 (Room 105),FRENCH 10 (Room A-2),PHYSICAL AND HEALTH EDUCATION 10 LINEAR (Room Gym)
1584,CAREER LIFE EDUCATION 10 (Room 201),ADST-Technology Explorations 10 (Room 104),LEARNING STRATEGIES 10 (Room 109),SOCIAL STUDIES 10 (Room 207A),FOUNDATIONS OF MATH AND PRE-CALCULUS 10 (Room 214),ADST – FOOD STUDIES 10 (Room 206),SCIENCE 10 (Room 216),EFP WRITING 10 (Room A-6)
1585,CAREER LIFE EDUCATION 10 (Room 201),unassigned,ADST – POWER TECHNOLOGY 10 (Room 103),SOCIAL STUDIES 10 (Room 205B),SCIENCE 10 (Room 225),PHYSICAL AND HEALTH EDUCATION 10 Boys (Room Gym),FOUNDATIONS OF MATH AND PRE-CALCULUS 10 (Room 212),EFP WRITING 10 (Room A-6)
1586,SCIENCE 10 (Room 226),SOCIAL STUDIES 10 (Room 123),EFP WRITING 10 (Room A-7),WORKPLACE MATHEMATICS 10 (Room 214),VISUAL ARTS: ART STUDIO 10 (Room 116),PHYSICAL AND HEALTH EDUCATION 10 Boys (Room Gym),ADST – FOOD STUDIES 10 (Room 206),ADST – WOODWORK 10 (Room 101)
1587,FOUNDATIONS OF MATH AND PRE-CALCULUS 10 (Room 221),SOCIAL STUDIES 10 (Room 222),ADST – DRAFTING 10 (Room 105),EFP WRITING 10 (Room 123),SCIENCE 10 (Room 225),TEXTILES 10 (Room A-7),PHYSICAL AND HEALTH EDUCATION 10 Girls (Room Gym),MARKETING AND PROMOTION 11 (Room A-2)
1588,ADST – FOOD STUDIES 10 (Room 206),SOCIAL STUDIES 10 (Room 222),EFP WRITING 10 (Room 209),WORKPLACE MATHEMATICS 10 (Room 214),unassigned,VISUAL ARTS: PHOTOGRAPHY 10 (Room 113),unassigned,PHYSICAL AND HEALTH EDUCATION 10 Boys (Room Gym)
1589,FRENCH 10 (Room 208),ADST – DRAFTING 10 (Room 105),ADST – POWER TECHNOLOGY 10 (Room 103),SOCIAL STUDIES 10 (Room 205B),SCIENCE 10 (Room 219),ADST – MEDIA DESIGN 10 (Room 114),PHYSICAL AND HEALTH EDUCATION 10 Girls (Room Gym),EFP WRITING 10 (Room 205A)
1590,ACCOUNTING 11 (Room 205A),SOCIAL STUDIES 10 (Room 123),COMPUTER SCIENCE 11 (Room 203),ADST – POWER TECHNOLOGY 10 (Room 103),SCIENCE 10 (Room 225),ADST – FOOD STUDIES 10 (Room 206),FOUNDATIONS OF MATH AND PRE-CALCULUS 10 (Room 212),EFP WRITING 10 (Room A-6)
1591,FOUNDATIONS OF MATH AND PRE-CALCULUS 10 (Room 221),unassigned,PHYSICAL AND HEALTH EDUCATION 10 (Room Gym),SOCIAL STUDIES 10 (Room 205B),SCIENCE 10 (Room 225),unassigned,ADST – WOODWORK 10 (Room 101),EFP WRITING 10 (Room A-6)
1592,SCIENCE 10 (Room 226),SOCIAL STUDIES 10 (Room 121),COMPUTER SCIENCE 11 (Room 203),EFP WRITING 10 (Room 123),FOUNDATIONS OF MATH AND PRE-CALCULUS 10 (Room 214),ADST – FOOD STUDIES 10 (Room 206),ADST – WOODWORK 10 (Room 101),PHYSICAL AND HEALTH EDUCATION 10 Boys (Room Gym)
1593,unassigned,SOCIAL STUDIES 10 (Room 205B),COMPOSITION 10 (Room 207B),unassigned,SCIENCE 10 (Room 225),unassigned,FOUNDATIONS OF MATH AND PRE-CALCULUS 10 (Room 210),unassigned
1594,FOUNDATIONS OF MATH AND PRE-CALCULUS 10 CHALLENGE (Room 210),PHYSICAL AND HEALTH EDUCATION 10 LINEAR (Room Gym),COMPUTER SCIENCE 11 (Room 203),COMPOSITION 10 Challenge (Room A-3),SCIENCE 10: CHALLENGE (Room 216),SOCIAL STUDIES 10 CHALLENGE (Room 208),VISUAL ARTS: PHOTOGRAPHY 10 (Room 113),PHYSICAL AND HEALTH EDUCATION 10 LINEAR (Room Gym)
1595,SCIENCE 10 (Room 226),SOCIAL STUDIES 10 (Room 123),LEARNING STRATEGIES 10 (Room 109),ADST – POWER TECHNOLOGY 10 (Room 103),FOUNDATIONS OF MATH AND PRE-CALCULUS 10 (Room 214),PHYSICAL AND HEALTH EDUCATION 10 Boys (Room Gym),ADST – FOOD STUDIES 10 (Room 206),EFP WRITING 10 (Room 205A)
1596,FOUNDATIONS OF MATH AND PRE-CALCULUS 10 CHALLENGE (Room 210),SOCIAL STUDIES 10 CHALLENGE (Room 122),Information and Communications Technologies 10 (Room 114),COMPOSITION 10 Challenge (Room A-3),SCIENCE 10: CHALLENGE (Room 216),PHYSICAL AND HEALTH EDUCATION 10 Boys (Room Gym),FRENCH 12 (Room 107),COMPUTER SCIENCE 11 (Room 203)
1597,ADST – FOOD STUDIES 10 (Room 206),unassigned,PHYSICAL AND HEALTH EDUCATION 10 Girls (Room Gym),SOCIAL STUDIES 10 (Room 122),SCIENCE 10 (Room 225),TEXTILES 10 (Room A-7),FOUNDATIONS OF MATH AND PRE-CALCULUS 10 (Room 210),EFP WRITING 10 (Room A-6)
1598,SCIENCE 10 (Room 226),SOCIAL STUDIES 10 (Room 121),PHYSICAL AND HEALTH EDUCATION 10 Girls (Room Gym),VISUAL ARTS: ART STUDIO 10 (Room 116),TEXTILES 10 (Room A-7),FRENCH 10 (Room 207B),FOUNDATIONS OF MATH AND PRE-CALCULUS 10 (Room 212),EFP WRITING 10 (Room A-6)
1599,ACCOUNTING 11 (Room 205A),SOCIAL STUDIES 10 (Room 121),PHYSICAL AND HEALTH EDUCATION 10 Girls (Room Gym),VISUAL ARTS: ART STUDIO 10 (Room 116),FOUNDATIONS OF MATH AND PRE-CALCULUS 10 (Room 214),ADST – FOOD STUDIES 10 (Room 206),VISUAL ARTS: PHOTOGRAPHY 10 (Room 113),EFP WRITING 10 (Room A-6)
1600,TEXTILES 10 (Room A-7),SOCIAL STUDIES 10 (Room 123),PHYSICAL AND HEALTH EDUCATION 10 (Room Gym),EFP WRITING 10 (Room 123),ACCOUNTING 11 (Room A-2),FOUNDATIONS OF MATH AND PRE-CALCULUS 10 HONOURS (Room 210),Information and Communications Technologies 10 (Room 114),SCIENCE 10 (Room 223)
1601,FOUNDATIONS OF MATH AND PRE-CALCULUS 10 CHALLENGE (Room 210),SOCIAL STUDIES 10 CHALLENGE (Room 122),ADST-Technology Explorations 10 (Room 104),COMPOSITION 10 Challenge (Room A-3),COMPUTER PROGRAMMING 11 AI and (Room 203),FRENCH 10 (Room 207B),SCIENCE 10: CHALLENGE (Room 211),COMPUTER SCIENCE 11 (Room 203)
1602,FOUNDATIONS OF MATH AND PRE-CALCULUS 10 (Room 221),unassigned,COMPOSITION 10 (Room 207B),unassigned,TEXTILES 10 (Room A-7),unassigned,unassigned,SCIENCE 10 (Room 223)
1603,FOUNDATIONS OF MATH AND PRE-CALCULUS 10 CHALLENGE (Room 210),ADST – DRAFTING 10 (Room 105),PHYSICAL AND HEALTH EDUCATION 10 (Room Gym),COMPOSITION 10 Challenge (Room A-3),SCIENCE 10: CHALLENGE (Room 216),SOCIAL STUDIES 10 CHALLENGE (Room 208),Information and Communications Technologies 10 (Room 114),COMPUTER SCIENCE 11 (Room 203)
1604,unassigned,unassigned,COMPOSITION 10 (Room 207B),SOCIAL STUDIES 10 (Room 208),ACCOUNTING 11 (Room A-2),FOUNDATIONS OF MATH AND PRE-CALCULUS 10 HONOURS (Room 210),Information and Communications Technologies 10 (Room 114),ADST – ENTREPRENEURSHIP AND MARKETING 10 (Room 208)
1605,FOUNDATIONS OF MATH AND PRE-CALCULUS 10 CHALLENGE (Room 210),PHYSICAL AND HEALTH EDUCATION 10 LINEAR (Room Gym),VISUAL ARTS: ART STUDIO 10 (Room 116),COMPOSITION 10 Challenge (Room A-3),TEXTILES 10 (Room A-7),SOCIAL STUDIES 10 CHALLENGE (Room 208),SCIENCE 10: CHALLENGE (Room 211),PHYSICAL AND HEALTH EDUCATION 10 LINEAR (Room Gym)
1606,FOUNDATIONS OF MATH AND PRE-CALCULUS 10 CHALLENGE (Room 210),unassigned,ADST – DRAFTING 10 (Room 105),COMPOSITION 10 Challenge (Room A-3),SCIENCE 10: CHALLENGE (Room 216),SOCIAL STUDIES 10 CHALLENGE (Room 208),unassigned,unassigned
1607,TEXTILES 10 (Room A-7),DRAMA 10 (Room A-1),PHYSICAL AND HEALTH EDUCATION 10 Girls (Room Gym),SOCIAL STUDIES 10 (Room 208),SCIENCE 10 (Room 219),ADST – FOOD STUDIES 10 (Room 206),FOUNDATIONS OF MATH AND PRE-CALCULUS 10 (Room 212),ADST – ENTREPRENEURSHIP AND MARKETING 10 (Room 208)
1608,SCIENCE 10 (Room 226),PHYSICAL AND HEALTH EDUCATION 10 LINEAR (Room Gym),EFP WRITING 10 (Room 209),SOCIAL STUDIES 10 (Room 207A),INSTRUMENTAL MUSIC: GUITAR 10 (Room 119),ADST – FOOD STUDIES 10 (Room 206),FOUNDATIONS OF MATH AND PRE-CALCULUS 10 (Room 212),PHYSICAL AND HEALTH EDUCATION 10 LINEAR (Room Gym)
1609,ADST-Technology Explorations 10 (Room 105),ADST – DRAFTING 10 (Room 105),EFP WRITING 10 (Room 209),SOCIAL STUDIES 10 (Room 208),ADST – MEDIA DESIGN 10 (Room 114),FOUNDATIONS OF MATH AND PRE-CALCULUS 10 HONOURS (Room 210),SCIENCE 10 (Room 216),PHYSICAL AND HEALTH EDUCATION 10 Boys (Room Gym)
1610,FRENCH 10 (Room 208),SOCIAL STUDIES 10 (Room 222),ENVIRONMENTAL SCIENCE 11 (Room A-2),EFP WRITING 10 (Room 123),FOUNDATIONS OF MATH AND PRE-CALCULUS 10 (Room 214),TEXTILES 10 (Room A-7),FRENCH 11 (Room 107),CAREER LIFE EDUCATION 10 (Room 104)
1611,FOUNDATIONS OF MATH AND PRE-CALCULUS 10 (Room 221),DRAMA 10 (Room A-1),ADST – POWER TECHNOLOGY 10 (Room 103),SOCIAL STUDIES 10 (Room 205B),SCIENCE 10 (Room 219),TEXTILES 10 (Room A-7),PHYSICAL AND HEALTH EDUCATION 10 Girls (Room Gym),EFP WRITING 10 (Room 205A)
1612,SCIENCE 10 (Room 211),SOCIAL STUDIES 10 (Room 121),PHYSICAL AND HEALTH EDUCATION 10 Girls (Room Gym),ADST – DRAFTING 10 (Room 105),ADST – MEDIA DESIGN 10 (Room 114),FOUNDATIONS OF MATH AND PRE-CALCULUS 10 HONOURS (Room 210),ADST – FOOD STUDIES 10 (Room 206),EFP WRITING 10 (Room 205A)
1613,SCIENCE 10 (Room 226),SOCIAL STUDIES 10 (Room 121),PHYSICAL AND HEALTH EDUCATION 10 (Room Gym),3D ANIMATION 12 (Room 114),ADST – ELECTRONICS AND ROBOTICS 10 (Room 104),TEXTILES 10 (Room A-7),FOUNDATIONS OF MATH AND PRE-CALCULUS 10 (Room 212),EFP WRITING 10 (Room A-6)
1614,ADST-Technology Explorations 10 (Room 105),COMPUTER SCIENCE 11 (Room 203),PHYSICAL AND HEALTH EDUCATION 10 (Room Gym),FOUNDATIONS OF MATH AND PRE-CALCULUS 10 CHALLENGE (Room 220),SPANISH 11 (Room 207B),SOCIAL STUDIES 10 CHALLENGE (Room 208),SCIENCE 10: CHALLENGE (Room 211),COMPOSITION 10 Challenge (Room 207A)
1615,SCIENCE 10 (Room 226),PHYSICAL AND HEALTH EDUCATION 10 LINEAR (Room Gym),EFP WRITING 10 (Room 209),SOCIAL STUDIES 10 (Room 205B),ACCOUNTING 11 (Room A-2),ADST-Technology Explorations 10 (Room 105),ADST – FOOD STUDIES 10 (Room 206),PHYSICAL AND HEALTH EDUCATION 10 LINEAR (Room Gym)
1616,unassigned,unassigned,COMPOSITION 10 (Room 207B),unassigned,ADST – MEDIA DESIGN 10 (Room 114),unassigned,SCIENCE 10 (Room 216),unassigned
1617,ACCOUNTING 11 (Room 205A),SOCIAL STUDIES 10 (Room 222),VISUAL ARTS: ART STUDIO 10 (Room 116),EFP WRITING 10 (Room 123),SCIENCE 10 (Room 219),FOUNDATIONS OF MATH AND PRE-CALCULUS 10 HONOURS (Room 210),PHYSICAL AND HEALTH EDUCATION 10 Girls (Room Gym),MARKETING AND PROMOTION 11 (Room A-2)
1618,Information and Communications Technologies 10 (Room 114),BEGINNERS ELL 10 (Room A-3),PHYSICAL AND HEALTH EDUCATION 10 (Room Gym),SOCIAL STUDIES 10 (Room 122),FOUNDATIONS OF MATH AND PRE-CALCULUS 10 (Room 214),COMPOSITION 10 (Room A-3),VISUAL ARTS: PHOTOGRAPHY 10 (Room 113),SCIENCE 10 (Room 223)
1619,SCIENCE 10 (Room 226),ADST-Technology Explorations 10 (Room 104),EFP WRITING 10 (Room A-7),SOCIAL STUDIES 10 (Room 122),COMPUTER PROGRAMMING 11 AI and (Room 203),PHYSICAL AND HEALTH EDUCATION 10 Boys (Room Gym),FOUNDATIONS OF MATH AND PRE-CALCULUS 10 (Room 210),unassigned
1620,FOUNDATIONS OF MATH AND PRE-CALCULUS 10 CHALLENGE (Room 210),PHYSICAL AND HEALTH EDUCATION 10 LINEAR (Room Gym),COMPUTER SCIENCE 11 (Room 203),COMPOSITION 10 Challenge (Room A-3),SCIENCE 10: CHALLENGE (Room 216),SOCIAL STUDIES 10 CHALLENGE (Room 208),ADST – FOOD STUDIES 10 (Room 206),PHYSICAL AND HEALTH EDUCATION 10 LINEAR (Room Gym)
1621,ADST-Technology Explorations 10 (Room 105),COMPUTER SCIENCE 11 (Room 203),PHYSICAL AND HEALTH EDUCATION 10 (Room Gym),FOUNDATIONS OF MATH AND PRE-CALCULUS 10 CHALLENGE (Room 220),ADST – ELECTRONICS AND ROBOTICS 10 (Room 104),SOCIAL STUDIES 10 CHALLENGE (Room 208),SCIENCE 10: CHALLENGE (Room 211),COMPOSITION 10 Challenge (Room 207A)
1622,FOUNDATIONS OF MATH AND PRE-CALCULUS 10 CHALLENGE (Room 210),SOCIAL STUDIES 10 CHALLENGE (Room 122),PHYSICAL AND HEALTH EDUCATION 10 (Room Gym),COMPOSITION 10 Challenge (Room A-3),VISUAL ARTS: ART STUDIO 10 (Room 116),ADST – FOOD STUDIES 10 (Room 206),SCIENCE 10: CHALLENGE (Room 211),unassigned
1623,SCIENCE 10 (Room 211),BEGINNERS ELL 10 (Room A-3),unassigned,unassigned,INSTRUMENTAL MUSIC: GUITAR 10 (Room 119),COMPOSITION 10 (Room A-3),FOUNDATIONS OF MATH AND PRE-CALCULUS 10 (Room 210),unassigned
1624,PHYSICAL AND HEALTH EDUCATION 10 Football (Room Gym),SOCIAL STUDIES 10 (Room 121),ADST – POWER TECHNOLOGY 10 (Room 103),WORKPLACE MATHEMATICS 10 (Room 214),SCIENCE 10 (Room 227),VISUAL ARTS: PHOTOGRAPHY 10 (Room 113),ADST – FOOD STUDIES 10 (Room 206),EFP WRITING 10 (Room A-6)
1625,FRENCH 10 (Room 208),COMPUTER SCIENCE 11 (Room 203),PHYSICAL AND HEALTH EDUCATION 10 Girls (Room Gym),SOCIAL STUDIES 10 (Room 208),SCIENCE 10 (Room 219),COMPOSITION 10 (Room A-3),FOUNDATIONS OF MATH AND PRE-CALCULUS 10 (Room 210),MARKETING AND PROMOTION 11 (Room A-2)
1626,ADST-Technology Explorations 10 (Room 105),ADST – DRAFTING 10 (Room 105),COMPOSITION 10 (Room 207B),SOCIAL STUDIES 10 (Room 207A),SCIENCE 10 (Room 219),LEARNING STRATEGIES 10 (Room 109),FOUNDATIONS OF MATH AND PRE-CALCULUS 10 (Room 210),PHYSICAL AND HEALTH EDUCATION 10 Boys (Room Gym)
1627,ADST – FOOD STUDIES 10 (Room 206),SOCIAL STUDIES 10 (Room 222),PHYSICAL AND HEALTH EDUCATION 10 (Room Gym),ADST – ELECTRONICS AND ROBOTICS 10 (Room 104),SCIENCE 10 (Room 227),FOUNDATIONS OF MATH AND PRE-CALCULUS 10 HONOURS (Room 210),FRENCH 10 (Room A-2),EFP WRITING 10 (Room A-6)
1628,FOUNDATIONS OF MATH AND PRE-CALCULUS 10 (Room 221),SOCIAL STUDIES 10 (Room 205B),Information and Communications Technologies 10 (Room 114),EFP WRITING 10 (Room 123),INTRODUCTORY SPANISH 11 (Room 205A),VISUAL ARTS: PHOTOGRAPHY 10 (Room 113),SCIENCE 10 (Room 216),PHYSICAL AND HEALTH EDUCATION 10 Boys (Room Gym)
1629,FOUNDATIONS OF MATH AND PRE-CALCULUS 10 CHALLENGE (Room 210),PHYSICAL AND HEALTH EDUCATION 10 LINEAR (Room Gym),ADST – POWER TECHNOLOGY 10 (Room 103),COMPOSITION 10 Challenge (Room A-3),SCIENCE 10: CHALLENGE (Room 216),SOCIAL STUDIES 10 CHALLENGE (Room 208),Information and Communications Technologies 10 (Room 203),PHYSICAL AND HEALTH EDUCATION 10 LINEAR (Room Gym)
1630,TEXTILES 10 (Room A-7),SOCIAL STUDIES 10 (Room 121),PHYSICAL AND HEALTH EDUCATION 10 Girls (Room Gym),VISUAL ARTS: ART STUDIO 10 (Room 116),INSTRUMENTAL MUSIC: GUITAR 10 (Room 119),FOUNDATIONS OF MATH AND PRE-CALCULUS 10 HONOURS (Room 210),SCIENCE 10 (Room 216),EFP WRITING 10 (Room A-6)
1631,SCIENCE 10 (Room 211),BEGINNERS ELL 10 (Room A-3),ADST-Technology Explorations 10 (Room 104),SOCIAL STUDIES 10 (Room 122),PHYSICAL AND HEALTH EDUCATION 10 Boys (Room Gym),COMPOSITION 10 (Room A-3),ADST – FOOD STUDIES 10 (Room 206),unassigned
1632,SPANISH 10 (Room 123),SOCIAL STUDIES 10 (Room 222),ADST – POWER TECHNOLOGY 10 (Room 103),WORKPLACE MATHEMATICS 10 (Room 214),SCIENCE 10 (Room 219),ADST – FOOD STUDIES 10 (Room 206),PHYSICAL AND HEALTH EDUCATION 10 Girls (Room Gym),EFP WRITING 10 (Room 205A)
1633,ACCOUNTING 11 (Room 205A),SOCIAL STUDIES 10 (Room 121),Information and Communications Technologies 10 (Room 114),ADST – DRAFTING 10 (Room 105),FOUNDATIONS OF MATH AND PRE-CALCULUS 10 (Room 214),COMPOSITION 10 (Room A-3),PHYSICAL AND HEALTH EDUCATION 10 Girls (Room Gym),SCIENCE 10 (Room 223)
1634,SCIENCE 10 (Room 211),SOCIAL STUDIES 10 (Room 205B),PHYSICAL AND HEALTH EDUCATION 10 (Room Gym),EFP WRITING 10 (Room 123),COMPUTER PROGRAMMING 11 AI and (Room 203),ADST – MEDIA DESIGN 10 (Room 114),FOUNDATIONS OF MATH AND PRE-CALCULUS 10 (Room 212),COMPUTER SCIENCE 11 (Room 203)
1635,SCIENCE 10 (Room 226),ADST-Technology Explorations 10 (Room 104),PHYSICAL AND HEALTH EDUCATION 10 (Room Gym),EFP WRITING 10 (Room 123),FOUNDATIONS OF MATH AND PRE-CALCULUS 10 (Room 214),FRENCH 10 (Room 207B),Information and Communications Technologies 10 (Room 114),CAREER LIFE EDUCATION 10 (Room 104)
1636,ACCOUNTING 11 (Room 205A),unassigned,EFP WRITING 10 (Room A-7),SOCIAL STUDIES 10 (Room 208),ADST – MEDIA DESIGN 10 (Room 114),PHYSICAL AND HEALTH EDUCATION 10 (Room Gym),FOUNDATIONS OF MATH AND PRE-CALCULUS 10 (Room 210),SCIENCE 10 (Room 223)
1637,FOUNDATIONS OF MATH AND PRE-CALCULUS 10 (Room 221),unassigned,COMPOSITION 10 (Room 207B),SOCIAL STUDIES 10 (Room 122),SCIENCE 10 (Room 227),PHYSICAL AND HEALTH EDUCATION 10 Boys (Room Gym),ADST – FOOD STUDIES 10 (Room 206),OUTDOOR EDUCATION 10 (Room _CHECK THIS THING IDK)
1638,CAREER LIFE EDUCATION 10 (Room 207B),SOCIAL STUDIES 10 (Room 123),PHYSICAL AND HEALTH EDUCATION 10 Girls (Room Gym),VISUAL ARTS: ART STUDIO 10 (Room 116),SCIENCE 10 (Room 227),FRENCH 10 (Room 207B),FOUNDATIONS OF MATH AND PRE-CALCULUS 10 (Room 210),EFP WRITING 10 (Room A-6)
1639,FOUNDATIONS OF MATH AND PRE-CALCULUS 10 (Room 221),SOCIAL STUDIES 10 (Room 222),PHYSICAL AND HEALTH EDUCATION 10 (Room Gym),EFP WRITING 10 (Room 123),SCIENCE 10 (Room 225),VISUAL ARTS: PHOTOGRAPHY 10 (Room 113),Information and Communications Technologies 10 (Room 114),COMPUTER SCIENCE 11 (Room 203)
1640,Information and Communications Technologies 10 (Room 114),SOCIAL STUDIES 10 (Room 222),PHYSICAL AND HEALTH EDUCATION 10 (Room Gym),EFP WRITING 10 (Room 123),SCIENCE 10 (Room 225),FOUNDATIONS OF MATH AND PRE-CALCULUS 10 HONOURS (Room 210),VISUAL ARTS: PHOTOGRAPHY 10 (Room 113),COMPUTER SCIENCE 11 (Room 203)
1641,ADST – FOOD STUDIES 10 (Room 206),LEARNING STRATEGIES 10 (Room 109),EFP WRITING 10 (Room A-7),SOCIAL STUDIES 10 (Room 122),SCIENCE 10 (Room 225),PHYSICAL AND HEALTH EDUCATION 10 Boys (Room Gym),FOUNDATIONS OF MATH AND PRE-CALCULUS 10 (Room 212),OUTDOOR EDUCATION 10 (Room _CHECK THIS THING IDK)
1642,CAREER LIFE EDUCATION 10 (Room 104),ADST-Technology Explorations 10 (Room 104),EFP WRITING 10 (Room A-7),SOCIAL STUDIES 10 (Room 207A),SCIENCE 10 (Room 227),FOUNDATIONS OF MATH AND PRE-CALCULUS 10 HONOURS (Room 210),PHYSICAL AND HEALTH EDUCATION 10 Girls (Room Gym),COMPUTER SCIENCE 11 (Room 203)
1643,FOUNDATIONS OF MATH AND PRE-CALCULUS 10 CHALLENGE (Room 210),ADST-Technology Explorations 10 (Room 104),Information and Communications Technologies 10 (Room 114),COMPOSITION 10 Challenge (Room A-3),PHYSICAL AND HEALTH EDUCATION 10 Boys (Room Gym),SOCIAL STUDIES 10 CHALLENGE (Room 208),SCIENCE 10: CHALLENGE (Room 211),ADST – ENTREPRENEURSHIP AND MARKETING 10 (Room 208)
1644,FOUNDATIONS OF MATH AND PRE-CALCULUS 10 CHALLENGE (Room 210),SOCIAL STUDIES 10 CHALLENGE (Room 122),COMPUTER SCIENCE 11 (Room 203),ADST – POWER TECHNOLOGY 10 (Room 103),PHYSICAL AND HEALTH EDUCATION 10 Boys (Room Gym),FRENCH 10 (Room 207B),SCIENCE 10: CHALLENGE (Room 211),COMPOSITION 10 Challenge (Room 207A)
1645,SCIENCE 10 (Room 211),SOCIAL STUDIES 10 (Room 222),COMPUTER SCIENCE 11 (Room 203),EFP WRITING 10 (Room 123),PHYSICAL AND HEALTH EDUCATION 10 Boys (Room Gym),FOUNDATIONS OF MATH AND PRE-CALCULUS 10 HONOURS (Room 210),VISUAL ARTS: PHOTOGRAPHY 10 (Room 113),CAREER LIFE EDUCATION 10 (Room 104)
1646,FOUNDATIONS OF MATH AND PRE-CALCULUS 10 CHALLENGE (Room 210),COMPUTER SCIENCE 11 (Room 203),ADST-Technology Explorations 10 (Room 104),ADST – POWER TECHNOLOGY 10 (Room 103),SCIENCE 10: CHALLENGE (Room 216),SOCIAL STUDIES 10 CHALLENGE (Room 208),ADST – FOOD STUDIES 10 (Room 206),COMPOSITION 10 Challenge (Room 207A)
1647,FOUNDATIONS OF MATH AND PRE-CALCULUS 10 CHALLENGE (Room 210),PHYSICAL AND HEALTH EDUCATION 10 LINEAR (Room Gym),ADST – POWER TECHNOLOGY 10 (Room 103),COMPOSITION 10 Challenge (Room A-3),SCIENCE 10: CHALLENGE (Room 216),SOCIAL STUDIES 10 CHALLENGE (Room 208),ADST-Technology Explorations 10 (Room 105),PHYSICAL AND HEALTH EDUCATION 10 LINEAR (Room Gym)
1648,ACCOUNTING 11 (Room 205A),SOCIAL STUDIES 10 CHALLENGE (Room 122),COMPUTER SCIENCE 11 (Room 203),FOUNDATIONS OF MATH AND PRE-CALCULUS 10 CHALLENGE (Room 220),SCIENCE 10: CHALLENGE (Room 216),PHYSICAL AND HEALTH EDUCATION 10 Boys (Room Gym),Information and Communications Technologies 10 (Room 203),COMPOSITION 10 Challenge (Room 207A)
1649,SCIENCE 10 (Room 226),PHYSICAL AND HEALTH EDUCATION 10 LINEAR (Room Gym),COMPOSITION 10 (Room 207B),SOCIAL STUDIES 10 (Room 205B),ACCOUNTING 11 (Room A-2),ADST – FOOD STUDIES 10 (Room 206),FOUNDATIONS OF MATH AND PRE-CALCULUS 10 (Room 212),PHYSICAL AND HEALTH EDUCATION 10 LINEAR (Room Gym)
1650,unassigned,LEARNING STRATEGIES 10 LINEAR (Room 109),PHYSICAL AND HEALTH EDUCATION 10 Girls (Room Gym),SOCIAL STUDIES 10 (Room 208),SCIENCE 10 (Room 219),COMPOSITION 10 (Room A-3),unassigned,LEARNING STRATEGIES 10 LINEAR (Room 109)
1651,ACCOUNTING 11 (Room 205A),SOCIAL STUDIES 10 (Room 123),Information and Communications Technologies 10 (Room 114),EFP WRITING 10 (Room 123),FOUNDATIONS OF MATH AND PRE-CALCULUS 10 (Room 214),ADST – FOOD STUDIES 10 (Room 206),PHYSICAL AND HEALTH EDUCATION 10 Girls (Room Gym),SCIENCE 10 (Room 223)
1652,unassigned,SOCIAL STUDIES 10 (Room 222),COMPOSITION 10 (Room 207B),unassigned,SCIENCE 10 (Room 227),unassigned,FOUNDATIONS OF MATH AND PRE-CALCULUS 10 (Room 210),unassigned
1653,ADST – FOOD STUDIES 10 (Room 206),SOCIAL STUDIES 10 (Room 123),PHYSICAL AND HEALTH EDUCATION 10 Girls (Room Gym),EFP WRITING 10 (Room 123),ACCOUNTING 11 (Room A-2),FOUNDATIONS OF MATH AND PRE-CALCULUS 10 HONOURS (Room 210),FRENCH 12 (Room 107),SCIENCE 10 (Room 223)
1654,SPANISH 10 (Room 123),LEARNING STRATEGIES 10 (Room 109),EFP WRITING 10 (Room A-7),SOCIAL STUDIES 10 (Room 208),SCIENCE 10 (Room 225),ADST – FOOD STUDIES 10 (Room 206),FOUNDATIONS OF MATH AND PRE-CALCULUS 10 (Room 210),CAREER LIFE EDUCATION 10 (Room 104)
1655,Information and Communications Technologies 10 (Room 114),COMPUTER SCIENCE 11 (Room 203),COMPOSITION 10 (Room 207B),SOCIAL STUDIES 10 (Room 122),SCIENCE 10 (Room 219),LEARNING STRATEGIES 10 (Room 109),FOUNDATIONS OF MATH AND PRE-CALCULUS 10 (Room 210),PHYSICAL AND HEALTH EDUCATION 10 Boys (Room Gym)
1656,SCIENCE 10 (Room 211),ADST-Technology Explorations 10 (Room 104),COMPOSITION 10 (Room 207B),SOCIAL STUDIES 10 (Room 205B),PHYSICAL AND HEALTH EDUCATION 10 Boys (Room Gym),FOUNDATIONS OF MATH AND PRE-CALCULUS 10 HONOURS (Room 210),Information and Communications Technologies 10 (Room 203),COMPUTER SCIENCE 11 (Room 203)
1657,Information and Communications Technologies 10 (Room 114),SOCIAL STUDIES 10 CHALLENGE (Room 122),DANCE FOUNDATIONS 10 (Room Studio),FOUNDATIONS OF MATH AND PRE-CALCULUS 10 CHALLENGE (Room 220),SCIENCE 10: CHALLENGE (Room 216),VISUAL ARTS: PHOTOGRAPHY 10 (Room 113),PHYSICAL AND HEALTH EDUCATION 10 Girls (Room Gym),COMPOSITION 10 Challenge (Room 207A)
1658,SCIENCE 10 (Room 226),SOCIAL STUDIES 10 (Room 222),COMPOSITION 10 (Room 207B),3D ANIMATION 12 (Room 114),FOUNDATIONS OF MATH AND PRE-CALCULUS 10 (Room 214),FRENCH 10 (Room 207B),PHYSICAL AND HEALTH EDUCATION 10 Girls (Room Gym),ADST – ENTREPRENEURSHIP AND MARKETING 10 (Room 208)
1659,ACCOUNTING 11 (Room 205A),SOCIAL STUDIES 10 (Room 121),PHYSICAL AND HEALTH EDUCATION 10 Girls (Room Gym),WORKPLACE MATHEMATICS 10 (Room 214),SCIENCE 10 (Room 227),ADST – FOOD STUDIES 10 (Room 206),INTRODUCTORY SPANISH 11 (Room 207B),EFP WRITING 10 (Room A-6)
1660,SCIENCE 10 (Room 211),SOCIAL STUDIES 10 (Room 123),ADST – DRAFTING 10 (Room 105),WORKPLACE MATHEMATICS 10 (Room 214),INSTRUMENTAL MUSIC: GUITAR 10 (Room 119),COMPOSITION 10 (Room A-3),VISUAL ARTS: PHOTOGRAPHY 10 (Room 113),PHYSICAL AND HEALTH EDUCATION 10 Boys (Room Gym)
1661,CAREER LIFE EDUCATION 10 (Room 104),SOCIAL STUDIES 10 (Room 222),EFP WRITING 10 (Room A-7),3D ANIMATION 12 (Room 114),ADST – ELECTRONICS AND ROBOTICS 10 (Room 104),FOUNDATIONS OF MATH AND PRE-CALCULUS 10 HONOURS (Room 210),SCIENCE 10 (Room 216),PHYSICAL AND HEALTH EDUCATION 10 Boys (Room Gym)
1662,PHYSICAL AND HEALTH EDUCATION 10 Football (Room Gym),SOCIAL STUDIES 10 (Room 222),ADST – POWER TECHNOLOGY 10 (Room 103),WORKPLACE MATHEMATICS 10 (Room 214),SCIENCE 10 (Room 219),COMPOSITION 10 (Room A-3),ADST – FOOD STUDIES 10 (Room 206),LEARNING STRATEGIES 10 (Room 108)
1663,FOUNDATIONS OF MATH AND PRE-CALCULUS 10 (Room 221),YOGA FOR MINDFULNESS 10 (Room Gym),COMPOSITION 10 (Room 207B),SOCIAL STUDIES 10 (Room 207A),ACCOUNTING 11 (Room A-2),ADST – FOOD STUDIES 10 (Room 206),ACTIVE LIVING 11 Girls (Room Gym),SCIENCE 10 (Room 223)
1664,unassigned,SOCIAL STUDIES 10 (Room 222),PHYSICAL AND HEALTH EDUCATION 10 (Room Gym),unassigned,ADST – DRAFTING 10 (Room 105),FOUNDATIONS OF MATH AND PRE-CALCULUS 10 HONOURS (Room 210),Information and Communications Technologies 10 (Room 114),SCIENCE 10 (Room 223)
1665,SCIENCE 10 (Room 211),SOCIAL STUDIES 10 (Room 205B),ADST-Technology Explorations 10 (Room 104),ADST – POWER TECHNOLOGY 10 (Room 103),PHYSICAL AND HEALTH EDUCATION 10 Boys (Room Gym),ADST – FOOD STUDIES 10 (Room 206),FOUNDATIONS OF MATH AND PRE-CALCULUS 10 (Room 210),EFP WRITING 10 (Room 205A)
1666,PRE-CALCULUS 11 (Room 106),SOCIAL STUDIES 10 CHALLENGE (Room 122),PHYSICAL AND HEALTH EDUCATION 10 (Room Gym),COMPOSITION 10 Challenge (Room A-3),INSTRUMENTAL MUSIC: GUITAR 10 (Room 119),ADST – MEDIA DESIGN 10 (Room 114),SCIENCE 10: CHALLENGE (Room 211),COMPUTER SCIENCE 11 (Room 203)
1667,SPANISH 10 (Room 123),SOCIAL STUDIES 10 CHALLENGE (Room 122),COMPUTER SCIENCE 11 (Room 203),FOUNDATIONS OF MATH AND PRE-CALCULUS 10 CHALLENGE (Room 220),SCIENCE 10: CHALLENGE (Room 216),PHYSICAL AND HEALTH EDUCATION 10 Boys (Room Gym),ADST – FOOD STUDIES 10 (Room 206),COMPOSITION 10 Challenge (Room 207A)
1668,ACCOUNTING 11 (Room 205A),SOCIAL STUDIES 10 (Room 123),Information and Communications Technologies 10 (Room 114),unassigned,FOUNDATIONS OF MATH AND PRE-CALCULUS 10 (Room 214),PHYSICAL AND HEALTH EDUCATION 10 Boys (Room Gym),ADST – FOOD STUDIES 10 (Room 206),EFP WRITING 10 (Room 205A)
1669,FOUNDATIONS OF MATH AND PRE-CALCULUS 10 CHALLENGE (Room 210),SOCIAL STUDIES 10 CHALLENGE (Room 122),ADST – POWER TECHNOLOGY 10 (Room 103),ADST – ELECTRONICS AND ROBOTICS 10 (Room 104),SCIENCE 10: CHALLENGE (Room 216),ADST-Technology Explorations 10 (Room 105),VISUAL ARTS: PHOTOGRAPHY 10 (Room 113),COMPOSITION 10 Challenge (Room 207A)
1670,SPANISH 10 (Room 123),PHYSICAL AND HEALTH EDUCATION 10 LINEAR (Room Gym),EFP WRITING 10 (Room 209),SOCIAL STUDIES 10 (Room 122),SCIENCE 10 (Room 227),VISUAL ARTS: PHOTOGRAPHY 10 (Room 113),FOUNDATIONS OF MATH AND PRE-CALCULUS 10 (Room 210),PHYSICAL AND HEALTH EDUCATION 10 LINEAR (Room Gym)
1671,SPANISH 10 (Room 123),PHYSICAL AND HEALTH EDUCATION 10 LINEAR (Room Gym),EFP WRITING 10 (Room 209),SOCIAL STUDIES 10 (Room 208),SCIENCE 10 (Room 225),unassigned,FOUNDATIONS OF MATH AND PRE-CALCULUS 10 (Room 210),PHYSICAL AND HEALTH EDUCATION 10 LINEAR (Room Gym)
1672,unassigned,unassigned,COMPOSITION 10 (Room 207B),SOCIAL STUDIES 10 (Room 205B),TEXTILES 10 (Room A-7),unassigned,unassigned,unassigned
1673,PHYSICAL AND HEALTH EDUCATION 10 Football (Room Gym),SOCIAL STUDIES 10 (Room 121),ADST – POWER TECHNOLOGY 10 (Room 103),WORKPLACE MATHEMATICS 10 (Room 214),SCIENCE 10 (Room 219),VISUAL ARTS: PHOTOGRAPHY 10 (Room 113),ADST – WOODWORK 10 (Room 101),EFP WRITING 10 (Room A-6)
1674,SCIENCE 10 (Room 226),SOCIAL STUDIES 10 (Room 222),Information and Communications Technologies 10 (Room 114),EFP WRITING 10 (Room 123),INSTRUMENTAL MUSIC: GUITAR 10 (Room 119),PHYSICAL AND HEALTH EDUCATION 10 (Room Gym),VISUAL ARTS: PHOTOGRAPHY 10 (Room 113),COMPUTER SCIENCE 11 (Room 203)
1675,ADST – FOOD STUDIES 10 (Room 206),SOCIAL STUDIES 10 (Room 123),PHYSICAL AND HEALTH EDUCATION 10 Girls (Room Gym),EFP WRITING 10 (Room 123),SCIENCE 10 (Room 227),FOUNDATIONS OF MATH AND PRE-CALCULUS 10 HONOURS (Room 210),FRENCH 9 (Room A-2),MARKETING AND PROMOTION 11 (Room A-2)
1676,FOUNDATIONS OF MATH AND PRE-CALCULUS 10 (Room 221),PHYSICAL AND HEALTH EDUCATION 10 LINEAR (Room Gym),EFP WRITING 10 (Room A-7),SOCIAL STUDIES 10 (Room 208),TEXTILES 10 (Room A-7),LEARNING STRATEGIES 10 (Room 109),SCIENCE 10 (Room 216),PHYSICAL AND HEALTH EDUCATION 10 LINEAR (Room Gym)
1677,ADST – FOOD STUDIES 10 (Room 206),SOCIAL STUDIES 10 (Room 205B),ADST – POWER TECHNOLOGY 10 (Room 103),EFP WRITING 10 (Room 123),SCIENCE 10 (Room 225),ADST-Technology Explorations 10 (Room 105),FOUNDATIONS OF MATH AND PRE-CALCULUS 10 (Room 210),PHYSICAL AND HEALTH EDUCATION 10 Boys (Room Gym)
1678,Information and Communications Technologies 10 (Room 114),unassigned,PHYSICAL AND HEALTH EDUCATION 10 (Room Gym),FOUNDATIONS OF MATH AND PRE-CALCULUS 10 CHALLENGE (Room 220),INSTRUMENTAL MUSIC: GUITAR 10 (Room 119),SOCIAL STUDIES 10 CHALLENGE (Room 208),SCIENCE 10: CHALLENGE (Room 211),COMPOSITION 10 Challenge (Room 207A)
1679,FOUNDATIONS OF MATH AND PRE-CALCULUS 10 CHALLENGE (Room 210),SOCIAL STUDIES 10 CHALLENGE (Room 122),PHYSICAL AND HEALTH EDUCATION 10 (Room Gym),3D ANIMATION 12 (Room 114),ADST – DRAFTING 10 (Room 105),FRENCH 10 (Room 207B),SCIENCE 10: CHALLENGE (Room 211),COMPOSITION 10 Challenge (Room 207A)
1680,SPANISH 10 (Room 123),SOCIAL STUDIES 10 (Room 205B),PHYSICAL AND HEALTH EDUCATION 10 Girls (Room Gym),ADST – DRAFTING 10 (Room 105),SCIENCE 10 (Room 219),VISUAL ARTS: PHOTOGRAPHY 10 (Room 113),FOUNDATIONS OF MATH AND PRE-CALCULUS 10 (Room 212),EFP WRITING 10 (Room 205A)
1681,FOUNDATIONS OF MATH AND PRE-CALCULUS 10 CHALLENGE (Room 210),SOCIAL STUDIES 10 CHALLENGE (Room 122),PHYSICAL AND HEALTH EDUCATION 10 (Room Gym),COMPOSITION 10 Challenge (Room A-3),ADST – DRAFTING 10 (Room 105),ADST – MEDIA DESIGN 10 (Room 114),SCIENCE 10: CHALLENGE (Room 211),ADST – WOODWORK 10 (Room 101)
1682,FOUNDATIONS OF MATH AND PRE-CALCULUS 10 (Room 221),SOCIAL STUDIES 10 (Room 222),PHYSICAL AND HEALTH EDUCATION 10 Girls (Room Gym),EFP WRITING 10 (Room 123),TEXTILES 10 (Room A-7),ADST – MEDIA DESIGN 10 (Room 114),SCIENCE 10 (Room 216),ADST – ENTREPRENEURSHIP AND MARKETING 10 (Room 208)
1683,ADST – FOOD STUDIES 10 (Room 206),SOCIAL STUDIES 10 (Room 222),PHYSICAL AND HEALTH EDUCATION 10 Girls (Room Gym),VISUAL ARTS: ART STUDIO 10 (Room 116),FOUNDATIONS OF MATH AND PRE-CALCULUS 10 (Room 214),COMPOSITION 10 (Room A-3),VISUAL ARTS: PHOTOGRAPHY 10 (Room 113),SCIENCE 10 (Room 223)
1684,FRENCH 10 (Room 208),SOCIAL STUDIES 10 (Room 123),COMPOSITION 10 (Room 207B),ADST – POWER TECHNOLOGY 10 (Room 103),FOUNDATIONS OF MATH AND PRE-CALCULUS 10 (Room 214),PHYSICAL AND HEALTH EDUCATION 10 Boys (Room Gym),SCIENCE 10 (Room 216),OUTDOOR EDUCATION 10 (Room _CHECK THIS THING IDK)
1685,PHYSICAL AND HEALTH EDUCATION 10 Football (Room Gym),SOCIAL STUDIES 10 (Room 121),COMPOSITION 10 (Room 207B),CROSS TRAINING 10 (Room 120),ADST – MEDIA DESIGN 10 (Room 114),ADST – FOOD STUDIES 10 (Room 206),SCIENCE 10 (Room 216),ADST – ENTREPRENEURSHIP AND MARKETING 10 (Room 208)
1686,FOUNDATIONS OF MATH AND PRE-CALCULUS 10 CHALLENGE (Room 210),DRAMA 10 (Room A-1),PHYSICAL AND HEALTH EDUCATION 10 (Room Gym),COMPOSITION 10 Challenge (Room A-3),ADST – MEDIA DESIGN 10 (Room 114),SOCIAL STUDIES 10 CHALLENGE (Room 208),SCIENCE 10: CHALLENGE (Room 211),TEXTILES 10 (Room A-7)
1687,PHYSICAL AND HEALTH EDUCATION 10 Football (Room Gym),SOCIAL STUDIES 10 (Room 123),ADST – POWER TECHNOLOGY 10 (Room 103),CROSS TRAINING 10 (Room 120),SCIENCE 10 (Room 219),ADST – FOOD STUDIES 10 (Room 206),FOUNDATIONS OF MATH AND PRE-CALCULUS 10 (Room 212),EFP WRITING 10 (Room A-6)
1688,FOUNDATIONS OF MATH AND PRE-CALCULUS 10 CHALLENGE (Room 210),PHYSICAL AND HEALTH EDUCATION 10 LINEAR (Room Gym),ADST-Technology Explorations 10 (Room 104),COMPOSITION 10 Challenge (Room A-3),ADST – DRAFTING 10 (Room 105),SOCIAL STUDIES 10 CHALLENGE (Room 208),SCIENCE 10: CHALLENGE (Room 211),PHYSICAL AND HEALTH EDUCATION 10 LINEAR (Room Gym)
1689,ADST-Technology Explorations 10 (Room 105),COMPUTER SCIENCE 11 (Room 203),EFP WRITING 10 (Room A-7),SOCIAL STUDIES 10 (Room 205B),INSTRUMENTAL MUSIC: GUITAR 10 (Room 119),PHYSICAL AND HEALTH EDUCATION 10 Boys (Room Gym),FOUNDATIONS OF MATH AND PRE-CALCULUS 10 (Room 210),SCIENCE 10 (Room 223)
1690,SCIENCE 10 (Room 226),SOCIAL STUDIES 10 (Room 222),COMPOSITION 10 (Room 207B),WORKPLACE MATHEMATICS 10 (Room 214),ADST – MEDIA DESIGN 10 (Room 114),ADST – FOOD STUDIES 10 (Room 206),VISUAL ARTS: PHOTOGRAPHY 10 (Room 113),PHYSICAL AND HEALTH EDUCATION 10 Boys (Room Gym)
1691,FRENCH 10 (Room 208),unassigned,DANCE FOUNDATIONS 10 (Room Studio),SOCIAL STUDIES 10 (Room 205B),FOUNDATIONS OF MATH AND PRE-CALCULUS 10 (Room 214),COMPOSITION 10 (Room A-3),PHYSICAL AND HEALTH EDUCATION 10 Girls (Room Gym),SCIENCE 10 (Room 223)
1692,SCIENCE 10 (Room 226),SOCIAL STUDIES 10 (Room 123),COMPOSITION 10 (Room 207B),ADST – POWER TECHNOLOGY 10 (Room 103),PHYSICAL AND HEALTH EDUCATION 10 Boys (Room Gym),ADST – MEDIA DESIGN 10 (Room 114),FOUNDATIONS OF MATH AND PRE-CALCULUS 10 (Room 212),ADST – WOODWORK 10 (Room 101)
1693,FOUNDATIONS OF MATH AND PRE-CALCULUS 10 (Room 221),SCIENCE 9 (Room 227),EFP WRITING 10 (Room 209),SOCIAL STUDIES 10 (Room 208),SCIENCE 10 (Room 219),unassigned,PHYSICAL AND HEALTH EDUCATION 10 Girls (Room Gym),TEXTILES 10 (Room A-7)
1694,FOUNDATIONS OF MATH AND PRE-CALCULUS 10 (Room 221),YOGA FOR MINDFULNESS 10 (Room Gym),PHYSICAL AND HEALTH EDUCATION 10 Girls (Room Gym),SOCIAL STUDIES 10 (Room 207A),INSTRUMENTAL MUSIC: GUITAR 10 (Room 119),VISUAL ARTS: PHOTOGRAPHY 10 (Room 113),SCIENCE 10 (Room 216),EFP WRITING 10 (Room 205A)
1695,ADST – FOOD STUDIES 10 (Room 206),DRAMA 10 (Room A-1),DANCE FOUNDATIONS 10 (Room Studio),SOCIAL STUDIES 10 (Room 207A),SCIENCE 10 (Room 227),PHYSICAL AND HEALTH EDUCATION 10 (Room Gym),FOUNDATIONS OF MATH AND PRE-CALCULUS 10 (Room 210),EFP WRITING 10 (Room 205A)
1696,ACCOUNTING 11 (Room 205A),SOCIAL STUDIES 10 (Room 123),ADST – POWER TECHNOLOGY 10 (Room 103),unassigned,PHYSICAL AND HEALTH EDUCATION 10 Boys (Room Gym),COMPOSITION 10 (Room A-3),FOUNDATIONS OF MATH AND PRE-CALCULUS 10 (Room 212),SCIENCE 10 (Room 223)
1697,FOUNDATIONS OF MATH AND PRE-CALCULUS 10 (Room 221),YOGA FOR MINDFULNESS 10 (Room Gym),COMPOSITION 10 (Room 207B),SOCIAL STUDIES 10 (Room 205B),SCIENCE 10 (Room 219),VISUAL ARTS: PHOTOGRAPHY 10 (Room 113),PHYSICAL AND HEALTH EDUCATION 10 Girls (Room Gym),OUTDOOR EDUCATION 10 (Room _CHECK THIS THING IDK)
1698,ACCOUNTING 11 (Room 205A),unassigned,unassigned,unassigned,INTRODUCTORY SPANISH 11 (Room 205A),PHYSICS 11 (Room 216),PRE-CALCULUS 11 (Room 214),MARKETING AND PROMOTION 11 (Room A-2)
1699,FOUNDATIONS OF MATH AND PRE-CALCULUS 10 (Room 221),SOCIAL STUDIES 10 (Room 205B),Information and Communications Technologies 10 (Room 114),EFP WRITING 10 (Room 123),SCIENCE 10 (Room 227),PHYSICAL AND HEALTH EDUCATION 10 Boys (Room Gym),ADST – FOOD STUDIES 10 (Room 206),OUTDOOR EDUCATION 10 (Room _CHECK THIS THING IDK)
1700,unassigned,unassigned,COMPOSITION 10 (Room 207B),SOCIAL STUDIES 10 (Room 208),SCIENCE 10 (Room 219),unassigned,FOUNDATIONS OF MATH AND PRE-CALCULUS 10 (Room 210),unassigned
1701,ADST – FOOD STUDIES 10 (Room 206),SOCIAL STUDIES 10 (Room 222),ADST – POWER TECHNOLOGY 10 (Room 103),EFP WRITING 10 (Room 123),FOUNDATIONS OF MATH AND PRE-CALCULUS 10 (Room 214),FRENCH 10 (Room 207B),SCIENCE 10 (Room 216),PHYSICAL AND HEALTH EDUCATION 10 Boys (Room Gym)
1702,FOUNDATIONS OF MATH AND PRE-CALCULUS 10 CHALLENGE (Room 210),SOCIAL STUDIES 10 CHALLENGE (Room 122),ADST-Technology Explorations 10 (Room 104),ADST – DRAFTING 10 (Room 105),COMPUTER PROGRAMMING 11 AI and (Room 203),PHYSICAL AND HEALTH EDUCATION 10 (Room Gym),SCIENCE 10: CHALLENGE (Room 211),COMPOSITION 10 Challenge (Room 207A)
1703,PHYSICAL AND HEALTH EDUCATION 10 Football (Room Gym),SOCIAL STUDIES 10 (Room 123),ADST – POWER TECHNOLOGY 10 (Room 103),WORKPLACE MATHEMATICS 10 (Room 214),SCIENCE 10 (Room 227),COMPOSITION 10 (Room A-3),ADST – FOOD STUDIES 10 (Room 206),unassigned
1704,FRENCH 12 (Room A-3),SOCIAL STUDIES 10 (Room 222),EFP WRITING 10 (Room A-7),ADST – POWER TECHNOLOGY 10 (Room 103),COMPUTER PROGRAMMING 11 AI and (Room 203),FOUNDATIONS OF MATH AND PRE-CALCULUS 10 HONOURS (Room 210),ADST – FOOD STUDIES 10 (Room 206),SCIENCE 10 (Room 223)
1705,SPANISH 10 (Room 123),ADST-Technology Explorations 10 (Room 104),PHYSICAL AND HEALTH EDUCATION 10 Girls (Room Gym),FOUNDATIONS OF MATH AND PRE-CALCULUS 10 CHALLENGE (Room 220),ADST – MEDIA DESIGN 10 (Room 114),SOCIAL STUDIES 10 CHALLENGE (Room 208),SCIENCE 10: CHALLENGE (Room 211),COMPOSITION 10 Challenge (Room 207A)
1706,FRENCH 12 (Room A-3),ADST-Technology Explorations 10 (Room 104),EFP WRITING 10 (Room 209),SOCIAL STUDIES 10 (Room 208),ADST – MEDIA DESIGN 10 (Room 114),FOUNDATIONS OF MATH AND PRE-CALCULUS 10 HONOURS (Room 210),PHYSICAL AND HEALTH EDUCATION 10 Girls (Room Gym),SCIENCE 10 (Room 223)
1707,FOUNDATIONS OF MATH AND PRE-CALCULUS 10 (Room 221),SOCIAL STUDIES 10 (Room 123),PHYSICAL AND HEALTH EDUCATION 10 (Room Gym),WORKPLACE MATHEMATICS 10 (Room 214),TEXTILES 10 (Room A-7),ADST – MEDIA DESIGN 10 (Room 114),SCIENCE 10 (Room 216),EFP WRITING 10 (Room A-6)
1708,FOUNDATIONS OF MATH AND PRE-CALCULUS 10 CHALLENGE (Room 210),SOCIAL STUDIES 10 CHALLENGE (Room 122),Information and Communications Technologies 10 (Room 114),3D ANIMATION 12 (Room 114),SCIENCE 10: CHALLENGE (Room 216),PHYSICAL AND HEALTH EDUCATION 10 (Room Gym),PRE-CALCULUS 11 (Room 106),COMPOSITION 10 Challenge (Room 207A)
1709,FRENCH 10 (Room 208),DANCE TECHNIQUE AND PERFORMANCE 10 (Room Studio),Information and Communications Technologies 10 (Room 114),SOCIAL STUDIES 10 (Room 122),ADST – DRAFTING 10 (Room 105),FOUNDATIONS OF MATH AND PRE-CALCULUS 10 HONOURS (Room 210),PHYSICAL AND HEALTH EDUCATION 10 Girls (Room Gym),SCIENCE 10 (Room 223)
1710,MATHEMATICS 9 (Room 220),PHYSICAL AND HEALTH EDUCATION 10 LINEAR (Room Gym),ADST-Technology Explorations 10 (Room 104),SOCIAL STUDIES 10 (Room 122),SCIENCE 10 (Room 227),ADST – MEDIA DESIGN 10 (Room 114),FOUNDATIONS OF MATH AND PRE-CALCULUS 10 (Room 212),PHYSICAL AND HEALTH EDUCATION 10 LINEAR (Room Gym)
1711,FOUNDATIONS OF MATH AND PRE-CALCULUS 10 (Room 221),SOCIAL STUDIES 10 (Room 123),PHYSICAL AND HEALTH EDUCATION 10 Girls (Room Gym),EFP WRITING 10 (Room 123),VISUAL ARTS: ART STUDIO 10 (Room 116),LEARNING STRATEGIES 10 (Room 109),ADST – FOOD STUDIES 10 (Room 206),SCIENCE 10 (Room 223)
1712,ADST – FOOD STUDIES 10 (Room 206),SOCIAL STUDIES 10 (Room 121),EFP WRITING 10 (Room 209),VISUAL ARTS: ART STUDIO 10 (Room 116),SCIENCE 10 (Room 227),PHYSICAL AND HEALTH EDUCATION 10 Boys (Room Gym),FOUNDATIONS OF MATH AND PRE-CALCULUS 10 (Room 210),OUTDOOR EDUCATION 10 (Room _CHECK THIS THING IDK)
1713,SPANISH 10 (Room 123),unassigned,DANCE FOUNDATIONS 10 (Room Studio),unassigned,TEXTILES 10 (Room A-7),COMPOSITION 10 (Room A-3),unassigned,unassigned
1714,FRENCH 12 (Room A-3),SOCIAL STUDIES 10 (Room 205B),PHYSICAL AND HEALTH EDUCATION 10 Girls (Room Gym),ADST – POWER TECHNOLOGY 10 (Room 103),SCIENCE 10 (Room 227),ADST – FOOD STUDIES 10 (Room 206),FOUNDATIONS OF MATH AND PRE-CALCULUS 10 (Room 210),EFP WRITING 10 (Room 205A)
1715,SCIENCE 10 (Room 226),SOCIAL STUDIES 10 (Room 121),EFP WRITING 10 (Room 209),WORKPLACE MATHEMATICS 10 (Room 214),TEXTILES 10 (Room A-7),LEARNING STRATEGIES 10 (Room 109),PHYSICAL AND HEALTH EDUCATION 10 Girls (Room Gym),SCIENCE 9 (Room 226)
1716,SCIENCE 10 (Room 226),BEGINNERS ELL 10 (Room A-3),PHYSICAL AND HEALTH EDUCATION 10 (Room Gym),SOCIAL STUDIES 10 (Room 207A),FOUNDATIONS OF MATH AND PRE-CALCULUS 10 (Room 214),COMPOSITION 10 (Room A-3),ADST – FOOD STUDIES 10 (Room 206),OUTDOOR EDUCATION 10 (Room _CHECK THIS THING IDK)
1717,FRENCH 10 (Room 208),DRAMA 10 (Room A-1),PHYSICAL AND HEALTH EDUCATION 10 (Room Gym),SOCIAL STUDIES 10 (Room 205B),SCIENCE 10 (Room 227),ADST-Technology Explorations 10 (Room 105),Information and Communications Technologies 10 (Room 114),EFP WRITING 10 (Room A-6)
1718,FOUNDATIONS OF MATH AND PRE-CALCULUS 10 (Room 221),SOCIAL STUDIES 10 (Room 123),ADST-Technology Explorations 10 (Room 104),EFP WRITING 10 (Room 123),SCIENCE 10 (Room 227),PHYSICAL AND HEALTH EDUCATION 10 Boys (Room Gym),ADST – FOOD STUDIES 10 (Room 206),OUTDOOR EDUCATION 10 (Room _CHECK THIS THING IDK)
1719,ACCOUNTING 11 (Room 205A),SOCIAL STUDIES 10 (Room 222),PHYSICAL AND HEALTH EDUCATION 10 Girls (Room Gym),EFP WRITING 10 (Room 123),FOUNDATIONS OF MATH AND PRE-CALCULUS 10 (Room 214),ADST – FOOD STUDIES 10 (Room 206),VISUAL ARTS: PHOTOGRAPHY 10 (Room 113),SCIENCE 10 (Room 223)
1720,FOUNDATIONS OF MATH AND PRE-CALCULUS 10 CHALLENGE (Room 210),PHYSICAL AND HEALTH EDUCATION 10 LINEAR (Room Gym),unassigned,COMPOSITION 10 Challenge (Room A-3),COMPUTER PROGRAMMING 11 AI and (Room 203),SOCIAL STUDIES 10 CHALLENGE (Room 208),SCIENCE 10: CHALLENGE (Room 211),PHYSICAL AND HEALTH EDUCATION 10 LINEAR (Room Gym)
1721,SCIENCE 10 (Room 211),DRAMA 10 (Room A-1),ADST-Technology Explorations 10 (Room 104),SOCIAL STUDIES 10 (Room 122),PHYSICAL AND HEALTH EDUCATION 10 Boys (Room Gym),TEXTILES 10 (Room A-7),FOUNDATIONS OF MATH AND PRE-CALCULUS 10 (Room 210),EFP WRITING 10 (Room A-6)
1722,FOUNDATIONS OF MATH AND PRE-CALCULUS 10 (Room 221),PHYSICAL AND HEALTH EDUCATION 10 LINEAR (Room Gym),EFP WRITING 10 (Room 209),SOCIAL STUDIES 10 (Room 207A),INSTRUMENTAL MUSIC: GUITAR 10 (Room 119),TEXTILES 10 (Room A-7),SCIENCE 10 (Room 216),PHYSICAL AND HEALTH EDUCATION 10 LINEAR (Room Gym)
1723,SCIENCE 10 (Room 226),SOCIAL STUDIES 10 (Room 121),ADST – DRAFTING 10 (Room 105),EFP WRITING 10 (Room 123),ADST – MEDIA DESIGN 10 (Room 114),FOUNDATIONS OF MATH AND PRE-CALCULUS 10 HONOURS (Room 210),unassigned,unassigned
1724,FRENCH 10 (Room 208),PHYSICAL AND HEALTH EDUCATION 10 LINEAR (Room Gym),EFP WRITING 10 (Room A-7),SOCIAL STUDIES 10 (Room 205B),SCIENCE 10 (Room 227),ADST – MEDIA DESIGN 10 (Room 114),FOUNDATIONS OF MATH AND PRE-CALCULUS 10 (Room 212),PHYSICAL AND HEALTH EDUCATION 10 LINEAR (Room Gym)
1725,ADST – FOOD STUDIES 10 (Room 206),SOCIAL STUDIES 10 (Room 222),VISUAL ARTS: ART STUDIO 10 (Room 116),unassigned,INSTRUMENTAL MUSIC: GUITAR 10 (Room 119),COMPOSITION 10 (Room A-3),FOUNDATIONS OF MATH AND PRE-CALCULUS 10 (Room 212),SCIENCE 10 (Room 223)
1726,SPANISH 10 (Room 123),MATHEMATICS 9 (Room 210),PHYSICAL AND HEALTH EDUCATION 10 (Room Gym),SOCIAL STUDIES 10 (Room 207A),SCIENCE 10 (Room 225),FRENCH 9 (Room 207B),FOUNDATIONS OF MATH AND PRE-CALCULUS 10 (Room 212),EFP WRITING 10 (Room A-6)
1727,ACCOUNTING 11 (Room 205A),COMPUTER SCIENCE 11 (Room 203),PHYSICAL AND HEALTH EDUCATION 10 Girls (Room Gym),FOUNDATIONS OF MATH AND PRE-CALCULUS 10 CHALLENGE (Room 220),COMPUTER PROGRAMMING 11 AI and (Room 203),SOCIAL STUDIES 10 CHALLENGE (Room 208),SCIENCE 10: CHALLENGE (Room 211),COMPOSITION 10 Challenge (Room 207A)
1728,FOUNDATIONS OF MATH AND PRE-CALCULUS 10 (Room 221),SOCIAL STUDIES 10 (Room 222),DANCE FOUNDATIONS 10 (Room Studio),VISUAL ARTS: ART STUDIO 10 (Room 116),SCIENCE 10 (Room 219),ADST – FOOD STUDIES 10 (Room 206),PHYSICAL AND HEALTH EDUCATION 10 Girls (Room Gym),EFP WRITING 10 (Room 205A)
1729,SCIENCE 10 (Room 211),BEGINNERS ELL 10 (Room A-3),unassigned,SOCIAL STUDIES 10 (Room 207A),FOUNDATIONS OF MATH AND PRE-CALCULUS 10 (Room 214),COMPOSITION 10 (Room A-3),VISUAL ARTS: PHOTOGRAPHY 10 (Room 113),PHYSICAL AND HEALTH EDUCATION 10 Boys (Room Gym)
1730,FRENCH 11 (Room A-3),unassigned,EFP WRITING 10 (Room A-7),unassigned,FOUNDATIONS OF MATH AND PRE-CALCULUS 10 (Room 214),PHYSICAL AND HEALTH EDUCATION 10 Boys (Room Gym),SCIENCE 10 (Room 216),OUTDOOR EDUCATION 10 (Room _CHECK THIS THING IDK)
1731,PHYSICAL AND HEALTH EDUCATION 10 Football (Room Gym),SOCIAL STUDIES 10 (Room 205B),COMPOSITION 10 (Room 207B),WORKPLACE MATHEMATICS 10 (Room 214),SCIENCE 10 (Room 225),LEARNING STRATEGIES 10 (Room 109),VISUAL ARTS: PHOTOGRAPHY 10 (Room 113),ADST – WOODWORK 10 (Room 101)
1732,FOUNDATIONS OF MATH AND PRE-CALCULUS 10 (Room 221),SOCIAL STUDIES 10 (Room 205B),DANCE FOUNDATIONS 10 (Room Studio),EFP WRITING 10 (Room 123),SCIENCE 10 (Room 227),FRENCH 9 (Room 207B),PHYSICAL AND HEALTH EDUCATION 10 Girls (Room Gym),TEXTILES 10 (Room A-7)
1733,ADST – FOOD STUDIES 10 (Room 206),DANCE TECHNIQUE AND PERFORMANCE 10 (Room Studio),PHYSICAL AND HEALTH EDUCATION 10 Girls (Room Gym),FOUNDATIONS OF MATH AND PRE-CALCULUS 10 CHALLENGE (Room 220),SCIENCE 10: CHALLENGE (Room 216),SOCIAL STUDIES 10 CHALLENGE (Room 208),FRENCH 12 (Room 107),COMPOSITION 10 Challenge (Room 207A)
1734,SCIENCE 10 (Room 226),SOCIAL STUDIES 10 (Room 123),Information and Communications Technologies 10 (Room 114),ADST – DRAFTING 10 (Room 105),ACCOUNTING 11 (Room A-2),ADST – FOOD STUDIES 10 (Room 206),PHYSICAL AND HEALTH EDUCATION 10 Girls (Room Gym),EFP WRITING 10 (Room 205A)
1735,SCIENCE 10 (Room 226),PHYSICAL AND HEALTH EDUCATION 10 LINEAR (Room Gym),COMPOSITION 10 (Room 207B),SOCIAL STUDIES 10 (Room 122),COMPUTER PROGRAMMING 11 AI and (Room 203),ADST-Technology Explorations 10 (Room 105),FOUNDATIONS OF MATH AND PRE-CALCULUS 10 (Room 212),PHYSICAL AND HEALTH EDUCATION 10 LINEAR (Room Gym)
1736,SCIENCE 10 (Room 226),SOCIAL STUDIES 10 (Room 123),PHYSICAL AND HEALTH EDUCATION 10 Girls (Room Gym),3D ANIMATION 12 (Room 114),INSTRUMENTAL MUSIC: GUITAR 10 (Room 119),COMPOSITION 10 (Room A-3),FOUNDATIONS OF MATH AND PRE-CALCULUS 10 (Room 210),COMPUTER SCIENCE 11 (Room 203)
1737,SCIENCE 10 (Room 226),PHYSICAL AND HEALTH EDUCATION 10 LINEAR (Room Gym),EFP WRITING 10 (Room A-7),SOCIAL STUDIES 10 (Room 122),ADST – MEDIA DESIGN 10 (Room 114),FOUNDATIONS OF MATH AND PRE-CALCULUS 10 HONOURS (Room 210),ADST – FOOD STUDIES 10 (Room 206),PHYSICAL AND HEALTH EDUCATION 10 LINEAR (Room Gym)
1738,FOUNDATIONS OF MATH AND PRE-CALCULUS 10 CHALLENGE (Room 210),SOCIAL STUDIES 10 CHALLENGE (Room 122),PHYSICAL AND HEALTH EDUCATION 10 (Room Gym),COMPOSITION 10 Challenge (Room A-3),SCIENCE 10: CHALLENGE (Room 216),ADST – MEDIA DESIGN 10 (Room 114),FRENCH 11 (Room 107),ADST – ENTREPRENEURSHIP AND MARKETING 10 (Room 208)
1739,SPANISH 10 (Room 123),PHYSICAL AND HEALTH EDUCATION 10 LINEAR (Room Gym),EFP WRITING 10 (Room A-7),SOCIAL STUDIES 10 (Room 207A),SCIENCE 10 (Room 219),FRENCH 10 (Room 207B),FOUNDATIONS OF MATH AND PRE-CALCULUS 10 (Room 210),PHYSICAL AND HEALTH EDUCATION 10 LINEAR (Room Gym)
1740,FOUNDATIONS OF MATH AND PRE-CALCULUS 10 CHALLENGE (Room 210),SOCIAL STUDIES 10 CHALLENGE (Room 122),ADST – DRAFTING 10 (Room 105),COMPOSITION 10 Challenge (Room A-3),SCIENCE 10: CHALLENGE (Room 216),FRENCH 10 (Room 207B),Information and Communications Technologies 10 (Room 114),PHYSICAL AND HEALTH EDUCATION 10 Boys (Room Gym)
1741,TEXTILES 10 (Room A-7),BEGINNERS ELL 10 (Room A-3),DANCE FOUNDATIONS 10 (Room Studio),SOCIAL STUDIES 10 (Room 207A),ADST – DRAFTING 10 (Room 105),COMPOSITION 10 (Room A-3),FOUNDATIONS OF MATH AND PRE-CALCULUS 10 (Room 210),PHYSICAL AND HEALTH EDUCATION 10 Boys (Room Gym)
1742,ADST-Technology Explorations 10 (Room 105),SOCIAL STUDIES 10 (Room 205B),COMPUTER SCIENCE 11 (Room 203),EFP WRITING 10 (Room 123),SCIENCE 10 (Room 227),FOUNDATIONS OF MATH AND PRE-CALCULUS 10 HONOURS (Room 210),ADST – FOOD STUDIES 10 (Room 206),PHYSICAL AND HEALTH EDUCATION 10 Boys (Room Gym)
1743,FOUNDATIONS OF MATH AND PRE-CALCULUS 10 CHALLENGE (Room 210),PHYSICAL AND HEALTH EDUCATION 10 LINEAR (Room Gym),ADST – DRAFTING 10 (Room 105),COMPOSITION 10 Challenge (Room A-3),ADST – MEDIA DESIGN 10 (Room 114),SOCIAL STUDIES 10 CHALLENGE (Room 208),SCIENCE 10: CHALLENGE (Room 211),PHYSICAL AND HEALTH EDUCATION 10 LINEAR (Room Gym)
1744,SCIENCE 10 (Room 211),SOCIAL STUDIES 10 (Room 222),PHYSICAL AND HEALTH EDUCATION 10 Girls (Room Gym),EFP WRITING 10 (Room 123),FOUNDATIONS OF MATH AND PRE-CALCULUS 10 (Room 214),TEXTILES 10 (Room A-7),ADST – FOOD STUDIES 10 (Room 206),SCIENCE 9 (Room 216)
1745,CAREER LIFE EDUCATION 10 (Room 104),PHYSICAL AND HEALTH EDUCATION 10 LINEAR (Room Gym),EFP WRITING 10 (Room A-7),SOCIAL STUDIES 10 (Room 122),CHEMISTRY 11 (Room 223),PHYSICS 11 (Room 211),unassigned,PHYSICAL AND HEALTH EDUCATION 10 LINEAR (Room Gym)
1746,ACCOUNTING 11 (Room 205A),SOCIAL STUDIES 10 CHALLENGE (Room 122),ADST – DRAFTING 10 (Room 105),FOUNDATIONS OF MATH AND PRE-CALCULUS 10 CHALLENGE (Room 220),ADST – MEDIA DESIGN 10 (Room 114),PHYSICAL AND HEALTH EDUCATION 10 Boys (Room Gym),SCIENCE 10: CHALLENGE (Room 211),COMPOSITION 10 Challenge (Room 207A)
1747,FOUNDATIONS OF MATH AND PRE-CALCULUS 10 (Room 221),COMPUTER SCIENCE 11 (Room 203),PHYSICAL AND HEALTH EDUCATION 10 Girls (Room Gym),SOCIAL STUDIES 10 (Room 205B),SCIENCE 10 (Room 219),TEXTILES 10 (Room A-7),INTRODUCTORY SPANISH 11 (Room 207B),EFP WRITING 10 (Room 205A)
1748,FOUNDATIONS OF MATH AND PRE-CALCULUS 10 (Room 221),DRAMA 10 (Room A-1),PHYSICAL AND HEALTH EDUCATION 10 (Room Gym),SOCIAL STUDIES 10 (Room 122),COMPUTER PROGRAMMING 11 AI and (Room 203),COMPOSITION 10 (Room A-3),FRENCH 10 (Room A-2),SCIENCE 10 (Room 223)
1749,SCIENCE 10 (Room 211),COMPUTER SCIENCE 11 (Room 203),EFP WRITING 10 (Room 209),SOCIAL STUDIES 10 (Room 208),COMPUTER PROGRAMMING 11 AI and (Room 203),ADST – MEDIA DESIGN 10 (Room 114),FOUNDATIONS OF MATH AND PRE-CALCULUS 10 (Room 212),PHYSICAL AND HEALTH EDUCATION 10 Boys (Room Gym)
1750,ADST – FOOD STUDIES 10 (Room 206),BEGINNERS ELL 10 (Room A-3),PHYSICAL AND HEALTH EDUCATION 10 (Room Gym),SOCIAL STUDIES 10 (Room 208),SCIENCE 10 (Room 225),COMPOSITION 10 (Room A-3),FOUNDATIONS OF MATH AND PRE-CALCULUS 10 (Room 210),TEXTILES 10 (Room A-7)
1751,FOUNDATIONS OF MATH AND PRE-CALCULUS 10 (Room 221),BEGINNERS ELL 10 (Room A-3),DANCE FOUNDATIONS 10 (Room Studio),SOCIAL STUDIES 10 (Room 122),VISUAL ARTS: ART STUDIO 10 (Room 116),COMPOSITION 10 (Room A-3),PHYSICAL AND HEALTH EDUCATION 10 Girls (Room Gym),SCIENCE 10 (Room 223)
1752,FOUNDATIONS OF MATH AND PRE-CALCULUS 10 CHALLENGE (Room 210),SOCIAL STUDIES 10 CHALLENGE (Room 122),ADST – POWER TECHNOLOGY 10 (Room 103),COMPOSITION 10 Challenge (Room A-3),SCIENCE 10: CHALLENGE (Room 216),PHYSICAL AND HEALTH EDUCATION 10 Boys (Room Gym),ADST-Technology Explorations 10 (Room 105),COMPUTER SCIENCE 11 (Room 203)
1753,ACCOUNTING 11 (Room 205A),PRE-CALCULUS 11 (Room 220),EFP WRITING 10 (Room A-7),SOCIAL STUDIES 10 (Room 207A),SCIENCE 10 (Room 225),PHYSICAL AND HEALTH EDUCATION 10 Boys (Room Gym),FRENCH 11 (Room 107),COMPUTER SCIENCE 11 (Room 203)
1754,FOUNDATIONS OF MATH AND PRE-CALCULUS 10 CHALLENGE (Room 210),SOCIAL STUDIES 10 CHALLENGE (Room 122),COMPUTER SCIENCE 11 (Room 203),COMPOSITION 10 Challenge (Room A-3),COMPUTER PROGRAMMING 11 AI and (Room 203),ADST-Technology Explorations 10 (Room 105),SCIENCE 10: CHALLENGE (Room 211),PHYSICAL AND HEALTH EDUCATION 10 Boys (Room Gym)
1755,SPANISH 10 (Room 123),SOCIAL STUDIES 10 CHALLENGE (Room 122),ADST – POWER TECHNOLOGY 10 (Room 103),FOUNDATIONS OF MATH AND PRE-CALCULUS 10 CHALLENGE (Room 220),SCIENCE 10: CHALLENGE (Room 216),ADST – FOOD STUDIES 10 (Room 206),PHYSICAL AND HEALTH EDUCATION 10 Girls (Room Gym),COMPOSITION 10 Challenge (Room 207A)
1756,FOUNDATIONS OF MATH AND PRE-CALCULUS 10 (Room 221),PHYSICAL AND HEALTH EDUCATION 10 LINEAR (Room Gym),EFP WRITING 10 (Room A-7),SOCIAL STUDIES 10 (Room 208),ACCOUNTING 11 (Room A-2),VISUAL ARTS: PHOTOGRAPHY 10 (Room 113),SCIENCE 10 (Room 216),PHYSICAL AND HEALTH EDUCATION 10 LINEAR (Room Gym)
1757,CONCERT BAND 9 Linear (Room 119),MATHEMATICS 9 (Room 210),ENGLISH LANGUAGE ARTS 9 (Room A-3),SCIENCE 9 (Room 211),ADST – ENTREPRENEURSHIP AND MARKETING 10 (Room 208),FRENCH 9 (Room 207B),SOCIAL STUDIES 9 (Room 122),CONCERT BAND 9 Linear (Room 119)
1758,Information and Communications Technologies 10 (Room 114),MATHEMATICS 9 (Room 210),TECH ED 9: MECHANICS LD (Room 103),ENGLISH LANGUAGE ARTS 9 (Room 107),PHYSICAL AND HEALTH EDUCATION 9 Boys (Room Gym),ADST 9 - General Explorations (Modules) (Room 105),SOCIAL STUDIES 9 (Room 122),SCIENCE 9 (Room 226)
1759,MATHEMATICS 9 (Room 220),PHYSICAL AND HEALTH EDUCATION 9 Yoga for Mindfulns (Room Gym),ENGLISH LANGUAGE ARTS 9 (Room A-3),SCIENCE 9 (Room 211),SPANISH 9 (Room 205A),PHYSICAL AND HEALTH EDUCATION 9 (Room Gym),SOCIAL STUDIES 9 (Room 122),ADST - Textiles 9 (Room A-7)
1760,FRENCH 9 (Room 208),ADST 9 - General Explorations (Modules) (Room 104),PHYSICAL AND HEALTH EDUCATION 9 (Room Gym),ENGLISH LANGUAGE ARTS 9 (Room 107),MATHEMATICS 9 (Room 210),SOCIAL STUDIES 9 (Room 123),Information and Communications Technologies 10 (Room 114),SCIENCE 9 (Room 226)
1761,ADST 9 - General Explorations (Modules) (Room 105),ADST - Drafting 9 (Room 105),SOCIAL STUDIES 9 CHALLENGE (Room 121),ENGLISH LANGUAGE ARTS 9 CHALLENGE (Room 205A),ADST - Electronics and Robotics (Room 104),unassigned,Information and Communications Technologies 10 (Room 114),SCIENCE 9: CHALLENGE (Room 211)
1762,FRENCH 11 (Room A-3),SCIENCE 9: CHALLENGE (Room 226),SOCIAL STUDIES 9 CHALLENGE (Room 121),ENGLISH LANGUAGE ARTS 9 CHALLENGE (Room 205A),ADST - Textiles 9 (Room A-7),PHYSICAL AND HEALTH EDUCATION 9 (Room Gym),ADST 9 - General Explorations (Modules) (Room 105),ADST – ENTREPRENEURSHIP AND MARKETING 10 (Room 208)
1763,Information and Communications Technologies 10 (Room 114),MATHEMATICS 9 (Room 210),ENGLISH LANGUAGE ARTS 9 (Room A-3),DANCE 9 HIP HOP (Room Studio),SCIENCE 9 (Room 211),FRENCH 9 (Room 207B),SOCIAL STUDIES 9 (Room 122),ADST – ENTREPRENEURSHIP AND MARKETING 10 (Room 208)
1764,FRENCH 9 (Room 208),MATHEMATICS 9 (Room 210),ENGLISH LANGUAGE ARTS 9 (Room A-3),ADST - Electronics and Robotics (Room 104),PHYSICAL AND HEALTH EDUCATION 9 Boys (Room Gym),SOCIAL STUDIES 9 (Room 121),ADST 9 - General Explorations (Modules) (Room 105),SCIENCE 9 (Room 226)
1765,ENGLISH LANGUAGE ARTS 9 (Room A-6),MATHEMATICS 9 (Room 210),PHYSICAL AND HEALTH EDUCATION 9 (Room Gym),TECH ED 9: MECHANICS LD (Room 103),ADST - Drafting 9 (Room 105),SOCIAL STUDIES 9 (Room 123),Information and Communications Technologies 10 (Room 114),SCIENCE 9 (Room 226)
1766,ADST 9 - General Explorations (Modules) (Room 105),ADST - Drafting 9 (Room 105),PHYSICAL AND HEALTH EDUCATION 9 (Room Gym),VISUAL ARTS 9 (Room 116),SOCIAL STUDIES 9 CHALLENGE (Room 209),ENGLISH LANGUAGE ARTS 9 CHALLENGE (Room A-6),Information and Communications Technologies 10 (Room 114),SCIENCE 9: CHALLENGE (Room 211)
1767,unassigned,MATHEMATICS 9 (Room 210),ADST 9 - General Explorations (Modules) (Room 104),ENGLISH LANGUAGE ARTS 9 (Room 107),SPANISH 9 (Room 205A),PHYSICAL AND HEALTH EDUCATION 9 Boys (Room Gym),SOCIAL STUDIES 9 (Room 122),SCIENCE 9 (Room 219)
1768,ENGLISH LANGUAGE ARTS 9 (Room A-6),MATHEMATICS 9 (Room 210),unassigned,DANCE 9 HIP HOP (Room Studio),VISUAL ARTS 9 (Room 116),SOCIAL STUDIES 9 (Room 121),PHYSICAL AND HEALTH EDUCATION 9 Girls (Room Gym),SCIENCE 9 (Room 219)
1769,CONCERT BAND 9 Linear (Room 119),ADST - Drafting 9 (Room 105),ENGLISH LANGUAGE ARTS 9 (Room A-3),SCIENCE 9 (Room 211),MATHEMATICS 9 (Room 210),SOCIAL STUDIES 9 (Room 107),Information and Communications Technologies 10 (Room 114),CONCERT BAND 9 Linear (Room 119)
1770,CONCERT BAND 9 Linear (Room 119),SCIENCE 9: CHALLENGE (Room 226),DANCE 9 Foundations (Room Studio),ADST - Electronics and Robotics (Room 104),SOCIAL STUDIES 9 CHALLENGE (Room 209),ENGLISH LANGUAGE ARTS 9 CHALLENGE (Room A-6),FRENCH 9 (Room A-2),CONCERT BAND 9 Linear (Room 119)
1771,CONCERT BAND 9 Linear (Room 119),SCIENCE 9: CHALLENGE (Room 226),SOCIAL STUDIES 9 CHALLENGE (Room 121),ADST - Electronics and Robotics (Room 104),ADST – ENTREPRENEURSHIP AND MARKETING 10 (Room 208),ENGLISH LANGUAGE ARTS 9 CHALLENGE (Room A-6),CONCERT BAND 9 - Guitar (Room 119),CONCERT BAND 9 Linear (Room 119)
1772,PHYSICAL AND HEALTH EDUCATION 9 Linear (Room Gym),SCIENCE 9: CHALLENGE (Room 226),SOCIAL STUDIES 9 CHALLENGE (Room 121),TECH ED 9: MECHANICS LD (Room 103),PHYSICAL AND HEALTH EDUCATION 9 Linear (Room Gym),ENGLISH LANGUAGE ARTS 9 CHALLENGE (Room A-6),CONCERT BAND 9 - Guitar (Room 119),MATHEMATICS 9 CHALLENGE (Room 212)
1773,CONCERT BAND 9 Linear (Room 119),SCIENCE 9 (Room 227),MATHEMATICS 9 HONOURS (Room 106),ENGLISH LANGUAGE ARTS 9 (Room 107),SPANISH 9 (Room 205A),SOCIAL STUDIES 9 (Room 121),FRENCH 11 (Room 107),CONCERT BAND 9 Linear (Room 119)
1774,CONCERT BAND 9 Linear (Room 119),SCIENCE 9: CHALLENGE (Room 226),VISUAL ARTS 9 (Room 116),ENGLISH LANGUAGE ARTS 9 CHALLENGE (Room 205A),SOCIAL STUDIES 9 CHALLENGE (Room 209),FRENCH 9 (Room 207B),SPANISH 9 (Room 207B),CONCERT BAND 9 Linear (Room 119)
1775,ENGLISH LANGUAGE ARTS 9 (Room A-6),ADST - Drafting 9 (Room 105),VISUAL ARTS 9 (Room 116),SCIENCE 9 (Room 211),MATHEMATICS 9 (Room 210),SOCIAL STUDIES 9 (Room 121),Information and Communications Technologies 10 (Room 114),PHYSICAL AND HEALTH EDUCATION 9 Boys (Room Gym)
1776,Information and Communications Technologies 10 (Room 114),SCIENCE 9: CHALLENGE (Room 226),SOCIAL STUDIES 9 CHALLENGE (Room 121),ENGLISH LANGUAGE ARTS 9 CHALLENGE (Room 205A),VISUAL ARTS 9 (Room 116),PHYSICAL AND HEALTH EDUCATION 9 (Room Gym),SPANISH 9 (Room 207B),ADST – ENTREPRENEURSHIP AND MARKETING 10 (Room 208)
1777,CONCERT BAND 9 Linear (Room 119),SCIENCE 9: CHALLENGE (Room 226),SOCIAL STUDIES 9 CHALLENGE (Room 121),DANCE 9 HIP HOP (Room Studio),VISUAL ARTS 9 (Room 116),ENGLISH LANGUAGE ARTS 9 CHALLENGE (Room A-6),SPANISH 9 (Room 207B),CONCERT BAND 9 Linear (Room 119)
1778,ADST - Textiles 9 (Room A-7),MATHEMATICS 9 (Room 210),ENGLISH LANGUAGE ARTS 9 (Room A-3),VISUAL ARTS 9 (Room 116),SPANISH 9 (Room 205A),SOCIAL STUDIES 9 (Room 121),PHYSICAL AND HEALTH EDUCATION 9 Girls (Room Gym),LEARNING STRATEGIES 9 LD (Room 108)
1779,ADST 9 - General Explorations (Modules) (Room 105),ADST - Drafting 9 (Room 105),SOCIAL STUDIES 9 CHALLENGE (Room 121),ENGLISH LANGUAGE ARTS 9 CHALLENGE (Room 205A),ADST – ENTREPRENEURSHIP AND MARKETING 10 (Room 208),PHYSICAL AND HEALTH EDUCATION 9 (Room Gym),Information and Communications Technologies 10 (Room 203),SCIENCE 9: CHALLENGE (Room 211)
1780,PHYSICAL AND HEALTH EDUCATION 9 Linear (Room Gym),ADST - Drafting 9 (Room 105),SOCIAL STUDIES 9 CHALLENGE (Room 121),ADST - Electronics and Robotics (Room 104),PHYSICAL AND HEALTH EDUCATION 9 Linear (Room Gym),ENGLISH LANGUAGE ARTS 9 CHALLENGE (Room A-6),ADST 9 - General Explorations (Modules) (Room 105),MATHEMATICS 9 CHALLENGE (Room 212)
1781,ADST - Textiles 9 (Room A-7),MATHEMATICS 9 (Room 210),VISUAL ARTS 9 (Room 116),ENGLISH LANGUAGE ARTS 9 (Room A-2),PHYSICAL AND HEALTH EDUCATION 9 Boys (Room Gym),SOCIAL STUDIES 9 (Room 121),CONCERT BAND 9 - Guitar (Room 119),SCIENCE 9 (Room 226)
1782,CONCERT BAND 9 Linear (Room 119),unassigned,SOCIAL STUDIES 9 CHALLENGE (Room 121),ADST - Electronics and Robotics (Room 104),PHYSICAL AND HEALTH EDUCATION 9 Linear (Room Gym),ENGLISH LANGUAGE ARTS 9 CHALLENGE (Room A-6),ADST 9 - General Explorations (Modules) (Room 105),CONCERT BAND 9 Linear (Room 119)
1783,FRENCH 11 (Room A-3),SCIENCE 9 (Room 227),MATHEMATICS 9 HONOURS (Room 106),ENGLISH LANGUAGE ARTS 9 (Room 107),unassigned,unassigned,SOCIAL STUDIES 9 (Room 205B),ADST – ENTREPRENEURSHIP AND MARKETING 10 (Room 208)
1784,CONCERT BAND 9 Linear (Room 119),SCIENCE 9: CHALLENGE (Room 226),ADST - Drafting 9 (Room 105),ENGLISH LANGUAGE ARTS 9 CHALLENGE (Room 205A),SOCIAL STUDIES 9 CHALLENGE (Room 209),ADST - Textiles 9 (Room A-7),ADST 9 - General Explorations (Modules) (Room 105),CONCERT BAND 9 Linear (Room 119)
1785,Information and Communications Technologies 10 (Room 114),SCIENCE 9 (Room 227),MATHEMATICS 9 HONOURS (Room 106),SOCIAL STUDIES 9 (Room 121),ADST - Drafting 9 (Room 105),FRENCH 9 (Room 207B),PHYSICAL AND HEALTH EDUCATION 9 Girls (Room Gym),ENGLISH LANGUAGE ARTS 9 (Room 205B)
1786,Information and Communications Technologies 10 (Room 114),SCIENCE 9 (Room 227),MATHEMATICS 9 HONOURS (Room 106),ADST - Drafting 9 (Room 105),ADST - Electronics and Robotics (Room 104),PHYSICAL AND HEALTH EDUCATION 9 Boys (Room Gym),SOCIAL STUDIES 9 (Room 122),ENGLISH LANGUAGE ARTS 9 (Room 205B)
1787,PHYSICAL AND HEALTH EDUCATION 9 Linear (Room Gym),MATHEMATICS 9 (Room 210),VISUAL ARTS 9 (Room 116),ENGLISH LANGUAGE ARTS 9 (Room 222),PHYSICAL AND HEALTH EDUCATION 9 Linear (Room Gym),SOCIAL STUDIES 9 (Room 121),ADST 9 - General Explorations (Modules) (Room 105),SCIENCE 9 (Room 226)
1788,ENGLISH LANGUAGE ARTS 9 (Room A-6),MATHEMATICS 9 (Room 106),PHYSICAL AND HEALTH EDUCATION 9 Girls (Room Gym),SOCIAL STUDIES 9 (Room 121),SCIENCE 9 (Room 211),ADST - Textiles 9 (Room A-7),SPANISH 9 (Room 207B),ADST – ENTREPRENEURSHIP AND MARKETING 10 (Room 208)
1789,FRENCH 9 (Room 208),MATHEMATICS 9 (Room 210),ENGLISH LANGUAGE ARTS 9 (Room A-3),CROSS TRAINING 10 (Room 120),VISUAL ARTS 9 (Room 116),SOCIAL STUDIES 9 (Room 121),ADST - Woodwork 9 (Room 101),SCIENCE 9 (Room 226)
1790,unassigned,MATHEMATICS 9 (Room 210),PHYSICAL AND HEALTH EDUCATION 9 Girls (Room Gym),ENGLISH LANGUAGE ARTS 9 (Room 222),ADST - Textiles 9 (Room A-7),SOCIAL STUDIES 9 (Room 121),FRENCH 9 (Room A-2),SCIENCE 9 (Room 226)
1791,FRENCH 9 (Room 208),ADST 9 - General Explorations (Modules) (Room 104),PHYSICAL AND HEALTH EDUCATION 9 (Room Gym),ADST - Electronics and Robotics (Room 104),SOCIAL STUDIES 9 CHALLENGE (Room 209),ENGLISH LANGUAGE ARTS 9 CHALLENGE (Room A-6),Information and Communications Technologies 10 (Room 203),MATHEMATICS 9 CHALLENGE (Room 212)
1792,FRENCH 11 (Room A-3),ADST - Drafting 9 (Room 105),MATHEMATICS 9 HONOURS (Room 106),ENGLISH LANGUAGE ARTS 9 (Room 107),PHYSICAL AND HEALTH EDUCATION 9 Boys (Room Gym),SOCIAL STUDIES 9 (Room 123),Information and Communications Technologies 10 (Room 203),SCIENCE 9 (Room 226)
1793,PHYSICAL AND HEALTH EDUCATION 9 Linear (Room Gym),MATHEMATICS 9 (Room 210),TECH ED 9: MECHANICS LD (Room 103),ENGLISH LANGUAGE ARTS 9 (Room 107),PHYSICAL AND HEALTH EDUCATION 9 Linear (Room Gym),SOCIAL STUDIES 9 (Room 121),unassigned,SCIENCE 9 (Room 219)
1794,LEARNING STRATEGIES 9 LD (Room 109),ADST - Drafting 9 (Room 105),VISUAL ARTS 9 (Room 116),ENGLISH LANGUAGE ARTS 9 CHALLENGE (Room 205A),SOCIAL STUDIES 9 CHALLENGE (Room 209),ADST - Textiles 9 (Room A-7),PHYSICAL AND HEALTH EDUCATION 9 Girls (Room Gym),SCIENCE 9: CHALLENGE (Room 211)
1795,FRENCH 11 (Room A-3),SCIENCE 9: CHALLENGE (Room 226),PHYSICAL AND HEALTH EDUCATION 9 (Room Gym),ENGLISH LANGUAGE ARTS 9 CHALLENGE (Room 205A),SOCIAL STUDIES 9 CHALLENGE (Room 209),ADST 9 - General Explorations (Modules) (Room 105),Information and Communications Technologies 10 (Room 203),MATHEMATICS 9 CHALLENGE (Room 212)
1796,MATHEMATICS 9 (Room 220),unassigned,PHYSICAL AND HEALTH EDUCATION 9 (Room Gym),ENGLISH LANGUAGE ARTS 9 (Room 222),ADST - Drafting 9 (Room 105),SOCIAL STUDIES 9 (Room 107),ADST 9 - General Explorations (Modules) (Room 105),SCIENCE 9 (Room 226)
1797,CONCERT BAND 9 Linear (Room 119),SCIENCE 9 (Room 227),MATHEMATICS 9 HONOURS (Room 106),ENGLISH LANGUAGE ARTS 9 (Room 107),ADST - Drafting 9 (Room 105),SOCIAL STUDIES 9 (Room 121),CONCERT BAND 9 - Guitar (Room 119),CONCERT BAND 9 Linear (Room 119)
1798,ADST 9 - General Explorations (Modules) (Room 105),unassigned,PHYSICAL AND HEALTH EDUCATION 9 (Room Gym),ADST - Drafting 9 (Room 105),SOCIAL STUDIES 9 CHALLENGE (Room 209),ENGLISH LANGUAGE ARTS 9 CHALLENGE (Room A-6),Information and Communications Technologies 10 (Room 114),SCIENCE 9: CHALLENGE (Room 211)
1799,FRENCH 9 (Room 208),SCIENCE 9: CHALLENGE (Room 226),SOCIAL STUDIES 9 CHALLENGE (Room 121),TECH ED 9: MECHANICS LD (Room 103),PHYSICAL AND HEALTH EDUCATION 9 Boys (Room Gym),ENGLISH LANGUAGE ARTS 9 CHALLENGE (Room A-6),ADST 9 - General Explorations (Modules) (Room 105),MATHEMATICS 9 CHALLENGE (Room 212)
1800,MATHEMATICS 9 (Room 220),DRAMA 9 (Room A-1),ENGLISH LANGUAGE ARTS 9 (Room A-3),SCIENCE 9 (Room 211),PHYSICAL AND HEALTH EDUCATION 9 Boys (Room Gym),SOCIAL STUDIES 9 (Room 121),SPANISH 9 (Room 207B),ADST - Woodwork 9 (Room 101)
1801,ENGLISH LANGUAGE ARTS 9 (Room A-6),MATHEMATICS 9 (Room 210),PHYSICAL AND HEALTH EDUCATION 9 Girls (Room Gym),SOCIAL STUDIES 9 (Room 121),SPANISH 9 (Room 205A),unassigned,CONCERT BAND 9 - Guitar (Room 119),SCIENCE 9 (Room 226)
1802,CONCERT BAND 9 Linear (Room 119),SCIENCE 9 (Room 227),VISUAL ARTS 9 (Room 116),ENGLISH LANGUAGE ARTS 9 (Room 222),MATHEMATICS 9 (Room 210),FRENCH 9 (Room 207B),SOCIAL STUDIES 9 (Room 122),CONCERT BAND 9 Linear (Room 119)
1803,LEARNING STRATEGIES 9 LD (Room 108),PHYSICAL AND HEALTH EDUCATION 9 Yoga for Mindfulns (Room Gym),DANCE 9 Foundations (Room Studio),ADST - Electronics and Robotics (Room 104),SCIENCE 9 (Room 211),SOCIAL STUDIES 9 (Room 107),PHYSICAL AND HEALTH EDUCATION 9 Girls (Room Gym),ENGLISH LANGUAGE ARTS 9 (Room 205B)
1804,ENGLISH LANGUAGE ARTS 9 (Room A-6),MATHEMATICS 9 (Room 210),DANCE 9 Foundations (Room Studio),DANCE 9 HIP HOP (Room Studio),VISUAL ARTS 9 (Room 116),PHYSICAL AND HEALTH EDUCATION 9 (Room Gym),SOCIAL STUDIES 9 (Room 122),SCIENCE 9 (Room 216)
1805,LEARNING STRATEGIES 9 LD (Room 108),unassigned,ENGLISH LANGUAGE ARTS 9 (Room A-3),DANCE 9 HIP HOP (Room Studio),ADST - Drafting 9 (Room 105),SOCIAL STUDIES 9 (Room 107),PHYSICAL AND HEALTH EDUCATION 9 Girls (Room Gym),SCIENCE 9 (Room 226)
1806,LEARNING STRATEGIES 9 LD (Room 109),unassigned,unassigned,ENGLISH LANGUAGE ARTS 9 (Room 107),SCIENCE 9 (Room 211),SOCIAL STUDIES 9 (Room 222),Information and Communications Technologies 10 (Room 203),PHYSICAL AND HEALTH EDUCATION 9 Boys (Room Gym)
1807,FRENCH 11 (Room A-3),ADST - Drafting 9 (Room 105),ENGLISH LANGUAGE ARTS 9 (Room A-3),VISUAL ARTS 9 (Room 116),MATHEMATICS 9 (Room 210),SOCIAL STUDIES 9 (Room 123),Information and Communications Technologies 10 (Room 203),SCIENCE 9 (Room 216)
1808,CONCERT BAND 9 Linear (Room 119),SCIENCE 9: CHALLENGE (Room 226),SOCIAL STUDIES 9 CHALLENGE (Room 121),ADST - Electronics and Robotics (Room 104),ADST – ENTREPRENEURSHIP AND MARKETING 10 (Room 208),ENGLISH LANGUAGE ARTS 9 CHALLENGE (Room A-6),Information and Communications Technologies 10 (Room 203),CONCERT BAND 9 Linear (Room 119)
1809,CONCERT BAND 9 Linear (Room 119),SCIENCE 9 (Room 227),ENGLISH LANGUAGE ARTS 9 (Room A-3),DANCE 9 HIP HOP (Room Studio),ADST – ENTREPRENEURSHIP AND MARKETING 10 (Room 208),SOCIAL STUDIES 9 (Room 222),FRENCH 11 (Room 107),CONCERT BAND 9 Linear (Room 119)
1810,MATHEMATICS 9 (Room 220),ADST - Drafting 9 (Room 105),PHYSICAL AND HEALTH EDUCATION 9 Girls (Room Gym),SOCIAL STUDIES 9 (Room 121),SCIENCE 9 (Room 211),ADST 9 - General Explorations (Modules) (Room 105),FRENCH 9 (Room A-2),ENGLISH LANGUAGE ARTS 9 (Room 205B)
1811,ADST 9 - General Explorations (Modules) (Room 105),MATHEMATICS 9 (Room 106),PHYSICAL AND HEALTH EDUCATION 9 Girls (Room Gym),ENGLISH LANGUAGE ARTS 9 (Room 107),ADST – ENTREPRENEURSHIP AND MARKETING 10 (Room 208),SOCIAL STUDIES 9 (Room 121),FRENCH 11 (Room 107),ADST - Woodwork 9 (Room 101)
1812,MATHEMATICS 9 (Room 220),SCIENCE 9 (Room 227),ENGLISH 9 FOR ELL (Room 107),SOCIAL STUDIES 9 (Room 121),ADST – ENTREPRENEURSHIP AND MARKETING 10 (Room 208),PHYSICAL AND HEALTH EDUCATION 9 Boys (Room Gym),Information and Communications Technologies 10 (Room 203),ADST - Woodwork 9 (Room 101)
1813,Information and Communications Technologies 10 (Room 114),ADST - Drafting 9 (Room 105),MATHEMATICS 9 HONOURS (Room 106),ENGLISH LANGUAGE ARTS 9 (Room 222),PHYSICAL AND HEALTH EDUCATION 9 Boys (Room Gym),SOCIAL STUDIES 9 (Room 121),FRENCH 11 (Room 107),SCIENCE 9 (Room 219)
1814,ADST 9 - General Explorations (Modules) (Room 105),SCIENCE 9: CHALLENGE (Room 226),PHYSICAL AND HEALTH EDUCATION 9 (Room Gym),ADST - Drafting 9 (Room 105),SOCIAL STUDIES 9 CHALLENGE (Room 209),ENGLISH LANGUAGE ARTS 9 CHALLENGE (Room A-6),Information and Communications Technologies 10 (Room 203),MATHEMATICS 9 CHALLENGE (Room 212)
1815,MATHEMATICS 9 (Room 220),ADST 9 - General Explorations (Modules) (Room 104),PHYSICAL AND HEALTH EDUCATION 9 Girls (Room Gym),ENGLISH LANGUAGE ARTS 9 (Room A-2),VISUAL ARTS 9 (Room 116),SOCIAL STUDIES 9 (Room 121),SPANISH 9 (Room 207B),SCIENCE 9 (Room 216)
1816,ADST - Textiles 9 (Room A-7),unassigned,PHYSICAL AND HEALTH EDUCATION 9 Girls (Room Gym),SCIENCE 9 (Room 211),VISUAL ARTS 9 (Room 116),SOCIAL STUDIES 9 (Room 123),ADST - Woodwork 9 (Room 101),ENGLISH LANGUAGE ARTS 9 (Room 205B)
1817,ADST 9 - General Explorations (Modules) (Room 105),MATHEMATICS 9 (Room 210),ENGLISH LANGUAGE ARTS 9 (Room A-3),CROSS TRAINING 10 (Room 120),SCIENCE 9 (Room 211),SOCIAL STUDIES 9 (Room 121),SPANISH 9 (Room 207B),PHYSICAL AND HEALTH EDUCATION 9 Football (Room Gym)
1818,ADST - Textiles 9 (Room A-7),DRAMA 9 (Room A-1),VISUAL ARTS 9 (Room 116),SOCIAL STUDIES 9 (Room 121),SCIENCE 9 (Room 211),FRENCH 9 (Room 207B),PHYSICAL AND HEALTH EDUCATION 9 Girls (Room Gym),ENGLISH LANGUAGE ARTS 9 (Room 205B)
1819,ADST 9 - General Explorations (Modules) (Room 105),MATHEMATICS 9 (Room 210),ENGLISH LANGUAGE ARTS 9 (Room A-3),CROSS TRAINING 10 (Room 120),SCIENCE 9 (Room 211),FRENCH 9 (Room 207B),SOCIAL STUDIES 9 (Room 205B),PHYSICAL AND HEALTH EDUCATION 9 Football (Room Gym)
1820,FRENCH 9 (Room 208),MATHEMATICS 9 (Room 210),ADST - Drafting 9 (Room 105),ENGLISH LANGUAGE ARTS 9 (Room A-2),PHYSICAL AND HEALTH EDUCATION 9 Boys (Room Gym),ADST 9 - General Explorations (Modules) (Room 105),SOCIAL STUDIES 9 (Room 205B),SCIENCE 9 (Room 226)
1821,LEARNING STRATEGIES 9 LD (Room 109),MATHEMATICS 9 (Room 210),ENGLISH LANGUAGE ARTS 9 (Room A-3),ADST - Electronics and Robotics (Room 104),PHYSICAL AND HEALTH EDUCATION 9 Boys (Room Gym),SOCIAL STUDIES 9 (Room 121),ADST - Woodwork 9 (Room 101),SCIENCE 9 (Room 226)
1822,MATHEMATICS 9 (Room 220),ADST - Drafting 9 (Room 105),TECH ED 9: MECHANICS LD (Room 103),ENGLISH LANGUAGE ARTS 9 (Room A-2),SCIENCE 9 (Room 211),FRENCH 9 (Room 207B),SOCIAL STUDIES 9 (Room 205B),PHYSICAL AND HEALTH EDUCATION 9 Boys (Room Gym)
1823,CONCERT BAND 9 Linear (Room 119),SCIENCE 9 (Room 227),ENGLISH LANGUAGE ARTS 9 (Room A-3),SOCIAL STUDIES 9 (Room 121),MATHEMATICS 9 (Room 210),ADST - Textiles 9 (Room A-7),SPANISH 9 (Room 207B),CONCERT BAND 9 Linear (Room 119)
1824,PHYSICAL AND HEALTH EDUCATION 9 Linear (Room Gym),MATHEMATICS 9 (Room 106),VISUAL ARTS 9 (Room 116),SCIENCE 9 (Room 211),PHYSICAL AND HEALTH EDUCATION 9 Linear (Room Gym),SOCIAL STUDIES 9 (Room 107),CONCERT BAND 9 - Guitar (Room 119),ENGLISH LANGUAGE ARTS 9 (Room 205B)
1825,MATHEMATICS 9 (Room 220),LEARNING STRATEGIES 9 LD LINEAR (Room 109),unassigned,ENGLISH LANGUAGE ARTS 9 (Room 107),ADST – ENTREPRENEURSHIP AND MARKETING 10 (Room 208),SOCIAL STUDIES 9 (Room 123),FRENCH 11 (Room 107),LEARNING STRATEGIES 9 LD LINEAR (Room 109)
1826,FRENCH 9 (Room 208),ADST 9 - General Explorations (Modules) (Room 104),SOCIAL STUDIES 9 CHALLENGE (Room 121),TECH ED 9: MECHANICS LD (Room 103),ADST - Electronics and Robotics (Room 104),ENGLISH LANGUAGE ARTS 9 CHALLENGE (Room A-6),PHYSICAL AND HEALTH EDUCATION 9 Girls (Room Gym),MATHEMATICS 9 CHALLENGE (Room 212)
1827,ENGLISH LANGUAGE ARTS 9 (Room A-6),DRAMA 9 (Room A-1),VISUAL ARTS 9 (Room 116),SCIENCE 9 (Room 211),MATHEMATICS 9 (Room 210),ADST - Textiles 9 (Room A-7),SOCIAL STUDIES 9 (Room 122),ADST – ENTREPRENEURSHIP AND MARKETING 10 (Room 208)
1828,CONCERT BAND 9 Linear (Room 119),SCIENCE 9: CHALLENGE (Room 226),SOCIAL STUDIES 9 CHALLENGE (Room 121),VISUAL ARTS 9 (Room 116),ADST – ENTREPRENEURSHIP AND MARKETING 10 (Room 208),ENGLISH LANGUAGE ARTS 9 CHALLENGE (Room A-6),SPANISH 9 (Room 207B),CONCERT BAND 9 Linear (Room 119)
1829,MATHEMATICS 9 (Room 220),ADST - Drafting 9 (Room 105),PHYSICAL AND HEALTH EDUCATION 9 (Room Gym),ENGLISH LANGUAGE ARTS 9 (Room 107),ADST - Textiles 9 (Room A-7),SOCIAL STUDIES 9 (Room 123),ADST - Woodwork 9 (Room 101),SCIENCE 9 (Room 226)
1830,MATHEMATICS 9 (Room 220),DRAMA 9 (Room A-1),VISUAL ARTS 9 (Room 116),SCIENCE 9 (Room 211),ADST – ENTREPRENEURSHIP AND MARKETING 10 (Room 208),ADST - Textiles 9 (Room A-7),PHYSICAL AND HEALTH EDUCATION 9 Girls (Room Gym),ENGLISH LANGUAGE ARTS 9 (Room 205B)
1831,ADST 9 - General Explorations (Modules) (Room 105),MATHEMATICS 9 (Room 210),TECH ED 9: MECHANICS LD (Room 103),ENGLISH LANGUAGE ARTS 9 (Room 222),ADST – ENTREPRENEURSHIP AND MARKETING 10 (Room 208),SOCIAL STUDIES 9 (Room 121),SPANISH 9 (Room 207B),PHYSICAL AND HEALTH EDUCATION 9 Boys (Room Gym)
1832,ENGLISH LANGUAGE ARTS 9 (Room A-6),MATHEMATICS 9 (Room 210),Information and Communications Technologies 10 (Room 114),ADST - Electronics and Robotics (Room 104),ADST - Drafting 9 (Room 105),PHYSICAL AND HEALTH EDUCATION 9 Boys (Room Gym),SOCIAL STUDIES 9 (Room 122),SCIENCE 9 (Room 216)
1833,ADST 9 - General Explorations (Modules) (Room 105),SCIENCE 9: CHALLENGE (Room 226),Information and Communications Technologies 10 (Room 114),ENGLISH LANGUAGE ARTS 9 CHALLENGE (Room 205A),SOCIAL STUDIES 9 CHALLENGE (Room 209),PHYSICAL AND HEALTH EDUCATION 9 (Room Gym),FRENCH 11 (Room 107),ADST – ENTREPRENEURSHIP AND MARKETING 10 (Room 208)
1834,ENGLISH LANGUAGE ARTS 9 (Room A-6),MATHEMATICS 9 (Room 210),PHYSICAL AND HEALTH EDUCATION 9 Girls (Room Gym),DANCE 9 HIP HOP (Room Studio),SPANISH 9 (Room 205A),SOCIAL STUDIES 9 (Room 123),FRENCH 9 (Room A-2),SCIENCE 9 (Room 226)
1835,CONCERT BAND 9 Linear (Room 119),SCIENCE 9 (Room 227),MATHEMATICS 9 HONOURS (Room 106),ENGLISH LANGUAGE ARTS 9 (Room 222),VISUAL ARTS 9 (Room 116),FRENCH 9 (Room 207B),SOCIAL STUDIES 9 (Room 205B),CONCERT BAND 9 Linear (Room 119)
1836,MATHEMATICS 9 (Room 220),SCIENCE 9 (Room 227),PHYSICAL AND HEALTH EDUCATION 9 Girls (Room Gym),DANCE 9 HIP HOP (Room Studio),SPANISH 9 (Room 205A),SOCIAL STUDIES 9 (Room 123),Information and Communications Technologies 10 (Room 203),ENGLISH LANGUAGE ARTS 9 (Room 205B)
1837,FRENCH 9 (Room 208),PHYSICAL AND HEALTH EDUCATION 9 Yoga for Mindfulns (Room Gym),ENGLISH LANGUAGE ARTS 9 (Room A-3),DANCE 9 HIP HOP (Room Studio),MATHEMATICS 9 (Room 210),SOCIAL STUDIES 9 (Room 107),PHYSICAL AND HEALTH EDUCATION 9 Girls (Room Gym),SCIENCE 9 (Room 219)
1838,ADST 9 - General Explorations (Modules) (Room 105),ADST - Drafting 9 (Room 105),SOCIAL STUDIES 9 CHALLENGE (Room 121),TECH ED 9: MECHANICS LD (Room 103),PHYSICAL AND HEALTH EDUCATION 9 Boys (Room Gym),ENGLISH LANGUAGE ARTS 9 CHALLENGE (Room A-6),SPANISH 9 (Room 207B),SCIENCE 9: CHALLENGE (Room 211)
1839,FRENCH 9 (Room 208),ADST 9 - General Explorations (Modules) (Room 104),PHYSICAL AND HEALTH EDUCATION 9 Girls (Room Gym),SCIENCE 9 (Room 211),VISUAL ARTS 9 (Room 116),SOCIAL STUDIES 9 (Room 121),CONCERT BAND 9 - Guitar (Room 119),ENGLISH LANGUAGE ARTS 9 (Room 205B)
1840,ENGLISH LANGUAGE ARTS 9 (Room A-6),ADST 9 - General Explorations (Modules) (Room 104),MATHEMATICS 9 HONOURS (Room 106),SOCIAL STUDIES 9 (Room 121),ADST - Drafting 9 (Room 105),PHYSICAL AND HEALTH EDUCATION 9 (Room Gym),CONCERT BAND 9 - Guitar (Room 119),SCIENCE 9 (Room 226)
1841,ENGLISH LANGUAGE ARTS 9 (Room A-6),SCIENCE 9 (Room 227),MATHEMATICS 9 HONOURS (Room 106),SOCIAL STUDIES 9 (Room 121),SPANISH 9 (Room 205A),FRENCH 9 (Room 207B),CONCERT BAND 9 - Guitar (Room 119),PHYSICAL AND HEALTH EDUCATION 9 Boys (Room Gym)
1842,Information and Communications Technologies 10 (Room 114),MATHEMATICS 9 (Room 106),ENGLISH 9 FOR ELL (Room 107),SCIENCE 9 (Room 211),VISUAL ARTS 9 (Room 116),SOCIAL STUDIES 9 (Room 123),ADST 9 - General Explorations (Modules) (Room 105),PHYSICAL AND HEALTH EDUCATION 9 Boys (Room Gym)
1843,MATHEMATICS 9 (Room 220),DANCE 9 Performance and Technique (Room Studio),PHYSICAL AND HEALTH EDUCATION 9 Girls (Room Gym),ENGLISH LANGUAGE ARTS 9 (Room 222),VISUAL ARTS 9 (Room 116),SOCIAL STUDIES 9 (Room 123),FRENCH 9 (Room A-2),SCIENCE 9 (Room 219)
1844,FRENCH 9 (Room 208),MATHEMATICS 9 (Room 106),DANCE 9 Foundations (Room Studio),ENGLISH LANGUAGE ARTS 9 (Room 222),SCIENCE 9 (Room 211),SOCIAL STUDIES 9 (Room 107),PHYSICAL AND HEALTH EDUCATION 9 Girls (Room Gym),ADST – ENTREPRENEURSHIP AND MARKETING 10 (Room 208)
1845,Information and Communications Technologies 10 (Room 114),DANCE 9 Performance and Technique (Room Studio),VISUAL ARTS 9 (Room 116),ENGLISH LANGUAGE ARTS 9 CHALLENGE (Room 205A),SOCIAL STUDIES 9 CHALLENGE (Room 209),PHYSICAL AND HEALTH EDUCATION 9 (Room Gym),FRENCH 9 (Room A-2),SCIENCE 9: CHALLENGE (Room 211)
1846,Information and Communications Technologies 10 (Room 114),ADST 9 - General Explorations (Modules) (Room 104),DANCE 9 Foundations (Room Studio),ENGLISH LANGUAGE ARTS 9 (Room 107),MATHEMATICS 9 (Room 210),SOCIAL STUDIES 9 (Room 121),PHYSICAL AND HEALTH EDUCATION 9 Girls (Room Gym),SCIENCE 9 (Room 226)
1847,ADST 9 - General Explorations (Modules) (Room 105),ADST - Drafting 9 (Room 105),PHYSICAL AND HEALTH EDUCATION 9 (Room Gym),ADST - Electronics and Robotics (Room 104),SOCIAL STUDIES 9 CHALLENGE (Room 209),ENGLISH LANGUAGE ARTS 9 CHALLENGE (Room A-6),Information and Communications Technologies 10 (Room 203),SCIENCE 9: CHALLENGE (Room 211)
1848,unassigned,PHYSICAL AND HEALTH EDUCATION 9 Yoga for Mindfulns (Room Gym),PHYSICAL AND HEALTH EDUCATION 9 Girls (Room Gym),ENGLISH LANGUAGE ARTS 9 (Room 222),MATHEMATICS 9 (Room 210),unassigned,unassigned,unassigned
1849,ADST - Textiles 9 (Room A-7),MATHEMATICS 9 (Room 106),PHYSICAL AND HEALTH EDUCATION 9 (Room Gym),SCIENCE 9 (Room 211),ADST – ENTREPRENEURSHIP AND MARKETING 10 (Room 208),FRENCH 9 (Room 207B),SOCIAL STUDIES 9 (Room 122),ENGLISH LANGUAGE ARTS 9 (Room 205B)
1850,ADST - Textiles 9 (Room A-7),ADST - Drafting 9 (Room 105),MATHEMATICS 9 HONOURS (Room 106),ENGLISH LANGUAGE ARTS 9 (Room 107),VISUAL ARTS 9 (Room 116),SOCIAL STUDIES 9 (Room 107),PHYSICAL AND HEALTH EDUCATION 9 Girls (Room Gym),SCIENCE 9 (Room 216)
1851,CONCERT BAND 9 Linear (Room 119),unassigned,Information and Communications Technologies 10 (Room 114),ENGLISH LANGUAGE ARTS 9 (Room 222),SCIENCE 9 (Room 211),unassigned,SOCIAL STUDIES 9 (Room 122),CONCERT BAND 9 Linear (Room 119)
1852,FRENCH 9 (Room 208),unassigned,ENGLISH 9 FOR ELL (Room 107),SCIENCE 9 (Room 211),ADST - Drafting 9 (Room 105),SOCIAL STUDIES 9 (Room 107),PHYSICAL AND HEALTH EDUCATION 9 Girls (Room Gym),ADST - Woodwork 9 (Room 101)
1853,FRENCH 9 (Room 208),MATHEMATICS 9 (Room 210),PHYSICAL AND HEALTH EDUCATION 9 Girls (Room Gym),ENGLISH LANGUAGE ARTS 9 (Room 222),ADST - Textiles 9 (Room A-7),SOCIAL STUDIES 9 (Room 107),SPANISH 9 (Room 207B),SCIENCE 9 (Room 216)
1854,LEARNING STRATEGIES 9 LD (Room 109),DANCE 9 Performance and Technique (Room Studio),PHYSICAL AND HEALTH EDUCATION 9 Girls (Room Gym),unassigned,VISUAL ARTS 9 (Room 116),SOCIAL STUDIES 9 (Room 222),CONCERT BAND 9 - Guitar (Room 119),SCIENCE 9 (Room 216)
1855,unassigned,unassigned,SOCIAL STUDIES 9 CHALLENGE (Room 121),ENGLISH LANGUAGE ARTS 9 CHALLENGE (Room 205A),ADST – ENTREPRENEURSHIP AND MARKETING 10 (Room 208),PHYSICAL AND HEALTH EDUCATION 9 (Room Gym),ADST 9 - General Explorations (Modules) (Room 105),SCIENCE 9: CHALLENGE (Room 211)
1856,FRENCH 11 (Room A-3),ADST 9 - General Explorations (Modules) (Room 104),PHYSICAL AND HEALTH EDUCATION 9 (Room Gym),ADST - Electronics and Robotics (Room 104),SOCIAL STUDIES 9 CHALLENGE (Room 209),ENGLISH LANGUAGE ARTS 9 CHALLENGE (Room A-6),Information and Communications Technologies 10 (Room 114),LEARNING STRATEGIES 9 LD (Room 108)
1857,unassigned,SCIENCE 9: CHALLENGE (Room 226),SOCIAL STUDIES 9 CHALLENGE (Room 121),DANCE 9 HIP HOP (Room Studio),PHYSICAL AND HEALTH EDUCATION 9 Boys (Room Gym),ENGLISH LANGUAGE ARTS 9 CHALLENGE (Room A-6),FRENCH 9 (Room A-2),MATHEMATICS 9 CHALLENGE (Room 212)
1858,ADST 9 - General Explorations (Modules) (Room 105),ADST - Drafting 9 (Room 105),PHYSICAL AND HEALTH EDUCATION 9 (Room Gym),ENGLISH LANGUAGE ARTS 9 (Room A-2),MATHEMATICS 9 (Room 210),FRENCH 9 (Room 207B),SOCIAL STUDIES 9 (Room 205B),SCIENCE 9 (Room 216)
1859,Information and Communications Technologies 10 (Room 114),ADST 9 - General Explorations (Modules) (Room 104),SOCIAL STUDIES 9 CHALLENGE (Room 121),ENGLISH LANGUAGE ARTS 9 CHALLENGE (Room 205A),ADST – ENTREPRENEURSHIP AND MARKETING 10 (Room 208),PHYSICAL AND HEALTH EDUCATION 9 Boys (Room Gym),SPANISH 9 (Room 207B),SCIENCE 9: CHALLENGE (Room 211)
1860,PHYSICAL AND HEALTH EDUCATION 9 Linear (Room Gym),SCIENCE 9 (Room 227),LEARNING STRATEGIES 9 LD LINEAR (Room 109),VISUAL ARTS 9 (Room 116),PHYSICAL AND HEALTH EDUCATION 9 Linear (Room Gym),SOCIAL STUDIES 9 (Room 107),LEARNING STRATEGIES 9 LD LINEAR (Room 109),ENGLISH LANGUAGE ARTS 9 (Room 205B)
1861,ENGLISH LANGUAGE ARTS 9 (Room A-6),ADST 9 - General Explorations (Modules) (Room 104),MATHEMATICS 9 HONOURS (Room 106),TECH ED 9: MECHANICS LD (Room 103),VISUAL ARTS 9 (Room 116),PHYSICAL AND HEALTH EDUCATION 9 (Room Gym),SOCIAL STUDIES 9 (Room 122),SCIENCE 9 (Room 216)
1862,CONCERT BAND 9 Linear (Room 119),ADST 9 - General Explorations (Modules) (Room 104),MATHEMATICS 9 HONOURS (Room 106),ENGLISH LANGUAGE ARTS 9 (Room 222),SCIENCE 9 (Room 211),SOCIAL STUDIES 9 (Room 222),CONCERT BAND 9 - Guitar (Room 119),CONCERT BAND 9 Linear (Room 119)
1863,MATHEMATICS 9 (Room 220),PHYSICAL AND HEALTH EDUCATION 9 Yoga for Mindfulns (Room Gym),ENGLISH 9 FOR ELL (Room 107),ADST - Drafting 9 (Room 105),VISUAL ARTS 9 (Room 116),SOCIAL STUDIES 9 (Room 222),PHYSICAL AND HEALTH EDUCATION 9 Girls (Room Gym),SCIENCE 9 (Room 226)
1864,ENGLISH LANGUAGE ARTS 9 (Room A-6),MATHEMATICS 9 (Room 106),VISUAL ARTS 9 (Room 116),SOCIAL STUDIES 9 (Room 121),ADST - Textiles 9 (Room A-7),ADST 9 - General Explorations (Modules) (Room 105),PHYSICAL AND HEALTH EDUCATION 9 Girls (Room Gym),ADST – ENTREPRENEURSHIP AND MARKETING 10 (Room 208)
1865,FRENCH 11 (Room A-3),MATHEMATICS 9 (Room 106),PHYSICAL AND HEALTH EDUCATION 9 Girls (Room Gym),VISUAL ARTS 9 (Room 116),SCIENCE 9 (Room 211),SOCIAL STUDIES 9 (Room 121),Information and Communications Technologies 10 (Room 114),ENGLISH LANGUAGE ARTS 9 (Room 205B)
1866,FRENCH 9 (Room 208),SCIENCE 9: CHALLENGE (Room 226),PHYSICAL AND HEALTH EDUCATION 9 (Room Gym),DANCE 9 HIP HOP (Room Studio),SOCIAL STUDIES 9 CHALLENGE (Room 209),ENGLISH LANGUAGE ARTS 9 CHALLENGE (Room A-6),Information and Communications Technologies 10 (Room 203),ADST – ENTREPRENEURSHIP AND MARKETING 10 (Room 208)
1867,PHYSICAL AND HEALTH EDUCATION 9 Linear (Room Gym),MATHEMATICS 9 (Room 106),ENGLISH LANGUAGE ARTS 9 (Room A-3),ADST - Electronics and Robotics (Room 104),PHYSICAL AND HEALTH EDUCATION 9 Linear (Room Gym),SOCIAL STUDIES 9 (Room 123),CONCERT BAND 9 - Guitar (Room 119),SCIENCE 9 (Room 216)
1868,MATHEMATICS 9 (Room 220),ADST 9 - General Explorations (Modules) (Room 104),TECH ED 9: MECHANICS LD (Room 103),ENGLISH LANGUAGE ARTS 9 (Room 107),ADST - Drafting 9 (Room 105),PHYSICAL AND HEALTH EDUCATION 9 (Room Gym),SOCIAL STUDIES 9 (Room 122),SCIENCE 9 (Room 216)
1869,FRENCH 9 (Room 208),MATHEMATICS 9 (Room 106),ENGLISH LANGUAGE ARTS 9 (Room A-3),DANCE 9 HIP HOP (Room Studio),SCIENCE 9 (Room 211),SOCIAL STUDIES 9 (Room 107),PHYSICAL AND HEALTH EDUCATION 9 Girls (Room Gym),ADST – ENTREPRENEURSHIP AND MARKETING 10 (Room 208)
1870,ENGLISH LANGUAGE ARTS 9 (Room A-6),DANCE 9 Performance and Technique (Room Studio),PHYSICAL AND HEALTH EDUCATION 9 (Room Gym),SCIENCE 9 (Room 211),MATHEMATICS 9 (Room 210),SOCIAL STUDIES 9 (Room 222),FRENCH 9 (Room A-2),ADST – ENTREPRENEURSHIP AND MARKETING 10 (Room 208)
1871,ADST - Textiles 9 (Room A-7),MATHEMATICS 9 (Room 106),PHYSICAL AND HEALTH EDUCATION 9 (Room Gym),ENGLISH LANGUAGE ARTS 9 (Room A-2),SCIENCE 9 (Room 211),SOCIAL STUDIES 9 (Room 222),SPANISH 9 (Room 207B),ADST - Woodwork 9 (Room 101)
1872,MATHEMATICS 9 (Room 220),ADST - Drafting 9 (Room 105),PHYSICAL AND HEALTH EDUCATION 9 Girls (Room Gym),ENGLISH LANGUAGE ARTS 9 (Room 107),SCIENCE 9 (Room 211),SOCIAL STUDIES 9 (Room 123),FRENCH 11 (Room 107),ADST – ENTREPRENEURSHIP AND MARKETING 10 (Room 208)
1873,ADST 9 - General Explorations (Modules) (Room 105),SCIENCE 9 (Room 227),PHYSICAL AND HEALTH EDUCATION 9 (Room Gym),ENGLISH LANGUAGE ARTS 9 (Room 222),SPANISH 9 (Room 205A),SOCIAL STUDIES 9 (Room 222),ADST - Woodwork 9 (Room 101),ADST – ENTREPRENEURSHIP AND MARKETING 10 (Room 208)
1874,MATHEMATICS 9 (Room 220),SCIENCE 9 (Room 227),ENGLISH LANGUAGE ARTS 9 (Room A-3),ADST - Drafting 9 (Room 105),VISUAL ARTS 9 (Room 116),SOCIAL STUDIES 9 (Room 123),PHYSICAL AND HEALTH EDUCATION 9 Girls (Room Gym),ADST - Textiles 9 (Room A-7)
1875,MATHEMATICS 9 (Room 220),ADST - Drafting 9 (Room 105),DANCE 9 Foundations (Room Studio),SCIENCE 9 (Room 211),ADST - Textiles 9 (Room A-7),PHYSICAL AND HEALTH EDUCATION 9 (Room Gym),SOCIAL STUDIES 9 (Room 205B),ENGLISH LANGUAGE ARTS 9 (Room 205B)
1876,ENGLISH LANGUAGE ARTS 9 (Room A-6),unassigned,ADST 9 - General Explorations (Modules) (Room 104),SOCIAL STUDIES 9 (Room 121),ADST – ENTREPRENEURSHIP AND MARKETING 10 (Room 208),PHYSICAL AND HEALTH EDUCATION 9 Boys (Room Gym),SPANISH 9 (Room 207B),SCIENCE 9 (Room 226)
1877,ENGLISH LANGUAGE ARTS 9 (Room A-6),SCIENCE 9 (Room 227),MATHEMATICS 9 HONOURS (Room 106),DANCE 9 HIP HOP (Room Studio),SPANISH 9 (Room 205A),SOCIAL STUDIES 9 (Room 107),PHYSICAL AND HEALTH EDUCATION 9 Girls (Room Gym),ADST - Textiles 9 (Room A-7)
1878,ENGLISH LANGUAGE ARTS 9 (Room A-6),MATHEMATICS 9 (Room 210),ADST - Drafting 9 (Room 105),ADST - Electronics and Robotics (Room 104),PHYSICAL AND HEALTH EDUCATION 9 Boys (Room Gym),unassigned,SOCIAL STUDIES 9 (Room 205B),SCIENCE 9 (Room 216)
1879,LEARNING STRATEGIES 9 LD (Room 109),MATHEMATICS 9 (Room 210),Information and Communications Technologies 10 (Room 114),SCIENCE 9 (Room 211),SPANISH 9 (Room 205A),SOCIAL STUDIES 9 (Room 107),PHYSICAL AND HEALTH EDUCATION 9 Girls (Room Gym),ENGLISH LANGUAGE ARTS 9 (Room 205B)
1880,ADST 9 - General Explorations (Modules) (Room 105),SCIENCE 9: CHALLENGE (Room 226),ADST - Drafting 9 (Room 105),ENGLISH LANGUAGE ARTS 9 CHALLENGE (Room 205A),SOCIAL STUDIES 9 CHALLENGE (Room 209),PHYSICAL AND HEALTH EDUCATION 9 (Room Gym),Information and Communications Technologies 10 (Room 203),MATHEMATICS 9 CHALLENGE (Room 212)
1881,MATHEMATICS 9 (Room 220),unassigned,ENGLISH 9 FOR ELL (Room 107),SCIENCE 9 (Room 211),ADST - Drafting 9 (Room 105),SOCIAL STUDIES 9 (Room 107),Information and Communications Technologies 10 (Room 203),PHYSICAL AND HEALTH EDUCATION 9 Boys (Room Gym)
1882,FRENCH 9 (Room 208),MATHEMATICS 9 (Room 106),PHYSICAL AND HEALTH EDUCATION 9 (Room Gym),ADST - Drafting 9 (Room 105),SCIENCE 9 (Room 211),SOCIAL STUDIES 9 (Room 107),Information and Communications Technologies 10 (Room 203),ENGLISH LANGUAGE ARTS 9 (Room 205B)
1883,MATHEMATICS 9 (Room 220),PHYSICAL AND HEALTH EDUCATION 9 Yoga for Mindfulns (Room Gym),PHYSICAL AND HEALTH EDUCATION 9 Girls (Room Gym),ENGLISH LANGUAGE ARTS 9 (Room 222),ADST – ENTREPRENEURSHIP AND MARKETING 10 (Room 208),SOCIAL STUDIES 9 (Room 121),FRENCH 9 (Room A-2),ADST - Woodwork 9 (Room 101)
1884,ENGLISH LANGUAGE ARTS 9 (Room A-6),ADST - Drafting 9 (Room 105),TECH ED 9: MECHANICS LD (Room 103),ADST - Electronics and Robotics (Room 104),SCIENCE 9 (Room 211),SOCIAL STUDIES 9 (Room 222),PHYSICAL AND HEALTH EDUCATION 9 Girls (Room Gym),ADST - Textiles 9 (Room A-7)
1885,PHYSICAL AND HEALTH EDUCATION 9 Linear (Room Gym),MATHEMATICS 9 (Room 106),VISUAL ARTS 9 (Room 116),ENGLISH LANGUAGE ARTS 9 (Room A-2),SCIENCE 9 (Room 211),SOCIAL STUDIES 9 (Room 107),FRENCH 9 (Room A-2),PHYSICAL AND HEALTH EDUCATION 9 Linear (Room Gym)
1886,ENGLISH LANGUAGE ARTS 9 (Room A-6),ADST 9 - General Explorations (Modules) (Room 104),MATHEMATICS 9 HONOURS (Room 106),ADST - Drafting 9 (Room 105),SPANISH 9 (Room 205A),SOCIAL STUDIES 9 (Room 121),PHYSICAL AND HEALTH EDUCATION 9 Girls (Room Gym),ADST – ENTREPRENEURSHIP AND MARKETING 10 (Room 208)
1887,FRENCH 9 (Room 208),MATHEMATICS 9 (Room 210),DANCE 9 Foundations (Room Studio),ENGLISH LANGUAGE ARTS 9 (Room 107),ADST – ENTREPRENEURSHIP AND MARKETING 10 (Room 208),SOCIAL STUDIES 9 (Room 107),PHYSICAL AND HEALTH EDUCATION 9 Girls (Room Gym),SCIENCE 9 (Room 216)
1888,FRENCH 11 (Room A-3),MATHEMATICS 9 (Room 106),ENGLISH LANGUAGE ARTS 9 (Room A-3),TECH ED 9: MECHANICS LD (Room 103),PHYSICAL AND HEALTH EDUCATION 9 Boys (Room Gym),ADST 9 - General Explorations (Modules) (Room 105),SOCIAL STUDIES 9 (Room 205B),SCIENCE 9 (Room 216)
1889,MATHEMATICS 9 (Room 220),SCIENCE 9 (Room 227),ENGLISH LANGUAGE ARTS 9 (Room A-3),unassigned,unassigned,SOCIAL STUDIES 9 (Room 107),ADST - Woodwork 9 (Room 101),ADST – ENTREPRENEURSHIP AND MARKETING 10 (Room 208)
1890,ENGLISH LANGUAGE ARTS 9 (Room A-6),MATHEMATICS 9 (Room 106),PHYSICAL AND HEALTH EDUCATION 9 Girls (Room Gym),SCIENCE 9 (Room 211),ADST - Drafting 9 (Room 105),SOCIAL STUDIES 9 (Room 222),SPANISH 9 (Room 207B),ADST – ENTREPRENEURSHIP AND MARKETING 10 (Room 208)
1891,ADST 9 - General Explorations (Modules) (Room 105),SCIENCE 9 (Room 227),ENGLISH LANGUAGE ARTS 9 (Room A-3),TECH ED 9: MECHANICS LD (Room 103),MATHEMATICS 9 (Room 210),PHYSICAL AND HEALTH EDUCATION 9 (Room Gym),SOCIAL STUDIES 9 (Room 205B),ADST - Woodwork 9 (Room 101)
1892,MATHEMATICS 9 (Room 220),ADST 9 - General Explorations (Modules) (Room 104),TECH ED 9: MECHANICS LD (Room 103),SOCIAL STUDIES 9 (Room 121),SCIENCE 9 (Room 211),PHYSICAL AND HEALTH EDUCATION 9 (Room Gym),SPANISH 9 (Room 207B),ENGLISH LANGUAGE ARTS 9 (Room 205B)
1893,ENGLISH LANGUAGE ARTS 9 (Room A-6),MATHEMATICS 9 (Room 106),PHYSICAL AND HEALTH EDUCATION 9 (Room Gym),VISUAL ARTS 9 (Room 116),ADST - Drafting 9 (Room 105),SOCIAL STUDIES 9 (Room 123),SPANISH 9 (Room 207B),ADST - Textiles 9 (Room A-7)
1894,Information and Communications Technologies 10 (Room 114),ADST 9 - General Explorations (Modules) (Room 104),MATHEMATICS 9 HONOURS (Room 106),ENGLISH LANGUAGE ARTS 9 (Room A-2),PHYSICAL AND HEALTH EDUCATION 9 Boys (Room Gym),SOCIAL STUDIES 9 (Room 222),FRENCH 9 (Room A-2),SCIENCE 9 (Room 219)
1895,MATHEMATICS 9 (Room 220),SCIENCE 9 (Room 227),ENGLISH 9 FOR ELL (Room 107),VISUAL ARTS 9 (Room 116),PHYSICAL AND HEALTH EDUCATION 9 Boys (Room Gym),SOCIAL STUDIES 9 (Room 123),Information and Communications Technologies 10 (Room 203),ENGLISH LANGUAGE ARTS 9 (Room 205B)
1896,MATHEMATICS 9 (Room 220),unassigned,unassigned,ENGLISH LANGUAGE ARTS 9 (Room 222),unassigned,unassigned,SOCIAL STUDIES 9 (Room 122),SCIENCE 9 (Room 226)
1897,FRENCH 9 (Room 208),ADST 9 - General Explorations (Modules) (Room 104),PHYSICAL AND HEALTH EDUCATION 9 (Room Gym),ADST - Electronics and Robotics (Room 104),MATHEMATICS 9 (Room 210),SOCIAL STUDIES 9 (Room 123),ADST - Woodwork 9 (Room 101),SCIENCE 9 (Room 219)
1898,ADST 9 - General Explorations (Modules) (Room 105),unassigned,Information and Communications Technologies 10 (Room 114),ENGLISH LANGUAGE ARTS 9 CHALLENGE (Room 205A),SOCIAL STUDIES 9 CHALLENGE (Room 209),PHYSICAL AND HEALTH EDUCATION 9 (Room Gym),FRENCH 11 (Room 107),MATHEMATICS 9 CHALLENGE (Room 212)
1899,MATHEMATICS 9 (Room 220),PHYSICAL AND HEALTH EDUCATION 9 Yoga for Mindfulns (Room Gym),VISUAL ARTS 9 (Room 116),ENGLISH LANGUAGE ARTS 9 (Room A-2),ADST – ENTREPRENEURSHIP AND MARKETING 10 (Room 208),SOCIAL STUDIES 9 (Room 107),PHYSICAL AND HEALTH EDUCATION 9 Girls (Room Gym),SCIENCE 9 (Room 216)
1900,ENGLISH LANGUAGE ARTS 9 (Room A-6),DRAMA 9 (Room A-1),PHYSICAL AND HEALTH EDUCATION 9 Girls (Room Gym),SOCIAL STUDIES 9 (Room 121),VISUAL ARTS 9 (Room 116),FRENCH 9 (Room 207B),CONCERT BAND 9 - Guitar (Room 119),SCIENCE 9 (Room 219)
1901,unassigned,ADST - Drafting 9 (Room 105),PHYSICAL AND HEALTH EDUCATION 9 (Room Gym),TECH ED 9: MECHANICS LD (Room 103),SOCIAL STUDIES 9 CHALLENGE (Room 209),ENGLISH LANGUAGE ARTS 9 CHALLENGE (Room A-6),ADST 9 - General Explorations (Modules) (Room 105),SCIENCE 9: CHALLENGE (Room 211)
1902,ENGLISH LANGUAGE ARTS 9 (Room A-6),MATHEMATICS 9 (Room 106),PHYSICAL AND HEALTH EDUCATION 9 Girls (Room Gym),DANCE 9 HIP HOP (Room Studio),SPANISH 9 (Room 205A),SOCIAL STUDIES 9 (Room 222),Information and Communications Technologies 10 (Room 203),SCIENCE 9 (Room 226)
1903,Information and Communications Technologies 10 (Room 114),MATHEMATICS 9 (Room 106),ENGLISH LANGUAGE ARTS 9 (Room A-3),SCIENCE 9 (Room 211),SPANISH 9 (Room 205A),SOCIAL STUDIES 9 (Room 121),FRENCH 11 (Room 107),PHYSICAL AND HEALTH EDUCATION 9 Boys (Room Gym)
1904,FRENCH 11 (Room A-3),ADST 9 - General Explorations (Modules) (Room 104),MATHEMATICS 9 HONOURS (Room 106),ENGLISH LANGUAGE ARTS 9 (Room A-2),ADST – ENTREPRENEURSHIP AND MARKETING 10 (Room 208),SOCIAL STUDIES 9 (Room 121),PHYSICAL AND HEALTH EDUCATION 9 Girls (Room Gym),SCIENCE 9 (Room 216)
1905,Information and Communications Technologies 10 (Room 114),MATHEMATICS 9 (Room 106),PHYSICAL AND HEALTH EDUCATION 9 (Room Gym),ENGLISH LANGUAGE ARTS 9 (Room 222),ADST – ENTREPRENEURSHIP AND MARKETING 10 (Room 208),SOCIAL STUDIES 9 (Room 123),ADST 9 - General Explorations (Modules) (Room 105),SCIENCE 9 (Room 219)
1906,CONCERT BAND 9 Linear (Room 119),SCIENCE 9: CHALLENGE (Room 226),SOCIAL STUDIES 9 CHALLENGE (Room 121),ADST - Drafting 9 (Room 105),ADST - Electronics and Robotics (Room 104),ENGLISH LANGUAGE ARTS 9 CHALLENGE (Room A-6),ADST 9 - General Explorations (Modules) (Room 105),CONCERT BAND 9 Linear (Room 119)
1907,CONCERT BAND 9 Linear (Room 119),SCIENCE 9 (Room 227),ENGLISH LANGUAGE ARTS 9 (Room A-3),TECH ED 9: MECHANICS LD (Room 103),MATHEMATICS 9 (Room 210),SOCIAL STUDIES 9 (Room 222),ADST 9 - General Explorations (Modules) (Room 105),CONCERT BAND 9 Linear (Room 119)
1908,PHYSICAL AND HEALTH EDUCATION 9 Linear (Room Gym),unassigned,SOCIAL STUDIES 9 CHALLENGE (Room 121),ENGLISH LANGUAGE ARTS 9 CHALLENGE (Room 205A),PHYSICAL AND HEALTH EDUCATION 9 Linear (Room Gym),FRENCH 9 (Room 207B),Information and Communications Technologies 10 (Room 114),MATHEMATICS 9 CHALLENGE (Room 212)
1909,ADST 9 - General Explorations (Modules) (Room 105),MATHEMATICS 9 (Room 106),Information and Communications Technologies 10 (Room 114),ENGLISH LANGUAGE ARTS 9 (Room 107),ADST - Electronics and Robotics (Room 104),SOCIAL STUDIES 9 (Room 121),SPANISH 9 (Room 207B),SCIENCE 9 (Room 219)
1910,MATHEMATICS 9 (Room 220),unassigned,ENGLISH LANGUAGE ARTS 9 (Room A-3),SCIENCE 9 (Room 211),PHYSICAL AND HEALTH EDUCATION 9 Boys (Room Gym),SOCIAL STUDIES 9 (Room 123),CONCERT BAND 9 - Guitar (Room 119),ADST - Woodwork 9 (Room 101)
1911,Information and Communications Technologies 10 (Room 114),ADST 9 - General Explorations (Modules) (Room 104),SOCIAL STUDIES 9 CHALLENGE (Room 121),ADST - Electronics and Robotics (Room 104),PHYSICAL AND HEALTH EDUCATION 9 Boys (Room Gym),ENGLISH LANGUAGE ARTS 9 CHALLENGE (Room A-6),FRENCH 9 (Room A-2),MATHEMATICS 9 CHALLENGE (Room 212)
1912,FRENCH 11 (Room A-3),MATHEMATICS 9 (Room 106),ENGLISH LANGUAGE ARTS 9 (Room A-3),CROSS TRAINING 10 (Room 120),SCIENCE 9 (Room 211),ADST 9 - General Explorations (Modules) (Room 105),SOCIAL STUDIES 9 (Room 205B),PHYSICAL AND HEALTH EDUCATION 9 Football (Room Gym)
1913,ENGLISH LANGUAGE ARTS 9 (Room A-6),MATHEMATICS 9 (Room 106),DANCE 9 Foundations (Room Studio),TECH ED 9: MECHANICS LD (Room 103),SPANISH 9 (Room 205A),SOCIAL STUDIES 9 (Room 222),PHYSICAL AND HEALTH EDUCATION 9 Girls (Room Gym),SCIENCE 9 (Room 216)
1914,ENGLISH LANGUAGE ARTS 9 (Room A-6),PHYSICAL AND HEALTH EDUCATION 9 Yoga for Mindfulns (Room Gym),PHYSICAL AND HEALTH EDUCATION 9 Girls (Room Gym),SCIENCE 9 (Room 211),SPANISH 9 (Room 205A),unassigned,SOCIAL STUDIES 9 (Room 122),LEARNING STRATEGIES 9 LD (Room 108)
1915,Information and Communications Technologies 10 (Room 114),MATHEMATICS 9 (Room 210),TECH ED 9: MECHANICS LD (Room 103),CROSS TRAINING 10 (Room 120),ADST - Drafting 9 (Room 105),SOCIAL STUDIES 9 (Room 107),SPANISH 9 (Room 207B),SCIENCE 9 (Room 216)
1916,ENGLISH LANGUAGE ARTS 9 (Room A-6),ADST - Drafting 9 (Room 105),PHYSICAL AND HEALTH EDUCATION 9 (Room Gym),TECH ED 9: MECHANICS LD (Room 103),MATHEMATICS 9 (Room 210),SOCIAL STUDIES 9 (Room 121),ADST - Woodwork 9 (Room 101),SCIENCE 9 (Room 219)
1917,FRENCH 11 (Room A-3),MATHEMATICS 9 (Room 210),VISUAL ARTS 9 (Room 116),ENGLISH LANGUAGE ARTS 9 (Room A-2),ADST – ENTREPRENEURSHIP AND MARKETING 10 (Room 208),SOCIAL STUDIES 9 (Room 222),PHYSICAL AND HEALTH EDUCATION 9 Girls (Room Gym),SCIENCE 9 (Room 216)
1918,MATHEMATICS 9 (Room 220),ADST - Drafting 9 (Room 105),Information and Communications Technologies 10 (Room 114),ENGLISH LANGUAGE ARTS 9 (Room 222),ADST - Electronics and Robotics (Room 104),PHYSICAL AND HEALTH EDUCATION 9 (Room Gym),SOCIAL STUDIES 9 (Room 205B),SCIENCE 9 (Room 219)
1919,ADST - Textiles 9 (Room A-7),MATHEMATICS 9 (Room 106),PHYSICAL AND HEALTH EDUCATION 9 Girls (Room Gym),DANCE 9 HIP HOP (Room Studio),SCIENCE 9 (Room 211),SOCIAL STUDIES 9 (Room 121),SPANISH 9 (Room 207B),ENGLISH LANGUAGE ARTS 9 (Room 205B)
1920,ADST 9 - General Explorations (Modules) (Room 105),SCIENCE 9: CHALLENGE (Room 226),ADST - Drafting 9 (Room 105),ENGLISH LANGUAGE ARTS 9 CHALLENGE (Room 205A),SOCIAL STUDIES 9 CHALLENGE (Room 209),PHYSICAL AND HEALTH EDUCATION 9 (Room Gym),Information and Communications Technologies 10 (Room 203),ADST – ENTREPRENEURSHIP AND MARKETING 10 (Room 208)
1921,CONCERT BAND 9 Linear (Room 119),ADST - Drafting 9 (Room 105),ENGLISH LANGUAGE ARTS 9 (Room A-3),SCIENCE 9 (Room 211),MATHEMATICS 9 (Room 210),SOCIAL STUDIES 9 (Room 121),ADST - Woodwork 9 (Room 101),CONCERT BAND 9 Linear (Room 119)
1922,ADST 9 - General Explorations (Modules) (Room 105),MATHEMATICS 9 (Room 106),ENGLISH 9 FOR ELL (Room 107),TECH ED 9: MECHANICS LD (Room 103),ADST – ENTREPRENEURSHIP AND MARKETING 10 (Room 208),PHYSICAL AND HEALTH EDUCATION 9 (Room Gym),SOCIAL STUDIES 9 (Room 205B),SCIENCE 9 (Room 216)
1923,ENGLISH LANGUAGE ARTS 9 (Room A-6),MATHEMATICS 9 (Room 106),PHYSICAL AND HEALTH EDUCATION 9 Girls (Room Gym),DANCE 9 HIP HOP (Room Studio),SPANISH 9 (Room 205A),SOCIAL STUDIES 9 (Room 121),Information and Communications Technologies 10 (Room 203),SCIENCE 9 (Room 219)
1924,ADST - Textiles 9 (Room A-7),DANCE 9 Performance and Technique (Room Studio),PHYSICAL AND HEALTH EDUCATION 9 Girls (Room Gym),ENGLISH LANGUAGE ARTS 9 (Room 107),MATHEMATICS 9 (Room 210),SOCIAL STUDIES 9 (Room 222),SPANISH 9 (Room 207B),SCIENCE 9 (Room 219)
1925,FRENCH 9 (Room 208),DRAMA 9 (Room A-1),PHYSICAL AND HEALTH EDUCATION 9 Girls (Room Gym),ENGLISH LANGUAGE ARTS 9 (Room 107),MATHEMATICS 9 (Room 210),SOCIAL STUDIES 9 (Room 107),CONCERT BAND 9 - Guitar (Room 119),SCIENCE 9 (Room 216)
1926,Information and Communications Technologies 10 (Room 114),MATHEMATICS 9 (Room 106),LEARNING STRATEGIES 9 LD LINEAR (Room 109),ENGLISH LANGUAGE ARTS 9 (Room 107),ADST - Electronics and Robotics (Room 104),SOCIAL STUDIES 9 (Room 222),LEARNING STRATEGIES 9 LD LINEAR (Room 109),SCIENCE 9 (Room 219)
1927,Information and Communications Technologies 10 (Room 114),MATHEMATICS 9 (Room 210),ENGLISH LANGUAGE ARTS 9 (Room A-3),SOCIAL STUDIES 9 (Room 121),ADST - Drafting 9 (Room 105),FRENCH 9 (Room 207B),PHYSICAL AND HEALTH EDUCATION 9 Girls (Room Gym),ADST - Textiles 9 (Room A-7)
1928,MATHEMATICS 9 (Room 220),DANCE 9 Performance and Technique (Room Studio),PHYSICAL AND HEALTH EDUCATION 9 Girls (Room Gym),ADST - Drafting 9 (Room 105),SPANISH 9 (Room 205A),SOCIAL STUDIES 9 (Room 123),CONCERT BAND 9 - Guitar (Room 119),SCIENCE 9 (Room 226)
1929,unassigned,MATHEMATICS 9 (Room 106),Information and Communications Technologies 10 (Room 114),ENGLISH LANGUAGE ARTS 9 (Room 107),ADST - Drafting 9 (Room 105),SOCIAL STUDIES 9 (Room 123),CONCERT BAND 9 - Guitar (Room 119),SCIENCE 9 (Room 219)
1930,MATHEMATICS 9 (Room 220),ADST 9 - General Explorations (Modules) (Room 104),ENGLISH 9 FOR ELL (Room 107),ADST - Drafting 9 (Room 105),ADST - Electronics and Robotics (Room 104),PHYSICAL AND HEALTH EDUCATION 9 Boys (Room Gym),SOCIAL STUDIES 9 (Room 205B),SCIENCE 9 (Room 219)
1931,PHYSICAL AND HEALTH EDUCATION 9 Linear (Room Gym),unassigned,SOCIAL STUDIES 9 CHALLENGE (Room 121),ADST - Electronics and Robotics (Room 104),PHYSICAL AND HEALTH EDUCATION 9 Linear (Room Gym),ENGLISH LANGUAGE ARTS 9 CHALLENGE (Room A-6),ADST 9 - General Explorations (Modules) (Room 105),MATHEMATICS 9 CHALLENGE (Room 212)
1932,FRENCH 11 (Room A-3),SCIENCE 9: CHALLENGE (Room 226),Information and Communications Technologies 10 (Room 114),ENGLISH LANGUAGE ARTS 9 CHALLENGE (Room 205A),SOCIAL STUDIES 9 CHALLENGE (Room 209),PHYSICAL AND HEALTH EDUCATION 9 Boys (Room Gym),ADST 9 - General Explorations (Modules) (Room 105),MATHEMATICS 9 CHALLENGE (Room 212)
1933,ENGLISH LANGUAGE ARTS 9 (Room A-6),DRAMA 9 (Room A-1),MATHEMATICS 9 HONOURS (Room 106),VISUAL ARTS 9 (Room 116),ADST – ENTREPRENEURSHIP AND MARKETING 10 (Room 208),SOCIAL STUDIES 9 (Room 123),PHYSICAL AND HEALTH EDUCATION 9 Girls (Room Gym),SCIENCE 9 (Room 219)
1934,FRENCH 11 (Room A-3),unassigned,SOCIAL STUDIES 9 CHALLENGE (Room 121),ENGLISH LANGUAGE ARTS 9 CHALLENGE (Room 205A),ADST – ENTREPRENEURSHIP AND MARKETING 10 (Room 208),PHYSICAL AND HEALTH EDUCATION 9 (Room Gym),Information and Communications Technologies 10 (Room 114),SCIENCE 9: CHALLENGE (Room 211)
1935,ADST - Textiles 9 (Room A-7),DRAMA 9 (Room A-1),MATHEMATICS 9 HONOURS (Room 106),ENGLISH LANGUAGE ARTS 9 (Room A-2),VISUAL ARTS 9 (Room 116),SOCIAL STUDIES 9 (Room 123),PHYSICAL AND HEALTH EDUCATION 9 Girls (Room Gym),SCIENCE 9 (Room 219)
1936,ADST - Textiles 9 (Room A-7),DRAMA 9 (Room A-1),MATHEMATICS 9 HONOURS (Room 106),ENGLISH LANGUAGE ARTS 9 (Room 107),VISUAL ARTS 9 (Room 116),SOCIAL STUDIES 9 (Room 222),PHYSICAL AND HEALTH EDUCATION 9 Girls (Room Gym),SCIENCE 9 (Room 216)
1937,Information and Communications Technologies 10 (Room 114),SCIENCE 9: CHALLENGE (Room 226),PHYSICAL AND HEALTH EDUCATION 9 (Room Gym),VISUAL ARTS 9 (Room 116),SOCIAL STUDIES 9 CHALLENGE (Room 209),ENGLISH LANGUAGE ARTS 9 CHALLENGE (Room A-6),FRENCH 11 (Room 107),ADST – ENTREPRENEURSHIP AND MARKETING 10 (Room 208)
1938,ADST 9 - General Explorations (Modules) (Room 105),SCIENCE 9: CHALLENGE (Room 226),SOCIAL STUDIES 9 CHALLENGE (Room 121),ENGLISH LANGUAGE ARTS 9 CHALLENGE (Room 205A),SPANISH 9 (Room 205A),PHYSICAL AND HEALTH EDUCATION 9 Boys (Room Gym),Information and Communications Technologies 10 (Room 114),MATHEMATICS 9 CHALLENGE (Room 212)
1939,ADST - Textiles 9 (Room A-7),MATHEMATICS 9 (Room 106),ENGLISH 9 FOR ELL (Room 107),DANCE 9 HIP HOP (Room Studio),VISUAL ARTS 9 (Room 116),SOCIAL STUDIES 9 (Room 222),PHYSICAL AND HEALTH EDUCATION 9 Girls (Room Gym),SCIENCE 9 (Room 216)
1940,unassigned,unassigned,SOCIAL STUDIES 9 CHALLENGE (Room 121),ENGLISH LANGUAGE ARTS 9 CHALLENGE (Room 205A),ADST – ENTREPRENEURSHIP AND MARKETING 10 (Room 208),PHYSICAL AND HEALTH EDUCATION 9 (Room Gym),Information and Communications Technologies 10 (Room 203),MATHEMATICS 9 CHALLENGE (Room 212)
1941,FRENCH 11 (Room A-3),SCIENCE 9 (Room 227),MATHEMATICS 9 HONOURS (Room 106),ADST - Drafting 9 (Room 105),ADST – ENTREPRENEURSHIP AND MARKETING 10 (Room 208),SOCIAL STUDIES 9 (Room 222),PHYSICAL AND HEALTH EDUCATION 9 Girls (Room Gym),ENGLISH LANGUAGE ARTS 9 (Room 205B)
1942,ADST - Textiles 9 (Room A-7),ADST - Drafting 9 (Room 105),PHYSICAL AND HEALTH EDUCATION 9 (Room Gym),ENGLISH LANGUAGE ARTS 9 (Room A-2),ADST – ENTREPRENEURSHIP AND MARKETING 10 (Room 208),SOCIAL STUDIES 9 (Room 107),CONCERT BAND 9 - Guitar (Room 119),SCIENCE 9 (Room 219)
1943,ENGLISH LANGUAGE ARTS 9 (Room A-6),unassigned,LEARNING STRATEGIES 9 LD LINEAR (Room 109),SOCIAL STUDIES 9 (Room 121),MATHEMATICS 9 (Room 210),unassigned,LEARNING STRATEGIES 9 LD LINEAR (Room 109),SCIENCE 9 (Room 219)
1944,LEARNING STRATEGIES 9 LD (Room 109),unassigned,ENGLISH 9 FOR ELL (Room 107),SCIENCE 9 (Room 211),ADST - Electronics and Robotics (Room 104),FRENCH 9 (Room 207B),SOCIAL STUDIES 9 (Room 205B),PHYSICAL AND HEALTH EDUCATION 9 Boys (Room Gym)
1945,CONCERT BAND 9 Linear (Room 119),SCIENCE 9 (Room 227),ENGLISH LANGUAGE ARTS 9 (Room A-3),VISUAL ARTS 9 (Room 116),ADST – ENTREPRENEURSHIP AND MARKETING 10 (Room 208),SOCIAL STUDIES 9 (Room 107),Information and Communications Technologies 10 (Room 203),CONCERT BAND 9 Linear (Room 119)
1946,ENGLISH LANGUAGE ARTS 9 (Room A-6),SCIENCE 9 (Room 227),PHYSICAL AND HEALTH EDUCATION 9 Girls (Room Gym),DANCE 9 HIP HOP (Room Studio),MATHEMATICS 9 (Room 210),SOCIAL STUDIES 9 (Room 107),SPANISH 9 (Room 207B),ADST - Textiles 9 (Room A-7)
1947,FRENCH 9 (Room 208),ADST 9 - General Explorations (Modules) (Room 104),MATHEMATICS 9 HONOURS (Room 106),ADST - Electronics and Robotics (Room 104),SCIENCE 9 (Room 211),SOCIAL STUDIES 9 (Room 123),Information and Communications Technologies 10 (Room 114),ENGLISH LANGUAGE ARTS 9 (Room 205B)
1948,MATHEMATICS 9 (Room 220),PHYSICAL AND HEALTH EDUCATION 9 Yoga for Mindfulns (Room Gym),ADST - Drafting 9 (Room 105),SCIENCE 9 (Room 211),ADST - Textiles 9 (Room A-7),SOCIAL STUDIES 9 (Room 107),PHYSICAL AND HEALTH EDUCATION 9 Girls (Room Gym),ENGLISH LANGUAGE ARTS 9 (Room 205B)
1949,FRENCH 9 (Room 208),PHYSICAL AND HEALTH EDUCATION 9 Yoga for Mindfulns (Room Gym),ENGLISH LANGUAGE ARTS 9 (Room A-3),unassigned,MATHEMATICS 9 (Room 210),SOCIAL STUDIES 9 (Room 107),CONCERT BAND 9 - Guitar (Room 119),SCIENCE 9 (Room 219)
1950,CONCERT BAND 9 Linear (Room 119),MATHEMATICS 9 (Room 106),ADST - Drafting 9 (Room 105),ENGLISH LANGUAGE ARTS 9 (Room A-2),SCIENCE 9 (Room 211),SOCIAL STUDIES 9 (Room 222),ADST 9 - General Explorations (Modules) (Room 105),CONCERT BAND 9 Linear (Room 119)
1951,FRENCH 11 (Room A-3),SCIENCE 9: CHALLENGE (Room 226),SOCIAL STUDIES 9 CHALLENGE (Room 121),ENGLISH LANGUAGE ARTS 9 CHALLENGE (Room 205A),ADST – ENTREPRENEURSHIP AND MARKETING 10 (Room 208),PHYSICAL AND HEALTH EDUCATION 9 (Room Gym),Information and Communications Technologies 10 (Room 114),MATHEMATICS 9 CHALLENGE (Room 212)
1952,Information and Communications Technologies 10 (Room 114),SCIENCE 9: CHALLENGE (Room 226),PHYSICAL AND HEALTH EDUCATION 9 (Room Gym),ENGLISH LANGUAGE ARTS 9 CHALLENGE (Room 205A),SOCIAL STUDIES 9 CHALLENGE (Room 209),ADST 9 - General Explorations (Modules) (Room 105),FRENCH 11 (Room 107),MATHEMATICS 9 CHALLENGE (Room 212)
1953,FRENCH 11 (Room A-3),MATHEMATICS 9 (Room 106),DANCE 9 Foundations (Room Studio),ENGLISH LANGUAGE ARTS 9 (Room A-2),ADST – ENTREPRENEURSHIP AND MARKETING 10 (Room 208),SOCIAL STUDIES 9 (Room 222),PHYSICAL AND HEALTH EDUCATION 9 Girls (Room Gym),SCIENCE 9 (Room 219)
