Student,Block 0,Block 1,Block 2,Block 3,Block 4,Block 5,Block 6,Block 7
1000,unassigned,20th CENTURY WORLD HISTORY 12 (Room 121),ENGLISH FIRST PEOPLES 12 (Room A-6),PSYCHOLOGY 11 (Room 207A),ENVIRONMENTAL SCIENCE 12 - CLI (Room 223),CALCULUS 12 (Room 208),PRE-CALCULUS 12 (Room 205A),ECONOMICS 12 (Room 208)
1001,unassigned,unassigned,PRE-CALCULUS 12 (Room 205B),CONCERT BAND 9 - Guitar (Room 119),ANATOMY AND PHYSIOLOGY 12 (Room 225),unassigned,FRENCH 10 (Room 205B),unassigned
1002,FOOD STUDIES 12 (Room 206),LEARNING STRATEGIES 12 (Room 205B),YOGA FOR MINDFULNESS 12 (Room Gym),TEXTILES 12 (Room 206),ENGLISH FIRST PEOPLES 12 (Room A-6),DRAMA 12 (Room A-1),SOCIAL JUSTICE 12 (Room A-3),unassigned
1003,ANATOMY AND PHYSIOLOGY 12 (Room 226),unassigned,ACTIVE LIVING 12 (Room Gym),ENGLISH STUDIES 12 (Room 122),ENVIRONMENTAL SCIENCE 12 - CLI (Room 223),unassigned,AUTOMOTIVE TECHNOLOGY 12 (Room 102),PRE-CALCULUS 12 (Room 214)
1004,FOOD STUDIES 12 (Room 206),unassigned,unassigned,PHYSICS 12 (Room 216),ENGINEERING 12,ENGLISH STUDIES 12 CHALLENGE (Room 205A),CHEMISTRY 12 (Room 223),DRAFTING 12 (Room 105)
1005,ENGLISH STUDIES 12 (Room A-7),CHEMISTRY 12 (Room 223),unassigned,PRE-CALCULUS 12 HONOURS (Room 106),PHYSICS 11 (Room 216),PHYSICS 12 (Room 219),CALCULUS 12 (Room 123),ANATOMY AND PHYSIOLOGY 12 (Room 226)
1006,SPANISH 11 (Room 207B),CHEMISTRY 12 (Room 223),LAW STUDIES 12 (Room A-2),SPANISH 12 (Room 123),TEXTILES 12 (Room 206),PRE-CALCULUS 12 (Room 221),CALCULUS 12 (Room 123),unassigned
1007,unassigned,unassigned,unassigned,CHEMISTRY 12 (Room 223),ENGINEERING 12,CALCULUS 12 (Room 212),AP PHYSICS C (MECHANICS) 12 ex (Room 216),3D ANIMATION 12 (Room 114)
1008,unassigned,PHYSICS 12 (Room 211),PRE-CALCULUS 12 (Room 205B),CHEMISTRY 12 (Room 226),ENGINEERING 12,LITERARY STUDIES 12 (Room 122),CALCULUS 12 (Room 123),ECONOMICS 12 (Room 208)
1009,FOOD STUDIES 12 (Room 206),CHEMISTRY 12 (Room 223),PRE-CALCULUS 12 (Room 122),PHYSICS 12 (Room 216),ANATOMY AND PHYSIOLOGY 12 (Room 225),PSYCHOLOGY 11 (Room A-2),ENGLISH STUDIES 12 (Room 207B),unassigned
1010,unassigned,unassigned,PRE-CALCULUS 12 (Room 122),PHYSICS 12 (Room 216),unassigned,LITERARY STUDIES 12 (Room 122),AP ENGLISH LITERATURE & COMPOS (Room 107),unassigned
1011,unassigned,AUTOMOTIVE TECHNOLOGY 12 (Room 102),unassigned,PHYSICS 12 (Room 216),CHEMISTRY 12 (Room 226),LITERARY STUDIES 12 (Room 122),AP ENGLISH LITERATURE & COMPOS (Room 107),DRAFTING 12 (Room 105)
1012,FOOD STUDIES 12 (Room 206),LEARNING STRATEGIES 12 (Room 205B),ACTIVE LIVING 12 (Room Gym),ENGLISH STUDIES 12 (Room 122),CROSS TRAINING 12 (Room Gym),COMPARATIVE CULTURES 12 (Room 107),SOCIAL JUSTICE 12 (Room A-3),AUTOMOTIVE TECHNOLOGY 12 (Room 102)
1013,FOOD STUDIES 12 (Room 206),unassigned,ENGLISH FIRST PEOPLES 12 (Room A-6),TEXTILES 12 (Room 206),CRIMINOLOGY 12 (Room 207B),PSYCHOLOGY 11 (Room A-2),PRE-CALCULUS 12 (Room 205A),ECONOMICS 12 (Room 208)
1014,PHYSICAL GEOGRAPHY 12 (Room 207A),COMPOSITION 11 (Room 208),unassigned,unassigned,unassigned,unassigned,FOUNDATIONS OF MATHEMATICS 11 (Room 210),LIFE SCIENCES 11 (Room 223)
1015,LAW STUDIES 12 (Room 222),unassigned,PRE-CALCULUS 12 (Room 122),PSYCHOLOGY 11 (Room 207A),unassigned,CALCULUS 12 (Room 208),ENGLISH STUDIES 12 (Room 123),FOOD STUDIES 12 (Room 206)
1016,PHYSICAL GEOGRAPHY 12 (Room 207A),AUTOMOTIVE TECHNOLOGY 12 (Room 102),unassigned,ENGLISH STUDIES 12 (Room 122),CROSS TRAINING 12 (Room Gym),SOCIAL JUSTICE 12 (Room 123),FOUNDATIONS OF MATHEMATICS 11 (Room 210),FOOD STUDIES 12 (Room 206)
1017,ELL Academic Literacy 11 (Room A-2),DRAFTING 12 (Room 105),PRE-CALCULUS 12 (Room 122),ACCOUNTING 11 (Room 208),ENGLISH FIRST PEOPLES 12 Year (Room A-7),CALCULUS 12 (Room 208),unassigned,unassigned
1018,FOOD STUDIES 12 (Room 206),CHEMISTRY 12 (Room 223),OUTDOOR EDUCATION 12 (Room Gym),ENGLISH STUDIES 12 (Room A-6),TEXTILES 12 (Room 206),CALCULUS 12 (Room 212),AP PHYSICS C (MECHANICS) 12 ex (Room 216),PRE-CALCULUS 12 (Room 214)
1019,unassigned,unassigned,MEDIA DESIGN 12 (Room 114),ENGLISH STUDIES 12 (Room 122),CRIMINOLOGY 12 (Room 207B),unassigned,FRENCH 11 (Room 208),unassigned
1020,unassigned,unassigned,PRE-CALCULUS 12 (Room 122),ACCOUNTING 11 (Room 208),unassigned,PHYSICS 12 (Room 219),ENGLISH STUDIES 12 (Room 123),unassigned
1021,CHEMISTRY 11 (Room 225),CHEMISTRY 12 (Room 223),PRE-CALCULUS 12 (Room 106),DANCE FOUNDATIONS 12 (Room Studio),ENGLISH FIRST PEOPLES 12 (Room 208),unassigned,unassigned,ANATOMY AND PHYSIOLOGY 12 (Room 226)
1022,PSYCHOLOGY 11 (Room 208),unassigned,PRE-CALCULUS 12 (Room 122),TEXTILES 12 (Room 206),ART STUDIO 12,COMPARATIVE CULTURES 12 (Room 107),ENGLISH STUDIES 12 (Room 207B),PRE-CALCULUS 11 (Room 106)
1023,FOOD STUDIES 12 (Room 206),CHEMISTRY 12 (Room 223),PHYSICS 11 (Room 216),ENGLISH STUDIES 12 (Room 122),TEXTILES 12 (Room 206),PHYSICS 12 (Room 219),PRE-CALCULUS 12 (Room 205A),ANATOMY AND PHYSIOLOGY 12 (Room 226)
1024,unassigned,unassigned,OUTDOOR EDUCATION 12 (Room Gym),CHEMISTRY 12 (Room 226),CHEMISTRY 11 (Room 223),PRE-CALCULUS 12 (Room 221),ENGLISH STUDIES 12 (Room 123),AUTOMOTIVE TECHNOLOGY 12 (Room 102)
1025,unassigned,CHEMISTRY 12 (Room 223),PRE-CALCULUS 12 (Room 106),ENGLISH STUDIES 12 (Room A-6),unassigned,PHYSICS 12 (Room 219),unassigned,unassigned
1026,FOOD STUDIES 12 (Room 206),AP COMPUTER SCIENCE A 12 (Room 203),MEDIA DESIGN 12 (Room 114),PRE-CALCULUS 12 HONOURS (Room 106),CHEMISTRY 12 (Room 226),ENGLISH STUDIES 12 CHALLENGE (Room 205A),AP PHYSICS C (MECHANICS) 12 ex (Room 216),unassigned
1027,LAW STUDIES 12 (Room A-2),ANATOMY AND PHYSIOLOGY 12 (Room 223),unassigned,ENGLISH STUDIES 12 (Room A-6),TEXTILES 12 (Room 206),SOCIAL JUSTICE 12 (Room 123),FOUNDATIONS OF MATHEMATICS 11 (Room 210),CRIMINOLOGY 12 (Room 123)
1028,unassigned,unassigned,MEDIA DESIGN 12 (Room 114),DANCE FOUNDATIONS 12 (Room Studio),unassigned,FOOD STUDIES 12 (Room 206),unassigned,ANATOMY AND PHYSIOLOGY 12 (Room 226)
1029,COMMUNITY LEADERSHIP 12 (Room 209),20th CENTURY WORLD HISTORY 12 (Room 121),unassigned,unassigned,unassigned,LITERARY STUDIES 12 (Room 122),SOCIAL JUSTICE 12 (Room A-3),PRE-CALCULUS 12 (Room 214)
1030,ENGLISH STUDIES 12 (Room A-7),unassigned,PRE-CALCULUS 12 (Room 122),ACTIVE LIVING 12 (Room Gym),CHEMISTRY 12 (Room 226),PHYSICS 12 (Room 219),CALCULUS 12 (Room 123),FOOD STUDIES 12 (Room 206)
1031,unassigned,unassigned,unassigned,ENGLISH STUDIES 12 (Room A-6),CRIMINOLOGY 12 (Room 207B),PRE-CALCULUS 12 (Room 221),unassigned,unassigned
1032,PHYSICAL GEOGRAPHY 12 (Room 207A),20th CENTURY WORLD HISTORY 12 (Room 121),ENGLISH FIRST PEOPLES 12 (Room A-6),TEXTILES 12 (Room 206),ACCOUNTING 11 (Room 123),unassigned,CAREER LIFE EDUCATION 10 (Room A-3),FOOD STUDIES 12 (Room 206)
1033,CONTEMPORARY INDIGENOUS STUDIE (Room 205A),unassigned,YOGA FOR MINDFULNESS 12 (Room Gym),ACCOUNTING 11 (Room 208),ACCOUNTING 12 (Room 123),PRE-CALCULUS 11 (Room 210),ENGLISH STUDIES 12 (Room 207B),ECONOMICS 12 (Room 208)
1034,ENGLISH STUDIES 12 (Room A-7),LEARNING STRATEGIES 12 (Room 205B),20th CENTURY WORLD HISTORY 12 (Room 121),LIFE SCIENCES 11 (Room 219),ENVIRONMENTAL SCIENCE 12 - CLI (Room 223),SOCIAL JUSTICE 12 (Room 123),unassigned,FOOD STUDIES 12 (Room 206)
1035,FOUNDATIONS OF MATHEMATICS 11 (Room 214),WORKPLACE MATHEMATICS 11 (Room 106),E-COMMERCE 12 (Room 208),ENGLISH STUDIES 12 (Room A-6),ACCOUNTING 11 (Room 123),unassigned,unassigned,ENTREPRENEURSHIP 12 (Room 122)
1036,COMMUNITY LEADERSHIP 12 (Room 209),ENGLISH STUDIES 12 CHALLENGE (Room A-7),COMPUTER PROGRAMMING 11 AI and (Room 203),PHYSICS 12 (Room 216),PHYSICS 11 (Room 216),AP CALCULUS AB 12 external cre (Room 220),CHEMISTRY 12 (Room 223),PRE-CALCULUS 12 (Room 214)
1037,unassigned,PHYSICS 12 (Room 227),PRE-CALCULUS 12 (Room 106),CHEMISTRY 12 (Room 223),ART STUDIO 12,CALCULUS 12 (Room 208),AP ENGLISH LITERATURE & COMPOS (Room 107),ANATOMY AND PHYSIOLOGY 12 (Room 226)
1038,FOUNDATIONS OF MATHEMATICS 11 (Room 214),unassigned,LAW STUDIES 12 (Room A-2),CHEMISTRY 11 (Room 219),CROSS TRAINING 12 (Room Gym),ANATOMY AND PHYSIOLOGY 12 (Room 226),ENGLISH STUDIES 12 (Room 123),AUTOMOTIVE TECHNOLOGY 12 (Room 102)
1039,ENGLISH STUDIES 12 (Room A-7),ANATOMY AND PHYSIOLOGY 12 (Room 223),unassigned,unassigned,CHEMISTRY 12 (Room 226),AP CALCULUS AB 12 external cre (Room 220),AP PHYSICS C (MECHANICS) 12 ex (Room 216),ECONOMICS 12 (Room 208)
1040,unassigned,unassigned,PRE-CALCULUS 12 (Room 205B),ENGLISH STUDIES 12 (Room A-6),unassigned,PHYSICS 12 (Room 219),unassigned,ENTREPRENEURSHIP 12 (Room 122)
1041,CONTEMPORARY INDIGENOUS STUDIE (Room 205A),20th CENTURY WORLD HISTORY 12 (Room 121),LAW STUDIES 12 (Room A-2),PSYCHOLOGY 11 (Room 207A),ENGLISH FIRST PEOPLES 12 (Room 208),FOOD STUDIES 12 (Room 206),unassigned,CRIMINOLOGY 12 (Room 123)
1042,unassigned,unassigned,unassigned,SPANISH 12 (Room 123),LIFE SCIENCES 11 (Room 227),unassigned,FRENCH 12 (Room 208),unassigned
1043,unassigned,unassigned,PRE-CALCULUS 12 (Room 205B),SPANISH 12 (Room 123),unassigned,unassigned,ENGLISH STUDIES 12 (Room 207B),FRENCH 12 (Room 123)
1044,PSYCHOLOGY 11 (Room 208),ANATOMY AND PHYSIOLOGY 12 (Room 223),20th CENTURY WORLD HISTORY 12 (Room 121),unassigned,unassigned,SOCIAL JUSTICE 12 (Room 123),ENGLISH STUDIES 12 (Room 123),unassigned
1045,unassigned,ENGLISH STUDIES 12 CHALLENGE (Room A-7),PRE-CALCULUS 12 (Room 205B),CHEMISTRY 12 (Room 223),CHEMISTRY 11 (Room 223),CALCULUS 12 (Room 208),AP PHYSICS C (MECHANICS) 12 ex (Room 216),unassigned
1046,PHYSICAL GEOGRAPHY 12 (Room 207A),PHYSICS 12 (Room 227),unassigned,AP STATISTICS 12 (Room A-3),CHEMISTRY 12 (Room 226),ENGLISH STUDIES 12 CHALLENGE (Room 205A),CALCULUS 12 (Room 123),ECONOMICS 12 (Room 208)
1047,FOOD STUDIES 12 (Room 206),DRAFTING 12 (Room 105),ENGLISH FIRST PEOPLES 12 (Room A-6),unassigned,ENGINEERING 12,CALCULUS 12 (Room 212),PRE-CALCULUS 12 (Room 205A),WOODWORK 12 (Room 101)
1048,ENGLISH STUDIES 12 (Room A-7),unassigned,20th CENTURY WORLD HISTORY 12 (Room 121),PSYCHOLOGY 11 (Room 207A),ENVIRONMENTAL SCIENCE 12 - CLI (Room 223),COMPARATIVE CULTURES 12 (Room 107),SOCIAL JUSTICE 12 (Room A-3),PRE-CALCULUS 12 (Room 214)
1049,unassigned,CHEMISTRY 12 (Room 223),PRE-CALCULUS 12 (Room 106),AP STATISTICS 12 (Room A-3),unassigned,LITERARY STUDIES 12 (Room 122),AP PHYSICS C (MECHANICS) 12 ex (Room 216),AUTOMOTIVE TECHNOLOGY 12 (Room 102)
1050,FOOD STUDIES 12 (Room 206),unassigned,PRE-CALCULUS 12 (Room 205B),ENGLISH STUDIES 12 (Room A-6),ENVIRONMENTAL SCIENCE 12 - CLI (Room 223),SOCIAL JUSTICE 12 (Room 123),CHEMISTRY 12 (Room 223),ANATOMY AND PHYSIOLOGY 12 (Room 226)
1051,ENGLISH STUDIES 12 (Room A-7),ART STUDIO 12,COMPUTER SCIENCE 11 (Room 203),PRE-CALCULUS 12 HONOURS (Room 106),TEXTILES 12 (Room 206),CALCULUS 12 (Room 208),COMPUTER SCIENCE 12 (Room 203),ANATOMY AND PHYSIOLOGY 12 (Room 226)
1052,unassigned,20th CENTURY WORLD HISTORY 12 (Room 121),CAREER LIFE CONNECTIONS (Room 207A),AP STATISTICS 12 (Room A-3),ENGLISH FIRST PEOPLES 12 (Room A-6),unassigned,CHEMISTRY 12 (Room 223),unassigned
1053,unassigned,PHYSICS 12 (Room 227),ACTIVE LIVING 12 (Room Gym),PRE-CALCULUS 12 HONOURS (Room 106),ENGLISH FIRST PEOPLES 12 (Room A-6),AP CALCULUS AB 12 external cre (Room 220),CHEMISTRY 12 (Room 223),ENGINEERING 12
1054,unassigned,unassigned,20th CENTURY WORLD HISTORY 12 (Room 121),PHYSICS 12 (Room 216),unassigned,unassigned,COMPUTER SCIENCE 11 (Room 203),ENGINEERING 12
1055,ENGLISH STUDIES 12 (Room A-7),unassigned,PRE-CALCULUS 12 (Room 106),DANCE TECHNIQUE AND PERFORMANC (Room Studio),unassigned,unassigned,SOCIAL JUSTICE 12 (Room A-3),unassigned
1056,unassigned,CHEMISTRY 12 (Room 223),PRE-CALCULUS 12 (Room 122),unassigned,unassigned,PHYSICS 12 (Room 219),ENGLISH STUDIES 12 (Room 207B),unassigned
1057,FOOD STUDIES 12 (Room 206),AUTOMOTIVE TECHNOLOGY 12 (Room 102),CAREER LIFE CONNECTIONS (Room 207A),SPANISH 12 (Room 123),unassigned,unassigned,ENGLISH STUDIES 12 (Room 207B),unassigned
1058,unassigned,ROBOTICS 12 (Room 104),unassigned,unassigned,ANATOMY AND PHYSIOLOGY 12 (Room 225),PHYSICS 12 (Room 219),unassigned,PRE-CALCULUS 12 (Room 214)
1059,CONTEMPORARY INDIGENOUS STUDIE (Room 205A),ART STUDIO 12,unassigned,DANCE TECHNIQUE AND PERFORMANC (Room Studio),CAREER LIFE EDUCATION 10 (Room 122),LEARNING STRATEGIES 12 (Room A-2),ENGLISH STUDIES 12 (Room 207B),CRIMINOLOGY 12 (Room 123)
1060,LIFE SCIENCES 11 (Room 219),unassigned,PRE-CALCULUS 12 (Room 122),unassigned,unassigned,SOCIAL JUSTICE 12 (Room 123),ENGLISH STUDIES 12 (Room 207B),unassigned
1061,FOUNDATIONS OF MATHEMATICS 11 (Room 214),unassigned,20th CENTURY WORLD HISTORY 12 (Room 121),unassigned,unassigned,unassigned,ENGLISH STUDIES 12 (Room 123),LIFE SCIENCES 11 (Room 226)
1062,unassigned,20th CENTURY WORLD HISTORY 12 (Room 121),PRE-CALCULUS 12 (Room 205B),unassigned,ANATOMY AND PHYSIOLOGY 12 (Room 225),PHYSICS 12 (Room 219),unassigned,unassigned
1063,LAW STUDIES 12 (Room A-2),unassigned,YOGA FOR MINDFULNESS 12 (Room Gym),CHEMISTRY 12 (Room 226),unassigned,PHOTOGRAPHY 12 (Room 113),ENGLISH STUDIES 12 (Room 207B),ECONOMICS 12 (Room 208)
1064,CHEMISTRY 12 (Room 219),PHYSICS 12 (Room 227),COMPUTER PROGRAMMING 11 AI and (Room 203),AP STATISTICS 12 (Room A-3),unassigned,LITERARY STUDIES 12 (Room 122),AP ENGLISH LITERATURE & COMPOS (Room 107),unassigned
1065,ANATOMY AND PHYSIOLOGY 12 (Room 226),ENGLISH STUDIES 12 CHALLENGE (Room A-7),unassigned,PRE-CALCULUS 12 HONOURS (Room 106),CHEMISTRY 12 (Room 226),AP CALCULUS AB 12 external cre (Room 220),AP PHYSICS C (MECHANICS) 12 ex (Room 216),unassigned
1066,LAW STUDIES 12 (Room A-2),AUTOMOTIVE TECHNOLOGY 12 (Room 102),20th CENTURY WORLD HISTORY 12 (Room 121),ENGLISH STUDIES 12 (Room A-6),ACCOUNTING 11 (Room 123),CALCULUS 12 (Room 208),PRE-CALCULUS 12 (Room 205A),MARKETING AND PROMOTION 11 (Room 122)
1067,FOOD STUDIES 12 (Room 206),INSTRUMENTAL MUSIC 12: GUITAR (Room 119),MEDIA DESIGN 12 (Room 114),ENGLISH STUDIES 12 (Room 122),CRIMINOLOGY 12 (Room 207B),DRAMA 12 (Room A-1),AUTOMOTIVE TECHNOLOGY 12 (Room 102),PRE-CALCULUS 11 (Room 106)
1068,ENGLISH STUDIES 12 (Room A-7),PHYSICS 12 (Room 227),PRE-CALCULUS 12 (Room 205B),CHEMISTRY 12 (Room 226),ANATOMY AND PHYSIOLOGY 12 (Room 225),CALCULUS 12 (Room 208),unassigned,unassigned
1069,FOOD STUDIES 12 (Room 206),PRE-CALCULUS 11 (Room 106),PHYSICS 11 (Room 216),CHEMISTRY 11 (Room 219),ENGLISH FIRST PEOPLES 12 (Room A-6),SOCIAL JUSTICE 12 (Room 123),FOUNDATIONS OF MATH AND PRE-CA (Room 214),ANATOMY AND PHYSIOLOGY 12 (Room 226)
1070,ENGINEERING 12,20th CENTURY WORLD HISTORY 12 (Room 121),PHYSICS 11 (Room 216),PHYSICS 12 (Room 216),ENGLISH FIRST PEOPLES 12 (Room 208),CALCULUS 12 (Room 208),unassigned,PRE-CALCULUS 12 (Room 214)
1071,PSYCHOLOGY 11 (Room 208),unassigned,PHYSICS 11 (Room 211),PHYSICS 12 (Room 216),ANATOMY AND PHYSIOLOGY 12 (Room 225),ENGLISH STUDIES 12 CHALLENGE (Room 205A),CALCULUS 12 (Room 123),PRE-CALCULUS 12 (Room 214)
1072,ENGINEERING 12,unassigned,unassigned,ACTIVE LIVING 12 (Room Gym),ENGLISH FIRST PEOPLES 12 (Room A-6),FOOD STUDIES 12 (Room 206),SOCIAL JUSTICE 12 (Room A-3),WOODWORK 12 (Room 101)
1073,ANATOMY AND PHYSIOLOGY 12 (Room 226),unassigned,PRE-CALCULUS 12 (Room 122),ENGLISH STUDIES 12 (Room 122),ENVIRONMENTAL SCIENCE 12 - CLI (Room 223),SOCIAL JUSTICE 12 (Room 123),unassigned,unassigned
1074,PSYCHOLOGY 11 (Room 208),ANATOMY AND PHYSIOLOGY 12 (Room 223),PRE-CALCULUS 12 (Room 122),DANCE TECHNIQUE AND PERFORMANC (Room Studio),CHEMISTRY 12 (Room 226),CALCULUS 12 (Room 208),ENGLISH STUDIES 12 (Room 207B),unassigned
1075,EXPLORATIONS IN SOCIAL STUDIES (Room 209),unassigned,unassigned,unassigned,LIFE SCIENCES 11 (Room 227),COMPOSITION 11 (Room 205B),FOUNDATIONS OF MATHEMATICS 11 (Room 210),unassigned
1076,CRIMINOLOGY 12 (Room 207B),LEARNING STRATEGIES 12 (Room 205B),ACTIVE LIVING 12 (Room Gym),unassigned,ENGLISH FIRST PEOPLES 12 (Room 208),COMPARATIVE CULTURES 12 (Room 107),FOUNDATIONS OF MATHEMATICS 11 (Room 210),AUTOMOTIVE TECHNOLOGY 12 (Room 102)
1077,unassigned,PHYSICS 12 (Room 227),PRE-CALCULUS 12 (Room 122),unassigned,ANATOMY AND PHYSIOLOGY 12 (Room 225),unassigned,ENGLISH STUDIES 12 (Room 207B),unassigned
1078,CHEMISTRY 12 (Room 219),PHYSICS 12 (Room 211),PHYSICS 11 (Room 219),unassigned,ENGLISH FIRST PEOPLES 12 (Room A-6),COMPARATIVE CULTURES 12 (Room 107),CALCULUS 12 (Room 123),ANATOMY AND PHYSIOLOGY 12 (Room 226)
1079,unassigned,unassigned,YOGA FOR MINDFULNESS 12 (Room Gym),unassigned,ENGLISH FIRST PEOPLES 12 (Room A-6),SOCIAL JUSTICE 12 (Room 123),unassigned,FOOD STUDIES 12 (Room 206)
1080,unassigned,ENGLISH STUDIES 12 CHALLENGE (Room A-7),unassigned,PRE-CALCULUS 12 HONOURS (Room 106),CHEMISTRY 12 (Room 226),AP CALCULUS AB 12 external cre (Room 220),AUTOMOTIVE TECHNOLOGY 12 (Room 102),FRENCH 12 (Room 123)
1081,ENGLISH STUDIES 12 (Room A-7),unassigned,PRE-CALCULUS 12 (Room 122),CHEMISTRY 12 (Room 226),unassigned,unassigned,unassigned,FRENCH 12 (Room 123)
1082,PSYCHOLOGY 11 (Room 208),unassigned,PRE-CALCULUS 12 (Room 106),unassigned,ANATOMY AND PHYSIOLOGY 12 (Room 225),unassigned,ENGLISH STUDIES 12 (Room 123),unassigned
1083,LIFE SCIENCES 11 (Room 219),20th CENTURY WORLD HISTORY 12 (Room 121),ENGLISH FIRST PEOPLES 12 (Room A-6),ACTIVE LIVING 12 (Room Gym),CROSS TRAINING 12 (Room Gym),unassigned,FOUNDATIONS OF MATHEMATICS 11 (Room 210),3D ANIMATION 12 (Room 114)
1084,PSYCHOLOGY 11 (Room 208),COMPUTER SCIENCE 12 (Room 203),COMPUTER SCIENCE 11 (Room 203),PHYSICS 12 (Room 216),CHEMISTRY 12 (Room 226),AP CALCULUS AB 12 external cre (Room 220),ENGLISH STUDIES 12 (Room 123),CRIMINOLOGY 12 (Room 123)
1085,FOUNDATIONS OF MATHEMATICS 11 (Room 214),ANATOMY AND PHYSIOLOGY 12 (Room 223),unassigned,CHEMISTRY 12 (Room 223),ENVIRONMENTAL SCIENCE 12 - CLI (Room 223),PSYCHOLOGY 11 (Room A-2),ENGLISH STUDIES 12 (Room 123),DRAFTING 12 (Room 105)
1086,unassigned,PHYSICS 12 (Room 227),ACTIVE LIVING 12 (Room Gym),CHEMISTRY 12 (Room 226),ANATOMY AND PHYSIOLOGY 12 (Room 225),unassigned,ENGLISH STUDIES 12 (Room 123),PRE-CALCULUS 12 (Room 214)
1087,FOUNDATIONS OF MATHEMATICS 11 (Room 214),unassigned,CAREER LIFE CONNECTIONS (Room 207A),ENGLISH STUDIES 12 (Room 122),unassigned,PHOTOGRAPHY 12 (Room 113),unassigned,FOOD STUDIES 12 (Room 206)
1088,LEARNING STRATEGIES 12 (Room 207A),20th CENTURY WORLD HISTORY 12 (Room 121),ENGLISH FIRST PEOPLES 12 (Room A-6),LAW STUDIES 12 (Room 208),ENVIRONMENTAL SCIENCE 12 - CLI (Room 223),FOOD STUDIES 12 (Room 206),SOCIAL JUSTICE 12 (Room A-3),PHOTOGRAPHY 11 (Room 113)
1089,LAW STUDIES 12 (Room 222),AP COMPUTER SCIENCE A 12 (Room 203),ENGLISH FIRST PEOPLES 12 (Room A-6),PHYSICS 11 (Room 223),ANATOMY AND PHYSIOLOGY 12 (Room 225),DRAMA 12 (Room A-1),PRE-CALCULUS 12 (Room 205A),INTRODUCTORY SPANISH 11 (Room 205A)
1090,ANATOMY AND PHYSIOLOGY 12 (Room 226),unassigned,CAREER LIFE CONNECTIONS (Room 207A),unassigned,CHEMISTRY 12 (Room 226),PRE-CALCULUS 12 (Room 221),ENGLISH STUDIES 12 (Room 123),unassigned
1091,ENGLISH STUDIES 12 (Room A-7),PHYSICS 12 (Room 211),ECONOMICS 12 (Room 208),AP STATISTICS 12 (Room A-3),ACCOUNTING 12 (Room 123),AP CALCULUS AB 12 external cre (Room 220),PRE-CALCULUS 12 (Room 205A),E-COMMERCE 12 (Room 208)
1092,ANATOMY AND PHYSIOLOGY 12 (Room 226),COMPUTER SCIENCE 11 (Room 203),COMPUTER SCIENCE 12 (Room 203),CHEMISTRY 12 (Room 223),ENGLISH FIRST PEOPLES 12 (Room 208),CALCULUS 12 (Room 208),AP PHYSICS C (MECHANICS) 12 ex (Room 216),ECONOMICS 12 (Room 208)
1093,FOUNDATIONS OF MATHEMATICS 11 (Room 214),AUTOMOTIVE TECHNOLOGY 12 (Room 102),ENGLISH FIRST PEOPLES 12 (Room A-6),ACTIVE LIVING 12 (Room Gym),DRAFTING 12 (Room 105),DRAMA 12 (Room A-1),SOCIAL JUSTICE 12 (Room A-3),FOOD STUDIES 12 (Room 206)
1094,COMMUNITY LEADERSHIP 12 (Room 209),ANATOMY AND PHYSIOLOGY 12 (Room 223),ECONOMICS 12 (Room 208),PHYSICS 12 (Room 216),ENGLISH FIRST PEOPLES 12 (Room A-6),CALCULUS 12 (Room 212),CHEMISTRY 12 (Room 223),DRAFTING 12 (Room 105)
1095,ELL Academic Literacy 11 (Room A-2),INSTRUMENTAL MUSIC 12: GUITAR (Room 119),E-COMMERCE 12 (Room 208),ACTIVE LIVING 12 (Room Gym),ENGLISH FIRST PEOPLES 12 Year (Room A-7),PRE-CALCULUS 12 (Room 221),SOCIAL JUSTICE 12 (Room A-3),CAMOSUN COL BUSINESS 12H (Room 208)
1096,FOUNDATIONS OF MATHEMATICS 11 (Room 214),AUTOMOTIVE TECHNOLOGY 12 (Room 102),OUTDOOR EDUCATION 12 (Room Gym),TEXTILES 12 (Room 206),ENVIRONMENTAL SCIENCE 12 - CLI (Room 223),FOOD STUDIES 12 (Room 206),ENGLISH STUDIES 12 (Room 207B),CRIMINOLOGY 12 (Room 123)
1097,FOOD STUDIES 12 (Room 206),ANATOMY AND PHYSIOLOGY 12 (Room 223),OUTDOOR EDUCATION 12 (Room Gym),ENGLISH STUDIES 12 (Room A-6),ENVIRONMENTAL SCIENCE 12 - CLI (Room 223),PHOTOGRAPHY 11 (Room 113),SOCIAL JUSTICE 12 (Room A-3),PRE-CALCULUS 12 (Room 214)
1098,ENGLISH STUDIES 12 (Room A-7),PHYSICS 12 (Room 211),LAW STUDIES 12 (Room A-2),AP STATISTICS 12 (Room A-3),unassigned,PRE-CALCULUS 12 (Room 221),CALCULUS 12 (Room 123),ENTREPRENEURSHIP 12 (Room 122)
1099,CHEMISTRY 11 (Room 225),PHYSICS 12 (Room 211),ENGLISH FIRST PEOPLES 12 (Room A-6),CHEMISTRY 12 (Room 226),ENVIRONMENTAL SCIENCE 12 - CLI (Room 223),CALCULUS 12 (Room 212),COMPUTER SCIENCE 12 (Room 203),ECONOMICS 12 (Room 208)
1100,CHEMISTRY 12 (Room 219),20th CENTURY WORLD HISTORY 12 (Room 121),PRE-CALCULUS 12 (Room 106),PHYSICS 12 (Room 216),PHYSICS 11 (Room 216),ENGLISH STUDIES 12 CHALLENGE (Room 205A),CALCULUS 12 (Room 123),3D ANIMATION 12 (Room 114)
1101,unassigned,ENGLISH STUDIES 12 CHALLENGE (Room A-7),ECONOMICS 12 (Room 208),CHEMISTRY 12 (Room 226),ANATOMY AND PHYSIOLOGY 12 (Room 225),CALCULUS 12 (Room 208),AP PHYSICS C (MECHANICS) 12 ex (Room 216),MARKETING AND PROMOTION 11 (Room 122)
1102,ANATOMY AND PHYSIOLOGY 12 (Room 226),ART STUDIO 12,PRE-CALCULUS 12 (Room 122),unassigned,TEXTILES 12 (Room 206),unassigned,ENGLISH STUDIES 12 (Room 207B),AUTOMOTIVE TECHNOLOGY 12 (Room 102)
1103,unassigned,PHYSICS 12 (Room 211),PRE-CALCULUS 12 (Room 106),CHEMISTRY 12 (Room 223),ANATOMY AND PHYSIOLOGY 12 (Room 225),ENGLISH STUDIES 12 CHALLENGE (Room 205A),CALCULUS 12 (Room 123),unassigned
1104,CHEMISTRY 12 (Room 219),ANATOMY AND PHYSIOLOGY 12 (Room 223),ENGLISH FIRST PEOPLES 12 (Room A-6),unassigned,PHYSICS 11 (Room 216),FOOD STUDIES 12 (Room 206),PRE-CALCULUS 12 (Room 205A),MARKETING AND PROMOTION 11 (Room 122)
1105,CHEMISTRY 12 (Room 219),PHYSICS 12 (Room 227),OUTDOOR EDUCATION 12 (Room Gym),PRE-CALCULUS 12 HONOURS (Room 106),TEXTILES 12 (Room 206),CALCULUS 12 (Room 212),ENGLISH STUDIES 12 (Room 207B),FOOD STUDIES 12 (Room 206)
1106,LIFE SCIENCES 11 (Room 219),ART STUDIO 12,unassigned,SPANISH 12 (Room 123),ANATOMY AND PHYSIOLOGY 12 (Room 225),PHOTOGRAPHY 11 (Room 113),ENGLISH STUDIES 12 (Room 207B),FOOD STUDIES 12 (Room 206)
1107,ENGLISH STUDIES 12 (Room A-7),unassigned,unassigned,PRE-CALCULUS 12 HONOURS (Room 106),CHEMISTRY 12 (Room 226),AP CALCULUS AB 12 external cre (Room 220),AP PHYSICS C (MECHANICS) 12 ex (Room 216),ANATOMY AND PHYSIOLOGY 12 (Room 226)
1108,SPOKEN LANGUAGE 11 (Room A-2),ART STUDIO 12,PRE-CALCULUS 12 (Room 122),CONTEMPORARY INDIGENOUS STUDIE (Room 205B),ENGLISH FIRST PEOPLES 12 Year (Room A-7),unassigned,unassigned,3D ANIMATION 12 (Room 114)
1109,FOUNDATIONS OF MATHEMATICS 11 (Room 214),AUTOMOTIVE TECHNOLOGY 12 (Room 102),unassigned,ACCOUNTING 12 (Room 208),ENGLISH FIRST PEOPLES 12 (Room A-6),FOOD STUDIES 12 (Room 206),unassigned,ENTREPRENEURSHIP 12 (Room 122)
1110,unassigned,unassigned,20th CENTURY WORLD HISTORY 12 (Room 121),ENGLISH STUDIES 12 (Room 122),unassigned,PHOTOGRAPHY 11 (Room 113),unassigned,FRENCH 12 (Room 123)
1111,FOOD STUDIES 12 (Room 206),20th CENTURY WORLD HISTORY 12 (Room 121),LEARNING STRATEGIES 12 (Room 205A),ACCOUNTING 12 (Room 208),MEDIA DESIGN 12 (Room 114),PRE-CALCULUS 12 (Room 221),ENGLISH STUDIES 12 (Room 123),ENTREPRENEURSHIP 12 (Room 122)
1112,EXPLORATIONS IN SOCIAL STUDIES (Room 209),unassigned,LAW STUDIES 12 (Room A-2),SPANISH 11 (Room 123),ENGLISH FIRST PEOPLES 12 Year (Room A-7),SOCIAL JUSTICE 12 (Room 123),FOUNDATIONS OF MATHEMATICS 11 (Room 210),FOOD STUDIES 12 (Room 206)
1113,LAW STUDIES 12 (Room 222),PRE-CALCULUS 11 (Room 106),ENGLISH FIRST PEOPLES 12 (Room A-6),PSYCHOLOGY 11 (Room 207A),ANATOMY AND PHYSIOLOGY 12 (Room 225),PHYSICS 12 (Room 219),CHEMISTRY 12 (Room 223),PRE-CALCULUS 12 (Room 214)
1114,CHEMISTRY 12 (Room 219),PHYSICS 12 (Room 227),unassigned,PRE-CALCULUS 12 HONOURS (Room 106),ANATOMY AND PHYSIOLOGY 12 (Room 225),CALCULUS 12 (Room 212),AP ENGLISH LITERATURE & COMPOS (Room 107),ECONOMICS 12 (Room 208)
1115,PSYCHOLOGY 11 (Room 208),PHYSICS 12 (Room 227),E-COMMERCE 12 (Room 208),ENGLISH STUDIES 12 (Room 122),unassigned,CALCULUS 12 (Room 212),PRE-CALCULUS 12 (Room 205A),CAMOSUN COL BUSINESS 12H (Room 208)
1116,ENGLISH STUDIES 12 (Room A-7),20th CENTURY WORLD HISTORY 12 (Room 121),unassigned,DANCE TECHNIQUE AND PERFORMANC (Room Studio),unassigned,COMPARATIVE CULTURES 12 (Room 107),unassigned,FRENCH 12 (Room 123)
1117,PHYSICAL GEOGRAPHY 12 (Room 207A),ANATOMY AND PHYSIOLOGY 12 (Room 223),ECONOMICS 12 (Room 208),PHYSICS 12 (Room 216),ENGLISH FIRST PEOPLES 12 (Room A-6),CALCULUS 12 (Room 212),AUTOMOTIVE TECHNOLOGY 12 (Room 102),FOOD STUDIES 12 (Room 206)
1118,LAW STUDIES 12 (Room 222),ANATOMY AND PHYSIOLOGY 12 (Room 223),20th CENTURY WORLD HISTORY 12 (Room 121),unassigned,ENGLISH FIRST PEOPLES 12 (Room A-6),COMPARATIVE CULTURES 12 (Room 107),unassigned,FOOD STUDIES 12 (Room 206)
1119,SPOKEN LANGUAGE 11 (Room A-2),LEARNING STRATEGIES 12 (Room 205B),YOGA FOR MINDFULNESS 12 (Room Gym),TEXTILES 12 (Room 206),ENGLISH FIRST PEOPLES 12 Year (Room A-7),unassigned,WORKPLACE MATHEMATICS 11 (Room 222),ACTIVE LIVING 12 Girls (Room Gym)
1120,EXPLORATIONS IN SOCIAL STUDIES (Room 121),WORKPLACE MATHEMATICS 11 (Room 106),ENGLISH FIRST PEOPLES 12 (Room A-6),ENVIRONMENTAL SCIENCE 11 (Room 225),CAREER LIFE EDUCATION 10 (Room 122),FOOD STUDIES 12 (Room 206),unassigned,AUTOMOTIVE TECHNOLOGY 12 (Room 102)
1121,ELL Academic Literacy 11 (Room A-2),CHEMISTRY 12 (Room 223),PRE-CALCULUS 12 (Room 122),PSYCHOLOGY 11 (Room 207A),ENGLISH FIRST PEOPLES 12 Year (Room A-7),ANATOMY AND PHYSIOLOGY 12 (Room 226),SOCIAL JUSTICE 12 (Room A-3),LIFE SCIENCES 11 (Room 226)
1122,CHEMISTRY 12 (Room 219),ENGLISH STUDIES 12 CHALLENGE (Room A-7),LAW STUDIES 12 (Room A-2),PRE-CALCULUS 12 HONOURS (Room 106),unassigned,AP CALCULUS AB 12 external cre (Room 220),AP PHYSICS C (MECHANICS) 12 ex (Room 216),ENTREPRENEURSHIP 12 (Room 122)
1123,LAW STUDIES 12 (Room A-2),ANATOMY AND PHYSIOLOGY 12 (Room 223),ECONOMICS 12 (Room 208),CHEMISTRY 11 (Room 227),ENGLISH FIRST PEOPLES 12 (Room A-6),PRE-CALCULUS 12 (Room 221),CHEMISTRY 12 (Room 223),LIFE SCIENCES 11 (Room 226)
1124,ENGLISH STUDIES 12 (Room A-7),CHEMISTRY 12 (Room 223),OUTDOOR EDUCATION 12 (Room Gym),PHYSICS 12 (Room 216),ANATOMY AND PHYSIOLOGY 12 (Room 225),CALCULUS 12 (Room 208),PRE-CALCULUS 12 (Room 205A),LIFE SCIENCES 11 (Room 226)
1125,unassigned,PHYSICS 12 (Room 227),ENGLISH FIRST PEOPLES 12 (Room A-6),CHEMISTRY 12 (Room 226),ANATOMY AND PHYSIOLOGY 12 (Room 225),PRE-CALCULUS 12 (Room 221),CALCULUS 12 (Room 123),unassigned
1126,LIFE SCIENCES 11 (Room 219),ANATOMY AND PHYSIOLOGY 12 (Room 223),20th CENTURY WORLD HISTORY 12 (Room 121),PSYCHOLOGY 11 (Room 207A),TEXTILES 12 (Room 206),FOOD STUDIES 12 (Room 206),ENGLISH STUDIES 12 (Room 207B),PHOTOGRAPHY 11 (Room 113)
1127,ANATOMY AND PHYSIOLOGY 12 (Room 226),ART STUDIO 12,PRE-CALCULUS 12 (Room 205B),PHYSICS 12 (Room 216),CHEMISTRY 12 (Room 226),CALCULUS 12 (Room 208),AP ENGLISH LITERATURE & COMPOS (Room 107),unassigned
1128,FOOD STUDIES 12 (Room 206),CHEMISTRY 12 (Room 223),PRE-CALCULUS 12 (Room 106),PHYSICS 12 (Room 216),LIFE SCIENCES 11 (Room 227),SOCIAL JUSTICE 12 (Room 123),ENGLISH STUDIES 12 (Room 123),ANATOMY AND PHYSIOLOGY 12 (Room 226)
1129,PHYSICAL GEOGRAPHY 12 (Room 207A),20th CENTURY WORLD HISTORY 12 (Room 121),PRE-CALCULUS 12 (Room 106),PSYCHOLOGY 11 (Room 207A),ANATOMY AND PHYSIOLOGY 12 (Room 225),PHYSICS 12 (Room 219),ENGLISH STUDIES 12 (Room 207B),ACTIVE LIVING 12 Girls (Room Gym)
1130,PHYSICAL GEOGRAPHY 12 (Room 207A),PHYSICS 12 (Room 211),unassigned,CHEMISTRY 12 (Room 226),unassigned,CALCULUS 12 (Room 208),AP ENGLISH LITERATURE & COMPOS (Room 107),PRE-CALCULUS 12 (Room 214)
1131,ENGLISH STUDIES 12 (Room A-7),ANATOMY AND PHYSIOLOGY 12 (Room 223),COMPUTER SCIENCE 11 (Room 203),LAW STUDIES 12 (Room 208),unassigned,CALCULUS 12 (Room 208),PRE-CALCULUS 12 (Room 205A),unassigned
1132,LAW STUDIES 12 (Room A-2),PHYSICS 12 (Room 227),ECONOMICS 12 (Room 208),PRE-CALCULUS 12 HONOURS (Room 106),unassigned,ENGLISH STUDIES 12 CHALLENGE (Room 205A),unassigned,ENTREPRENEURSHIP 12 (Room 122)
1133,FOOD STUDIES 12 (Room 206),PHYSICS 12 (Room 211),unassigned,PRE-CALCULUS 12 HONOURS (Room 106),unassigned,LITERARY STUDIES 12 (Room 122),AP ENGLISH LITERATURE & COMPOS (Room 107),unassigned
1134,unassigned,ROBOTICS 12 (Room 104),PRE-CALCULUS 12 (Room 205B),ENGLISH STUDIES 12 (Room A-6),CHEMISTRY 12 (Room 226),CALCULUS 12 (Room 212),AP PHYSICS C (MECHANICS) 12 ex (Room 216),ENGINEERING 12
1135,FOOD STUDIES 12 (Room 206),unassigned,COMPUTER PROGRAMMING 11 AI and (Room 203),ENGLISH STUDIES 12 (Room A-6),unassigned,WOODWORK 12 (Room 101),AUTOMOTIVE TECHNOLOGY 12 (Room 102),ENGINE AND DRIVETRAIN 12 (Room 102)
1136,ANATOMY AND PHYSIOLOGY 12 (Room 226),20th CENTURY WORLD HISTORY 12 (Room 121),ECONOMICS 12 (Room 208),unassigned,ENGLISH FIRST PEOPLES 12 (Room A-6),SOCIAL JUSTICE 12 (Room 123),PRE-CALCULUS 12 (Room 205A),PHOTOGRAPHY 12 (Room 113)
1137,LAW STUDIES 12 (Room A-2),unassigned,CAMOSUN COL BUSINESS 12H (Room 208),ACCOUNTING 12 (Room 208),ENGLISH FIRST PEOPLES 12 (Room A-6),CALCULUS 12 (Room 212),PRE-CALCULUS 12 (Room 205A),E-COMMERCE 12 (Room 208)
1138,LAW STUDIES 12 (Room 222),PHYSICS 12 (Room 211),PHYSICS 11 (Room 211),ENGLISH STUDIES 12 (Room A-6),CHEMISTRY 12 (Room 226),SOCIAL JUSTICE 12 (Room 123),CALCULUS 12 (Room 123),PRE-CALCULUS 12 (Room 214)
1139,CHEMISTRY 12 (Room 219),unassigned,unassigned,PRE-CALCULUS 12 HONOURS (Room 106),unassigned,CALCULUS 12 (Room 208),AP ENGLISH LITERATURE & COMPOS (Room 107),ENGINEERING 12
1140,FOOD STUDIES 12 (Room 206),unassigned,ENGLISH FIRST PEOPLES 12 (Room A-6),ACTIVE LIVING 12 (Room Gym),CROSS TRAINING 12 (Room Gym),DRAMA 12 (Room A-1),unassigned,unassigned
1141,COMMUNITY LEADERSHIP 12 (Room 209),ENGLISH STUDIES 12 CHALLENGE (Room A-7),PRE-CALCULUS 12 (Room 106),SPANISH 12 (Room 123),ENVIRONMENTAL SCIENCE 12 - CLI (Room 223),AP CALCULUS AB 12 external cre (Room 220),unassigned,ECONOMICS 12 (Room 208)
1142,unassigned,ANATOMY AND PHYSIOLOGY 12 (Room 223),E-COMMERCE 12 (Room 208),ACCOUNTING 12 (Room 208),ENGLISH FIRST PEOPLES 12 (Room 208),PRE-CALCULUS 11 (Room 210),PRE-CALCULUS 12 (Room 205A),CAMOSUN COL BUSINESS 12H (Room 208)
1143,unassigned,ENGINE AND DRIVETRAIN 12 (Room 102),ACTIVE LIVING 12 (Room Gym),ROBOTICS 12 (Room 104),CROSS TRAINING 12 (Room Gym),FOOD STUDIES 12 (Room 206),ENGLISH STUDIES 12 (Room 207B),AUTOMOTIVE TECHNOLOGY 12 (Room 102)
1144,ENGINEERING 12,unassigned,PRE-CALCULUS 12 (Room 205B),PHYSICS 12 (Room 216),ENGLISH FIRST PEOPLES 12 (Room A-6),AP CALCULUS AB 12 external cre (Room 220),CHEMISTRY 12 (Room 223),DRAFTING 12 (Room 105)
1145,PHYSICAL GEOGRAPHY 12 (Room 207A),PHYSICS 12 (Room 227),ENGLISH FIRST PEOPLES 12 (Room A-6),CHEMISTRY 11 (Room 219),ENVIRONMENTAL SCIENCE 12 - CLI (Room 223),CALCULUS 12 (Room 212),CHEMISTRY 12 (Room 223),ANATOMY AND PHYSIOLOGY 12 (Room 226)
1146,FOOD STUDIES 12 (Room 206),LEARNING STRATEGIES 12 (Room 205B),ENVIRONMENTAL SCIENCE 11 (Room 219),DANCE FOUNDATIONS 12 (Room Studio),ENGLISH FIRST PEOPLES 12 (Room 208),DRAMA 12 (Room A-1),SOCIAL JUSTICE 12 (Room A-3),unassigned
1147,ANATOMY AND PHYSIOLOGY 12 (Room 226),ENGINE AND DRIVETRAIN 12 (Room 102),20th CENTURY WORLD HISTORY 12 (Room 121),TEXTILES 12 (Room 206),ENVIRONMENTAL SCIENCE 12 - CLI (Room 223),COMPARATIVE CULTURES 12 (Room 107),ENGLISH STUDIES 12 (Room 207B),AUTOMOTIVE TECHNOLOGY 12 (Room 102)
1148,CONTEMPORARY INDIGENOUS STUDIE (Room 205A),AUTOMOTIVE TECHNOLOGY 12 (Room 102),PRE-CALCULUS 12 (Room 205B),CHEMISTRY 12 (Room 223),ENGLISH FIRST PEOPLES 12 (Room A-6),SOCIAL JUSTICE 12 (Room 123),CALCULUS 12 (Room 123),DANCE CONDITIONING 12
1149,PSYCHOLOGY 11 (Room 208),ANATOMY AND PHYSIOLOGY 12 (Room 223),unassigned,ENGLISH STUDIES 12 (Room 122),CHEMISTRY 12 (Room 226),unassigned,SOCIAL JUSTICE 12 (Room A-3),FOOD STUDIES 12 (Room 206)
1150,LAW STUDIES 12 (Room 222),ART STUDIO 12,PRE-CALCULUS 12 (Room 205B),CHEMISTRY 12 (Room 226),CHEMISTRY 11 (Room 223),CALCULUS 12 (Room 212),unassigned,FOOD STUDIES 12 (Room 206)
1151,unassigned,unassigned,CAREER LIFE CONNECTIONS (Room 207A),unassigned,ENGLISH FIRST PEOPLES 12 (Room 208),ANATOMY AND PHYSIOLOGY 12 (Room 226),unassigned,INTRODUCTORY SPANISH 11 (Room 205A)
1152,CRIMINOLOGY 12 (Room 207B),LEARNING STRATEGIES 12 (Room 205B),PRE-CALCULUS 12 (Room 205B),LAW STUDIES 12 (Room 208),ENGLISH FIRST PEOPLES 12 (Room 208),unassigned,AUTOMOTIVE TECHNOLOGY 12 (Room 102),ANATOMY AND PHYSIOLOGY 12 (Room 226)
1153,unassigned,unassigned,unassigned,ENGLISH STUDIES 12 (Room 122),ENVIRONMENTAL SCIENCE 12 - CLI (Room 223),PRE-CALCULUS 11 (Room 210),PRE-CALCULUS 12 (Room 205A),ECONOMICS 12 (Room 208)
1154,PHYSICAL GEOGRAPHY 12 (Room 207A),unassigned,20th CENTURY WORLD HISTORY 12 (Room 121),ENGLISH STUDIES 12 (Room A-6),ACCOUNTING 12 (Room 123),CALCULUS 12 (Room 208),unassigned,PRE-CALCULUS 12 (Room 214)
1155,CONTEMPORARY INDIGENOUS STUDIE (Room 205A),unassigned,ENGLISH FIRST PEOPLES 12 (Room A-6),SPANISH 12 (Room 123),CRIMINOLOGY 12 (Room 207B),PSYCHOLOGY 11 (Room A-2),SOCIAL JUSTICE 12 (Room A-3),unassigned
1156,LAW STUDIES 12 (Room 222),unassigned,YOGA FOR MINDFULNESS 12 (Room Gym),ENGLISH STUDIES 12 (Room A-6),TEXTILES 12 (Room 206),COMPARATIVE CULTURES 12 (Room 107),SOCIAL JUSTICE 12 (Room A-3),FOOD STUDIES 12 (Room 206)
1157,unassigned,unassigned,PRE-CALCULUS 12 (Room 205B),PHYSICS 12 (Room 216),CHEMISTRY 12 (Room 226),CALCULUS 12 (Room 208),AP ENGLISH LITERATURE & COMPOS (Room 107),AUTOMOTIVE TECHNOLOGY 12 (Room 102)
1158,PHYSICAL GEOGRAPHY 12 (Room 207A),unassigned,MEDIA DESIGN 12 (Room 114),unassigned,ART STUDIO 12,LITERARY STUDIES 12 (Room 122),SOCIAL JUSTICE 12 (Room A-3),unassigned
1159,FOOD STUDIES 12 (Room 206),WORKPLACE MATHEMATICS 11 (Room 106),unassigned,ROBOTICS 12 (Room 104),ENGLISH FIRST PEOPLES 12 (Room A-6),DRAMA 12 (Room A-1),unassigned,3D ANIMATION 12 (Room 114)
1160,ANATOMY AND PHYSIOLOGY 12 (Room 226),CHEMISTRY 12 (Room 223),ENGLISH FIRST PEOPLES 12 (Room A-6),PHYSICS 11 (Room 223),unassigned,PRE-CALCULUS 12 (Room 221),AUTOMOTIVE TECHNOLOGY 12 (Room 102),WOODWORK 12 (Room 101)
1161,EXPLORATIONS IN SOCIAL STUDIES (Room 209),COMPOSITION 11 (Room 122),ACTIVE LIVING 12 (Room Gym),SPANISH 12 (Room 123),ENGLISH FIRST PEOPLES 12 (Room A-6),unassigned,CAREER LIFE EDUCATION 10 (Room A-3),LIFE SCIENCES 11 (Room 223)
1162,ENGLISH STUDIES 12 (Room A-7),20th CENTURY WORLD HISTORY 12 (Room 121),E-COMMERCE 12 (Room 208),ACTIVE LIVING 12 (Room Gym),unassigned,COMPARATIVE CULTURES 12 (Room 107),PRE-CALCULUS 12 (Room 205A),CAMOSUN COL BUSINESS 12H (Room 208)
1163,ANATOMY AND PHYSIOLOGY 12 (Room 226),unassigned,PRE-CALCULUS 12 (Room 122),CHEMISTRY 12 (Room 223),unassigned,CALCULUS 12 (Room 208),ENGLISH STUDIES 12 (Room 123),unassigned
1164,unassigned,ENGLISH STUDIES 12 CHALLENGE (Room A-7),PRE-CALCULUS 12 (Room 205B),PHYSICS 12 (Room 216),CHEMISTRY 12 (Room 226),CALCULUS 12 (Room 212),AUTOMOTIVE TECHNOLOGY 12 (Room 102),ENGINEERING 12
1165,FOOD STUDIES 12 (Room 206),unassigned,CAREER LIFE CONNECTIONS (Room 207A),unassigned,ENGLISH FIRST PEOPLES 12 (Room 208),SOCIAL JUSTICE 12 (Room 123),unassigned,unassigned
1166,CHEMISTRY 12 (Room 219),COMPUTER SCIENCE 11 (Room 203),OUTDOOR EDUCATION 12 (Room Gym),ENGLISH STUDIES 12 (Room A-6),DRAFTING 12 (Room 105),AP CALCULUS AB 12 external cre (Room 220),AP PHYSICS C (MECHANICS) 12 ex (Room 216),AUTOMOTIVE TECHNOLOGY 12 (Room 102)
1167,unassigned,LEARNING STRATEGIES 12 (Room 205B),ACTIVE LIVING 12 (Room Gym),PSYCHOLOGY 11 (Room 207A),CRIMINOLOGY 12 (Room 207B),FOOD STUDIES 12 (Room 206),ENGLISH STUDIES 12 (Room 123),unassigned
1168,ENGLISH STUDIES 12 (Room A-7),unassigned,PRE-CALCULUS 12 (Room 122),PHYSICS 12 (Room 216),CHEMISTRY 12 (Room 226),FOOD STUDIES 12 (Room 206),CALCULUS 12 (Room 123),unassigned
1169,CHEMISTRY 12 (Room 219),COMPUTER SCIENCE 12 (Room 203),unassigned,ACCOUNTING 12 (Room 208),ENGLISH FIRST PEOPLES 12 (Room 208),unassigned,AP PHYSICS C (MECHANICS) 12 ex (Room 216),3D ANIMATION 12 (Room 114)
1170,ENGINEERING 12,DRAFTING 12 (Room 105),unassigned,ROBOTICS 12 (Room 104),CHEMISTRY 12 (Room 226),unassigned,ENGLISH STUDIES 12 (Room 207B),CRIMINOLOGY 12 (Room 123)
1171,CHEMISTRY 11 (Room 225),COMPOSITION 11 (Room 205A),LEARNING STRATEGIES 12 (Room 207B),CONTEMPORARY INDIGENOUS STUDIE (Room 205B),LIFE SCIENCES 11 (Room 227),DRAMA 12 (Room A-1),ENGLISH STUDIES 12 (Room 123),PRE-CALCULUS 11 (Room 106)
1172,CHEMISTRY 12 (Room 219),unassigned,PHYSICS 11 (Room 216),TEXTILES 12 (Room 206),ENVIRONMENTAL SCIENCE 12 - CLI (Room 223),CALCULUS 12 (Room 208),AP ENGLISH LITERATURE & COMPOS (Room 107),PRE-CALCULUS 12 (Room 214)
1173,CHEMISTRY 12 (Room 219),PHYSICS 12 (Room 211),ENGLISH FIRST PEOPLES 12 (Room A-6),ACTIVE LIVING 12 (Room Gym),ACCOUNTING 11 (Room 123),CALCULUS 12 (Room 212),AUTOMOTIVE TECHNOLOGY 12 (Room 102),PRE-CALCULUS 12 (Room 214)
1174,ENGLISH STUDIES 12 (Room A-7),20th CENTURY WORLD HISTORY 12 (Room 121),PRE-CALCULUS 12 (Room 106),PHYSICS 12 (Room 216),PHYSICS 11 (Room 216),CALCULUS 12 (Room 208),SOCIAL JUSTICE 12 (Room A-3),ENGINEERING 12
1175,unassigned,unassigned,20th CENTURY WORLD HISTORY 12 (Room 121),ENGLISH STUDIES 12 (Room 122),ART STUDIO 12,unassigned,unassigned,PHOTOGRAPHY 11 (Room 113)
1176,LAW STUDIES 12 (Room 222),ANATOMY AND PHYSIOLOGY 12 (Room 223),PRE-CALCULUS 12 (Room 205B),PHYSICS 12 (Room 216),ENGLISH FIRST PEOPLES 12 (Room 208),CALCULUS 12 (Room 212),CHEMISTRY 12 (Room 223),unassigned
1177,LAW STUDIES 12 (Room A-2),CHEMISTRY 12 (Room 223),PRE-CALCULUS 12 (Room 205B),ENGLISH STUDIES 12 (Room 122),unassigned,COMPARATIVE CULTURES 12 (Room 107),SOCIAL JUSTICE 12 (Room A-3),ECONOMICS 12 (Room 208)
1178,ANATOMY AND PHYSIOLOGY 12 (Room 226),PHYSICS 12 (Room 211),PRE-CALCULUS 12 (Room 122),CHEMISTRY 12 (Room 223),TEXTILES 12 (Room 206),CALCULUS 12 (Room 212),ENGLISH STUDIES 12 (Room 207B),unassigned
1179,PSYCHOLOGY 11 (Room 208),unassigned,ECONOMICS 12 (Room 208),DANCE TECHNIQUE AND PERFORMANC (Room Studio),ENGLISH FIRST PEOPLES 12 (Room 208),COMPARATIVE CULTURES 12 (Room 107),FOUNDATIONS OF MATHEMATICS 11 (Room 210),FOOD STUDIES 12 (Room 206)
1180,unassigned,PHYSICS 12 (Room 227),unassigned,SPANISH 12 (Room 123),unassigned,PRE-CALCULUS 12 (Room 221),ENGLISH STUDIES 12 (Room 207B),unassigned
1181,CONTEMPORARY INDIGENOUS STUDIE (Room 205A),20th CENTURY WORLD HISTORY 12 (Room 121),ENVIRONMENTAL SCIENCE 11 (Room 219),ENGLISH STUDIES 12 (Room A-6),ART STUDIO 12,PSYCHOLOGY 11 (Room A-2),FOUNDATIONS OF MATHEMATICS 11 (Room 210),unassigned
1182,unassigned,CHEMISTRY 12 (Room 223),PRE-CALCULUS 12 (Room 205B),unassigned,PHYSICS 11 (Room 216),CALCULUS 12 (Room 208),ENGLISH STUDIES 12 (Room 123),unassigned
1183,ENGLISH STUDIES 12 (Room A-7),CHEMISTRY 12 (Room 223),YOGA FOR MINDFULNESS 12 (Room Gym),unassigned,unassigned,CALCULUS 12 (Room 208),PRE-CALCULUS 12 (Room 205A),DANCE CONDITIONING 12
1184,EXPLORATIONS IN SOCIAL STUDIES (Room 121),AUTOMOTIVE TECHNOLOGY 12 (Room 102),ENVIRONMENTAL SCIENCE 11 (Room 219),ENGLISH STUDIES 12 (Room A-6),CROSS TRAINING 12 (Room Gym),unassigned,unassigned,unassigned
1185,unassigned,unassigned,unassigned,DANCE FOUNDATIONS 11 (Room Studio),unassigned,PRE-CALCULUS 11 (Room 210),COMPOSITION 11 (Room A-2),FOOD STUDIES 11 (Room 206)
1186,FOOD STUDIES 12 (Room 206),20th CENTURY WORLD HISTORY 12 (Room 121),ENGLISH FIRST PEOPLES 12 (Room A-6),PHYSICS 11 (Room 223),ENVIRONMENTAL SCIENCE 12 - CLI (Room 223),DRAMA 12 (Room A-1),PRE-CALCULUS 12 (Room 205A),DRAFTING 12 (Room 105)
1187,EXPLORATIONS IN SOCIAL STUDIES (Room 121),INSTRUMENTAL MUSIC 12: GUITAR (Room 119),CAREER LIFE CONNECTIONS (Room 207A),unassigned,ENGLISH FIRST PEOPLES 12 (Room 208),unassigned,unassigned,FOOD STUDIES 12 (Room 206)
1188,LAW STUDIES 12 (Room 222),PHYSICS 12 (Room 211),PRE-CALCULUS 12 (Room 122),CHEMISTRY 12 (Room 223),ENGLISH FIRST PEOPLES 12 (Room A-6),CALCULUS 12 (Room 208),unassigned,unassigned
1189,ENGLISH STUDIES 12 (Room A-7),20th CENTURY WORLD HISTORY 12 (Room 121),PRE-CALCULUS 12 (Room 106),LAW STUDIES 12 (Room 208),CHEMISTRY 12 (Room 226),PSYCHOLOGY 11 (Room A-2),ENGINE AND DRIVETRAIN 12 (Room 102),AUTOMOTIVE TECHNOLOGY 12 (Room 102)
1190,CRIMINOLOGY 12 (Room 207B),ANATOMY AND PHYSIOLOGY 12 (Room 223),20th CENTURY WORLD HISTORY 12 (Room 121),ACTIVE LIVING 12 (Room Gym),ENVIRONMENTAL SCIENCE 12 - CLI (Room 223),PRE-CALCULUS 12 (Room 221),ENGLISH STUDIES 12 (Room 207B),FOOD STUDIES 12 (Room 206)
1191,LAW STUDIES 12 (Room 222),AUTOMOTIVE TECHNOLOGY 12 (Room 102),ENGLISH FIRST PEOPLES 12 (Room A-6),ENVIRONMENTAL SCIENCE 11 (Room 225),CAREER LIFE EDUCATION 10 (Room 123),PHOTOGRAPHY 11 (Room 113),unassigned,unassigned
1192,FOOD STUDIES 12 (Room 206),ART STUDIO 12,unassigned,PSYCHOLOGY 11 (Room 207A),unassigned,DRAMA 12 (Room A-1),ENGLISH STUDIES 12 (Room 123),INTRODUCTORY SPANISH 11 (Room 205A)
1193,FOOD STUDIES 12 (Room 206),CHEMISTRY 12 (Room 223),PHYSICS 11 (Room 211),ENGLISH STUDIES 12 (Room 122),ANATOMY AND PHYSIOLOGY 12 (Room 225),CALCULUS 12 (Room 212),SOCIAL JUSTICE 12 (Room A-3),PRE-CALCULUS 12 (Room 214)
1194,unassigned,ANATOMY AND PHYSIOLOGY 12 (Room 223),PRE-CALCULUS 12 (Room 106),ENGLISH STUDIES 12 (Room A-6),unassigned,unassigned,unassigned,ENGINEERING 12
1195,CRIMINOLOGY 12 (Room 207B),20th CENTURY WORLD HISTORY 12 (Room 121),PRE-CALCULUS 12 (Room 122),unassigned,ENGLISH FIRST PEOPLES 12 Year (Room A-7),COMPARATIVE CULTURES 12 (Room 107),SOCIAL JUSTICE 12 (Room A-3),DANCE CONDITIONING 12
1196,ELL Academic Literacy 11 (Room A-2),PHYSICS 12 (Room 227),MEDIA DESIGN 12 (Room 114),LAW STUDIES 12 (Room 208),ENGLISH FIRST PEOPLES 12 Year (Room A-7),PRE-CALCULUS 12 (Room 221),COMPUTER PROGRAMMING 12 AI and (Room 203),ENGINEERING 12
1197,FOOD STUDIES 12 (Room 206),CHEMISTRY 12 (Room 223),ENGLISH FIRST PEOPLES 12 (Room A-6),DANCE TECHNIQUE AND PERFORMANC (Room Studio),ANATOMY AND PHYSIOLOGY 12 (Room 225),PHYSICS 12 (Room 219),CALCULUS 12 (Room 123),PRE-CALCULUS 12 (Room 214)
1198,ANATOMY AND PHYSIOLOGY 12 (Room 226),unassigned,YOGA FOR MINDFULNESS 12 (Room Gym),ENGLISH STUDIES 12 (Room A-6),ENVIRONMENTAL SCIENCE 12 - CLI (Room 223),SOCIAL JUSTICE 12 (Room 123),unassigned,DANCE CONDITIONING 12
1199,CRIMINOLOGY 12 (Room 207B),unassigned,CAMOSUN COL BUSINESS 12H (Room 208),CHEMISTRY 12 (Room 226),ENGLISH FIRST PEOPLES 12 (Room 208),PRE-CALCULUS 12 (Room 221),AUTOMOTIVE TECHNOLOGY 12 (Room 102),E-COMMERCE 12 (Room 208)
1200,ENGLISH STUDIES 12 (Room A-7),unassigned,unassigned,AP STATISTICS 12 (Room A-3),ACCOUNTING 12 (Room 123),PHYSICS 12 (Room 219),CHEMISTRY 12 (Room 223),INTRODUCTORY SPANISH 11 (Room 205A)
1201,CHEMISTRY 11 (Room 225),PHYSICS 12 (Room 227),PRE-CALCULUS 12 (Room 122),ACTIVE LIVING 12 (Room Gym),ENGLISH FIRST PEOPLES 12 (Room A-6),ANATOMY AND PHYSIOLOGY 12 (Room 226),unassigned,unassigned
1202,SPANISH 11 (Room 207B),CHEMISTRY 12 (Room 223),PRE-CALCULUS 12 (Room 122),TEXTILES 12 (Room 206),CHEMISTRY 11 (Room 223),ANATOMY AND PHYSIOLOGY 12 (Room 226),ENGLISH STUDIES 12 (Room 123),INTRODUCTORY SPANISH 11 (Room 205A)
1203,ENGLISH STUDIES 12 (Room A-7),WORKPLACE MATHEMATICS 11 (Room 106),20th CENTURY WORLD HISTORY 12 (Room 121),LAW STUDIES 12 (Room 208),TEXTILES 12 (Room 206),DRAMA 12 (Room A-1),FOUNDATIONS OF MATHEMATICS 11 (Room 210),unassigned
1204,ANATOMY AND PHYSIOLOGY 12 (Room 226),unassigned,OUTDOOR EDUCATION 12 (Room Gym),CHEMISTRY 12 (Room 226),ENGLISH FIRST PEOPLES 12 (Room 208),FOOD STUDIES 12 (Room 206),PRE-CALCULUS 12 (Room 205A),unassigned
1205,ENGINEERING 12,DRAFTING 12 (Room 105),COMPUTER PROGRAMMING 11 AI and (Room 203),PHYSICS 12 (Room 216),ENGLISH FIRST PEOPLES 12 (Room 208),CALCULUS 12 (Room 212),COMPUTER SCIENCE 12 (Room 203),PRE-CALCULUS 12 (Room 214)
1206,CHEMISTRY 12 (Room 219),AP COMPUTER SCIENCE A 12 (Room 203),unassigned,PRE-CALCULUS 12 HONOURS (Room 106),ANATOMY AND PHYSIOLOGY 12 (Room 225),ENGLISH STUDIES 12 CHALLENGE (Room 205A),CALCULUS 12 (Room 123),ECONOMICS 12 (Room 208)
1207,SPANISH 12 (Room 207B),unassigned,LAW STUDIES 12 (Room A-2),DANCE TECHNIQUE AND PERFORMANC (Room Studio),CRIMINOLOGY 12 (Room 207B),COMPARATIVE CULTURES 12 (Room 107),ENGLISH STUDIES 12 (Room 207B),FRENCH 12 (Room 123)
1208,LAW STUDIES 12 (Room 222),PHYSICS 12 (Room 227),ECONOMICS 12 (Room 208),PRE-CALCULUS 12 HONOURS (Room 106),CHEMISTRY 12 (Room 226),ENGLISH STUDIES 12 CHALLENGE (Room 205A),unassigned,DRAFTING 12 (Room 105)
1209,unassigned,unassigned,PRE-CALCULUS 12 (Room 122),CHEMISTRY 12 (Room 223),ANATOMY AND PHYSIOLOGY 12 (Room 225),LITERARY STUDIES 12 (Room 122),CALCULUS 12 (Room 123),unassigned
1210,unassigned,unassigned,ENGLISH FIRST PEOPLES 12 (Room A-6),DANCE FOUNDATIONS 12 (Room Studio),ENVIRONMENTAL SCIENCE 12 - CLI (Room 223),PRE-CALCULUS 12 (Room 221),unassigned,INTRODUCTORY SPANISH 11 (Room 205A)
1211,ENGINEERING 12,ENGLISH STUDIES 12 CHALLENGE (Room A-7),COMPUTER SCIENCE 12 (Room 203),PHYSICS 12 (Room 216),ANATOMY AND PHYSIOLOGY 12 (Room 225),CALCULUS 12 (Room 208),CHEMISTRY 12 (Room 223),LIFE SCIENCES 11 (Room 223)
1212,CRIMINOLOGY 12 (Room 207B),AUTOMOTIVE TECHNOLOGY 12 (Room 102),ENGLISH FIRST PEOPLES 12 (Room A-6),ACTIVE LIVING 12 (Room Gym),CROSS TRAINING 12 (Room Gym),PSYCHOLOGY 11 (Room A-2),FOUNDATIONS OF MATHEMATICS 11 (Room 210),FOOD STUDIES 12 (Room 206)
1213,CHEMISTRY 11 (Room 225),ENGINE AND DRIVETRAIN 12 (Room 102),ENGLISH FIRST PEOPLES 12 (Room A-6),PHYSICS 12 (Room 216),CHEMISTRY 12 (Room 226),CALCULUS 12 (Room 212),AUTOMOTIVE TECHNOLOGY 12 (Room 102),ENGINEERING 12
1214,ANATOMY AND PHYSIOLOGY 12 (Room 226),unassigned,PRE-CALCULUS 12 (Room 205B),LAW STUDIES 12 (Room 208),CHEMISTRY 12 (Room 226),LITERARY STUDIES 12 (Room 122),CALCULUS 12 (Room 123),unassigned
1215,CHEMISTRY 12 (Room 219),ANATOMY AND PHYSIOLOGY 12 (Room 223),unassigned,PSYCHOLOGY 11 (Room 207A),ENGLISH FIRST PEOPLES 12 (Room A-6),unassigned,ENGLISH STUDIES 12 (Room 123),unassigned
1216,ENGLISH STUDIES 12 (Room A-7),PHYSICS 12 (Room 227),unassigned,PRE-CALCULUS 12 HONOURS (Room 106),ACCOUNTING 11 (Room 123),AP CALCULUS AB 12 external cre (Room 220),CHEMISTRY 12 (Room 223),unassigned
1217,ENGLISH STUDIES 12 (Room A-7),ROBOTICS 12 (Room 104),PRE-CALCULUS 12 (Room 106),AP STATISTICS 12 (Room A-3),CHEMISTRY 12 (Room 226),CALCULUS 12 (Room 208),AP PHYSICS C (MECHANICS) 12 ex (Room 216),unassigned
1218,LIFE SCIENCES 11 (Room 219),unassigned,OUTDOOR EDUCATION 12 (Room Gym),PSYCHOLOGY 11 (Room 207A),unassigned,unassigned,unassigned,FRENCH 12 (Room 123)
1219,PSYCHOLOGY 11 (Room 208),CHEMISTRY 12 (Room 223),PRE-CALCULUS 12 (Room 205B),SPANISH 12 (Room 123),unassigned,LITERARY STUDIES 12 (Room 122),AP ENGLISH LITERATURE & COMPOS (Room 107),ANATOMY AND PHYSIOLOGY 12 (Room 226)
1220,ANATOMY AND PHYSIOLOGY 12 (Room 226),INSTRUMENTAL MUSIC 12: GUITAR (Room 119),unassigned,PHYSICS 12 (Room 216),ENGLISH FIRST PEOPLES 12 (Room 208),CALCULUS 12 (Room 212),CHEMISTRY 12 (Room 223),FOOD STUDIES 12 (Room 206)
1221,FOOD STUDIES 12 (Room 206),PHYSICS 12 (Room 227),unassigned,PRE-CALCULUS 12 HONOURS (Room 106),TEXTILES 12 (Room 206),ENGLISH STUDIES 12 CHALLENGE (Room 205A),CHEMISTRY 12 (Room 223),DRAFTING 12 (Room 105)
1222,ENGLISH STUDIES 12 (Room A-7),unassigned,MEDIA DESIGN 12 (Room 114),CHEMISTRY 11 (Room 219),CRIMINOLOGY 12 (Room 207B),CALCULUS 12 (Room 212),AP PHYSICS C (MECHANICS) 12 ex (Room 216),PRE-CALCULUS 12 (Room 214)
1223,PHYSICAL GEOGRAPHY 12 (Room 207A),CHEMISTRY 12 (Room 223),PRE-CALCULUS 12 (Room 205B),ENGLISH STUDIES 12 (Room 122),ANATOMY AND PHYSIOLOGY 12 (Room 225),DRAMA 12 (Room A-1),CALCULUS 12 (Room 123),FOOD STUDIES 12 (Room 206)
1224,ENGLISH STUDIES 12 (Room A-7),PHYSICS 12 (Room 211),PRE-CALCULUS 12 (Room 106),SPANISH 12 (Room 123),ART STUDIO 12,CALCULUS 12 (Room 208),CHEMISTRY 12 (Room 223),ANATOMY AND PHYSIOLOGY 12 (Room 226)
1225,ELL Academic Literacy 11 (Room A-2),ART STUDIO 12,unassigned,DANCE TECHNIQUE AND PERFORMANC (Room Studio),ENGLISH FIRST PEOPLES 12 Year (Room A-7),ANATOMY AND PHYSIOLOGY 12 (Room 226),unassigned,FOOD STUDIES 12 (Room 206)
1226,LIFE SCIENCES 11 (Room 219),PHYSICS 12 (Room 211),PRE-CALCULUS 12 (Room 205B),AP STATISTICS 12 (Room A-3),unassigned,CALCULUS 12 (Room 212),AP ENGLISH LITERATURE & COMPOS (Room 107),unassigned
1227,LIFE SCIENCES 11 (Room 219),unassigned,unassigned,ENGLISH STUDIES 12 (Room 122),ART STUDIO 12,PRE-CALCULUS 11 (Room 210),unassigned,unassigned
1228,PSYCHOLOGY 11 (Room 208),PHYSICS 12 (Room 227),unassigned,PRE-CALCULUS 12 HONOURS (Room 106),CHEMISTRY 12 (Room 226),LITERARY STUDIES 12 (Room 122),CALCULUS 12 (Room 123),AUTOMOTIVE TECHNOLOGY 12 (Room 102)
1229,unassigned,unassigned,PRE-CALCULUS 12 (Room 205B),SPANISH 12 (Room 123),CHEMISTRY 12 (Room 226),PHYSICS 12 (Room 219),ENGLISH STUDIES 12 (Room 207B),ANATOMY AND PHYSIOLOGY 12 (Room 226)
1230,FOOD STUDIES 12 (Room 206),LEARNING STRATEGIES 12 (Room 205B),unassigned,LAW STUDIES 12 (Room 208),unassigned,SOCIAL JUSTICE 12 (Room 123),ENGLISH STUDIES 12 (Room 207B),PHOTOGRAPHY 11 (Room 113)
1231,FOUNDATIONS OF MATHEMATICS 11 (Room 214),CHEMISTRY 12 (Room 223),unassigned,DANCE TECHNIQUE AND PERFORMANC (Room Studio),TEXTILES 12 (Room 206),COMPARATIVE CULTURES 12 (Room 107),ENGLISH STUDIES 12 (Room 123),ANATOMY AND PHYSIOLOGY 12 (Room 226)
1232,FOUNDATIONS OF MATHEMATICS 11 (Room 214),LEARNING STRATEGIES 12 (Room 205B),CAREER LIFE CONNECTIONS (Room 207A),ENGLISH STUDIES 12 (Room 122),unassigned,unassigned,unassigned,FOOD STUDIES 12 (Room 206)
1233,unassigned,PHYSICS 12 (Room 227),ACTIVE LIVING 12 (Room Gym),PHYSICS 11 (Room 227),ENGLISH FIRST PEOPLES 12 (Room 208),WOODWORK 12 (Room 101),PRE-CALCULUS 12 (Room 205A),DRAFTING 12 (Room 105)
1234,CHEMISTRY 12 (Room 219),PHYSICS 12 (Room 227),20th CENTURY WORLD HISTORY 12 (Room 121),PRE-CALCULUS 12 HONOURS (Room 106),ENGLISH FIRST PEOPLES 12 (Room 208),CALCULUS 12 (Room 208),COMPUTER SCIENCE 11 (Room 203),unassigned
1235,CRIMINOLOGY 12 (Room 207B),CHEMISTRY 12 (Room 223),PRE-CALCULUS 12 (Room 106),PHYSICS 12 (Room 216),unassigned,LITERARY STUDIES 12 (Room 122),SOCIAL JUSTICE 12 (Room A-3),unassigned
1236,ENGLISH STUDIES 12 (Room A-7),ANATOMY AND PHYSIOLOGY 12 (Room 223),PRE-CALCULUS 12 (Room 122),unassigned,TEXTILES 12 (Room 206),unassigned,unassigned,DANCE CONDITIONING 12
1237,CHEMISTRY 12 (Room 219),ENGLISH STUDIES 12 CHALLENGE (Room A-7),ECONOMICS 12 (Room 208),PHYSICS 12 (Room 216),unassigned,PHOTOGRAPHY 11 (Room 113),PRE-CALCULUS 12 (Room 205A),AUTOMOTIVE TECHNOLOGY 12 (Room 102)
1238,PHYSICAL GEOGRAPHY 12 (Room 207A),CHEMISTRY 12 (Room 223),unassigned,ENGLISH STUDIES 12 (Room 122),unassigned,CALCULUS 12 (Room 212),AUTOMOTIVE TECHNOLOGY 12 (Room 102),ENGINEERING 12
1239,CHEMISTRY 12 (Room 219),ENGLISH STUDIES 12 CHALLENGE (Room A-7),unassigned,PRE-CALCULUS 12 HONOURS (Room 106),ACCOUNTING 11 (Room 123),AP CALCULUS AB 12 external cre (Room 220),AP PHYSICS C (MECHANICS) 12 ex (Room 216),unassigned
1240,LAW STUDIES 12 (Room A-2),unassigned,ENGLISH FIRST PEOPLES 12 (Room A-6),ACCOUNTING 11 (Room 208),CRIMINOLOGY 12 (Room 207B),DRAMA 12 (Room A-1),PRE-CALCULUS 12 (Room 205A),ECONOMICS 12 (Room 208)
1241,PSYCHOLOGY 11 (Room 208),CHEMISTRY 12 (Room 223),20th CENTURY WORLD HISTORY 12 (Room 121),PRE-CALCULUS 12 HONOURS (Room 106),ANATOMY AND PHYSIOLOGY 12 (Room 225),CALCULUS 12 (Room 208),AP ENGLISH LITERATURE & COMPOS (Room 107),unassigned
1242,CONTEMPORARY INDIGENOUS STUDIE (Room 205A),20th CENTURY WORLD HISTORY 12 (Room 121),CAREER LIFE CONNECTIONS (Room 207A),LAW STUDIES 12 (Room 208),unassigned,unassigned,ENGLISH STUDIES 12 (Room 207B),unassigned
1243,EXPLORATIONS IN SOCIAL STUDIES (Room 121),unassigned,ENGLISH FIRST PEOPLES 12 (Room A-6),unassigned,unassigned,FOOD STUDIES 12 (Room 206),AUTOMOTIVE TECHNOLOGY 12 (Room 102),WOODWORK 12 (Room 101)
1244,LAW STUDIES 12 (Room A-2),unassigned,OUTDOOR EDUCATION 12 (Room Gym),AP STATISTICS 12 (Room A-3),ENGLISH FIRST PEOPLES 12 (Room A-6),unassigned,CHEMISTRY 12 (Room 223),ANATOMY AND PHYSIOLOGY 12 (Room 226)
1245,FOOD STUDIES 12 (Room 206),AUTOMOTIVE TECHNOLOGY 12 (Room 102),MEDIA DESIGN 12 (Room 114),ACTIVE LIVING 12 (Room Gym),ENGLISH FIRST PEOPLES 12 (Room A-6),PHOTOGRAPHY 11 (Room 113),CAREER LIFE EDUCATION 10 (Room A-3),WOODWORK 12 (Room 101)
1246,FOOD STUDIES 12 (Room 206),WORKPLACE MATHEMATICS 11 (Room 106),YOGA FOR MINDFULNESS 12 (Room Gym),ACTIVE LIVING 12 (Room Gym),ENGLISH FIRST PEOPLES 12 (Room 208),SOCIAL JUSTICE 12 (Room 123),unassigned,ENTREPRENEURSHIP 12 (Room 122)
1247,LAW STUDIES 12 (Room A-2),AUTOMOTIVE TECHNOLOGY 12 (Room 102),PRE-CALCULUS 12 (Room 205B),CONTEMPORARY INDIGENOUS STUDIE (Room 205B),ACCOUNTING 11 (Room 123),PSYCHOLOGY 11 (Room A-2),ENGLISH STUDIES 12 (Room 123),ECONOMICS 12 (Room 208)
1248,PHYSICAL GEOGRAPHY 12 (Room 207A),unassigned,ACTIVE LIVING 12 (Room Gym),ENGLISH STUDIES 12 (Room 122),CROSS TRAINING 12 (Room Gym),COMPOSITION 11 (Room 205B),LEARNING STRATEGIES 12 (Room 122),AUTOMOTIVE TECHNOLOGY 12 (Room 102)
1249,CAREER LIFE EDUCATION 10 (Room 205A),unassigned,LEARNING STRATEGIES 12 (Room 208),ACTIVE LIVING 12 (Room Gym),ENGLISH FIRST PEOPLES 12 (Room 208),FOOD STUDIES 12 (Room 206),AUTOMOTIVE TECHNOLOGY 12 (Room 102),WOODWORK 12 (Room 101)
1250,SPOKEN LANGUAGE 11 (Room A-2),INSTRUMENTAL MUSIC 12: GUITAR (Room 119),PRE-CALCULUS 12 (Room 122),TEXTILES 12 (Room 206),ENGLISH FIRST PEOPLES 12 Year (Room A-7),DRAMA 12 (Room A-1),unassigned,CRIMINOLOGY 12 (Room 123)
1251,LEARNING STRATEGIES 12 (Room 107),PHYSICS 12 (Room 227),ENGLISH FIRST PEOPLES 12 (Room A-6),PHYSICS 11 (Room 227),ENVIRONMENTAL SCIENCE 12 - CLI (Room 223),unassigned,SOCIAL JUSTICE 12 (Room A-3),PRE-CALCULUS 12 (Room 214)
1252,ENGLISH STUDIES 12 (Room A-7),ANATOMY AND PHYSIOLOGY 12 (Room 223),OUTDOOR EDUCATION 12 (Room Gym),TEXTILES 12 (Room 206),CHEMISTRY 12 (Room 226),FOOD STUDIES 12 (Room 206),AUTOMOTIVE TECHNOLOGY 12 (Room 102),PRE-CALCULUS 12 (Room 214)
1253,ENGINEERING 12,PHYSICS 12 (Room 227),PRE-CALCULUS 12 (Room 205B),CHEMISTRY 12 (Room 223),CROSS TRAINING 12 (Room Gym),ENGLISH STUDIES 12 CHALLENGE (Room 205A),CALCULUS 12 (Room 123),unassigned
1254,FOOD STUDIES 12 (Room 206),CHEMISTRY 12 (Room 223),ECONOMICS 12 (Room 208),ENGLISH STUDIES 12 (Room A-6),unassigned,AP CALCULUS AB 12 external cre (Room 220),AP PHYSICS C (MECHANICS) 12 ex (Room 216),3D ANIMATION 12 (Room 114)
1255,FOUNDATIONS OF MATHEMATICS 11 (Room 214),unassigned,unassigned,unassigned,ENGLISH FIRST PEOPLES 12 (Room A-6),unassigned,unassigned,unassigned
1256,PSYCHOLOGY 11 (Room 208),PHYSICS 12 (Room 227),PRE-CALCULUS 12 (Room 205B),CHEMISTRY 12 (Room 223),ANATOMY AND PHYSIOLOGY 12 (Room 225),ENGLISH STUDIES 12 CHALLENGE (Room 205A),CALCULUS 12 (Room 123),DRAFTING 12 (Room 105)
1257,LAW STUDIES 12 (Room A-2),ENGLISH STUDIES 12 CHALLENGE (Room A-7),ECONOMICS 12 (Room 208),PRE-CALCULUS 12 HONOURS (Room 106),CHEMISTRY 12 (Room 226),AP CALCULUS AB 12 external cre (Room 220),AP PHYSICS C (MECHANICS) 12 ex (Room 216),unassigned
1258,PHYSICAL GEOGRAPHY 12 (Room 207A),ENGLISH STUDIES 12 CHALLENGE (Room A-7),ECONOMICS 12 (Room 208),PHYSICS 12 (Room 216),ANATOMY AND PHYSIOLOGY 12 (Room 225),COMPARATIVE CULTURES 12 (Room 107),CALCULUS 12 (Room 123),FOOD STUDIES 12 (Room 206)
1259,CHEMISTRY 12 (Room 219),ENGLISH STUDIES 12 CHALLENGE (Room A-7),unassigned,AP STATISTICS 12 (Room A-3),TEXTILES 12 (Room 206),AP CALCULUS AB 12 external cre (Room 220),AP PHYSICS C (MECHANICS) 12 ex (Room 216),unassigned
1260,ANATOMY AND PHYSIOLOGY 12 (Room 226),20th CENTURY WORLD HISTORY 12 (Room 121),PHYSICS 11 (Room 219),PRE-CALCULUS 12 HONOURS (Room 106),CHEMISTRY 12 (Room 226),LITERARY STUDIES 12 (Room 122),AP ENGLISH LITERATURE & COMPOS (Room 107),unassigned
1261,SPOKEN LANGUAGE 11 (Room A-2),PHYSICS 12 (Room 227),ACTIVE LIVING 12 (Room Gym),CONTEMPORARY INDIGENOUS STUDIE (Room 205B),ENGLISH FIRST PEOPLES 12 Year (Room A-7),SOCIAL JUSTICE 12 (Room 123),CALCULUS 12 (Room 123),PRE-CALCULUS 12 (Room 214)
1262,FOUNDATIONS OF MATHEMATICS 11 (Room 214),AUTOMOTIVE TECHNOLOGY 12 (Room 102),20th CENTURY WORLD HISTORY 12 (Room 121),ENGLISH STUDIES 12 (Room 122),ANATOMY AND PHYSIOLOGY 12 (Room 225),PRE-CALCULUS 11 (Room 210),COMPUTER SCIENCE 11 (Room 203),3D ANIMATION 12 (Room 114)
1263,ANATOMY AND PHYSIOLOGY 12 (Room 226),unassigned,PRE-CALCULUS 12 (Room 205B),CHEMISTRY 12 (Room 226),unassigned,LITERARY STUDIES 12 (Room 122),CALCULUS 12 (Room 123),unassigned
1264,unassigned,ENGLISH STUDIES 12 CHALLENGE (Room A-7),unassigned,PRE-CALCULUS 12 HONOURS (Room 106),unassigned,PHYSICS 12 (Room 219),CHEMISTRY 12 (Room 223),unassigned
1265,CONTEMPORARY INDIGENOUS STUDIE (Room 205A),AUTOMOTIVE TECHNOLOGY 12 (Room 102),ACTIVE LIVING 12 (Room Gym),ENGLISH STUDIES 12 (Room 122),unassigned,DRAMA 12 (Room A-1),PRE-CALCULUS 12 (Room 205A),FOOD STUDIES 12 (Room 206)
1266,FOOD STUDIES 12 (Room 206),unassigned,ENGLISH FIRST PEOPLES 12 (Room A-6),CHEMISTRY 12 (Room 226),ENVIRONMENTAL SCIENCE 12 - CLI (Room 223),PHYSICS 12 (Room 219),CALCULUS 12 (Room 123),ENGINEERING 12
1267,LAW STUDIES 12 (Room 222),20th CENTURY WORLD HISTORY 12 (Room 121),MEDIA DESIGN 12 (Room 114),unassigned,ART STUDIO 12,PHOTOGRAPHY 11 (Room 113),unassigned,PHOTOGRAPHY 12 (Room 113)
1268,unassigned,unassigned,E-COMMERCE 12 (Room 208),PHYSICS 12 (Room 216),PHYSICS 11 (Room 216),CALCULUS 12 (Room 212),ENGLISH STUDIES 12 (Room 207B),CAMOSUN COL BUSINESS 12H (Room 208)
1269,ELL Academic Literacy 11 (Room A-2),CHEMISTRY 12 (Room 223),PRE-CALCULUS 12 (Room 106),CHEMISTRY 11 (Room 219),ENGLISH FIRST PEOPLES 12 Year (Room A-7),PHYSICS 12 (Room 219),CALCULUS 12 (Room 123),ANATOMY AND PHYSIOLOGY 12 (Room 226)
1270,ELL Academic Literacy 11 (Room A-2),20th CENTURY WORLD HISTORY 12 (Room 121),ECONOMICS 12 (Room 208),unassigned,ENGLISH FIRST PEOPLES 12 Year (Room A-7),DRAMA 12 (Room A-1),CALCULUS 12 (Room 123),PRE-CALCULUS 12 (Room 214)
1271,ANATOMY AND PHYSIOLOGY 12 (Room 226),20th CENTURY WORLD HISTORY 12 (Room 121),PRE-CALCULUS 12 (Room 122),ACTIVE LIVING 12 (Room Gym),ENGLISH FIRST PEOPLES 12 (Room 208),PHYSICS 12 (Room 219),CHEMISTRY 12 (Room 223),DRAFTING 12 (Room 105)
1272,unassigned,PHYSICS 12 (Room 211),unassigned,PRE-CALCULUS 12 HONOURS (Room 106),PHYSICS 11 (Room 216),ENGLISH STUDIES 12 CHALLENGE (Room 205A),CHEMISTRY 12 (Room 223),unassigned
1273,ELL Academic Literacy 11 (Room A-2),ANATOMY AND PHYSIOLOGY 12 (Room 223),PHYSICS 11 (Room 211),CHEMISTRY 11 (Room 219),ENGLISH FIRST PEOPLES 12 Year (Room A-7),PSYCHOLOGY 11 (Room A-2),CALCULUS 12 (Room 123),PRE-CALCULUS 12 (Room 214)
1274,PSYCHOLOGY 11 (Room 208),unassigned,unassigned,ENGLISH STUDIES 12 (Room A-6),CRIMINOLOGY 12 (Room 207B),unassigned,FOUNDATIONS OF MATHEMATICS 11 (Room 210),unassigned
1275,LAW STUDIES 12 (Room 222),unassigned,ENGLISH FIRST PEOPLES 12 (Room A-6),TEXTILES 12 (Room 206),ENVIRONMENTAL SCIENCE 12 - CLI (Room 223),COMPARATIVE CULTURES 12 (Room 107),FRENCH 12 (Room 208),LIFE SCIENCES 11 (Room 223)
1276,FOOD STUDIES 11 (Room 206),COMPOSITION 11 (Room 122),PHYSICS 11 (Room 216),LAW STUDIES 12 (Room 208),CRIMINOLOGY 12 (Room 207B),COMPARATIVE CULTURES 12 (Room 107),PRE-CALCULUS 11 (Room 106),AUTOMOTIVE TECHNOLOGY 11 (Room 102)
1277,LITERARY STUDIES 11 Challenge (Room 205B),COMPUTER SCIENCE 12 (Room 203),PHYSICS 11 (Room 211),AP STATISTICS 12 (Room A-3),CAREER LIFE EDUCATION 10 (Room 122),CONTEMPORARY INDIGENOUS STUDIE (Room 107),PRE-CALCULUS 11 (Room 106),CHEMISTRY 11 (Room 211)
1278,CHEMISTRY 11 (Room 225),COMPOSITION 11 (Room 208),PHYSICS 11 (Room 219),PSYCHOLOGY 11 (Room 207A),CRIMINOLOGY 12 (Room 207B),SOCIAL JUSTICE 12 (Room 123),PRE-CALCULUS 11 (Room 214),LIFE SCIENCES 11 (Room 226)
1279,unassigned,COMPUTER SCIENCE 11 (Room 203),PHYSICS 11 (Room 219),CONTEMPORARY INDIGENOUS STUDIE (Room 205B),unassigned,COMPOSITION 11 (Room 205B),PRE-CALCULUS 11 (Room 106),ENGINEERING 11
1280,EXPLORATIONS IN SOCIAL STUDIES (Room 121),PRE-CALCULUS 11 (Room 106),PHYSICS 11 (Room 211),ACCOUNTING 11 (Room 208),CAREER LIFE EDUCATION 10 (Room 122),FRENCH 10 (Room 209),COMPOSITION 11 (Room A-2),ENGINEERING 11
1281,CHEMISTRY 11 (Room 225),PRE-CALCULUS 11 (Room 106),COMPOSITION 11 (Room A-2),TEXTILES 11 (Room 206),EXPLORATIONS IN SOCIAL STUDIES (Room 107),FRENCH 10 (Room 209),CAREER LIFE EDUCATION 10 (Room A-3),LIFE SCIENCES 11 (Room 223)
1282,SPANISH 11 (Room 207B),COMPOSITION 11 (Room 122),LAW STUDIES 12 (Room A-2),TEXTILES 11 (Room 206),CHEMISTRY 11 (Room 216),PRE-CALCULUS 11 (Room 210),AUTOMOTIVE TECHNOLOGY 11 (Room 102),LIFE SCIENCES 11 (Room 223)
1283,CONTEMPORARY INDIGENOUS STUDIE (Room 205A),ART STUDIO 11,PHYSICS 11 (Room 219),CHEMISTRY 11 (Room 219),CAREER LIFE EDUCATION 10 (Room 122),PRE-CALCULUS 11 (Room 210),COMPOSITION 11 (Room A-2),DRAFTING 11 (Room 105)
1284,CONTEMPORARY INDIGENOUS STUDIE (Room 205A),COMPOSITION 11 (Room 122),PHYSICS 11 (Room 216),CHEMISTRY 11 (Room 219),EXPLORATIONS IN SOCIAL STUDIES (Room 107),PRE-CALCULUS 11 (Room 210),FRENCH 11 (Room 208),LIFE SCIENCES 11 (Room 226)
1285,LAW STUDIES 12 (Room 222),COMPOSITION 11 (Room 122),YOGA FOR MINDFULNESS 11 (Room Gym),TEXTILES 11 (Room 206),CAREER LIFE EDUCATION 10 (Room 122),ENVIRONMENTAL SCIENCE 11 (Room 225),WORKPLACE MATHEMATICS 11 (Room 222),CRIMINOLOGY 12 (Room 123)
1286,EXPLORATIONS IN SOCIAL STUDIES (Room 209),unassigned,MEDIA DESIGN 11 (Room 114),unassigned,LIFE SCIENCES 11 (Room 227),PRE-CALCULUS 11 (Room 210),unassigned,unassigned
1287,LITERARY STUDIES 11 Challenge (Room 123),PRE-CALCULUS 11 (Room 106),CONTEMPORARY INDIGENOUS STUDIE (Room 123),CHEMISTRY 11 (Room 219),PHYSICS 11 (Room 216),PSYCHOLOGY 11 (Room A-2),unassigned,CRIMINOLOGY 12 (Room 123)
1288,EXPLORATIONS IN SOCIAL STUDIES (Room 209),PRE-CALCULUS 11 (Room 106),COMPOSITION 11 (Room A-2),ENVIRONMENTAL SCIENCE 11 (Room 225),unassigned,DRAMA 11 (Room A-1),FRENCH 11 (Room 208),FOOD STUDIES 11 (Room 206)
1289,FOUNDATIONS OF MATHEMATICS 11 (Room 214),unassigned,unassigned,LIFE SCIENCES 11 (Room 219),EXPLORATIONS IN SOCIAL STUDIES (Room 107),unassigned,COMPOSITION 11 (Room A-2),unassigned
1290,FOUNDATIONS OF MATHEMATICS 11 (Room 214),COMPOSITION 11 (Room 205A),unassigned,LIFE SCIENCES 11 (Room 219),EXPLORATIONS IN SOCIAL STUDIES (Room 107),unassigned,unassigned,unassigned
1291,FOUNDATIONS OF MATHEMATICS 11 (Room 214),AUTOMOTIVE TECHNOLOGY 11 (Room 102),ENVIRONMENTAL SCIENCE 11 (Room 219),LAW STUDIES 12 (Room 208),CAREER LIFE EDUCATION 10 (Room 123),COMPOSITION 11 (Room 205B),INSTRUMENTAL MUSIC 11: GUITAR (Room 119),CRIMINOLOGY 12 (Room 123)
1292,unassigned,PRE-CALCULUS 11 (Room 106),MEDIA DESIGN 11 (Room 114),unassigned,CROSS TRAINING 11 (Room Gym),COMPOSITION 11 (Room 205B),unassigned,unassigned
1293,LITERARY STUDIES 11 Challenge (Room 123),unassigned,PHYSICS 11 (Room 211),CHEMISTRY 11 (Room 219),CRIMINOLOGY 12 (Room 207B),CONTEMPORARY INDIGENOUS STUDIE (Room 107),PRE-CALCULUS 11 (Room 106),ECONOMICS 12 (Room 208)
1294,CHEMISTRY 11 (Room 225),COMPOSITION 11 (Room 122),YOGA FOR MINDFULNESS 11 (Room Gym),PSYCHOLOGY 11 (Room 207A),PHYSICS 11 (Room 216),COMPARATIVE CULTURES 12 (Room 107),PRE-CALCULUS 11 (Room 214),LIFE SCIENCES 11 (Room 226)
1295,LAW STUDIES 12 (Room 222),unassigned,unassigned,PHYSICS 11 (Room 227),CHEMISTRY 11 (Room 223),COMPOSITION 11 (Room 205B),PRE-CALCULUS 11 (Room 106),CRIMINOLOGY 12 (Room 123)
1296,CONTEMPORARY INDIGENOUS STUDIE (Room 205A),unassigned,unassigned,ACTIVE LIVING 11 Football (Room Gym),CROSS TRAINING 11 (Room Gym),COMPOSITION 11 (Room 205B),FOUNDATIONS OF MATHEMATICS 11 (Room 210),LIFE SCIENCES 11 (Room 223)
1297,CHEMISTRY 11 (Room 225),COMPOSITION 11 (Room 205A),MEDIA DESIGN 11 (Room 114),ENGLISH STUDIES 12 (Room 122),EXPLORATIONS IN SOCIAL STUDIES (Room 107),COMPARATIVE CULTURES 12 (Room 107),PRE-CALCULUS 12 (Room 205A),PRE-CALCULUS 11 (Room 106)
1298,LITERARY STUDIES 11 Challenge (Room 205B),unassigned,PHYSICS 11 (Room 211),CHEMISTRY 11 (Room 219),CAREER LIFE EDUCATION 10 (Room 122),CONTEMPORARY INDIGENOUS STUDIE (Room 107),PRE-CALCULUS 12 (Room 205A),LIFE SCIENCES 11 (Room 223)
1299,unassigned,unassigned,COMPOSITION 11 (Room A-2),PSYCHOLOGY 11 (Room 207A),unassigned,PRE-CALCULUS 11 (Room 210),FRENCH 11 (Room 208),unassigned
1300,EXPLORATIONS IN SOCIAL STUDIES (Room 209),AUTOMOTIVE TECHNOLOGY 11 (Room 102),OUTDOOR EDUCATION 11 (Room Gym),PHYSICS 11 (Room 223),CAREER LIFE EDUCATION 10 (Room 122),COMPOSITION 11 (Room 205B),WORKPLACE MATHEMATICS 11 (Room 222),WOODWORK 11 (Room 101)
1301,LAW STUDIES 12 (Room 222),unassigned,unassigned,unassigned,CHEMISTRY 11 (Room 223),COMPOSITION 11 (Room 205B),PRE-CALCULUS 11 (Room 214),unassigned
1302,LITERARY STUDIES 11 Challenge (Room 205B),COMPUTER SCIENCE 11 (Room 203),PHYSICS 11 (Room 216),CHEMISTRY 11 (Room 227),CAREER LIFE EDUCATION 10 (Room 122),CONTEMPORARY INDIGENOUS STUDIE (Room 107),PRE-CALCULUS 11 (Room 106),LIFE SCIENCES 11 (Room 223)
1303,FOOD STUDIES 11 (Room 206),COMPOSITION 11 (Room 205A),LAW STUDIES 12 (Room A-2),ACTIVE LIVING 11 Football (Room Gym),CAREER LIFE EDUCATION 10 (Room 122),ENVIRONMENTAL SCIENCE 11 (Room 225),WORKPLACE MATHEMATICS 11 (Room 222),AUTOMOTIVE TECHNOLOGY 11 (Room 102)
1304,CAREER LIFE EDUCATION 10 (Room 205A),COMPOSITION 11 (Room 208),LAW STUDIES 12 (Room A-2),ACTIVE LIVING 11 Football (Room Gym),CROSS TRAINING 11 (Room Gym),ENVIRONMENTAL SCIENCE 11 (Room 225),WORKPLACE MATHEMATICS 11 (Room 222),FRENCH 11 (Room 123)
1305,LIFE SCIENCES 11 (Room 219),unassigned,unassigned,unassigned,CRIMINOLOGY 12 (Room 207B),unassigned,COMPOSITION 11 (Room A-2),MARKETING AND PROMOTION 11 (Room 122)
1306,CONTEMPORARY INDIGENOUS STUDIE (Room 205A),COMPOSITION 11 (Room 208),PHYSICS 11 (Room 219),CHEMISTRY 11 (Room 227),TEXTILES 11 (Room 206),PSYCHOLOGY 11 (Room A-2),PRE-CALCULUS 11 (Room 106),CRIMINOLOGY 12 (Room 123)
1307,EXPLORATIONS IN SOCIAL STUDIES (Room 121),PRE-CALCULUS 11 (Room 106),MEDIA DESIGN 11 (Room 114),DANCE TECHNIQUE AND PERFORMANC (Room Studio),TEXTILES 11 (Room 206),COMPOSITION 11 (Room 205B),CAREER LIFE EDUCATION 10 (Room A-3),CHEMISTRY 11 (Room 211)
1308,LITERARY STUDIES 11 Challenge (Room 123),AUTOMOTIVE TECHNOLOGY 11 (Room 102),CONTEMPORARY INDIGENOUS STUDIE (Room 123),CHEMISTRY 11 (Room 227),PHYSICS 11 (Room 216),PRE-CALCULUS 11 (Room 210),COMPUTER SCIENCE 11 (Room 203),FOOD STUDIES 11 (Room 206)
1309,EXPLORATIONS IN SOCIAL STUDIES (Room 209),COMPOSITION 11 (Room 208),MEDIA DESIGN 11 (Room 114),TEXTILES 11 (Room 206),ACCOUNTING 11 (Room 123),PRE-CALCULUS 11 (Room 210),unassigned,CHEMISTRY 11 (Room 211)
1310,LITERARY STUDIES 11 Challenge (Room 123),unassigned,PHYSICS 11 (Room 216),AP STATISTICS 12 (Room A-3),CHEMISTRY 11 (Room 223),CONTEMPORARY INDIGENOUS STUDIE (Room 107),CAREER LIFE EDUCATION 10 (Room A-3),LIFE SCIENCES 11 (Room 223)
1311,EXPLORATIONS IN SOCIAL STUDIES (Room 209),COMPOSITION 11 (Room 205A),ECONOMICS 12 (Room 208),ACCOUNTING 11 (Room 208),CHEMISTRY 11 (Room 216),PRE-CALCULUS 11 (Room 210),CAREER LIFE EDUCATION 10 (Room A-3),LIFE SCIENCES 11 (Room 223)
1312,CAREER LIFE EDUCATION 10 (Room 205A),COMPOSITION 11 (Room 122),PHYSICS 11 (Room 216),LAW STUDIES 12 (Room 208),CHEMISTRY 11 (Room 223),PRE-CALCULUS 11 (Room 210),FRENCH 11 (Room 208),CRIMINOLOGY 12 (Room 123)
1313,LITERARY STUDIES 11 Challenge (Room 123),COMPUTER SCIENCE 12 (Room 203),PHYSICS 11 (Room 216),AP STATISTICS 12 (Room A-3),CAREER LIFE EDUCATION 10 (Room 122),CONTEMPORARY INDIGENOUS STUDIE (Room 107),PRE-CALCULUS 11 HONOURS (Room 221),CHEMISTRY 11 (Room 211)
1314,LAW STUDIES 12 (Room 222),COMPOSITION 11 (Room 208),ACTIVE LIVING 11 (Room Gym),SPANISH 11 (Room 123),PHYSICS 11 (Room 216),unassigned,PRE-CALCULUS 11 (Room 106),CRIMINOLOGY 12 (Room 123)
1315,CHEMISTRY 11 (Room 225),COMPOSITION 11 (Room 205A),COMPUTER PROGRAMMING 11 AI and (Room 203),LAW STUDIES 12 (Room 208),PHYSICS 11 (Room 216),PSYCHOLOGY 11 (Room A-2),PRE-CALCULUS 11 (Room 106),LIFE SCIENCES 11 (Room 226)
1316,CHEMISTRY 11 (Room 225),COMPOSITION 11 (Room 205A),20th CENTURY WORLD HISTORY 12 (Room 121),ACTIVE LIVING 11 Football (Room Gym),CROSS TRAINING 11 (Room Gym),FOOD STUDIES 11 (Room 206),PRE-CALCULUS 11 (Room 106),MARKETING AND PROMOTION 11 (Room 122)
1317,CAREER LIFE EDUCATION 10 (Room 205A),COMPOSITION 11 (Room 122),LAW STUDIES 12 (Room A-2),ACTIVE LIVING 11 Football (Room Gym),CROSS TRAINING 11 (Room Gym),ENVIRONMENTAL SCIENCE 11 (Room 225),WORKPLACE MATHEMATICS 11 (Room 222),FOOD STUDIES 11 (Room 206)
1318,CRIMINOLOGY 12 (Room 207B),COMPOSITION 11 (Room 122),PHYSICS 11 (Room 219),LAW STUDIES 12 (Room 208),CAREER LIFE EDUCATION 10 (Room 123),PHOTOGRAPHY 11 (Room 113),AUTOMOTIVE TECHNOLOGY 11 (Room 102),PRE-CALCULUS 11 (Room 106)
1319,LAW STUDIES 12 (Room 222),COMPOSITION 11 (Room 122),PHYSICS 11 (Room 216),CHEMISTRY 11 (Room 219),CAREER LIFE EDUCATION 10 (Room 122),PSYCHOLOGY 11 (Room A-2),PRE-CALCULUS 11 HONOURS (Room 221),ANATOMY AND PHYSIOLOGY 12 (Room 226)
1320,PHYSICAL GEOGRAPHY 12 (Room 207A),COMPOSITION 11 (Room 208),OUTDOOR EDUCATION 11 (Room Gym),ENVIRONMENTAL SCIENCE 11 (Room 225),CAREER LIFE EDUCATION 10 (Room 122),FOOD STUDIES 11 (Room 206),WORKPLACE MATHEMATICS 11 (Room 222),CRIMINOLOGY 12 (Room 123)
1321,FOOD STUDIES 11 (Room 206),unassigned,COMPOSITION 11 (Room A-2),CHEMISTRY 11 (Room 219),LIFE SCIENCES 11 (Room 227),unassigned,SOCIAL JUSTICE 12 (Room A-3),PRE-CALCULUS 11 (Room 106)
1322,CAREER LIFE EDUCATION 10 (Room 205A),PRE-CALCULUS 11 (Room 106),PHYSICS 11 (Room 211),PSYCHOLOGY 11 (Room 207A),ACCOUNTING 11 (Room 123),COMPARATIVE CULTURES 12 (Room 107),COMPOSITION 11 (Room A-2),PHOTOGRAPHY 11 (Room 113)
1323,CRIMINOLOGY 12 (Room 207B),unassigned,PHYSICS 11 (Room 211),CHEMISTRY 11 (Room 219),CAREER LIFE EDUCATION 10 (Room 122),COMPOSITION 11 (Room 205B),PRE-CALCULUS 11 HONOURS (Room 221),LIFE SCIENCES 11 (Room 226)
1324,LITERARY STUDIES 11 Challenge (Room 123),unassigned,PHYSICS 11 (Room 211),LIFE SCIENCES 11 (Room 219),CHEMISTRY 11 (Room 216),CONTEMPORARY INDIGENOUS STUDIE (Room 107),PRE-CALCULUS 11 (Room 214),unassigned
1325,EXPLORATIONS IN SOCIAL STUDIES (Room 209),WORKPLACE MATHEMATICS 11 (Room 106),unassigned,TEXTILES 11 (Room 206),CRIMINOLOGY 12 (Room 207B),COMPOSITION 11 (Room 205B),CAREER LIFE EDUCATION 10 (Room A-3),LIFE SCIENCES 11 (Room 226)
1326,LAW STUDIES 12 (Room 222),COMPOSITION 11 (Room 205A),ENVIRONMENTAL SCIENCE 11 (Room 219),ACTIVE LIVING 11 (Room Gym),EXPLORATIONS IN SOCIAL STUDIES (Room 107),WOODWORK 11 (Room 101),PRE-CALCULUS 11 (Room 106),CRIMINOLOGY 12 (Room 123)
1327,CHEMISTRY 11 (Room 225),COMPOSITION 11 (Room 122),PHYSICS 11 (Room 219),unassigned,unassigned,COMPARATIVE CULTURES 12 (Room 107),PRE-CALCULUS 11 (Room 106),DRAFTING 11 (Room 105)
1328,FOOD STUDIES 11 (Room 206),COMPOSITION 11 (Room 122),WORKPLACE MATHEMATICS 10 (Room 210),LAW STUDIES 12 (Room 208),CAREER LIFE EDUCATION 10 (Room 122),ENVIRONMENTAL SCIENCE 11 (Room 225),LEARNING STRATEGIES 11 (Room 207B),PHOTOGRAPHY 11 (Room 113)
1329,CRIMINOLOGY 12 (Room 207B),COMPOSITION 11 (Room 122),LAW STUDIES 12 (Room A-2),PSYCHOLOGY 11 (Room 207A),CHEMISTRY 11 (Room 223),SOCIAL JUSTICE 12 (Room 123),PRE-CALCULUS 11 (Room 106),DANCE CONDITIONING 11
1330,FOOD STUDIES 11 (Room 206),WORKPLACE MATHEMATICS 11 (Room 106),SCIENCE 10 (Room 216),EFP WRITING 10 (Room A-7),TEXTILES 12 (Room 206),SOCIAL STUDIES 10 (Room 123),INSTRUMENTAL MUSIC 11: GUITAR (Room 119),PHYSICAL AND HEALTH EDUCATION (Room Gym)
1331,CHEMISTRY 11 (Room 225),COMPOSITION 11 (Room 205A),OUTDOOR EDUCATION 11 (Room Gym),ENVIRONMENTAL SCIENCE 11 (Room 225),CAREER LIFE EDUCATION 10 (Room 122),COMPARATIVE CULTURES 12 (Room 107),PRE-CALCULUS 11 (Room 106),LIFE SCIENCES 11 (Room 226)
1332,LITERARY STUDIES 11 Challenge (Room 123),PRE-CALCULUS 11 (Room 106),PHYSICS 11 (Room 216),ACCOUNTING 11 (Room 208),CAREER LIFE EDUCATION 10 (Room 123),CONTEMPORARY INDIGENOUS STUDIE (Room 107),CHEMISTRY 12 (Room 223),CHEMISTRY 11 (Room 211)
1333,PSYCHOLOGY 11 (Room 208),unassigned,COMPOSITION 11 (Room A-2),LIFE SCIENCES 11 (Room 219),unassigned,unassigned,unassigned,ACTIVE LIVING 11 Girls (Room Gym)
1334,COMMUNITY LEADERSHIP 11 (Room 209),COMPOSITION 11 (Room 205A),unassigned,SPANISH 11 (Room 123),CHEMISTRY 11 (Room 223),DRAMA 11 (Room A-1),SOCIAL JUSTICE 12 (Room A-3),PRE-CALCULUS 11 (Room 106)
1335,LAW STUDIES 12 (Room A-2),unassigned,PHYSICS 11 (Room 211),SPANISH 11 (Room 123),CHEMISTRY 11 (Room 223),COMPOSITION 11 (Room 205B),PRE-CALCULUS 11 (Room 214),unassigned
1336,LEARNING STRATEGIES 11 (Room 107),COMPOSITION 11 (Room 122),PHYSICS 11 (Room 216),LAW STUDIES 12 (Room 208),CAREER LIFE EDUCATION 10 (Room 123),ANATOMY AND PHYSIOLOGY 12 (Room 226),PRE-CALCULUS 11 (Room 106),FOOD STUDIES 11 (Room 206)
1337,EXPLORATIONS IN SOCIAL STUDIES (Room 209),COMPOSITION 11 (Room 205A),ENVIRONMENTAL SCIENCE 11 (Room 219),ACTIVE LIVING 11 Football (Room Gym),CAREER LIFE EDUCATION 10 (Room 123),PSYCHOLOGY 11 (Room A-2),WORKPLACE MATHEMATICS 11 (Room 222),INTRODUCTORY SPANISH 11 (Room 205A)
1338,EXPLORATIONS IN SOCIAL STUDIES (Room 121),COMPOSITION 11 (Room 122),PHYSICS 11 (Room 211),CHEMISTRY 11 (Room 219),LIFE SCIENCES 11 (Room 227),PSYCHOLOGY 11 (Room A-2),PRE-CALCULUS 11 (Room 214),CRIMINOLOGY 12 (Room 123)
1339,CAREER LIFE EDUCATION 10 (Room 205A),COMPOSITION 11 (Room 122),LAW STUDIES 12 (Room A-2),PHYSICS 11 (Room 223),DRAFTING 11 (Room 105),PRE-CALCULUS 11 (Room 210),COMPUTER SCIENCE 12 (Room 203),CRIMINOLOGY 12 (Room 123)
1340,CAREER LIFE EDUCATION 10 (Room 205A),COMPOSITION 11 (Room 122),LAW STUDIES 12 (Room A-2),ACTIVE LIVING 11 Football (Room Gym),CROSS TRAINING 11 (Room Gym),ENVIRONMENTAL SCIENCE 11 (Room 225),PRE-CALCULUS 11 (Room 214),FOOD STUDIES 11 (Room 206)
1341,PHYSICAL GEOGRAPHY 12 (Room 207A),20th CENTURY WORLD HISTORY 12 (Room 121),ACTIVE LIVING 12 (Room Gym),PHYSICS 11 (Room 223),EXPLORATIONS IN SOCIAL STUDIES (Room 107),COMPOSITION 11 (Room 205B),CAREER LIFE EDUCATION 10 (Room A-3),PRE-CALCULUS 11 (Room 106)
1342,EXPLORATIONS IN SOCIAL STUDIES (Room 121),ART STUDIO 11,LEARNING STRATEGIES 11 (Room 205A),ENVIRONMENTAL SCIENCE 11 (Room 225),TEXTILES 11 (Room 206),COMPOSITION 11 (Room 205B),FOUNDATIONS OF MATHEMATICS 11 (Room 210),MARKETING AND PROMOTION 11 (Room 122)
1343,FOUNDATIONS OF MATHEMATICS 11 (Room 214),COMPOSITION 11 (Room 122),unassigned,DANCE FOUNDATIONS 11 (Room Studio),unassigned,unassigned,unassigned,INTRODUCTORY SPANISH 11 (Room 205A)
1344,unassigned,ART STUDIO 11,unassigned,TEXTILES 11 (Room 206),unassigned,COMPOSITION 11 (Room 205B),unassigned,ACTIVE LIVING 11 Girls (Room Gym)
1345,LITERARY STUDIES 11 Challenge (Room 123),PRE-CALCULUS 11 (Room 106),PHYSICS 11 (Room 216),SPANISH 11 (Room 123),CAREER LIFE EDUCATION 10 (Room 122),CONTEMPORARY INDIGENOUS STUDIE (Room 107),COMPUTER SCIENCE 12 (Room 203),CHEMISTRY 11 (Room 211)
1346,CHEMISTRY 11 (Room 225),AUTOMOTIVE TECHNOLOGY 11 (Room 102),COMPOSITION 11 (Room A-2),PHYSICS 11 (Room 227),CAREER LIFE EDUCATION 10 (Room 122),COMPARATIVE CULTURES 12 (Room 107),PRE-CALCULUS 11 HONOURS (Room 221),CRIMINOLOGY 12 (Room 123)
1347,FOUNDATIONS OF MATHEMATICS 11 (Room 214),unassigned,unassigned,unassigned,EXPLORATIONS IN SOCIAL STUDIES (Room 107),COMPOSITION 11 (Room 205B),unassigned,LIFE SCIENCES 11 (Room 226)
1348,FOUNDATIONS OF MATHEMATICS 11 (Room 214),unassigned,unassigned,TEXTILES 11 (Room 206),LIFE SCIENCES 11 (Room 227),unassigned,COMPOSITION 11 (Room A-2),unassigned
1349,CAREER LIFE EDUCATION 10 (Room 205A),PRE-CALCULUS 11 (Room 106),LAW STUDIES 12 (Room A-2),PSYCHOLOGY 11 (Room 207A),CHEMISTRY 11 (Room 223),ANATOMY AND PHYSIOLOGY 12 (Room 226),COMPOSITION 11 (Room A-2),FOOD STUDIES 11 (Room 206)
1350,CAREER LIFE EDUCATION 10 (Room 205A),PRE-CALCULUS 11 (Room 106),PHYSICS 11 (Room 216),CHEMISTRY 11 (Room 227),CRIMINOLOGY 12 (Room 207B),COMPARATIVE CULTURES 12 (Room 107),COMPOSITION 11 (Room A-2),FOOD STUDIES 11 (Room 206)
1351,CONTEMPORARY INDIGENOUS STUDIE (Room 205A),PRE-CALCULUS 11 (Room 106),PHYSICS 11 (Room 211),PSYCHOLOGY 11 (Room 207A),CAREER LIFE EDUCATION 10 (Room 123),ANATOMY AND PHYSIOLOGY 12 (Room 226),COMPOSITION 11 (Room A-2),CHEMISTRY 11 (Room 211)
1352,EXPLORATIONS IN SOCIAL STUDIES (Room 121),COMPOSITION 11 (Room 205A),unassigned,LIFE SCIENCES 11 (Room 219),unassigned,unassigned,FOUNDATIONS OF MATHEMATICS 11 (Room 210),unassigned
1353,SPANISH 11 (Room 207B),unassigned,CONTEMPORARY INDIGENOUS STUDIE (Room 123),SPANISH 10 (Room 123),CAREER LIFE EDUCATION 10 (Room 122),PSYCHOLOGY 11 (Room A-2),FOUNDATIONS OF MATHEMATICS 11 (Room 210),LIFE SCIENCES 11 (Room 223)
1354,CRIMINOLOGY 12 (Room 207B),COMPOSITION 11 (Room 208),20th CENTURY WORLD HISTORY 12 (Room 121),TEXTILES 11 (Room 206),CAREER LIFE EDUCATION 10 (Room 122),FOOD STUDIES 11 (Room 206),WORKPLACE MATHEMATICS 11 (Room 222),LIFE SCIENCES 11 (Room 226)
1355,COMMUNITY LEADERSHIP 11 (Room 209),20th CENTURY WORLD HISTORY 12 (Room 121),unassigned,PSYCHOLOGY 11 (Room 207A),CRIMINOLOGY 12 (Room 207B),COMPOSITION 11 (Room 205B),PRE-CALCULUS 11 (Room 106),LIFE SCIENCES 11 (Room 226)
1356,unassigned,ART STUDIO 11,unassigned,TEXTILES 11 (Room 206),unassigned,unassigned,unassigned,ACTIVE LIVING 11 Girls (Room Gym)
1357,LITERARY STUDIES 11 Challenge (Room 205B),unassigned,PHYSICS 11 (Room 216),AP STATISTICS 12 (Room A-3),ACCOUNTING 12 (Room 123),CONTEMPORARY INDIGENOUS STUDIE (Room 107),PRE-CALCULUS 11 HONOURS (Room 221),unassigned
1358,LITERARY STUDIES 11 Challenge (Room 123),COMPUTER SCIENCE 12 (Room 203),PHYSICS 11 (Room 211),AP STATISTICS 12 (Room A-3),CHEMISTRY 11 (Room 216),CONTEMPORARY INDIGENOUS STUDIE (Room 107),PRE-CALCULUS 11 HONOURS (Room 221),ECONOMICS 12 (Room 208)
1359,CAREER LIFE EDUCATION 10 (Room 205A),COMPOSITION 11 (Room 208),PHYSICS 11 (Room 211),LAW STUDIES 12 (Room 208),CHEMISTRY 11 (Room 223),ANATOMY AND PHYSIOLOGY 12 (Room 226),PRE-CALCULUS 11 HONOURS (Room 221),LIFE SCIENCES 11 (Room 223)
1360,EXPLORATIONS IN SOCIAL STUDIES (Room 121),WORKPLACE MATHEMATICS 11 (Room 106),LEARNING STRATEGIES 11 (Room 205A),PSYCHOLOGY 11 (Room 207A),CAREER LIFE EDUCATION 10 (Room 122),ENVIRONMENTAL SCIENCE 11 (Room 225),COMPOSITION 11 (Room A-2),CRIMINOLOGY 12 (Room 123)
1361,unassigned,unassigned,unassigned,unassigned,unassigned,DRAMA 11 (Room A-1),unassigned,PHOTOGRAPHY 11 (Room 113)
1362,FOOD STUDIES 11 (Room 206),COMPUTER SCIENCE 11 (Room 203),COMPUTER PROGRAMMING 11 AI and (Room 203),LAW STUDIES 12 (Room 208),PHYSICS 11 (Room 216),PRE-CALCULUS 12 (Room 221),COMPOSITION 11 (Room A-2),CHEMISTRY 11 (Room 211)
1363,SCIENCE 10 (Room 211),20th CENTURY WORLD HISTORY 12 (Room 121),ACTIVE LIVING 11 (Room Gym),ENVIRONMENTAL SCIENCE 11 (Room 225),CAREER LIFE EDUCATION 10 (Room 123),COMPOSITION 11 (Room 208),WORKPLACE MATHEMATICS 11 (Room 222),LEARNING STRATEGIES 11 (Room 207A)
1364,LITERARY STUDIES 11 Challenge (Room 123),ENGINEERING 11,CONTEMPORARY INDIGENOUS STUDIE (Room 123),PHYSICS 11 (Room 227),CHEMISTRY 11 (Room 223),PRE-CALCULUS 11 (Room 210),unassigned,unassigned
1365,LITERARY STUDIES 11 Challenge (Room 123),unassigned,CONTEMPORARY INDIGENOUS STUDIE (Room 123),PSYCHOLOGY 11 (Room 207A),LIFE SCIENCES 11 (Room 227),DRAMA 11 (Room A-1),PRE-CALCULUS 11 (Room 214),PHOTOGRAPHY 11 (Room 113)
1366,CHEMISTRY 11 (Room 225),COMPOSITION 11 (Room 122),ENVIRONMENTAL SCIENCE 11 (Room 219),PSYCHOLOGY 11 (Room 207A),ACCOUNTING 11 (Room 123),COMPARATIVE CULTURES 12 (Room 107),PRE-CALCULUS 12 (Room 205A),ACTIVE LIVING 11 Girls (Room Gym)
1367,SPANISH 11 (Room 207B),ART STUDIO 11,unassigned,unassigned,unassigned,PHOTOGRAPHY 11 (Room 113),COMPOSITION 11 (Room A-2),unassigned
1368,CAREER LIFE EDUCATION 10 (Room 205A),COMPOSITION 11 (Room 122),ENVIRONMENTAL SCIENCE 11 (Room 219),CONTEMPORARY INDIGENOUS STUDIE (Room 205B),LIFE SCIENCES 11 (Room 227),FOOD STUDIES 11 (Room 206),FOUNDATIONS OF MATHEMATICS 11 (Room 210),FRENCH 9 (Room 107)
1369,EXPLORATIONS IN SOCIAL STUDIES (Room 121),COMPOSITION 11 (Room 122),ACTIVE LIVING 11 (Room Gym),SPANISH 11 (Room 123),ENVIRONMENTAL SCIENCE 12 - CLI (Room 223),FOOD STUDIES 11 (Room 206),CAREER LIFE EDUCATION 10 (Room A-3),PRE-CALCULUS 11 (Room 106)
1370,unassigned,unassigned,unassigned,TEXTILES 11 (Room 206),ACCOUNTING 11 (Room 123),COMPOSITION 11 (Room 208),FRENCH 11 (Room 208),unassigned
1371,ENGINEERING 11,COMPOSITION 11 (Room 122),ACTIVE LIVING 11 (Room Gym),ENVIRONMENTAL SCIENCE 11 (Room 225),DRAFTING 11 (Room 105),DRAMA 11 (Room A-1),PRE-CALCULUS 11 (Room 214),unassigned
1372,CHEMISTRY 11 (Room 225),DRAFTING 11 (Room 105),LAW STUDIES 12 (Room A-2),SPANISH 11 (Room 123),CAREER LIFE EDUCATION 10 (Room 123),COMPOSITION 11 (Room 208),PRE-CALCULUS 11 HONOURS (Room 221),CRIMINOLOGY 12 (Room 123)
1373,CHEMISTRY 11 (Room 225),COMPOSITION 11 (Room 122),ACTIVE LIVING 11 (Room Gym),CONTEMPORARY INDIGENOUS STUDIE (Room 205B),PHYSICS 11 (Room 216),FOOD STUDIES 11 (Room 206),AUTOMOTIVE TECHNOLOGY 11 (Room 102),PRE-CALCULUS 12 (Room 214)
1374,CHEMISTRY 11 (Room 225),COMPOSITION 11 (Room 122),PHYSICS 11 (Room 219),CHEMISTRY 12 (Room 223),LIFE SCIENCES 11 (Room 227),COMPARATIVE CULTURES 12 (Room 107),PRE-CALCULUS 11 HONOURS (Room 221),ANATOMY AND PHYSIOLOGY 12 (Room 226)
1375,LIFE SCIENCES 11 (Room 219),unassigned,COMPOSITION 11 (Room A-2),ENVIRONMENTAL SCIENCE 11 (Room 225),unassigned,unassigned,unassigned,ACTIVE LIVING 11 Girls (Room Gym)
1376,LITERARY STUDIES 11 Challenge (Room 205B),ROBOTICS 11 (Room 104),PHYSICS 11 (Room 211),CHEMISTRY 11 (Room 227),CAREER LIFE EDUCATION 10 (Room 122),CONTEMPORARY INDIGENOUS STUDIE (Room 107),PRE-CALCULUS 11 HONOURS (Room 221),ANATOMY AND PHYSIOLOGY 12 (Room 226)
1377,CAREER LIFE EDUCATION 10 (Room 205A),COMPOSITION 11 (Room 205A),SCIENCE 10 (Room 211),ACCOUNTING 11 (Room 208),EXPLORATIONS IN SOCIAL STUDIES (Room 107),PRE-CALCULUS 12 (Room 221),PRE-CALCULUS 11 (Room 106),LIFE SCIENCES 11 (Room 226)
1378,LIFE SCIENCES 11 (Room 219),COMPOSITION 11 (Room 122),PHYSICS 11 (Room 211),LAW STUDIES 12 (Room 208),CHEMISTRY 11 (Room 223),PRE-CALCULUS 11 (Room 210),PRE-CALCULUS 12 (Room 205A),MARKETING AND PROMOTION 11 (Room 122)
1379,EXPLORATIONS IN SOCIAL STUDIES (Room 121),ART STUDIO 11,MEDIA DESIGN 11 (Room 114),PHYSICS 11 (Room 223),CAREER LIFE EDUCATION 10 (Room 122),COMPOSITION 11 (Room 208),PRE-CALCULUS 11 (Room 106),MARKETING AND PROMOTION 11 (Room 122)
1380,unassigned,COMPOSITION 11 (Room 122),COMPOSITION 10 (Room 222),ENVIRONMENTAL SCIENCE 11 (Room 225),CAREER LIFE EDUCATION 10 (Room 122),DRAMA 11 (Room A-1),WORKPLACE MATHEMATICS 11 (Room 222),AUTOMOTIVE TECHNOLOGY 11 (Room 102)
1381,unassigned,20th CENTURY WORLD HISTORY 12 (Room 121),unassigned,PHYSICS 11 (Room 227),CHEMISTRY 11 (Room 223),ANATOMY AND PHYSIOLOGY 12 (Room 226),COMPOSITION 11 (Room A-2),PRE-CALCULUS 12 (Room 214)
1382,SPANISH 11 (Room 207B),COMPOSITION 11 (Room 205A),LAW STUDIES 12 (Room A-2),PHYSICS 11 (Room 223),unassigned,PRE-CALCULUS 11 (Room 210),INSTRUMENTAL MUSIC 11: GUITAR (Room 119),unassigned
1383,SPANISH 11 (Room 207B),COMPOSITION 11 (Room 122),PHYSICS 11 (Room 211),LAW STUDIES 12 (Room 208),CAREER LIFE EDUCATION 10 (Room 122),PSYCHOLOGY 11 (Room A-2),AUTOMOTIVE TECHNOLOGY 11 (Room 102),PRE-CALCULUS 11 (Room 106)
1384,EXPLORATIONS IN SOCIAL STUDIES (Room 121),ART STUDIO 11,unassigned,SPANISH 11 (Room 123),LIFE SCIENCES 11 (Room 227),DRAMA 11 (Room A-1),COMPOSITION 11 (Room A-2),ACTIVE LIVING 11 Girls (Room Gym)
1385,CAREER LIFE EDUCATION 10 (Room 205A),ROBOTICS 11 (Room 104),ACTIVE LIVING 11 (Room Gym),CHEMISTRY 11 (Room 219),PHYSICS 11 (Room 216),COMPOSITION 11 (Room 208),COMPUTER SCIENCE 11 (Room 203),PRE-CALCULUS 11 (Room 106)
1386,EXPLORATIONS IN SOCIAL STUDIES (Room 121),unassigned,unassigned,ACTIVE LIVING 11 (Room Gym),unassigned,COMPOSITION 11 (Room 205B),PRE-CALCULUS 11 (Room 106),unassigned
1387,unassigned,unassigned,COMPOSITION 11 (Room A-2),LIFE SCIENCES 11 (Room 219),EXPLORATIONS IN SOCIAL STUDIES (Room 107),unassigned,FOUNDATIONS OF MATHEMATICS 11 (Room 210),unassigned
1388,LAW STUDIES 12 (Room 222),CHEMISTRY 12 (Room 223),PHYSICS 11 (Room 216),TEXTILES 11 (Room 206),EXPLORATIONS IN SOCIAL STUDIES (Room 107),COMPOSITION 11 (Room 205B),INSTRUMENTAL MUSIC 11: GUITAR (Room 119),PRE-CALCULUS 11 (Room 106)
1389,LIFE SCIENCES 11 (Room 219),PRE-CALCULUS 11 (Room 106),20th CENTURY WORLD HISTORY 12 (Room 121),CHEMISTRY 11 (Room 227),unassigned,COMPOSITION 11 (Room 205B),AUTOMOTIVE TECHNOLOGY 11 (Room 102),unassigned
1390,LAW STUDIES 12 (Room A-2),AUTOMOTIVE TECHNOLOGY 11 (Room 102),ACTIVE LIVING 11 (Room Gym),ENGLISH STUDIES 12 (Room A-6),LEARNING STRATEGIES 11 (Room 208),ENVIRONMENTAL SCIENCE 11 (Room 225),WORKPLACE MATHEMATICS 11 (Room 222),PHOTOGRAPHY 11 (Room 113)
1391,SPANISH 11 (Room 207B),COMPOSITION 11 (Room 122),ENVIRONMENTAL SCIENCE 11 (Room 219),DANCE TECHNIQUE AND PERFORMANC (Room Studio),TEXTILES 11 (Room 206),SOCIAL JUSTICE 12 (Room 123),CAREER LIFE EDUCATION 10 (Room A-3),LEARNING STRATEGIES 11 (Room 207A)
1392,CHEMISTRY 11 (Room 225),PRE-CALCULUS 11 (Room 106),PRE-CALCULUS 12 (Room 122),PHYSICS 11 (Room 223),unassigned,COMPOSITION 11 (Room 205B),unassigned,ENGINEERING 11
1393,LAW STUDIES 12 (Room A-2),COMPOSITION 11 (Room 205A),ENVIRONMENTAL SCIENCE 11 (Room 219),ACCOUNTING 11 (Room 208),CRIMINOLOGY 12 (Room 207B),COMPARATIVE CULTURES 12 (Room 107),CAREER LIFE EDUCATION 10 (Room A-3),PRE-CALCULUS 12 (Room 214)
1394,LITERARY STUDIES 11 Challenge (Room 205B),unassigned,PHYSICS 11 (Room 216),SPANISH 11 (Room 123),CHEMISTRY 11 (Room 216),CONTEMPORARY INDIGENOUS STUDIE (Room 107),unassigned,LIFE SCIENCES 11 (Room 223)
1395,CONTEMPORARY INDIGENOUS STUDIE (Room 205A),COMPOSITION 11 (Room 122),ENVIRONMENTAL SCIENCE 11 (Room 219),TEXTILES 11 (Room 206),CAREER LIFE EDUCATION 10 (Room 123),PSYCHOLOGY 11 (Room A-2),FOUNDATIONS OF MATHEMATICS 11 (Room 210),PHOTOGRAPHY 11 (Room 113)
1396,CAREER LIFE EDUCATION 10 (Room 205A),AUTOMOTIVE TECHNOLOGY 11 (Room 102),20th CENTURY WORLD HISTORY 12 (Room 121),CHEMISTRY 11 (Room 219),CRIMINOLOGY 12 (Room 207B),COMPOSITION 11 (Room 205B),FOUNDATIONS OF MATHEMATICS 11 (Room 210),FRENCH 11 (Room 123)
1397,PSYCHOLOGY 11 (Room 208),unassigned,COMPOSITION 11 (Room A-2),LIFE SCIENCES 11 (Room 219),unassigned,unassigned,PRE-CALCULUS 11 (Room 214),unassigned
1398,SPANISH 11 (Room 207B),WORKPLACE MATHEMATICS 11 (Room 106),ACTIVE LIVING 11 (Room Gym),ENVIRONMENTAL SCIENCE 11 (Room 225),unassigned,FOOD STUDIES 11 (Room 206),COMPOSITION 11 (Room A-2),ADST ?  POWER TECHNOLOGY 10
1399,PHYSICAL GEOGRAPHY 12 (Room 207A),COMPOSITION 11 (Room 122),OUTDOOR EDUCATION 11 (Room Gym),ENVIRONMENTAL SCIENCE 11 (Room 225),PHYSICS 11 (Room 216),PSYCHOLOGY 11 (Room A-2),PRE-CALCULUS 11 (Room 106),CHEMISTRY 11 (Room 211)
1400,PHYSICAL GEOGRAPHY 12 (Room 207A),ENGINEERING 11,unassigned,ACTIVE LIVING 11 Football (Room Gym),EXPLORATIONS IN SOCIAL STUDIES (Room 107),COMPOSITION 11 (Room 205B),PRE-CALCULUS 11 (Room 106),MARKETING AND PROMOTION 11 (Room 122)
1401,LAW STUDIES 12 (Room A-2),unassigned,COMPOSITION 11 (Room A-2),CONTEMPORARY INDIGENOUS STUDIE (Room 205B),ACCOUNTING 11 (Room 123),unassigned,PRE-CALCULUS 11 (Room 106),LIFE SCIENCES 11 (Room 226)
1402,SPANISH 11 (Room 207B),COMPOSITION 11 (Room 122),unassigned,unassigned,unassigned,FOOD STUDIES 11 (Room 206),PRE-CALCULUS 11 (Room 106),unassigned
1403,CAREER LIFE EDUCATION 10 (Room 205A),SCIENCE 10 (Room 219),MEDIA DESIGN 11 (Room 114),ACTIVE LIVING 11 (Room Gym),ENGLISH FIRST PEOPLES 12 Year (Room A-7),ENVIRONMENTAL SCIENCE 11 (Room 225),WORKPLACE MATHEMATICS 11 (Room 222),unassigned
1404,FOOD STUDIES 11 (Room 206),WORKPLACE MATHEMATICS 11 (Room 106),LAW STUDIES 12 (Room A-2),ACTIVE LIVING 11 Football (Room Gym),CROSS TRAINING 11 (Room Gym),ENVIRONMENTAL SCIENCE 11 (Room 225),COMPOSITION 11 (Room A-2),PHOTOGRAPHY 11 (Room 113)
1405,FOUNDATIONS OF MATHEMATICS 11 (Room 214),unassigned,unassigned,LIFE SCIENCES 11 (Room 219),EXPLORATIONS IN SOCIAL STUDIES (Room 107),COMPOSITION 11 (Room 205B),unassigned,unassigned
1406,CHEMISTRY 11 (Room 225),COMPOSITION 11 (Room 205A),unassigned,DANCE TECHNIQUE AND PERFORMANC (Room Studio),ACCOUNTING 12 (Room 123),PSYCHOLOGY 11 (Room A-2),SOCIAL JUSTICE 12 (Room A-3),PRE-CALCULUS 11 (Room 106)
1407,LITERARY STUDIES 11 Challenge (Room 123),COMPUTER SCIENCE 12 (Room 203),CONTEMPORARY INDIGENOUS STUDIE (Room 123),PHYSICS 11 (Room 227),CHEMISTRY 11 (Room 223),unassigned,PRE-CALCULUS 11 (Room 106),unassigned
1408,LITERARY STUDIES 11 Challenge (Room 123),PRE-CALCULUS 11 (Room 106),CONTEMPORARY INDIGENOUS STUDIE (Room 123),PHYSICS 11 (Room 223),CRIMINOLOGY 12 (Room 207B),ANATOMY AND PHYSIOLOGY 12 (Room 226),CAREER LIFE EDUCATION 10 (Room A-3),CHEMISTRY 11 (Room 211)
1409,LITERARY STUDIES 11 Challenge (Room 123),AP COMPUTER SCIENCE A 12 (Room 203),PHYSICS 11 (Room 216),CHEMISTRY 11 (Room 219),CAREER LIFE EDUCATION 10 (Room 122),CONTEMPORARY INDIGENOUS STUDIE (Room 107),PRE-CALCULUS 11 HONOURS (Room 221),FRENCH 11 (Room 123)
1410,EXPLORATIONS IN SOCIAL STUDIES (Room 209),ART STUDIO 11,MEDIA DESIGN 11 (Room 114),PHYSICS 11 (Room 227),TEXTILES 11 (Room 206),COMPOSITION 11 (Room 205B),CAREER LIFE EDUCATION 10 (Room A-3),unassigned
1411,EXPLORATIONS IN SOCIAL STUDIES (Room 209),unassigned,PHYSICS 11 (Room 211),CHEMISTRY 11 (Room 227),DRAFTING 11 (Room 105),COMPOSITION 11 (Room 208),PRE-CALCULUS 11 HONOURS (Room 221),unassigned
1412,PSYCHOLOGY 11 (Room 208),COMPOSITION 11 (Room 208),unassigned,LIFE SCIENCES 11 (Room 219),unassigned,unassigned,FRENCH 11 (Room 208),unassigned
1413,FOUNDATIONS OF MATHEMATICS 11 (Room 214),unassigned,COMPOSITION 10 (Room A-3),TEXTILES 11 (Room 206),LIFE SCIENCES 11 (Room 227),unassigned,unassigned,unassigned
1414,CONTEMPORARY INDIGENOUS STUDIE (Room 205A),ROBOTICS 11 (Room 104),OUTDOOR EDUCATION 11 (Room Gym),CHEMISTRY 11 (Room 219),ENGINEERING 11,COMPOSITION 11 (Room 205B),unassigned,PRE-CALCULUS 11 (Room 106)
1415,CAREER LIFE EDUCATION 10 (Room 205A),BEGINNERS ELL 10 (Room 209),PHYSICS 11 (Room 211),ACTIVE LIVING 11 (Room Gym),ART STUDIO 11,COMPOSITION 10 (Room 207A),SOCIAL STUDIES 10 (Room 121),PRE-CALCULUS 11 (Room 106)
1416,ANATOMY AND PHYSIOLOGY 12 (Room 226),COMPUTER SCIENCE 12 (Room 203),ECONOMICS 12 (Room 208),LAW STUDIES 12 (Room 208),CAREER LIFE EDUCATION 10 (Room 122),COMPOSITION 11 (Room 208),AUTOMOTIVE TECHNOLOGY 11 (Room 102),PRE-CALCULUS 11 (Room 106)
1417,SPANISH 11 (Room 207B),COMPOSITION 11 (Room 122),ACTIVE LIVING 11 (Room Gym),CONTEMPORARY INDIGENOUS STUDIE (Room 205B),CAREER LIFE EDUCATION 10 (Room 123),FOOD STUDIES 11 (Room 206),PRE-CALCULUS 11 (Room 106),CHEMISTRY 11 (Room 211)
1418,EXPLORATIONS IN SOCIAL STUDIES (Room 121),COMPOSITION 11 (Room 122),unassigned,LIFE SCIENCES 11 (Room 219),unassigned,unassigned,PRE-CALCULUS 11 (Room 106),unassigned
1419,CRIMINOLOGY 12 (Room 207B),COMPOSITION 11 (Room 205A),MEDIA DESIGN 11 (Room 114),CONTEMPORARY INDIGENOUS STUDIE (Room 205B),LIFE SCIENCES 11 (Room 227),PSYCHOLOGY 11 (Room A-2),FOUNDATIONS OF MATHEMATICS 11 (Room 210),LEARNING STRATEGIES 11 (Room 207A)
1420,LITERARY STUDIES 11 Challenge (Room 123),unassigned,CONTEMPORARY INDIGENOUS STUDIE (Room 123),LAW STUDIES 12 (Room 208),PHYSICS 11 (Room 216),unassigned,PRE-CALCULUS 11 HONOURS (Room 221),CHEMISTRY 11 (Room 211)
1421,unassigned,COMPOSITION 11 (Room 205A),YOGA FOR MINDFULNESS 11 (Room Gym),CONTEMPORARY INDIGENOUS STUDIE (Room 205B),unassigned,ENVIRONMENTAL SCIENCE 11 (Room 225),WORKPLACE MATHEMATICS 11 (Room 222),FOOD STUDIES 11 (Room 206)
1422,FOUNDATIONS OF MATHEMATICS 11 (Room 214),COMPOSITION 11 (Room 122),unassigned,SPANISH 12 (Room 123),CHEMISTRY 11 (Room 216),SOCIAL JUSTICE 12 (Room 123),CAREER LIFE EDUCATION 10 (Room A-3),LIFE SCIENCES 11 (Room 223)
1423,PSYCHOLOGY 11 (Room 208),COMPOSITION 11 (Room 208),unassigned,LIFE SCIENCES 11 (Room 219),EXPLORATIONS IN SOCIAL STUDIES (Room 107),DRAMA 11 (Room A-1),FOUNDATIONS OF MATHEMATICS 11 (Room 210),ACTIVE LIVING 11 Girls (Room Gym)
1424,EXPLORATIONS IN SOCIAL STUDIES (Room 209),unassigned,ACTIVE LIVING 11 (Room Gym),ACCOUNTING 11 (Room 208),MEDIA DESIGN 11 (Room 114),COMPOSITION 11 (Room 208),INSTRUMENTAL MUSIC 11: GUITAR (Room 119),MARKETING AND PROMOTION 11 (Room 122)
1425,CRIMINOLOGY 12 (Room 207B),unassigned,unassigned,unassigned,TEXTILES 11 (Room 206),unassigned,COMPOSITION 11 (Room A-2),FRENCH 11 (Room 123)
1426,FOOD STUDIES 11 (Room 206),COMPOSITION 11 (Room 208),MEDIA DESIGN 11 (Room 114),DANCE FOUNDATIONS 11 (Room Studio),TEXTILES 11 (Room 206),PRE-CALCULUS 11 (Room 210),unassigned,unassigned
1427,LIFE SCIENCES 11 (Room 219),unassigned,unassigned,unassigned,unassigned,DRAMA 11 (Room A-1),COMPOSITION 11 (Room A-2),ACTIVE LIVING 11 Girls (Room Gym)
1428,FOUNDATIONS OF MATHEMATICS 11 (Room 214),unassigned,unassigned,LIFE SCIENCES 11 (Room 219),EXPLORATIONS IN SOCIAL STUDIES (Room 107),COMPOSITION 11 (Room 208),unassigned,unassigned
1429,EXPLORATIONS IN SOCIAL STUDIES (Room 209),ROBOTICS 11 (Room 104),ACTIVE LIVING 11 (Room Gym),PHYSICS 11 (Room 227),MEDIA DESIGN 11 (Room 114),DRAMA 11 (Room A-1),COMPOSITION 11 (Room A-2),PRE-CALCULUS 11 (Room 106)
1430,LAW STUDIES 12 (Room A-2),AUTOMOTIVE TECHNOLOGY 11 (Room 102),COMPOSITION 11 (Room A-2),CHEMISTRY 11 (Room 219),CRIMINOLOGY 12 (Room 207B),unassigned,PRE-CALCULUS 11 (Room 106),FRENCH 11 (Room 123)
1431,FOOD STUDIES 11 (Room 206),unassigned,unassigned,unassigned,CRIMINOLOGY 12 (Room 207B),PHOTOGRAPHY 11 (Room 113),unassigned,ACTIVE LIVING 11 Girls (Room Gym)
1432,CRIMINOLOGY 12 (Room 207B),COMPOSITION 11 (Room 122),FOUNDATIONS OF MATH AND PRE-CA (Room 210),PSYCHOLOGY 11 (Room 207A),LEARNING STRATEGIES 11 (Room 208),ENVIRONMENTAL SCIENCE 11 (Room 225),SOCIAL JUSTICE 12 (Room A-3),PRE-CALCULUS 11 (Room 106)
1433,LITERARY STUDIES 11 Challenge (Room 123),unassigned,CONTEMPORARY INDIGENOUS STUDIE (Room 123),ENVIRONMENTAL SCIENCE 11 (Room 225),PHYSICS 11 (Room 216),DRAMA 11 (Room A-1),PRE-CALCULUS 11 HONOURS (Room 221),CHEMISTRY 11 (Room 211)
1434,LITERARY STUDIES 11 Challenge (Room 123),COMPUTER SCIENCE 12 (Room 203),PHYSICS 11 (Room 211),AP STATISTICS 12 (Room A-3),CAREER LIFE EDUCATION 10 (Room 122),CONTEMPORARY INDIGENOUS STUDIE (Room 107),PRE-CALCULUS 11 HONOURS (Room 221),CHEMISTRY 11 (Room 211)
1435,ENGINEERING 11,COMPOSITION 11 (Room 122),MEDIA DESIGN 11 (Room 114),unassigned,CRIMINOLOGY 12 (Room 207B),FOOD STUDIES 11 (Room 206),PRE-CALCULUS 11 (Room 106),MARKETING AND PROMOTION 11 (Room 122)
1436,LITERARY STUDIES 11 Challenge (Room 205B),PRE-CALCULUS 11 (Room 106),COMPUTER SCIENCE 12 (Room 203),SPANISH 12 (Room 123),PHYSICS 11 (Room 216),CONTEMPORARY INDIGENOUS STUDIE (Room 107),unassigned,CHEMISTRY 11 (Room 211)
1437,EXPLORATIONS IN SOCIAL STUDIES (Room 121),COMPOSITION 11 (Room 208),ACTIVE LIVING 11 (Room Gym),LIFE SCIENCES 11 (Room 219),CAREER LIFE EDUCATION 10 (Room 123),WOODWORK 11 (Room 101),FOUNDATIONS OF MATHEMATICS 11 (Room 210),FOOD STUDIES 11 (Room 206)
1438,EXPLORATIONS IN SOCIAL STUDIES (Room 121),COMPOSITION 11 (Room 122),unassigned,CONTEMPORARY INDIGENOUS STUDIE (Room 205B),CAREER LIFE EDUCATION 10 (Room 122),FOOD STUDIES 11 (Room 206),FOUNDATIONS OF MATHEMATICS 11 (Room 210),LIFE SCIENCES 11 (Room 226)
1439,LAW STUDIES 12 (Room 222),ART STUDIO 11,ACTIVE LIVING 11 (Room Gym),CHEMISTRY 11 (Room 227),CAREER LIFE EDUCATION 10 (Room 122),COMPOSITION 11 (Room 208),PRE-CALCULUS 12 (Room 205A),ANATOMY AND PHYSIOLOGY 12 (Room 226)
1440,EXPLORATIONS IN SOCIAL STUDIES (Room 121),COMPOSITION 11 (Room 208),OUTDOOR EDUCATION 11 (Room Gym),PHYSICS 11 (Room 227),CAREER LIFE EDUCATION 10 (Room 122),ENVIRONMENTAL SCIENCE 11 (Room 225),PRE-CALCULUS 11 HONOURS (Room 221),CHEMISTRY 11 (Room 211)
1441,LAW STUDIES 12 (Room 222),PRE-CALCULUS 11 (Room 106),COMPOSITION 11 (Room A-2),PHYSICS 11 (Room 223),CHEMISTRY 11 (Room 223),PSYCHOLOGY 11 (Room A-2),SOCIAL JUSTICE 12 (Room A-3),CRIMINOLOGY 12 (Room 123)
1442,LIFE SCIENCES 11 (Room 219),COMPOSITION 11 (Room 122),unassigned,TEXTILES 11 (Room 206),unassigned,PHOTOGRAPHY 11 (Room 113),unassigned,unassigned
1443,LITERARY STUDIES 11 Challenge (Room 123),ANATOMY AND PHYSIOLOGY 12 (Room 223),CONTEMPORARY INDIGENOUS STUDIE (Room 123),CHEMISTRY 11 (Room 219),PHYSICS 11 (Room 216),PSYCHOLOGY 11 (Room A-2),PRE-CALCULUS 11 (Room 106),LIFE SCIENCES 11 (Room 226)
1444,FOUNDATIONS OF MATHEMATICS 11 (Room 214),unassigned,unassigned,LIFE SCIENCES 11 (Room 219),EXPLORATIONS IN SOCIAL STUDIES (Room 107),COMPOSITION 11 (Room 205B),unassigned,unassigned
1445,unassigned,COMPOSITION 11 (Room 122),unassigned,LIFE SCIENCES 11 (Room 219),EXPLORATIONS IN SOCIAL STUDIES (Room 107),unassigned,FOUNDATIONS OF MATHEMATICS 11 (Room 210),unassigned
1446,EXPLORATIONS IN SOCIAL STUDIES (Room 121),WORKPLACE MATHEMATICS 11 (Room 106),COMPOSITION 11 (Room A-2),TEXTILES 11 (Room 206),LIFE SCIENCES 11 (Room 227),WOODWORK 11 (Room 101),CAREER LIFE EDUCATION 10 (Room A-3),FOOD STUDIES 11 (Room 206)
1447,LAW STUDIES 12 (Room 222),COMPOSITION 11 (Room 122),YOGA FOR MINDFULNESS 11 (Room Gym),PSYCHOLOGY 11 (Room 207A),CAREER LIFE EDUCATION 10 (Room 122),ENVIRONMENTAL SCIENCE 11 (Room 225),PRE-CALCULUS 11 (Room 106),CRIMINOLOGY 12 (Room 123)
1448,ENGINEERING 11,ART STUDIO 11,COMPOSITION 11 (Room A-2),LIFE SCIENCES 11 (Room 219),ACCOUNTING 11 (Room 123),PRE-CALCULUS 11 (Room 210),CAREER LIFE EDUCATION 10 (Room A-3),ENTREPRENEURSHIP 12 (Room 122)
1449,EXPLORATIONS IN SOCIAL STUDIES (Room 121),COMPOSITION 11 (Room 208),unassigned,LIFE SCIENCES 11 (Room 219),unassigned,unassigned,FOUNDATIONS OF MATHEMATICS 11 (Room 210),unassigned
1450,CRIMINOLOGY 12 (Room 207B),PRE-CALCULUS 11 (Room 106),LAW STUDIES 12 (Room A-2),SPANISH 11 (Room 123),CHEMISTRY 11 (Room 223),COMPOSITION 11 (Room 205B),CAREER LIFE EDUCATION 10 (Room A-3),DANCE CONDITIONING 11
1451,PHYSICAL GEOGRAPHY 12 (Room 207A),ANATOMY AND PHYSIOLOGY 12 (Room 223),COMPOSITION 11 (Room A-2),SPANISH 11 (Room 123),CAREER LIFE EDUCATION 10 (Room 122),PSYCHOLOGY 11 (Room A-2),PRE-CALCULUS 11 (Room 214),LIFE SCIENCES 11 (Room 226)
1452,CHEMISTRY 11 (Room 225),PRE-CALCULUS 11 (Room 106),PHYSICS 11 (Room 219),ACTIVE LIVING 11 (Room Gym),ENGLISH FIRST PEOPLES 12 (Room 208),COMPARATIVE CULTURES 12 (Room 107),SOCIAL JUSTICE 12 (Room A-3),WOODWORK 11 (Room 101)
1453,LITERARY STUDIES 11 Challenge (Room 205B),PRE-CALCULUS 11 (Room 106),PHYSICS 11 (Room 211),CHEMISTRY 11 (Room 219),CAREER LIFE EDUCATION 10 (Room 122),CONTEMPORARY INDIGENOUS STUDIE (Room 107),COMPUTER SCIENCE 11 (Room 203),LIFE SCIENCES 11 (Room 223)
1454,CAREER LIFE EDUCATION 10 (Room 205A),COMPUTER SCIENCE 12 (Room 203),LAW STUDIES 12 (Room A-2),ACTIVE LIVING 11 Football (Room Gym),CROSS TRAINING 11 (Room Gym),ENVIRONMENTAL SCIENCE 11 (Room 225),COMPOSITION 11 (Room A-2),unassigned
1455,CONTEMPORARY INDIGENOUS STUDIE (Room 205A),unassigned,PHYSICS 11 (Room 211),LAW STUDIES 12 (Room 208),CHEMISTRY 11 (Room 223),COMPOSITION 11 (Room 205B),unassigned,PRE-CALCULUS 11 (Room 106)
1456,unassigned,unassigned,unassigned,PSYCHOLOGY 11 (Room 207A),ANATOMY AND PHYSIOLOGY 12 (Room 225),unassigned,COMPOSITION 11 (Room A-2),MARKETING AND PROMOTION 11 (Room 122)
1457,EXPLORATIONS IN SOCIAL STUDIES (Room 121),WORKPLACE MATHEMATICS 11 (Room 106),COMPOSITION 11 (Room A-2),SPANISH 12 (Room 123),CROSS TRAINING 11 (Room Gym),ENVIRONMENTAL SCIENCE 11 (Room 225),CAREER LIFE EDUCATION 10 (Room A-3),unassigned
1458,FOUNDATIONS OF MATHEMATICS 11 (Room 214),COMPOSITION 11 (Room 205A),unassigned,unassigned,EXPLORATIONS IN SOCIAL STUDIES (Room 107),unassigned,unassigned,LIFE SCIENCES 11 (Room 223)
1459,LAW STUDIES 12 (Room 222),COMPOSITION 11 (Room 122),ECONOMICS 12 (Room 208),PHYSICS 11 (Room 223),CHEMISTRY 11 (Room 216),PRE-CALCULUS 11 (Room 210),CAREER LIFE EDUCATION 10 (Room A-3),CRIMINOLOGY 12 (Room 123)
1460,unassigned,COMPOSITION 11 (Room 208),ENVIRONMENTAL SCIENCE 11 (Room 219),DANCE FOUNDATIONS 11 (Room Studio),unassigned,SOCIAL JUSTICE 12 (Room 123),WORKPLACE MATHEMATICS 11 (Room 222),DANCE CONDITIONING 11
1461,unassigned,AUTOMOTIVE TECHNOLOGY 11 (Room 102),ACTIVE LIVING 11 (Room Gym),PHYSICS 11 (Room 227),EXPLORATIONS IN SOCIAL STUDIES (Room 107),WOODWORK 11 (Room 101),PRE-CALCULUS 11 (Room 214),CRIMINOLOGY 12 (Room 123)
1462,LAW STUDIES 12 (Room A-2),COMPOSITION 11 (Room 208),20th CENTURY WORLD HISTORY 12 (Room 121),CHEMISTRY 11 (Room 219),CRIMINOLOGY 12 (Room 207B),PSYCHOLOGY 11 (Room A-2),PRE-CALCULUS 11 (Room 106),ANATOMY AND PHYSIOLOGY 12 (Room 226)
1463,CRIMINOLOGY 12 (Room 207B),COMPOSITION 11 (Room 205A),unassigned,CONTEMPORARY INDIGENOUS STUDIE (Room 205B),CHEMISTRY 11 (Room 216),unassigned,PRE-CALCULUS 11 HONOURS (Room 221),LIFE SCIENCES 11 (Room 226)
1464,FOOD STUDIES 11 (Room 206),COMPOSITION 11 (Room 208),LAW STUDIES 12 (Room A-2),CHEMISTRY 11 (Room 227),CRIMINOLOGY 12 (Room 207B),PSYCHOLOGY 11 (Room A-2),PRE-CALCULUS 11 (Room 214),INTRODUCTORY SPANISH 11 (Room 205A)
1465,FOUNDATIONS OF MATHEMATICS 11 (Room 214),COMPOSITION 11 (Room 205A),unassigned,LIFE SCIENCES 11 (Room 219),EXPLORATIONS IN SOCIAL STUDIES (Room 107),PHOTOGRAPHY 11 (Room 113),unassigned,ACTIVE LIVING 11 Girls (Room Gym)
1466,EXPLORATIONS IN SOCIAL STUDIES (Room 209),COMPOSITION 11 (Room 208),unassigned,unassigned,unassigned,unassigned,FRENCH 11 (Room 208),ACTIVE LIVING 11 Girls (Room Gym)
1467,CHEMISTRY 11 (Room 225),20th CENTURY WORLD HISTORY 12 (Room 121),OUTDOOR EDUCATION 11 (Room Gym),ACTIVE LIVING 11 (Room Gym),unassigned,COMPOSITION 11 (Room 208),PRE-CALCULUS 11 (Room 214),3D ANIMATION 12 (Room 114)
1468,CRIMINOLOGY 12 (Room 207B),COMPOSITION 11 (Room 122),LAW STUDIES 12 (Room A-2),CHEMISTRY 11 (Room 227),PHYSICS 11 (Room 216),unassigned,PRE-CALCULUS 11 (Room 214),unassigned
1469,LAW STUDIES 12 (Room A-2),PHYSICS 12 (Room 227),unassigned,CHEMISTRY 11 (Room 227),PHYSICS 11 (Room 216),COMPOSITION 11 (Room 208),PRE-CALCULUS 11 HONOURS (Room 221),unassigned
1470,CHEMISTRY 11 (Room 225),COMPUTER SCIENCE 11 (Room 203),PHYSICS 11 (Room 216),CONTEMPORARY INDIGENOUS STUDIE (Room 205B),LIFE SCIENCES 11 (Room 227),COMPOSITION 11 (Room 205B),CAREER LIFE EDUCATION 10 (Room A-3),PRE-CALCULUS 11 (Room 106)
1471,EXPLORATIONS IN SOCIAL STUDIES (Room 209),COMPOSITION 11 (Room 205A),OUTDOOR EDUCATION 11 (Room Gym),LIFE SCIENCES 11 (Room 219),CHEMISTRY 11 (Room 216),PSYCHOLOGY 11 (Room A-2),FRENCH 11 (Room 208),PRE-CALCULUS 11 (Room 106)
1472,FOOD STUDIES 11 (Room 206),COMPOSITION 11 (Room 122),PHYSICS 11 (Room 216),LAW STUDIES 12 (Room 208),CHEMISTRY 11 (Room 216),ANATOMY AND PHYSIOLOGY 12 (Room 226),PRE-CALCULUS 11 (Room 106),CRIMINOLOGY 12 (Room 123)
1473,CHEMISTRY 11 (Room 225),COMPUTER SCIENCE 12 (Room 203),LAW STUDIES 12 (Room A-2),PHYSICS 11 (Room 227),ACCOUNTING 11 (Room 123),PRE-CALCULUS 11 (Room 210),COMPOSITION 11 (Room A-2),DRAFTING 11 (Room 105)
1474,LITERARY STUDIES 11 Challenge (Room 123),PRE-CALCULUS 11 (Room 106),COMPUTER SCIENCE 11 (Room 203),ACTIVE LIVING 11 (Room Gym),ACCOUNTING 11 (Room 123),CONTEMPORARY INDIGENOUS STUDIE (Room 107),CAREER LIFE EDUCATION 10 (Room A-3),CHEMISTRY 11 (Room 211)
1475,CRIMINOLOGY 12 (Room 207B),unassigned,unassigned,LAW STUDIES 12 (Room 208),CHEMISTRY 11 (Room 216),COMPOSITION 11 (Room 208),PRE-CALCULUS 11 (Room 106),LIFE SCIENCES 11 (Room 226)
1476,FOOD STUDIES 11 (Room 206),BEGINNERS ELL 10 (Room 209),COMPOSITION 10 (Room 222),DANCE TECHNIQUE AND PERFORMANC (Room Studio),TEXTILES 11 (Room 206),ENVIRONMENTAL SCIENCE 11 (Room 225),SOCIAL STUDIES 10 (Room 121),PRE-CALCULUS 11 (Room 106)
1477,FOUNDATIONS OF MATHEMATICS 11 (Room 214),COMPOSITION 11 (Room 122),ENVIRONMENTAL SCIENCE 11 (Room 219),SPANISH 11 (Room 123),EXPLORATIONS IN SOCIAL STUDIES (Room 107),WOODWORK 11 (Room 101),AUTOMOTIVE TECHNOLOGY 11 (Room 102),LIFE SCIENCES 11 (Room 226)
1478,LITERARY STUDIES 11 Challenge (Room 123),unassigned,PHYSICS 11 (Room 219),AP STATISTICS 12 (Room A-3),CHEMISTRY 11 (Room 216),CONTEMPORARY INDIGENOUS STUDIE (Room 107),PRE-CALCULUS 11 HONOURS (Room 221),FRENCH 11 (Room 123)
1479,LIFE SCIENCES 11 (Room 219),unassigned,unassigned,SPANISH 11 (Room 123),unassigned,COMPOSITION 11 (Room 205B),PRE-CALCULUS 11 (Room 214),unassigned
1480,unassigned,COMPOSITION 11 (Room 122),unassigned,LIFE SCIENCES 11 (Room 219),ENGINEERING 11,DRAMA 11 (Room A-1),unassigned,unassigned
1481,unassigned,unassigned,unassigned,LIFE SCIENCES 11 (Room 219),EXPLORATIONS IN SOCIAL STUDIES (Room 107),COMPOSITION 11 (Room 205B),unassigned,MARKETING AND PROMOTION 11 (Room 122)
1482,CRIMINOLOGY 12 (Room 207B),COMPOSITION 11 (Room 208),PHYSICS 11 (Room 219),LAW STUDIES 12 (Room 208),CAREER LIFE EDUCATION 10 (Room 122),PRE-CALCULUS 12 (Room 221),AUTOMOTIVE TECHNOLOGY 11 (Room 102),MARKETING AND PROMOTION 11 (Room 122)
1483,CAREER LIFE EDUCATION 10 (Room 205A),COMPUTER SCIENCE 12 (Room 203),COMPUTER PROGRAMMING 11 AI and (Room 203),CHEMISTRY 11 (Room 219),EXPLORATIONS IN SOCIAL STUDIES (Room 107),FOOD STUDIES 11 (Room 206),COMPOSITION 11 (Room A-2),PRE-CALCULUS 11 (Room 106)
1484,LITERARY STUDIES 11 Challenge (Room 123),unassigned,CONTEMPORARY INDIGENOUS STUDIE (Room 123),AP STATISTICS 12 (Room A-3),PHYSICS 11 (Room 216),unassigned,PRE-CALCULUS 11 HONOURS (Room 221),CHEMISTRY 11 (Room 211)
1485,unassigned,PRE-CALCULUS 11 (Room 106),unassigned,CHEMISTRY 11 (Room 227),CRIMINOLOGY 12 (Room 207B),ANATOMY AND PHYSIOLOGY 12 (Room 226),COMPOSITION 11 (Room A-2),PHOTOGRAPHY 11 (Room 113)
1486,LAW STUDIES 12 (Room 222),PRE-CALCULUS 11 (Room 106),PHYSICS 11 (Room 211),CHEMISTRY 11 (Room 219),CAREER LIFE EDUCATION 10 (Room 122),COMPOSITION 11 (Room 205B),CHEMISTRY 12 (Room 223),LIFE SCIENCES 11 (Room 226)
1487,LITERARY STUDIES 11 Challenge (Room 205B),DRAFTING 11 (Room 105),PHYSICS 11 (Room 216),LAW STUDIES 12 (Room 208),CAREER LIFE EDUCATION 10 (Room 122),CONTEMPORARY INDIGENOUS STUDIE (Room 107),PRE-CALCULUS 11 (Room 106),CHEMISTRY 11 (Room 211)
1488,FOOD STUDIES 11 (Room 206),COMPOSITION 11 (Room 122),YOGA FOR MINDFULNESS 11 (Room Gym),LAW STUDIES 12 (Room 208),ART STUDIO 11,ENVIRONMENTAL SCIENCE 11 (Room 225),FOUNDATIONS OF MATHEMATICS 11 (Room 210),PHOTOGRAPHY 11 (Room 113)
1489,LAW STUDIES 12 (Room 222),COMPOSITION 11 (Room 205A),YOGA FOR MINDFULNESS 11 (Room Gym),ACTIVE LIVING 11 (Room Gym),CAREER LIFE EDUCATION 10 (Room 122),FOOD STUDIES 11 (Room 206),PRE-CALCULUS 11 (Room 106),LIFE SCIENCES 11 (Room 223)
1490,unassigned,COMPOSITION 11 (Room 122),unassigned,DANCE FOUNDATIONS 11 (Room Studio),unassigned,PHOTOGRAPHY 11 (Room 113),unassigned,unassigned
1491,EXPLORATIONS IN SOCIAL STUDIES (Room 209),COMPOSITION 11 (Room 208),MEDIA DESIGN 11 (Room 114),PHYSICS 11 (Room 227),CHEMISTRY 11 (Room 216),PRE-CALCULUS 11 (Room 210),CAREER LIFE EDUCATION 10 (Room A-3),LIFE SCIENCES 11 (Room 223)
1492,PSYCHOLOGY 11 (Room 208),COMPOSITION 11 (Room 205A),unassigned,unassigned,unassigned,DRAMA 11 (Room A-1),unassigned,MARKETING AND PROMOTION 11 (Room 122)
1493,EXPLORATIONS IN SOCIAL STUDIES (Room 121),AUTOMOTIVE TECHNOLOGY 11 (Room 102),OUTDOOR EDUCATION 11 (Room Gym),ACTIVE LIVING 11 (Room Gym),CAREER LIFE EDUCATION 10 (Room 122),COMPOSITION 11 (Room 208),PRE-CALCULUS 11 (Room 106),CHEMISTRY 11 (Room 211)
1494,LITERARY STUDIES 11 Challenge (Room 123),PRE-CALCULUS 11 (Room 106),CONTEMPORARY INDIGENOUS STUDIE (Room 123),CHEMISTRY 12 (Room 223),PHYSICS 11 (Room 216),ANATOMY AND PHYSIOLOGY 12 (Room 226),PRE-CALCULUS 12 (Room 205A),CHEMISTRY 11 (Room 211)
1495,EXPLORATIONS IN SOCIAL STUDIES (Room 209),COMPOSITION 11 (Room 122),PHYSICS 11 (Room 216),PSYCHOLOGY 11 (Room 207A),CHEMISTRY 11 (Room 223),FOOD STUDIES 11 (Room 206),PRE-CALCULUS 11 (Room 214),LIFE SCIENCES 11 (Room 223)
1496,CONTEMPORARY INDIGENOUS STUDIE (Room 205A),WORKPLACE MATHEMATICS 11 (Room 106),ENVIRONMENTAL SCIENCE 11 (Room 219),ACTIVE LIVING 11 Football (Room Gym),CROSS TRAINING 11 (Room Gym),COMPOSITION 11 (Room 205B),CAREER LIFE EDUCATION 10 (Room A-3),AUTOMOTIVE TECHNOLOGY 11 (Room 102)
1497,SPANISH 11 (Room 207B),AUTOMOTIVE TECHNOLOGY 11 (Room 102),COMPOSITION 11 (Room A-2),CONTEMPORARY INDIGENOUS STUDIE (Room 205B),CAREER LIFE EDUCATION 10 (Room 122),WOODWORK 11 (Room 101),WORKPLACE MATHEMATICS 11 (Room 222),LIFE SCIENCES 11 (Room 226)
1498,EXPLORATIONS IN SOCIAL STUDIES (Room 121),COMPOSITION 11 (Room 122),unassigned,LIFE SCIENCES 11 (Room 219),unassigned,unassigned,FOUNDATIONS OF MATHEMATICS 11 (Room 210),unassigned
1499,LITERARY STUDIES 11 Challenge (Room 123),COMPUTER SCIENCE 12 (Room 203),PHYSICS 11 (Room 211),AP STATISTICS 12 (Room A-3),CAREER LIFE EDUCATION 10 (Room 123),CONTEMPORARY INDIGENOUS STUDIE (Room 107),PRE-CALCULUS 11 (Room 106),CHEMISTRY 11 (Room 211)
1500,EXPLORATIONS IN SOCIAL STUDIES (Room 121),COMPOSITION 11 (Room 205A),ENVIRONMENTAL SCIENCE 11 (Room 219),DANCE TECHNIQUE AND PERFORMANC (Room Studio),CAREER LIFE EDUCATION 10 (Room 122),DRAMA 11 (Room A-1),WORKPLACE MATHEMATICS 11 (Room 222),PHOTOGRAPHY 11 (Room 113)
1501,CRIMINOLOGY 12 (Room 207B),AUTOMOTIVE TECHNOLOGY 11 (Room 102),COMPOSITION 11 (Room A-2),ENVIRONMENTAL SCIENCE 11 (Room 225),EXPLORATIONS IN SOCIAL STUDIES (Room 107),WOODWORK 11 (Room 101),WORKPLACE MATHEMATICS 11 (Room 222),FOOD STUDIES 11 (Room 206)
1502,LITERARY STUDIES 11 Challenge (Room 123),PRE-CALCULUS 11 (Room 106),ACTIVE LIVING 11 (Room Gym),LAW STUDIES 12 (Room 208),PHYSICS 11 (Room 216),CONTEMPORARY INDIGENOUS STUDIE (Room 107),CAREER LIFE EDUCATION 10 (Room A-3),CHEMISTRY 11 (Room 211)
1503,LITERARY STUDIES 11 Challenge (Room 205B),DRAFTING 11 (Room 105),PHYSICS 11 (Room 211),CHEMISTRY 11 (Room 227),CAREER LIFE EDUCATION 10 (Room 122),CONTEMPORARY INDIGENOUS STUDIE (Room 107),PRE-CALCULUS 11 HONOURS (Room 221),ANATOMY AND PHYSIOLOGY 12 (Room 226)
1504,CHEMISTRY 11 (Room 225),COMPOSITION 11 (Room 122),PHYSICS 11 (Room 216),TEXTILES 11 (Room 206),EXPLORATIONS IN SOCIAL STUDIES (Room 107),PSYCHOLOGY 11 (Room A-2),PRE-CALCULUS 11 (Room 214),CRIMINOLOGY 12 (Room 123)
1505,FOUNDATIONS OF MATHEMATICS 11 (Room 214),ART STUDIO 11,COMPOSITION 11 (Room A-2),CHEMISTRY 11 (Room 219),EXPLORATIONS IN SOCIAL STUDIES (Room 107),FOOD STUDIES 11 (Room 206),CAREER LIFE EDUCATION 10 (Room A-3),LIFE SCIENCES 11 (Room 223)
1506,LITERARY STUDIES 11 Challenge (Room 123),COMPUTER SCIENCE 11 (Room 203),CONTEMPORARY INDIGENOUS STUDIE (Room 123),LIFE SCIENCES 11 (Room 219),CHEMISTRY 11 (Room 216),unassigned,PRE-CALCULUS 11 HONOURS (Room 221),unassigned
1507,LITERARY STUDIES 11 Challenge (Room 123),CHEMISTRY 12 (Room 223),CONTEMPORARY INDIGENOUS STUDIE (Room 123),PHYSICS 11 (Room 227),CHEMISTRY 11 (Room 223),ANATOMY AND PHYSIOLOGY 12 (Room 226),CALCULUS 12 (Room 123),PRE-CALCULUS 12 (Room 214)
1508,LITERARY STUDIES 11 Challenge (Room 205B),PRE-CALCULUS 11 (Room 106),CONTEMPORARY INDIGENOUS STUDIE (Room 123),PHYSICS 11 (Room 227),CHEMISTRY 11 (Room 216),ANATOMY AND PHYSIOLOGY 12 (Room 226),CAREER LIFE EDUCATION 10 (Room A-3),CRIMINOLOGY 12 (Room 123)
1509,PHYSICAL GEOGRAPHY 12 (Room 207A),COMPOSITION 11 (Room 122),ENVIRONMENTAL SCIENCE 11 (Room 219),CONTEMPORARY INDIGENOUS STUDIE (Room 205B),ENVIRONMENTAL SCIENCE 12 - CLI (Room 223),PSYCHOLOGY 11 (Room A-2),PRE-CALCULUS 11 (Room 106),ACTIVE LIVING 11 Girls (Room Gym)
1510,CAREER LIFE EDUCATION 10 (Room 205A),COMPOSITION 11 (Room 205A),YOGA FOR MINDFULNESS 11 (Room Gym),CHEMISTRY 11 (Room 219),LIFE SCIENCES 11 (Room 227),SOCIAL JUSTICE 12 (Room 123),FOUNDATIONS OF MATHEMATICS 11 (Room 210),FOOD STUDIES 11 (Room 206)
1511,FOUNDATIONS OF MATHEMATICS 11 (Room 214),COMPOSITION 11 (Room 122),OUTDOOR EDUCATION 11 (Room Gym),unassigned,EXPLORATIONS IN SOCIAL STUDIES (Room 107),PHOTOGRAPHY 11 (Room 113),unassigned,ACTIVE LIVING 11 Girls (Room Gym)
1512,EXPLORATIONS IN SOCIAL STUDIES (Room 121),COMPOSITION 11 (Room 208),PHYSICS 11 (Room 211),CHEMISTRY 11 (Room 227),CAREER LIFE EDUCATION 10 (Room 123),PRE-CALCULUS 11 (Room 210),unassigned,LIFE SCIENCES 11 (Room 226)
1513,LITERARY STUDIES 11 Challenge (Room 123),ART STUDIO 11,PHYSICS 11 (Room 219),CHEMISTRY 11 (Room 219),CAREER LIFE EDUCATION 10 (Room 122),CONTEMPORARY INDIGENOUS STUDIE (Room 107),PRE-CALCULUS 11 (Room 214),CRIMINOLOGY 12 (Room 123)
1514,EXPLORATIONS IN SOCIAL STUDIES (Room 209),WORKPLACE MATHEMATICS 11 (Room 106),ENVIRONMENTAL SCIENCE 11 (Room 219),ACTIVE LIVING 11 Football (Room Gym),CROSS TRAINING 11 (Room Gym),COMPOSITION 11 (Room 208),CAREER LIFE EDUCATION 10 (Room A-3),INTRODUCTORY SPANISH 11 (Room 205A)
1515,CAREER LIFE EDUCATION 10 (Room 205A),AUTOMOTIVE TECHNOLOGY 11 (Room 102),EFP WRITING 10 (Room A-6),ENVIRONMENTAL SCIENCE 11 (Room 225),SOCIAL STUDIES 10 (Room A-3),COMPOSITION 11 (Room 205B),WORKPLACE MATHEMATICS 11 (Room 222),FOOD STUDIES 11 (Room 206)
1516,LITERARY STUDIES 11 Challenge (Room 123),unassigned,CONTEMPORARY INDIGENOUS STUDIE (Room 123),PHYSICS 11 (Room 227),CHEMISTRY 11 (Room 223),DRAMA 11 (Room A-1),PRE-CALCULUS 11 HONOURS (Room 221),LIFE SCIENCES 11 (Room 226)
1517,LITERARY STUDIES 11 Challenge (Room 205B),COMPUTER SCIENCE 11 (Room 203),PHYSICS 11 (Room 219),AP STATISTICS 12 (Room A-3),CAREER LIFE EDUCATION 10 (Room 122),CONTEMPORARY INDIGENOUS STUDIE (Room 107),PRE-CALCULUS 11 HONOURS (Room 221),CHEMISTRY 11 (Room 211)
1518,CRIMINOLOGY 12 (Room 207B),COMPOSITION 11 (Room 208),20th CENTURY WORLD HISTORY 12 (Room 121),PSYCHOLOGY 11 (Room 207A),CAREER LIFE EDUCATION 10 (Room 122),ENVIRONMENTAL SCIENCE 11 (Room 225),WORKPLACE MATHEMATICS 11 (Room 222),FOOD STUDIES 11 (Room 206)
1519,FOUNDATIONS OF MATHEMATICS 11 (Room 214),unassigned,unassigned,LIFE SCIENCES 11 (Room 219),EXPLORATIONS IN SOCIAL STUDIES (Room 107),COMPOSITION 11 (Room 205B),unassigned,unassigned
1520,FOUNDATIONS OF MATHEMATICS 11 (Room 214),unassigned,unassigned,unassigned,EXPLORATIONS IN SOCIAL STUDIES (Room 107),COMPOSITION 11 (Room 205B),unassigned,LIFE SCIENCES 11 (Room 223)
1521,SPANISH 11 (Room 207B),unassigned,COMPOSITION 11 (Room A-2),CONTEMPORARY INDIGENOUS STUDIE (Room 205B),CRIMINOLOGY 12 (Room 207B),unassigned,CAREER LIFE EDUCATION 10 (Room A-3),LIFE SCIENCES 11 (Room 226)
1522,LITERARY STUDIES 11 Challenge (Room 205B),AP COMPUTER SCIENCE A 12 (Room 203),CONTEMPORARY INDIGENOUS STUDIE (Room 123),PHYSICS 11 (Room 223),CAREER LIFE EDUCATION 10 (Room 122),PRE-CALCULUS 11 (Room 210),COMPUTER SCIENCE 12 (Room 203),CHEMISTRY 11 (Room 211)
1523,LAW STUDIES 12 (Room A-2),COMPUTER SCIENCE 11 (Room 203),PRE-CALCULUS 12 (Room 106),PHYSICS 11 (Room 223),CHEMISTRY 11 (Room 223),COMPOSITION 11 (Room 205B),PRE-CALCULUS 11 (Room 106),INTRODUCTORY SPANISH 11 (Room 205A)
1524,SPANISH 11 (Room 207B),COMPOSITION 11 (Room 208),LAW STUDIES 12 (Room A-2),PHYSICS 11 (Room 227),ACCOUNTING 11 (Room 123),unassigned,PRE-CALCULUS 11 (Room 106),unassigned
1525,PHYSICAL GEOGRAPHY 12 (Room 207A),COMPOSITION 11 (Room 122),PRE-CALCULUS 12 (Room 122),PHYSICS 11 (Room 223),CHEMISTRY 11 (Room 223),PRE-CALCULUS 11 (Room 210),unassigned,unassigned
1526,LAW STUDIES 12 (Room A-2),COMPOSITION 11 (Room 208),PHYSICS 11 (Room 211),ACTIVE LIVING 11 (Room Gym),CHEMISTRY 11 (Room 216),PRE-CALCULUS 12 (Room 221),unassigned,unassigned
1527,CONTEMPORARY INDIGENOUS STUDIE (Room 205A),AUTOMOTIVE TECHNOLOGY 11 (Room 102),PHYSICS 11 (Room 216),ACTIVE LIVING 11 (Room Gym),CHEMISTRY 11 (Room 216),COMPOSITION 11 (Room 205B),PRE-CALCULUS 11 (Room 214),FOOD STUDIES 11 (Room 206)
1528,CHEMISTRY 11 (Room 225),COMPOSITION 11 (Room 122),LAW STUDIES 12 (Room A-2),DANCE TECHNIQUE AND PERFORMANC (Room Studio),CAREER LIFE EDUCATION 10 (Room 122),SOCIAL JUSTICE 12 (Room 123),PRE-CALCULUS 11 (Room 106),LIFE SCIENCES 11 (Room 226)
1529,CONTEMPORARY INDIGENOUS STUDIE (Room 205A),PRE-CALCULUS 11 (Room 106),LAW STUDIES 12 (Room A-2),PSYCHOLOGY 11 (Room 207A),ACCOUNTING 12 (Room 123),ANATOMY AND PHYSIOLOGY 12 (Room 226),COMPOSITION 11 (Room A-2),CHEMISTRY 11 (Room 211)
1530,CAREER LIFE EDUCATION 10 (Room 205A),COMPOSITION 11 (Room 205A),ACTIVE LIVING 11 (Room Gym),PSYCHOLOGY 11 (Room 207A),CHEMISTRY 11 (Room 216),SOCIAL JUSTICE 12 (Room 123),PRE-CALCULUS 11 HONOURS (Room 221),LIFE SCIENCES 11 (Room 226)
1531,LITERARY STUDIES 11 Challenge (Room 123),AP COMPUTER SCIENCE A 12 (Room 203),COMPUTER SCIENCE 12 (Room 203),unassigned,PHYSICS 11 (Room 216),CONTEMPORARY INDIGENOUS STUDIE (Room 107),PRE-CALCULUS 11 HONOURS (Room 221),unassigned
1532,CAREER LIFE EDUCATION 10 (Room 205A),PRE-CALCULUS 11 (Room 106),COMPOSITION 11 (Room A-2),ENVIRONMENTAL SCIENCE 11 (Room 225),ACCOUNTING 12 (Room 123),SOCIAL JUSTICE 12 (Room 123),INSTRUMENTAL MUSIC 11: GUITAR (Room 119),ECONOMICS 12 (Room 208)
1533,FOOD STUDIES 11 (Room 206),COMPOSITION 11 (Room 122),LAW STUDIES 12 (Room A-2),CHEMISTRY 11 (Room 219),CAREER LIFE EDUCATION 10 (Room 123),PSYCHOLOGY 11 (Room A-2),PRE-CALCULUS 11 (Room 214),CRIMINOLOGY 12 (Room 123)
1534,LITERARY STUDIES 11 Challenge (Room 205B),unassigned,PHYSICS 11 (Room 216),TEXTILES 11 (Room 206),unassigned,CONTEMPORARY INDIGENOUS STUDIE (Room 107),PRE-CALCULUS 11 HONOURS (Room 221),CHEMISTRY 11 (Room 211)
1535,PHYSICAL GEOGRAPHY 12 (Room 207A),ART STUDIO 11,OUTDOOR EDUCATION 11 (Room Gym),LIFE SCIENCES 11 (Room 219),CAREER LIFE EDUCATION 10 (Room 122),COMPOSITION 11 (Room 205B),FOUNDATIONS OF MATHEMATICS 11 (Room 210),FOOD STUDIES 11 (Room 206)
1536,LITERARY STUDIES 11 Challenge (Room 205B),unassigned,PHYSICS 11 (Room 211),AP STATISTICS 12 (Room A-3),CHEMISTRY 11 (Room 223),CONTEMPORARY INDIGENOUS STUDIE (Room 107),PRE-CALCULUS 11 HONOURS (Room 221),unassigned
1537,CONTEMPORARY INDIGENOUS STUDIE (Room 205A),COMPOSITION 11 (Room 208),COMPUTER PROGRAMMING 11 AI and (Room 203),PHYSICS 11 (Room 223),CAREER LIFE EDUCATION 10 (Room 122),PRE-CALCULUS 12 (Room 221),COMPUTER SCIENCE 11 (Room 203),CHEMISTRY 11 (Room 211)
1538,EXPLORATIONS IN SOCIAL STUDIES (Room 121),AUTOMOTIVE TECHNOLOGY 11 (Room 102),PHYSICS 11 (Room 219),ACCOUNTING 12 (Room 208),CAREER LIFE EDUCATION 10 (Room 122),PRE-CALCULUS 12 (Room 221),COMPOSITION 11 (Room A-2),PRE-CALCULUS 11 (Room 106)
1539,PSYCHOLOGY 11 (Room 208),unassigned,unassigned,unassigned,DRAFTING 11 (Room 105),PRE-CALCULUS 11 (Room 210),FRENCH 11 (Room 208),unassigned
1540,SCIENCE 10 (Room 211),COMPUTER SCIENCE 11 (Room 203),FOUNDATIONS OF MATH AND PRE-CA (Room 210),ACCOUNTING 11 (Room 208),EFP WRITING 10 (Room A-6),PHYSICAL AND HEALTH EDUCATION (Room Gym),SOCIAL STUDIES 10 (Room 121),ADST ?  POWER TECHNOLOGY 10
1541,SCIENCE 10 (Room 211),ADST ?  ELECTRONICS AND ROBOTI (Room 104),LEARNING STRATEGIES 10 (Room 208),SOCIAL STUDIES 10 (Room 121),PHYSICAL AND HEALTH EDUCATION (Room Gym),EFP WRITING 10 (Room A-6),FOUNDATIONS OF MATH AND PRE-CA (Room 214),3D ANIMATION 12 (Room 114)
1542,ADST-Technology Explorations 1,COMPUTER SCIENCE 11 (Room 203),SCIENCE 10 (Room 211),SOCIAL STUDIES 10 (Room 121),Information and Communications (Room 114),FOUNDATIONS OF MATH AND PRE-CA (Room 220),EFP WRITING 10 (Room A-7),PHYSICAL AND HEALTH EDUCATION (Room Gym)
1543,COMPOSITION 10 Challenge (Room 208),SCIENCE 10: CHALLENGE (Room 219),Information and Communications (Room 114),FOUNDATIONS OF MATH AND PRE-CA (Room 212),ACCOUNTING 11 (Room 123),SOCIAL STUDIES 10 CHALLENGE (Room 121),COMPUTER SCIENCE 11 (Room 203),PHYSICAL AND HEALTH EDUCATION (Room Gym)
1544,SCIENCE 10 (Room 211),BEGINNERS ELL 10 (Room 209),COMPOSITION 10 (Room A-3),PHYSICAL AND HEALTH EDUCATION (Room Gym),CROSS TRAINING 10 (Room Gym),FOUNDATIONS OF MATH AND PRE-CA (Room 220),SOCIAL STUDIES 10 (Room 121),SPANISH 9 (Room 209)
1545,SCIENCE 10 (Room 211),SOCIAL STUDIES 10 (Room 207A),WORKPLACE MATHEMATICS 10 (Room 210),PHYSICAL AND HEALTH EDUCATION (Room Gym),CROSS TRAINING 10 (Room Gym),COMPOSITION 10 (Room 207A),Information and Communications (Room 114),LEARNING STRATEGIES 10 (Room 207A)
1546,SCIENCE 10 (Room 211),ADST ?  POWER TECHNOLOGY 10,WORKPLACE MATHEMATICS 10 (Room 210),EFP WRITING 10 (Room A-7),ADST ?  FOOD STUDIES 10 (Room 206),PHYSICAL AND HEALTH EDUCATION (Room Gym),SOCIAL STUDIES 10 (Room 121),ADST ?  WOODWORK 10 (Room 101)
1547,COMPOSITION 10 Challenge (Room 208),SCIENCE 10: CHALLENGE (Room 219),Information and Communications (Room 114),FOUNDATIONS OF MATH AND PRE-CA (Room 212),PHYSICAL AND HEALTH EDUCATION (Room Gym),SOCIAL STUDIES 10 CHALLENGE (Room 121),FRENCH 9 (Room 205B),FRENCH 10 (Room 107)
1548,FOUNDATIONS OF MATH AND PRE-CA (Room 210),ADST-Technology Explorations 1,SCIENCE 10 (Room 216),SOCIAL STUDIES 10 (Room 121),EFP WRITING 10 (Room A-6),INDEPENDENT DIRECTED STUDIES 1 (Room 205A),COMPUTER SCIENCE 11 (Room 203),PHYSICAL AND HEALTH EDUCATION (Room Gym)
1549,SCIENCE 10 (Room 211),SOCIAL STUDIES 10 (Room 207A),unassigned,TEXTILES 10 (Room 206),EFP WRITING 10 (Room A-6),ADST ?  FOOD STUDIES 10 (Room 206),FOUNDATIONS OF MATH AND PRE-CA (Room 214),unassigned
1550,unassigned,COMPUTER SCIENCE 11 (Room 203),SCIENCE 10 (Room 211),ADST ?  ELECTRONICS AND ROBOTI (Room 104),SOCIAL STUDIES 10 (Room A-3),FOUNDATIONS OF MATH AND PRE-CA (Room 220),EFP WRITING 10 (Room A-7),unassigned
1551,FOUNDATIONS OF MATH AND PRE-CA (Room 212),SCIENCE 10 (Room 219),COMPOSITION 10 (Room 222),PHYSICAL AND HEALTH EDUCATION (Room Gym),CROSS TRAINING 10 (Room Gym),SOCIAL STUDIES 10 (Room 123),Information and Communications (Room 114),ADST ?  POWER TECHNOLOGY 10
1552,CAREER LIFE EDUCATION 10 (Room 205A),PHYSICAL AND HEALTH EDUCATION (Room Gym),SCIENCE 10 (Room 216),SPANISH 10 (Room 123),TEXTILES 10 (Room 206),FOUNDATIONS OF MATH AND PRE-CA (Room 220),SOCIAL STUDIES 10 (Room 121),unassigned
1553,INSTRUMENTAL MUSIC: GUITAR 10 (Room 119),SCIENCE 10 (Room 219),FOUNDATIONS OF MATH AND PRE-CA (Room 210),PHYSICAL AND HEALTH EDUCATION (Room Gym),EFP WRITING 10 (Room A-6),SOCIAL STUDIES 10 (Room 123),COMPUTER SCIENCE 11 (Room 203),INDEPENDENT DIRECTED STUDIES 1
1554,COMPOSITION 10 Challenge (Room 208),ADST ?  DRAFTING 10 (Room 105),COMPUTER SCIENCE 11 (Room 203),FOUNDATIONS OF MATH AND PRE-CA (Room 212),SCIENCE 10: CHALLENGE (Room 211),SOCIAL STUDIES 10 CHALLENGE (Room 207B),unassigned,PHYSICAL AND HEALTH EDUCATION (Room Gym)
1555,INSTRUMENTAL MUSIC: GUITAR 10 (Room 119),SCIENCE 10 (Room 216),WORKPLACE MATHEMATICS 10 (Room 210),SOCIAL STUDIES 10 (Room 121),ADST ?  FOOD STUDIES 10 (Room 206),DRAMA 10 (Room A-1),EFP WRITING 10 (Room A-7),PHYSICAL AND HEALTH EDUCATION (Room Gym)
1556,SCIENCE 10 (Room 211),SOCIAL STUDIES 10 (Room 107),ADST ?  FOOD STUDIES 10 (Room 206),SPANISH 10 (Room 123),PHYSICAL AND HEALTH EDUCATION (Room Gym),EFP WRITING 10 (Room A-6),FOUNDATIONS OF MATH AND PRE-CA (Room 214),ADST ?  POWER TECHNOLOGY 10
1557,ADST ? ENTREPRENEURSHIP AND MA (Room 205B),SCIENCE 10 (Room 216),FOUNDATIONS OF MATH AND PRE-CA (Room 210),PHYSICAL AND HEALTH EDUCATION (Room Gym),ADST ?  FOOD STUDIES 10 (Room 206),EFP WRITING 10 (Room A-6),SOCIAL STUDIES 10 (Room 121),INDEPENDENT DIRECTED STUDIES 1
1558,COMPOSITION 10 Challenge (Room 208),ADST ?  ELECTRONICS AND ROBOTI (Room 104),COMPUTER SCIENCE 11 (Room 203),FOUNDATIONS OF MATH AND PRE-CA (Room 214),SCIENCE 10: CHALLENGE (Room 211),SOCIAL STUDIES 10 CHALLENGE (Room 121),unassigned,unassigned
1559,SCIENCE 10 (Room 211),PHYSICAL AND HEALTH EDUCATION (Room Gym),FOUNDATIONS OF MATH AND PRE-CA (Room 210),EFP WRITING 10 (Room A-7),ADST ?  FOOD STUDIES 10 (Room 206),INDEPENDENT DIRECTED STUDIES 1 (Room 205A),SOCIAL STUDIES 10 (Room 121),FRENCH 12 (Room 123)
1560,INSTRUMENTAL MUSIC: GUITAR 10 (Room 119),SCIENCE 10 (Room 216),FOUNDATIONS OF MATH AND PRE-CA (Room 210),EFP WRITING 10 (Room A-7),ADST ?  FOOD STUDIES 10 (Room 206),PHYSICAL AND HEALTH EDUCATION (Room Gym),SOCIAL STUDIES 10 (Room 121),ADST ?  POWER TECHNOLOGY 10
1561,COMPOSITION 10 Challenge (Room 208),ADST ?  ELECTRONICS AND ROBOTI (Room 104),Information and Communications (Room 114),FOUNDATIONS OF MATH AND PRE-CA (Room 212),SCIENCE 10: CHALLENGE (Room 211),SOCIAL STUDIES 10 CHALLENGE (Room 121),unassigned,PHYSICAL AND HEALTH EDUCATION (Room Gym)
1562,SCIENCE 10 (Room 211),SOCIAL STUDIES 10 (Room 207A),ADST ?  FOOD STUDIES 10 (Room 206),PHYSICAL AND HEALTH EDUCATION (Room Gym),CROSS TRAINING 10 (Room Gym),FOUNDATIONS OF MATH AND PRE-CA (Room 220),EFP WRITING 10 (Room A-7),ADST ?  POWER TECHNOLOGY 10
1563,SCIENCE 10 (Room 211),SOCIAL STUDIES 10 (Room 107),FOUNDATIONS OF MATH AND PRE-CA (Room 210),TEXTILES 10 (Room 206),EFP WRITING 10 (Room A-6),INDEPENDENT DIRECTED STUDIES 1 (Room 205A),unassigned,VISUAL ARTS: PHOTOGRAPHY 10 (Room 113)
1564,FOUNDATIONS OF MATH AND PRE-CA (Room 212),SCIENCE 10 (Room 219),EFP WRITING 10 (Room A-6),PHYSICAL AND HEALTH EDUCATION (Room Gym),CROSS TRAINING 10 (Room Gym),ADST ?  FOOD STUDIES 10 (Room 206),SOCIAL STUDIES 10 (Room 121),ADST ?  POWER TECHNOLOGY 10
1565,SCIENCE 10 (Room 211),ADST ?  POWER TECHNOLOGY 10,WORKPLACE MATHEMATICS 10 (Room 210),PHYSICAL AND HEALTH EDUCATION (Room Gym),ADST ?  FOOD STUDIES 10 (Room 206),COMPOSITION 10 (Room 207A),SOCIAL STUDIES 10 (Room 121),ADST ?  WOODWORK 10 (Room 101)
1566,ADST ? ENTREPRENEURSHIP AND MA (Room 205B),SCIENCE 10: CHALLENGE (Room 219),unassigned,FOUNDATIONS OF MATH AND PRE-CA (Room 214),PHYSICAL AND HEALTH EDUCATION (Room Gym),SOCIAL STUDIES 10 CHALLENGE (Room 207B),CAREER LIFE EDUCATION 10 (Room A-3),COMPOSITION 10 Challenge (Room 205A)
1567,FOUNDATIONS OF MATH AND PRE-CA (Room 210),SCIENCE 10 (Room 216),COMPOSITION 10 (Room A-3),ACCOUNTING 11 (Room 208),PHYSICAL AND HEALTH EDUCATION (Room Gym),SOCIAL STUDIES 10 (Room 123),FRENCH 10 (Room 205B),3D ANIMATION 12 (Room 114)
1568,FOUNDATIONS OF MATH AND PRE-CA (Room 210),SCIENCE 10 (Room 216),EFP WRITING 10 (Room A-6),ACCOUNTING 11 (Room 208),SOCIAL STUDIES 10 (Room A-3),INDEPENDENT DIRECTED STUDIES 1 (Room 205A),FRENCH 12 (Room 208),ADST ?  POWER TECHNOLOGY 10
1569,CAREER LIFE EDUCATION 10 (Room 205A),SOCIAL STUDIES 10 (Room 107),COMPUTER PROGRAMMING 11 AI and (Room 203),EFP WRITING 10 (Room A-7),PHYSICAL AND HEALTH EDUCATION (Room Gym),SCIENCE 10 (Room 219),FOUNDATIONS OF MATH AND PRE-CA (Room 214),3D ANIMATION 12 (Room 114)
1570,FOUNDATIONS OF MATH AND PRE-CA (Room 212),SCIENCE 10 (Room 219),COMPUTER PROGRAMMING 11 AI and (Room 203),ACCOUNTING 11 (Room 208),EFP WRITING 10 (Room A-6),ADST ?  FOOD STUDIES 10 (Room 206),SOCIAL STUDIES 10 (Room 121),FRENCH 12 (Room 123)
1571,LEARNING STRATEGIES 10 (Room 107),SCIENCE 10 (Room 219),FOUNDATIONS OF MATH AND PRE-CA (Room 210),EFP WRITING 10 (Room A-7),ADST ?  FOOD STUDIES 10 (Room 206),SOCIAL STUDIES 10 (Room 123),PHYSICAL AND HEALTH EDUCATION (Room Gym),ADST ?  POWER TECHNOLOGY 10
1572,FOUNDATIONS OF MATH AND PRE-CA (Room 210),VISUAL ARTS: ART STUDIO 10,SCIENCE 10 (Room 216),PHYSICAL AND HEALTH EDUCATION (Room Gym),ADST ? MEDIA DESIGN 10 (Room 114),SOCIAL STUDIES 10 (Room 123),EFP WRITING 10 (Room A-7),3D ANIMATION 12 (Room 114)
1573,INSTRUMENTAL MUSIC: GUITAR 10 (Room 119),SOCIAL STUDIES 10 (Room 107),SCIENCE 10 (Room 211),unassigned,EFP WRITING 10 (Room A-6),PHYSICAL AND HEALTH EDUCATION (Room Gym),COMPUTER SCIENCE 11 (Room 203),ADST-Technology Explorations 1
1574,SCIENCE 10 (Room 211),PHYSICAL AND HEALTH EDUCATION (Room Gym),EFP WRITING 10 (Room A-6),TEXTILES 10 (Room 206),DANCE TECHNIQUE AND PERFORMANC (Room Studio),ADST ?  FOOD STUDIES 10 (Room 206),SOCIAL STUDIES 10 (Room 121),LEARNING STRATEGIES 10 (Room 207A)
1575,FOUNDATIONS OF MATH AND PRE-CA (Room 210),ADST-Technology Explorations 1,SCIENCE 10 (Room 216),EFP WRITING 10 (Room A-7),SOCIAL STUDIES 10 (Room A-3),PHYSICAL AND HEALTH EDUCATION (Room Gym),COMPUTER SCIENCE 11 (Room 203),ADST ?  POWER TECHNOLOGY 10
1576,unassigned,SCIENCE 10 (Room 216),ADST ?  FOOD STUDIES 10 (Room 206),EFP WRITING 10 (Room A-7),TEXTILES 10 (Room 206),FOUNDATIONS OF MATH AND PRE-CA (Room 220),SOCIAL STUDIES 10 (Room 121),unassigned
1577,unassigned,SCIENCE 10 (Room 219),COMPOSITION 10 (Room A-3),TEXTILES 10 (Room 206),SOCIAL STUDIES 10 (Room A-3),VISUAL ARTS: PHOTOGRAPHY 10 (Room 113),FOUNDATIONS OF MATH AND PRE-CA (Room 214),unassigned
1578,unassigned,unassigned,SCIENCE 10 (Room 211),SOCIAL STUDIES 10 (Room 121),unassigned,COMPOSITION 10 (Room 207A),FOUNDATIONS OF MATH AND PRE-CA (Room 214),unassigned
1579,SCIENCE 10 (Room 211),PHYSICAL AND HEALTH EDUCATION (Room Gym),WORKPLACE MATHEMATICS 10 (Room 210),TEXTILES 10 (Room 206),ADST ?  FOOD STUDIES 10 (Room 206),COMPOSITION 10 (Room 207A),SOCIAL STUDIES 10 (Room 121),LEARNING STRATEGIES 10 (Room 207A)
1580,unassigned,SOCIAL STUDIES 10 (Room 207A),FOUNDATIONS OF MATH AND PRE-CA (Room 210),EFP WRITING 10 (Room A-7),ADST ?  FOOD STUDIES 10 (Room 206),SCIENCE 10 (Room 219),unassigned,ADST ?  WOODWORK 10 (Room 101)
1581,CAREER LIFE EDUCATION 10 (Room 205A),ADST ?  POWER TECHNOLOGY 10,FOUNDATIONS OF MATH AND PRE-CA (Room 210),PHYSICAL AND HEALTH EDUCATION (Room Gym),CROSS TRAINING 10 (Room Gym),SCIENCE 10 (Room 219),EFP WRITING 10 (Room A-7),LIFE SCIENCES 11 (Room 223)
1582,CAREER LIFE EDUCATION 10 (Room 205A),SCIENCE 10: CHALLENGE (Room 219),COMPUTER SCIENCE 11 (Room 203),FOUNDATIONS OF MATH AND PRE-CA (Room 212),PHYSICAL AND HEALTH EDUCATION (Room Gym),SOCIAL STUDIES 10 CHALLENGE (Room 121),PRE-CALCULUS 11 (Room 106),COMPOSITION 10 Challenge (Room 205A)
1583,FOUNDATIONS OF MATH AND PRE-CA (Room 210),SCIENCE 10 (Room 219),COMPOSITION 10 (Room A-3),unassigned,ADST-Technology Explorations 1,SOCIAL STUDIES 10 (Room 123),unassigned,FRENCH 10 (Room 107)
1584,LEARNING STRATEGIES 10 (Room 107),SCIENCE 10 (Room 219),ADST ?  FOOD STUDIES 10 (Room 206),SOCIAL STUDIES 10 (Room 121),CAREER LIFE EDUCATION 10 (Room 122),FOUNDATIONS OF MATH AND PRE-CA (Room 220),EFP WRITING 10 (Room A-7),ADST-Technology Explorations 1
1585,SCIENCE 10 (Room 211),ADST ?  POWER TECHNOLOGY 10,FOUNDATIONS OF MATH AND PRE-CA (Room 210),SOCIAL STUDIES 10 (Room 121),CAREER LIFE EDUCATION 10 (Room 122),ADST ?  WOODWORK 10 (Room 101),EFP WRITING 10 (Room A-7),PHYSICAL AND HEALTH EDUCATION (Room Gym)
1586,SCIENCE 10 (Room 211),SOCIAL STUDIES 10 (Room 107),WORKPLACE MATHEMATICS 10 (Room 210),PHYSICAL AND HEALTH EDUCATION (Room Gym),VISUAL ARTS: ART STUDIO 10,ADST ?  FOOD STUDIES 10 (Room 206),EFP WRITING 10 (Room A-7),ADST ?  WOODWORK 10 (Room 101)
1587,SCIENCE 10 (Room 211),VISUAL ARTS: ART STUDIO 10,FOUNDATIONS OF MATH AND PRE-CA (Room 210),TEXTILES 10 (Room 206),PHYSICAL AND HEALTH EDUCATION (Room Gym),EFP WRITING 10 (Room A-6),SOCIAL STUDIES 10 (Room 121),MARKETING AND PROMOTION 11 (Room 122)
1588,unassigned,unassigned,WORKPLACE MATHEMATICS 10 (Room 210),SOCIAL STUDIES 10 (Room 121),ADST ?  FOOD STUDIES 10 (Room 206),DRAMA 10 (Room A-1),EFP WRITING 10 (Room A-7),VISUAL ARTS: PHOTOGRAPHY 10 (Room 113)
1589,FOUNDATIONS OF MATH AND PRE-CA (Room 210),ADST ?  DRAFTING 10 (Room 105),EFP WRITING 10 (Room A-6),PHYSICAL AND HEALTH EDUCATION (Room Gym),ADST ? MEDIA DESIGN 10 (Room 114),SCIENCE 10 (Room 219),SOCIAL STUDIES 10 (Room 121),FRENCH 10 (Room 107)
1590,SCIENCE 10 (Room 211),COMPUTER SCIENCE 11 (Room 203),FOUNDATIONS OF MATH AND PRE-CA (Room 210),EFP WRITING 10 (Room A-7),ACCOUNTING 11 (Room 123),PHYSICAL AND HEALTH EDUCATION (Room Gym),SOCIAL STUDIES 10 (Room 121),ADST ?  POWER TECHNOLOGY 10
1591,FOUNDATIONS OF MATH AND PRE-CA (Room 212),SCIENCE 10 (Room 219),OUTDOOR EDUCATION 10 (Room Gym),EFP WRITING 10 (Room A-7),ADST ?  FOOD STUDIES 10 (Room 206),SOCIAL STUDIES 10 (Room 123),PHYSICAL AND HEALTH EDUCATION (Room Gym),ADST ?  WOODWORK 10 (Room 101)
1592,SCIENCE 10 (Room 211),COMPUTER SCIENCE 11 (Room 203),ADST ?  FOOD STUDIES 10 (Room 206),SOCIAL STUDIES 10 (Room 121),EFP WRITING 10 (Room A-6),PHYSICAL AND HEALTH EDUCATION (Room Gym),FOUNDATIONS OF MATH AND PRE-CA (Room 214),ADST ?  WOODWORK 10 (Room 101)
1593,unassigned,SCIENCE 10 (Room 216),COMPOSITION 10 (Room A-3),SOCIAL STUDIES 10 (Room 121),unassigned,unassigned,FOUNDATIONS OF MATH AND PRE-CA (Room 214),unassigned
1594,COMPOSITION 10 Challenge (Room 208),SCIENCE 10: CHALLENGE (Room 219),unassigned,FOUNDATIONS OF MATH AND PRE-CA (Room 214),unassigned,SOCIAL STUDIES 10 CHALLENGE (Room 121),COMPUTER SCIENCE 11 (Room 203),VISUAL ARTS: PHOTOGRAPHY 10 (Room 113)
1595,INSTRUMENTAL MUSIC: GUITAR 10 (Room 119),SCIENCE 10 (Room 219),FOUNDATIONS OF MATH AND PRE-CA (Room 210),SOCIAL STUDIES 10 (Room 121),ADST ?  FOOD STUDIES 10 (Room 206),PHYSICAL AND HEALTH EDUCATION (Room Gym),EFP WRITING 10 (Room A-7),ADST ?  POWER TECHNOLOGY 10
1596,COMPOSITION 10 Challenge (Room 208),SCIENCE 10: CHALLENGE (Room 219),COMPUTER SCIENCE 11 (Room 203),FOUNDATIONS OF MATH AND PRE-CA (Room 212),Information and Communications (Room 114),SOCIAL STUDIES 10 CHALLENGE (Room 207B),FRENCH 12 (Room 208),PHYSICAL AND HEALTH EDUCATION (Room Gym)
1597,SCIENCE 10 (Room 211),SOCIAL STUDIES 10 (Room 107),FOUNDATIONS OF MATH AND PRE-CA (Room 210),SPANISH 10 (Room 123),TEXTILES 10 (Room 206),ADST ?  FOOD STUDIES 10 (Room 206),EFP WRITING 10 (Room A-7),PHYSICAL AND HEALTH EDUCATION (Room Gym)
1598,FOUNDATIONS OF MATH AND PRE-CA (Room 212),PHYSICAL AND HEALTH EDUCATION (Room Gym),SCIENCE 10 (Room 216),EFP WRITING 10 (Room A-7),VISUAL ARTS: ART STUDIO 10,DRAMA 10 (Room A-1),SOCIAL STUDIES 10 (Room 121),FRENCH 10 (Room 107)
1599,SCIENCE 10 (Room 211),PHYSICAL AND HEALTH EDUCATION (Room Gym),ADST ?  FOOD STUDIES 10 (Room 206),ACCOUNTING 11 (Room 208),EFP WRITING 10 (Room A-6),FOUNDATIONS OF MATH AND PRE-CA (Room 220),SOCIAL STUDIES 10 (Room 121),VISUAL ARTS: PHOTOGRAPHY 10 (Room 113)
1600,FOUNDATIONS OF MATH AND PRE-CA (Room 210),ADST ?  DRAFTING 10 (Room 105),SCIENCE 10 (Room 211),TEXTILES 10 (Room 206),ACCOUNTING 11 (Room 123),SOCIAL STUDIES 10 (Room 123),EFP WRITING 10 (Room A-7),PHYSICAL AND HEALTH EDUCATION (Room Gym)
1601,COMPOSITION 10 Challenge (Room 208),ADST-Technology Explorations 1,COMPUTER PROGRAMMING 11 AI and (Room 203),FOUNDATIONS OF MATH AND PRE-CA (Room 214),SCIENCE 10: CHALLENGE (Room 211),SOCIAL STUDIES 10 CHALLENGE (Room 121),COMPUTER SCIENCE 11 (Room 203),FRENCH 10 (Room 107)
1602,unassigned,SCIENCE 10 (Room 216),COMPOSITION 10 (Room 222),unassigned,TEXTILES 10 (Room 206),FOUNDATIONS OF MATH AND PRE-CA (Room 220),unassigned,unassigned
1603,COMPOSITION 10 Challenge (Room 208),ADST ?  DRAFTING 10 (Room 105),Information and Communications (Room 114),FOUNDATIONS OF MATH AND PRE-CA (Room 214),SCIENCE 10: CHALLENGE (Room 211),SOCIAL STUDIES 10 CHALLENGE (Room 121),COMPUTER SCIENCE 11 (Room 203),PHYSICAL AND HEALTH EDUCATION (Room Gym)
1604,FOUNDATIONS OF MATH AND PRE-CA (Room 210),SCIENCE 10 (Room 216),COMPOSITION 10 (Room 222),SOCIAL STUDIES 10 (Room 121),ACCOUNTING 11 (Room 123),ADST ? ENTREPRENEURSHIP AND MA (Room 207B),Information and Communications (Room 114),PHYSICAL AND HEALTH EDUCATION (Room Gym)
1605,COMPOSITION 10 Challenge (Room 208),SCIENCE 10: CHALLENGE (Room 219),unassigned,FOUNDATIONS OF MATH AND PRE-CA (Room 212),VISUAL ARTS: ART STUDIO 10,DRAMA 10 (Room A-1),unassigned,unassigned
1606,COMPOSITION 10 Challenge (Room 208),ADST ?  DRAFTING 10 (Room 105),unassigned,FOUNDATIONS OF MATH AND PRE-CA (Room 214),SCIENCE 10: CHALLENGE (Room 211),SOCIAL STUDIES 10 CHALLENGE (Room 121),COMPUTER SCIENCE 11 (Room 203),unassigned
1607,FOUNDATIONS OF MATH AND PRE-CA (Room 212),SCIENCE 10 (Room 216),COMPOSITION 10 (Room A-3),TEXTILES 10 (Room 206),ADST ?  FOOD STUDIES 10 (Room 206),DRAMA 10 (Room A-1),SOCIAL STUDIES 10 (Room 121),PHYSICAL AND HEALTH EDUCATION (Room Gym)
1608,unassigned,SCIENCE 10 (Room 219),FOUNDATIONS OF MATH AND PRE-CA (Room 210),EFP WRITING 10 (Room A-7),SOCIAL STUDIES 10 (Room A-3),ADST ?  FOOD STUDIES 10 (Room 206),unassigned,ADST ?  POWER TECHNOLOGY 10
1609,SCIENCE 10 (Room 211),ADST ?  DRAFTING 10 (Room 105),EFP WRITING 10 (Room A-6),SOCIAL STUDIES 10 (Room 121),ADST ? MEDIA DESIGN 10 (Room 114),INDEPENDENT DIRECTED STUDIES 1 (Room 205A),COMPUTER SCIENCE 11 (Room 203),PHYSICAL AND HEALTH EDUCATION (Room Gym)
1610,FOUNDATIONS OF MATH AND PRE-CA (Room 212),SOCIAL STUDIES 10 (Room 207A),SCIENCE 10 (Room 216),ENVIRONMENTAL SCIENCE 11 (Room 225),CAREER LIFE EDUCATION 10 (Room 122),FRENCH 10 (Room 209),EFP WRITING 10 (Room A-7),FRENCH 11 (Room 123)
1611,SCIENCE 10 (Room 211),PHYSICAL AND HEALTH EDUCATION (Room Gym),FOUNDATIONS OF MATH AND PRE-CA (Room 210),Information and Communications (Room 203),TEXTILES 10 (Room 206),INDEPENDENT DIRECTED STUDIES 1 (Room 205A),EFP WRITING 10 (Room A-7),ADST ?  POWER TECHNOLOGY 10
1612,FOUNDATIONS OF MATH AND PRE-CA (Room 210),SOCIAL STUDIES 10 (Room 207A),SCIENCE 10 (Room 211),SPANISH 10 (Room 123),ADST ? MEDIA DESIGN 10 (Room 114),ADST ?  FOOD STUDIES 10 (Room 206),EFP WRITING 10 (Room A-7),PHYSICAL AND HEALTH EDUCATION (Room Gym)
1613,FOUNDATIONS OF MATH AND PRE-CA (Room 212),SOCIAL STUDIES 10 (Room 207A),SCIENCE 10 (Room 211),ADST ?  ELECTRONICS AND ROBOTI (Room 104),TEXTILES 10 (Room 206),EFP WRITING 10 (Room A-6),PHYSICAL AND HEALTH EDUCATION (Room Gym),3D ANIMATION 12 (Room 114)
1614,SPANISH 11 (Room 207B),ADST-Technology Explorations 1,COMPUTER SCIENCE 11 (Room 203),FOUNDATIONS OF MATH AND PRE-CA (Room 212),SCIENCE 10: CHALLENGE (Room 211),SOCIAL STUDIES 10 CHALLENGE (Room 207B),PHYSICAL AND HEALTH EDUCATION (Room Gym),COMPOSITION 10 Challenge (Room 205A)
1615,ADST-Technology Explorations 1,SCIENCE 10 (Room 216),FOUNDATIONS OF MATH AND PRE-CA (Room 210),EFP WRITING 10 (Room A-7),ACCOUNTING 11 (Room 123),INDEPENDENT DIRECTED STUDIES 1 (Room 205A),SOCIAL STUDIES 10 (Room 121),unassigned
1616,unassigned,SCIENCE 10 (Room 216),COMPOSITION 10 (Room 222),unassigned,ADST ? MEDIA DESIGN 10 (Room 114),DRAMA 10 (Room A-1),unassigned,unassigned
1617,FOUNDATIONS OF MATH AND PRE-CA (Room 210),COMPUTER SCIENCE 11 (Room 203),EFP WRITING 10 (Room A-6),ACCOUNTING 11 (Room 208),VISUAL ARTS: ART STUDIO 10,SCIENCE 10 (Room 219),SOCIAL STUDIES 10 (Room 121),PHYSICAL AND HEALTH EDUCATION (Room Gym)
1618,SCIENCE 10 (Room 211),BEGINNERS ELL 10 (Room 209),COMPOSITION 10 (Room A-3),SOCIAL STUDIES 10 (Room 121),Information and Communications (Room 114),VISUAL ARTS: PHOTOGRAPHY 10 (Room 113),FOUNDATIONS OF MATH AND PRE-CA (Room 214),PHYSICAL AND HEALTH EDUCATION (Room Gym)
1619,ADST-Technology Explorations 1,SCIENCE 10 (Room 219),COMPUTER PROGRAMMING 11 AI and (Room 203),SOCIAL STUDIES 10 (Room 121),EFP WRITING 10 (Room A-6),FOUNDATIONS OF MATH AND PRE-CA (Room 220),COMPUTER SCIENCE 11 (Room 203),PHYSICAL AND HEALTH EDUCATION (Room Gym)
1620,unassigned,COMPUTER SCIENCE 11 (Room 203),ADST ?  FOOD STUDIES 10 (Room 206),FOUNDATIONS OF MATH AND PRE-CA (Room 212),SCIENCE 10: CHALLENGE (Room 211),SOCIAL STUDIES 10 CHALLENGE (Room 207B),unassigned,COMPOSITION 10 Challenge (Room 205A)
1621,COMPOSITION 10 Challenge (Room 208),ADST ?  ELECTRONICS AND ROBOTI (Room 104),COMPUTER SCIENCE 11 (Room 203),FOUNDATIONS OF MATH AND PRE-CA (Room 212),SCIENCE 10: CHALLENGE (Room 211),SOCIAL STUDIES 10 CHALLENGE (Room 121),PHYSICAL AND HEALTH EDUCATION (Room Gym),ADST-Technology Explorations 1
1622,COMPOSITION 10 Challenge (Room 208),VISUAL ARTS: ART STUDIO 10,ADST ?  FOOD STUDIES 10 (Room 206),FOUNDATIONS OF MATH AND PRE-CA (Room 212),SCIENCE 10: CHALLENGE (Room 211),SOCIAL STUDIES 10 CHALLENGE (Room 207B),COMPUTER SCIENCE 11 (Room 203),PHYSICAL AND HEALTH EDUCATION (Room Gym)
1623,INSTRUMENTAL MUSIC: GUITAR 10 (Room 119),BEGINNERS ELL 10 (Room 209),SCIENCE 10 (Room 211),unassigned,ADST ?  FOOD STUDIES 10 (Room 206),COMPOSITION 10 (Room 207A),FOUNDATIONS OF MATH AND PRE-CA (Room 214),unassigned
1624,SCIENCE 10 (Room 211),ADST ?  POWER TECHNOLOGY 10,WORKPLACE MATHEMATICS 10 (Room 210),PHYSICAL AND HEALTH EDUCATION (Room Gym),CROSS TRAINING 10 (Room Gym),EFP WRITING 10 (Room A-6),SOCIAL STUDIES 10 (Room 121),VISUAL ARTS: PHOTOGRAPHY 10 (Room 113)
1625,SCIENCE 10 (Room 211),COMPUTER SCIENCE 11 (Room 203),COMPOSITION 10 (Room 222),SOCIAL STUDIES 10 (Room 121),PHYSICAL AND HEALTH EDUCATION (Room Gym),INDEPENDENT DIRECTED STUDIES 1 (Room 205A),FOUNDATIONS OF MATH AND PRE-CA (Room 214),FRENCH 10 (Room 107)
1626,FOUNDATIONS OF MATH AND PRE-CA (Room 212),COMPUTER SCIENCE 11 (Room 203),COMPOSITION 10 (Room A-3),SOCIAL STUDIES 10 (Room 121),ADST-Technology Explorations 1,SCIENCE 10 (Room 219),Information and Communications (Room 114),PHYSICAL AND HEALTH EDUCATION (Room Gym)
1627,FOUNDATIONS OF MATH AND PRE-CA (Room 210),COMPUTER SCIENCE 11 (Room 203),SCIENCE 10 (Room 216),EFP WRITING 10 (Room A-7),ADST ?  FOOD STUDIES 10 (Room 206),FRENCH 10 (Room 209),SOCIAL STUDIES 10 (Room 121),PHYSICAL AND HEALTH EDUCATION (Room Gym)
1628,FOUNDATIONS OF MATH AND PRE-CA (Room 212),SCIENCE 10 (Room 216),ADST ?  FOOD STUDIES 10 (Room 206),EFP WRITING 10 (Room A-7),SOCIAL STUDIES 10 (Room A-3),VISUAL ARTS: PHOTOGRAPHY 10 (Room 113),Information and Communications (Room 114),PHYSICAL AND HEALTH EDUCATION (Room Gym)
1629,unassigned,ADST ?  POWER TECHNOLOGY 10,Information and Communications (Room 114),FOUNDATIONS OF MATH AND PRE-CA (Room 212),SCIENCE 10: CHALLENGE (Room 211),SOCIAL STUDIES 10 CHALLENGE (Room 121),unassigned,COMPOSITION 10 Challenge (Room 205A)
1630,INSTRUMENTAL MUSIC: GUITAR 10 (Room 119),PHYSICAL AND HEALTH EDUCATION (Room Gym),SCIENCE 10 (Room 216),TEXTILES 10 (Room 206),VISUAL ARTS: ART STUDIO 10,EFP WRITING 10 (Room A-6),SOCIAL STUDIES 10 (Room 121),unassigned
1631,SCIENCE 10 (Room 211),BEGINNERS ELL 10 (Room 209),WORKPLACE MATHEMATICS 10 (Room 210),PHYSICAL AND HEALTH EDUCATION (Room Gym),ADST ?  FOOD STUDIES 10 (Room 206),COMPOSITION 10 (Room 207A),SOCIAL STUDIES 10 (Room 121),ADST-Technology Explorations 1
1632,SCIENCE 10 (Room 211),PHYSICAL AND HEALTH EDUCATION (Room Gym),WORKPLACE MATHEMATICS 10 (Room 210),SPANISH 10 (Room 123),ADST ?  FOOD STUDIES 10 (Room 206),EFP WRITING 10 (Room A-6),SOCIAL STUDIES 10 (Room 121),ADST ?  POWER TECHNOLOGY 10
1633,FOUNDATIONS OF MATH AND PRE-CA (Room 212),PHYSICAL AND HEALTH EDUCATION (Room Gym),COMPOSITION 10 (Room A-3),SOCIAL STUDIES 10 (Room 121),ACCOUNTING 11 (Room 123),SCIENCE 10 (Room 219),Information and Communications (Room 114),ADST ?  DRAFTING 10 (Room 105)
1634,SCIENCE 10 (Room 211),SOCIAL STUDIES 10 (Room 107),COMPUTER PROGRAMMING 11 AI and (Room 203),EFP WRITING 10 (Room A-7),unassigned,FOUNDATIONS OF MATH AND PRE-CA (Room 220),unassigned,PHYSICAL AND HEALTH EDUCATION (Room Gym)
1635,CAREER LIFE EDUCATION 10 (Room 205A),SCIENCE 10 (Room 216),Information and Communications (Room 114),CHEMISTRY 11 (Room 219),PHYSICAL AND HEALTH EDUCATION (Room Gym),EFP WRITING 10 (Room A-6),FOUNDATIONS OF MATH AND PRE-CA (Room 214),FRENCH 10 (Room 107)
1636,FOUNDATIONS OF MATH AND PRE-CA (Room 212),SCIENCE 10 (Room 216),ADST ? MEDIA DESIGN 10 (Room 114),SOCIAL STUDIES 10 (Room 121),ACCOUNTING 11 (Room 123),INDEPENDENT DIRECTED STUDIES 1 (Room 205A),EFP WRITING 10 (Room A-7),PHYSICAL AND HEALTH EDUCATION (Room Gym)
1637,SCIENCE 10 (Room 211),SOCIAL STUDIES 10 (Room 207A),OUTDOOR EDUCATION 10 (Room Gym),PHYSICAL AND HEALTH EDUCATION (Room Gym),ADST ?  FOOD STUDIES 10 (Room 206),COMPOSITION 10 (Room 207A),FOUNDATIONS OF MATH AND PRE-CA (Room 214),ADST ?  WOODWORK 10 (Room 101)
1638,CAREER LIFE EDUCATION 10 (Room 205A),PHYSICAL AND HEALTH EDUCATION (Room Gym),SCIENCE 10 (Room 216),EFP WRITING 10 (Room A-7),VISUAL ARTS: ART STUDIO 10,SOCIAL STUDIES 10 (Room 123),FOUNDATIONS OF MATH AND PRE-CA (Room 214),FRENCH 10 (Room 107)
1639,FOUNDATIONS OF MATH AND PRE-CA (Room 212),SOCIAL STUDIES 10 (Room 207A),COMPUTER SCIENCE 11 (Room 203),Information and Communications (Room 203),EFP WRITING 10 (Room A-6),SCIENCE 10 (Room 219),PHYSICAL AND HEALTH EDUCATION (Room Gym),VISUAL ARTS: PHOTOGRAPHY 10 (Room 113)
1640,FOUNDATIONS OF MATH AND PRE-CA (Room 210),COMPUTER SCIENCE 11 (Room 203),SCIENCE 10 (Room 211),SOCIAL STUDIES 10 (Room 121),EFP WRITING 10 (Room A-6),VISUAL ARTS: PHOTOGRAPHY 10 (Room 113),Information and Communications (Room 114),PHYSICAL AND HEALTH EDUCATION (Room Gym)
1641,SCIENCE 10 (Room 211),SOCIAL STUDIES 10 (Room 107),OUTDOOR EDUCATION 10 (Room Gym),EFP WRITING 10 (Room A-7),VISUAL ARTS: ART STUDIO 10,ADST ?  FOOD STUDIES 10 (Room 206),FOUNDATIONS OF MATH AND PRE-CA (Room 214),PHYSICAL AND HEALTH EDUCATION (Room Gym)
1642,CAREER LIFE EDUCATION 10 (Room 205A),SCIENCE 10 (Room 216),EFP WRITING 10 (Room A-6),PHYSICAL AND HEALTH EDUCATION (Room Gym),SOCIAL STUDIES 10 (Room A-3),INDEPENDENT DIRECTED STUDIES 1 (Room 205A),COMPUTER SCIENCE 11 (Room 203),ADST-Technology Explorations 1
1643,ADST ? ENTREPRENEURSHIP AND MA (Room 205B),SCIENCE 10: CHALLENGE (Room 219),Information and Communications (Room 114),PHYSICAL AND HEALTH EDUCATION (Room Gym),ADST-Technology Explorations 1,SOCIAL STUDIES 10 CHALLENGE (Room 121),unassigned,COMPOSITION 10 Challenge (Room 205A)
1644,COMPOSITION 10 Challenge (Room 208),ADST ?  POWER TECHNOLOGY 10,COMPUTER SCIENCE 11 (Room 203),FOUNDATIONS OF MATH AND PRE-CA (Room 212),SCIENCE 10: CHALLENGE (Room 211),SOCIAL STUDIES 10 CHALLENGE (Room 121),FRENCH 10 (Room 205B),PHYSICAL AND HEALTH EDUCATION (Room Gym)
1645,FOUNDATIONS OF MATH AND PRE-CA (Room 210),COMPUTER SCIENCE 11 (Room 203),COMPUTER PROGRAMMING 11 AI and (Room 203),EFP WRITING 10 (Room A-7),CAREER LIFE EDUCATION 10 (Room 123),SCIENCE 10 (Room 219),SOCIAL STUDIES 10 (Room 121),PHYSICAL AND HEALTH EDUCATION (Room Gym)
1646,ADST-Technology Explorations 1,ADST ?  POWER TECHNOLOGY 10,COMPUTER SCIENCE 11 (Room 203),PHYSICAL AND HEALTH EDUCATION (Room Gym),SCIENCE 10: CHALLENGE (Room 211),SOCIAL STUDIES 10 CHALLENGE (Room 121),unassigned,COMPOSITION 10 Challenge (Room 205A)
1647,ADST-Technology Explorations 1,ADST ?  POWER TECHNOLOGY 10,unassigned,FOUNDATIONS OF MATH AND PRE-CA (Room 212),SCIENCE 10: CHALLENGE (Room 211),SOCIAL STUDIES 10 CHALLENGE (Room 207B),unassigned,COMPOSITION 10 Challenge (Room 205A)
1648,COMPOSITION 10 Challenge (Room 208),SCIENCE 10: CHALLENGE (Room 219),Information and Communications (Room 114),FOUNDATIONS OF MATH AND PRE-CA (Room 214),ACCOUNTING 11 (Room 123),SOCIAL STUDIES 10 CHALLENGE (Room 207B),COMPUTER SCIENCE 11 (Room 203),PHYSICAL AND HEALTH EDUCATION (Room Gym)
1649,FOUNDATIONS OF MATH AND PRE-CA (Room 212),SCIENCE 10 (Room 216),COMPOSITION 10 (Room A-3),ACCOUNTING 11 (Room 208),ADST ?  FOOD STUDIES 10 (Room 206),INDEPENDENT DIRECTED STUDIES 1 (Room 205A),SOCIAL STUDIES 10 (Room 121),unassigned
1650,SCIENCE 10 (Room 211),SOCIAL STUDIES 10 (Room 107),WORKPLACE MATHEMATICS 10 (Room 210),PHYSICAL AND HEALTH EDUCATION (Room Gym),VISUAL ARTS: ART STUDIO 10,COMPOSITION 10 (Room 207A),unassigned,unassigned
1651,FOUNDATIONS OF MATH AND PRE-CA (Room 212),SOCIAL STUDIES 10 (Room 107),EFP WRITING 10 (Room A-6),ACCOUNTING 11 (Room 208),ADST ?  FOOD STUDIES 10 (Room 206),SCIENCE 10 (Room 219),Information and Communications (Room 114),PHYSICAL AND HEALTH EDUCATION (Room Gym)
1652,unassigned,SCIENCE 10 (Room 216),COMPOSITION 10 (Room A-3),SOCIAL STUDIES 10 (Room 121),unassigned,FOUNDATIONS OF MATH AND PRE-CA (Room 220),unassigned,unassigned
1653,SCIENCE 10 (Room 211),PHYSICAL AND HEALTH EDUCATION (Room Gym),EFP WRITING 10 (Room A-6),ACCOUNTING 11 (Room 208),ADST ?  FOOD STUDIES 10 (Room 206),INDEPENDENT DIRECTED STUDIES 1 (Room 205A),SOCIAL STUDIES 10 (Room 121),FRENCH 12 (Room 123)
1654,CAREER LIFE EDUCATION 10 (Room 205A),SCIENCE 10 (Room 216),ADST ?  FOOD STUDIES 10 (Room 206),SPANISH 10 (Room 123),EFP WRITING 10 (Room A-6),FOUNDATIONS OF MATH AND PRE-CA (Room 220),SOCIAL STUDIES 10 (Room 121),PHYSICAL AND HEALTH EDUCATION (Room Gym)
1655,ADST-Technology Explorations 1,SCIENCE 10 (Room 216),FOUNDATIONS OF MATH AND PRE-CA (Room 210),Information and Communications (Room 203),SOCIAL STUDIES 10 (Room A-3),COMPOSITION 10 (Room 207A),COMPUTER SCIENCE 11 (Room 203),PHYSICAL AND HEALTH EDUCATION (Room Gym)
1656,FOUNDATIONS OF MATH AND PRE-CA (Room 210),ADST-Technology Explorations 1,COMPOSITION 10 (Room 222),Information and Communications (Room 203),SOCIAL STUDIES 10 (Room A-3),SCIENCE 10 (Room 219),COMPUTER SCIENCE 11 (Room 203),PHYSICAL AND HEALTH EDUCATION (Room Gym)
1657,unassigned,SCIENCE 10: CHALLENGE (Room 219),unassigned,FOUNDATIONS OF MATH AND PRE-CA (Room 214),PHYSICAL AND HEALTH EDUCATION (Room Gym),DRAMA 10 (Room A-1),Information and Communications (Room 114),COMPOSITION 10 Challenge (Room 205A)
1658,SCIENCE 10 (Room 211),ADST ?  DRAFTING 10 (Room 105),FOUNDATIONS OF MATH AND PRE-CA (Room 210),SOCIAL STUDIES 10 (Room 121),PHYSICAL AND HEALTH EDUCATION (Room Gym),COMPOSITION 10 (Room 207A),unassigned,FRENCH 10 (Room 107)
1659,SCIENCE 10 (Room 211),PHYSICAL AND HEALTH EDUCATION (Room Gym),WORKPLACE MATHEMATICS 10 (Room 210),ACCOUNTING 11 (Room 208),EFP WRITING 10 (Room A-6),ADST ?  FOOD STUDIES 10 (Room 206),SOCIAL STUDIES 10 (Room 121),INTRODUCTORY SPANISH 11 (Room 205A)
1660,INSTRUMENTAL MUSIC: GUITAR 10 (Room 119),SCIENCE 10 (Room 216),WORKPLACE MATHEMATICS 10 (Room 210),PHYSICAL AND HEALTH EDUCATION (Room Gym),ADST ?  DRAFTING 10 (Room 105),COMPOSITION 10 (Room 207A),SOCIAL STUDIES 10 (Room 121),VISUAL ARTS: PHOTOGRAPHY 10 (Room 113)
1661,FOUNDATIONS OF MATH AND PRE-CA (Room 210),ADST ?  ELECTRONICS AND ROBOTI (Room 104),SCIENCE 10 (Room 216),SOCIAL STUDIES 10 (Room 121),ADST-Technology Explorations 1,EFP WRITING 10 (Room A-6),COMPUTER SCIENCE 11 (Room 203),PHYSICAL AND HEALTH EDUCATION (Room Gym)
1662,LEARNING STRATEGIES 10 (Room 107),SCIENCE 10 (Room 219),WORKPLACE MATHEMATICS 10 (Room 210),PHYSICAL AND HEALTH EDUCATION (Room Gym),CROSS TRAINING 10 (Room Gym),COMPOSITION 10 (Room 207A),SOCIAL STUDIES 10 (Room 121),ADST ?  POWER TECHNOLOGY 10
1663,FOUNDATIONS OF MATH AND PRE-CA (Room 212),SCIENCE 10 (Room 219),ADST ?  FOOD STUDIES 10 (Room 206),SOCIAL STUDIES 10 (Room 121),ACCOUNTING 11 (Room 123),COMPOSITION 10 (Room 207A),Information and Communications (Room 114),ACTIVE LIVING 11 Girls (Room Gym)
1664,COMMUNITY LEADERSHIP 10 (Room 209),ADST ?  DRAFTING 10 (Room 105),SCIENCE 10 (Room 211),SOCIAL STUDIES 10 (Room 121),PHYSICAL AND HEALTH EDUCATION (Room Gym),COMPOSITION 10 (Room 207A),Information and Communications (Room 114),INDEPENDENT DIRECTED STUDIES 1
1665,FOUNDATIONS OF MATH AND PRE-CA (Room 212),ADST ?  POWER TECHNOLOGY 10,SCIENCE 10 (Room 216),EFP WRITING 10 (Room A-7),ADST-Technology Explorations 1,ADST ?  FOOD STUDIES 10 (Room 206),SOCIAL STUDIES 10 (Room 121),PHYSICAL AND HEALTH EDUCATION (Room Gym)
1666,COMMUNITY LEADERSHIP 10 (Room 209),SCIENCE 10: CHALLENGE (Room 219),unassigned,FOUNDATIONS OF MATH AND PRE-CA (Room 212),PHYSICAL AND HEALTH EDUCATION (Room Gym),SOCIAL STUDIES 10 CHALLENGE (Room 207B),PRE-CALCULUS 11 (Room 106),COMPOSITION 10 Challenge (Room 205A)
1667,COMPOSITION 10 Challenge (Room 208),SCIENCE 10: CHALLENGE (Room 219),ADST ?  FOOD STUDIES 10 (Room 206),FOUNDATIONS OF MATH AND PRE-CA (Room 214),unassigned,SOCIAL STUDIES 10 CHALLENGE (Room 207B),COMPUTER SCIENCE 11 (Room 203),PHYSICAL AND HEALTH EDUCATION (Room Gym)
1668,SCIENCE 10 (Room 211),SOCIAL STUDIES 10 (Room 207A),ADST ?  FOOD STUDIES 10 (Room 206),EFP WRITING 10 (Room A-7),ACCOUNTING 11 (Room 123),FOUNDATIONS OF MATH AND PRE-CA (Room 220),Information and Communications (Room 114),PHYSICAL AND HEALTH EDUCATION (Room Gym)
1669,COMPOSITION 10 Challenge (Room 208),ADST ?  ELECTRONICS AND ROBOTI (Room 104),unassigned,FOUNDATIONS OF MATH AND PRE-CA (Room 214),SCIENCE 10: CHALLENGE (Room 211),VISUAL ARTS: PHOTOGRAPHY 10 (Room 113),unassigned,ADST ?  POWER TECHNOLOGY 10
1670,LIFE SCIENCES 11 (Room 219),SCIENCE 10 (Room 219),unassigned,SPANISH 10 (Room 123),EFP WRITING 10 (Room A-6),SOCIAL STUDIES 10 (Room 123),FOUNDATIONS OF MATH AND PRE-CA (Room 214),unassigned
1671,unassigned,SOCIAL STUDIES 10 (Room 107),FOUNDATIONS OF MATH AND PRE-CA (Room 210),SPANISH 10 (Room 123),EFP WRITING 10 (Room A-6),SCIENCE 10 (Room 219),unassigned,ADST ?  POWER TECHNOLOGY 10
1672,unassigned,unassigned,COMPOSITION 10 (Room 222),SOCIAL STUDIES 10 (Room 121),TEXTILES 10 (Room 206),DRAMA 10 (Room A-1),unassigned,unassigned
1673,SCIENCE 10 (Room 211),ADST ?  POWER TECHNOLOGY 10,WORKPLACE MATHEMATICS 10 (Room 210),PHYSICAL AND HEALTH EDUCATION (Room Gym),CROSS TRAINING 10 (Room Gym),EFP WRITING 10 (Room A-6),SOCIAL STUDIES 10 (Room 121),ADST ?  WOODWORK 10 (Room 101)
1674,FOUNDATIONS OF MATH AND PRE-CA (Room 212),COMPUTER SCIENCE 11 (Room 203),SCIENCE 10 (Room 216),EFP WRITING 10 (Room A-7),Information and Communications (Room 114),SOCIAL STUDIES 10 (Room 123),PHYSICAL AND HEALTH EDUCATION (Room Gym),VISUAL ARTS: PHOTOGRAPHY 10 (Room 113)
1675,FOUNDATIONS OF MATH AND PRE-CA (Room 210),SOCIAL STUDIES 10 (Room 107),EFP WRITING 10 (Room A-6),PHYSICAL AND HEALTH EDUCATION (Room Gym),ADST ?  FOOD STUDIES 10 (Room 206),SCIENCE 10 (Room 219),FRENCH 9 (Room 205B),MARKETING AND PROMOTION 11 (Room 122)
1676,unassigned,SOCIAL STUDIES 10 (Room 207A),EFP WRITING 10 (Room A-6),unassigned,TEXTILES 10 (Room 206),SCIENCE 10 (Room 219),FOUNDATIONS OF MATH AND PRE-CA (Room 214),LEARNING STRATEGIES 10 (Room 207A)
1677,SCIENCE 10 (Room 211),ADST ?  POWER TECHNOLOGY 10,ADST ?  FOOD STUDIES 10 (Room 206),SOCIAL STUDIES 10 (Room 121),EFP WRITING 10 (Room A-6),PHYSICAL AND HEALTH EDUCATION (Room Gym),FOUNDATIONS OF MATH AND PRE-CA (Room 214),ADST-Technology Explorations 1
1678,INSTRUMENTAL MUSIC: GUITAR 10 (Room 119),SCIENCE 10: CHALLENGE (Room 219),unassigned,FOUNDATIONS OF MATH AND PRE-CA (Room 212),PHYSICAL AND HEALTH EDUCATION (Room Gym),SOCIAL STUDIES 10 CHALLENGE (Room 121),Information and Communications (Room 114),COMPOSITION 10 Challenge (Room 205A)
1679,COMPOSITION 10 Challenge (Room 208),SCIENCE 10: CHALLENGE (Room 219),COMPUTER SCIENCE 11 (Room 203),FOUNDATIONS OF MATH AND PRE-CA (Room 214),PHYSICAL AND HEALTH EDUCATION (Room Gym),SOCIAL STUDIES 10 CHALLENGE (Room 207B),FRENCH 10 (Room 205B),3D ANIMATION 12 (Room 114)
1680,SCIENCE 10 (Room 211),ADST ?  DRAFTING 10 (Room 105),EFP WRITING 10 (Room A-6),SPANISH 10 (Room 123),PHYSICAL AND HEALTH EDUCATION (Room Gym),FOUNDATIONS OF MATH AND PRE-CA (Room 220),SOCIAL STUDIES 10 (Room 121),VISUAL ARTS: PHOTOGRAPHY 10 (Room 113)
1681,COMPOSITION 10 Challenge (Room 208),ADST ?  DRAFTING 10 (Room 105),ADST ? MEDIA DESIGN 10 (Room 114),FOUNDATIONS OF MATH AND PRE-CA (Room 212),SCIENCE 10: CHALLENGE (Room 211),SOCIAL STUDIES 10 CHALLENGE (Room 207B),PHYSICAL AND HEALTH EDUCATION (Room Gym),ADST ?  WOODWORK 10 (Room 101)
1682,ADST ? ENTREPRENEURSHIP AND MA (Room 205B),SCIENCE 10 (Room 216),FOUNDATIONS OF MATH AND PRE-CA (Room 210),TEXTILES 10 (Room 206),PHYSICAL AND HEALTH EDUCATION (Room Gym),EFP WRITING 10 (Room A-6),SOCIAL STUDIES 10 (Room 121),INDEPENDENT DIRECTED STUDIES 1
1683,SCIENCE 10 (Room 211),VISUAL ARTS: ART STUDIO 10,FOUNDATIONS OF MATH AND PRE-CA (Room 210),PHYSICAL AND HEALTH EDUCATION (Room Gym),ADST ?  FOOD STUDIES 10 (Room 206),COMPOSITION 10 (Room 207A),SOCIAL STUDIES 10 (Room 121),VISUAL ARTS: PHOTOGRAPHY 10 (Room 113)
1684,SCIENCE 10 (Room 211),ADST ?  POWER TECHNOLOGY 10,OUTDOOR EDUCATION 10 (Room Gym),PHYSICAL AND HEALTH EDUCATION (Room Gym),SOCIAL STUDIES 10 (Room A-3),COMPOSITION 10 (Room 207A),FOUNDATIONS OF MATH AND PRE-CA (Room 214),ADST ?  WOODWORK 10 (Room 101)
1685,SCIENCE 10 (Room 211),WORKPLACE MATHEMATICS 11 (Room 106),COMPOSITION 10 (Room 222),PHYSICAL AND HEALTH EDUCATION (Room Gym),ADST ? MEDIA DESIGN 10 (Room 114),ADST ?  FOOD STUDIES 10 (Room 206),SOCIAL STUDIES 10 (Room 121),unassigned
1686,COMPOSITION 10 Challenge (Room 208),SCIENCE 10: CHALLENGE (Room 219),ADST ? MEDIA DESIGN 10 (Room 114),FOUNDATIONS OF MATH AND PRE-CA (Room 212),TEXTILES 10 (Room 206),DRAMA 10 (Room A-1),unassigned,PHYSICAL AND HEALTH EDUCATION (Room Gym)
1687,SCIENCE 10 (Room 211),SOCIAL STUDIES 10 (Room 107),ADST ?  FOOD STUDIES 10 (Room 206),PHYSICAL AND HEALTH EDUCATION (Room Gym),CROSS TRAINING 10 (Room Gym),FOUNDATIONS OF MATH AND PRE-CA (Room 220),EFP WRITING 10 (Room A-7),ADST ?  POWER TECHNOLOGY 10
1688,ADST-Technology Explorations 1,COMPUTER SCIENCE 11 (Room 203),unassigned,FOUNDATIONS OF MATH AND PRE-CA (Room 212),SCIENCE 10: CHALLENGE (Room 211),SOCIAL STUDIES 10 CHALLENGE (Room 207B),unassigned,COMPOSITION 10 Challenge (Room 205A)
1689,INSTRUMENTAL MUSIC: GUITAR 10 (Room 119),SCIENCE 10 (Room 219),FOUNDATIONS OF MATH AND PRE-CA (Room 210),EFP WRITING 10 (Room A-7),SOCIAL STUDIES 10 (Room A-3),PHYSICAL AND HEALTH EDUCATION (Room Gym),COMPUTER SCIENCE 11 (Room 203),ADST-Technology Explorations 1
1690,unassigned,SCIENCE 10 (Room 216),ADST ?  FOOD STUDIES 10 (Room 206),PHYSICAL AND HEALTH EDUCATION (Room Gym),ADST ? MEDIA DESIGN 10 (Room 114),COMPOSITION 10 (Room 207A),SOCIAL STUDIES 10 (Room 121),VISUAL ARTS: PHOTOGRAPHY 10 (Room 113)
1691,FOUNDATIONS OF MATH AND PRE-CA (Room 212),SCIENCE 10 (Room 219),COMPOSITION 10 (Room A-3),DANCE FOUNDATIONS 10 (Room Studio),PHYSICAL AND HEALTH EDUCATION (Room Gym),ADST ?  FOOD STUDIES 10 (Room 206),SOCIAL STUDIES 10 (Room 121),FRENCH 10 (Room 107)
1692,FOUNDATIONS OF MATH AND PRE-CA (Room 212),SCIENCE 10 (Room 219),COMPOSITION 10 (Room 222),SPANISH 10 (Room 123),ADST ? MEDIA DESIGN 10 (Room 114),PHYSICAL AND HEALTH EDUCATION (Room Gym),SOCIAL STUDIES 10 (Room 121),ADST ?  WOODWORK 10 (Room 101)
1693,SCIENCE 9 (Room 216),ADST ?  DRAFTING 10 (Room 105),SCIENCE 10 (Room 211),SOCIAL STUDIES 10 (Room 121),TEXTILES 10 (Room 206),FOUNDATIONS OF MATH AND PRE-CA (Room 220),EFP WRITING 10 (Room A-7),PHYSICAL AND HEALTH EDUCATION (Room Gym)
1694,INSTRUMENTAL MUSIC: GUITAR 10 (Room 119),SCIENCE 10 (Room 219),YOGA FOR MINDFULNESS 10 (Room Gym),PHYSICAL AND HEALTH EDUCATION (Room Gym),EFP WRITING 10 (Room A-6),FOUNDATIONS OF MATH AND PRE-CA (Room 220),SOCIAL STUDIES 10 (Room 121),VISUAL ARTS: PHOTOGRAPHY 10 (Room 113)
1695,SCIENCE 10 (Room 211),SOCIAL STUDIES 10 (Room 207A),ADST ?  FOOD STUDIES 10 (Room 206),DANCE FOUNDATIONS 10 (Room Studio),EFP WRITING 10 (Room A-6),FOUNDATIONS OF MATH AND PRE-CA (Room 220),PHYSICAL AND HEALTH EDUCATION (Room Gym),INDEPENDENT DIRECTED STUDIES 1
1696,SCIENCE 10 (Room 211),ADST ?  POWER TECHNOLOGY 10,ADST ?  FOOD STUDIES 10 (Room 206),ACCOUNTING 11 (Room 208),SOCIAL STUDIES 10 (Room A-3),COMPOSITION 10 (Room 207A),FOUNDATIONS OF MATH AND PRE-CA (Room 214),PHYSICAL AND HEALTH EDUCATION (Room Gym)
1697,FOUNDATIONS OF MATH AND PRE-CA (Room 212),SCIENCE 10 (Room 219),YOGA FOR MINDFULNESS 10 (Room Gym),SOCIAL STUDIES 10 (Room 121),PHYSICAL AND HEALTH EDUCATION (Room Gym),COMPOSITION 10 (Room 207A),unassigned,VISUAL ARTS: PHOTOGRAPHY 10 (Room 113)
1698,unassigned,SCIENCE 10 (Room 219),PHYSICS 11 (Room 219),unassigned,ACCOUNTING 11 (Room 123),PRE-CALCULUS 11 (Room 210),unassigned,INTRODUCTORY SPANISH 11 (Room 205A)
1699,FOUNDATIONS OF MATH AND PRE-CA (Room 212),SCIENCE 10 (Room 219),ADST ?  FOOD STUDIES 10 (Room 206),SOCIAL STUDIES 10 (Room 121),Information and Communications (Room 114),DRAMA 10 (Room A-1),EFP WRITING 10 (Room A-7),PHYSICAL AND HEALTH EDUCATION (Room Gym)
1700,unassigned,SCIENCE 10 (Room 219),FOUNDATIONS OF MATH AND PRE-CA (Room 210),unassigned,SOCIAL STUDIES 10 (Room A-3),COMPOSITION 10 (Room 207A),unassigned,unassigned
1701,SCIENCE 10 (Room 211),ADST ?  POWER TECHNOLOGY 10,ADST ?  FOOD STUDIES 10 (Room 206),PHYSICAL AND HEALTH EDUCATION (Room Gym),SOCIAL STUDIES 10 (Room A-3),FOUNDATIONS OF MATH AND PRE-CA (Room 220),EFP WRITING 10 (Room A-7),FRENCH 10 (Room 107)
1702,ADST-Technology Explorations 1,SCIENCE 10: CHALLENGE (Room 219),COMPUTER PROGRAMMING 11 AI and (Room 203),FOUNDATIONS OF MATH AND PRE-CA (Room 212),PHYSICAL AND HEALTH EDUCATION (Room Gym),SOCIAL STUDIES 10 CHALLENGE (Room 207B),COMPUTER SCIENCE 11 (Room 203),COMPOSITION 10 Challenge (Room 205A)
1703,SCIENCE 10 (Room 211),SOCIAL STUDIES 10 (Room 207A),COMPOSITION 10 (Room 222),PHYSICAL AND HEALTH EDUCATION (Room Gym),CROSS TRAINING 10 (Room Gym),ADST ?  FOOD STUDIES 10 (Room 206),unassigned,ADST ?  POWER TECHNOLOGY 10
1704,FOUNDATIONS OF MATH AND PRE-CA (Room 210),ADST ?  POWER TECHNOLOGY 10,COMPUTER PROGRAMMING 11 AI and (Room 203),EFP WRITING 10 (Room A-7),ADST ?  FOOD STUDIES 10 (Room 206),SCIENCE 10 (Room 219),SOCIAL STUDIES 10 (Room 121),FRENCH 12 (Room 123)
1705,COMPOSITION 10 Challenge (Room 208),SCIENCE 10: CHALLENGE (Room 219),COMPUTER SCIENCE 11 (Room 203),SPANISH 10 (Room 123),PHYSICAL AND HEALTH EDUCATION (Room Gym),SOCIAL STUDIES 10 CHALLENGE (Room 121),unassigned,ADST-Technology Explorations 1
1706,FOUNDATIONS OF MATH AND PRE-CA (Room 210),ADST ?  POWER TECHNOLOGY 10,SCIENCE 10 (Room 216),PHYSICAL AND HEALTH EDUCATION (Room Gym),ADST ? MEDIA DESIGN 10 (Room 114),SOCIAL STUDIES 10 (Room 123),EFP WRITING 10 (Room A-7),FRENCH 12 (Room 123)
1707,SCIENCE 10 (Room 211),SOCIAL STUDIES 10 (Room 107),WORKPLACE MATHEMATICS 10 (Room 210),TEXTILES 10 (Room 206),ADST ?  FOOD STUDIES 10 (Room 206),FOUNDATIONS OF MATH AND PRE-CA (Room 220),EFP WRITING 10 (Room A-7),PHYSICAL AND HEALTH EDUCATION (Room Gym)
1708,COMPOSITION 10 Challenge (Room 208),SCIENCE 10: CHALLENGE (Room 219),Information and Communications (Room 114),FOUNDATIONS OF MATH AND PRE-CA (Room 212),PHYSICAL AND HEALTH EDUCATION (Room Gym),SOCIAL STUDIES 10 CHALLENGE (Room 207B),PRE-CALCULUS 11 (Room 106),3D ANIMATION 12 (Room 114)
1709,FOUNDATIONS OF MATH AND PRE-CA (Room 210),ADST ?  DRAFTING 10 (Room 105),SCIENCE 10 (Room 211),PHYSICAL AND HEALTH EDUCATION (Room Gym),DANCE TECHNIQUE AND PERFORMANC (Room Studio),SOCIAL STUDIES 10 (Room 123),Information and Communications (Room 114),FRENCH 10 (Room 107)
1710,unassigned,SCIENCE 10 (Room 216),FOUNDATIONS OF MATH AND PRE-CA (Room 210),MATHEMATICS 9 (Room 210),EFP WRITING 10 (Room A-6),unassigned,SOCIAL STUDIES 10 (Room 121),ADST-Technology Explorations 1
1711,SCIENCE 10 (Room 211),SOCIAL STUDIES 10 (Room 107),ADST ?  FOOD STUDIES 10 (Room 206),PHYSICAL AND HEALTH EDUCATION (Room Gym),VISUAL ARTS: ART STUDIO 10,FOUNDATIONS OF MATH AND PRE-CA (Room 220),EFP WRITING 10 (Room A-7),LEARNING STRATEGIES 10 (Room 207A)
1712,FOUNDATIONS OF MATH AND PRE-CA (Room 212),SCIENCE 10 (Room 219),OUTDOOR EDUCATION 10 (Room Gym),EFP WRITING 10 (Room A-7),VISUAL ARTS: ART STUDIO 10,ADST ?  FOOD STUDIES 10 (Room 206),SOCIAL STUDIES 10 (Room 121),PHYSICAL AND HEALTH EDUCATION (Room Gym)
1713,unassigned,unassigned,COMPOSITION 10 (Room 222),SPANISH 10 (Room 123),TEXTILES 10 (Room 206),DRAMA 10 (Room A-1),unassigned,unassigned
1714,SCIENCE 10 (Room 211),ADST ?  POWER TECHNOLOGY 10,ADST ?  FOOD STUDIES 10 (Room 206),PHYSICAL AND HEALTH EDUCATION (Room Gym),EFP WRITING 10 (Room A-6),FOUNDATIONS OF MATH AND PRE-CA (Room 220),SOCIAL STUDIES 10 (Room 121),FRENCH 12 (Room 123)
1715,LEARNING STRATEGIES 10 (Room 107),SCIENCE 10 (Room 216),WORKPLACE MATHEMATICS 10 (Room 210),SOCIAL STUDIES 10 (Room 121),TEXTILES 10 (Room 206),EFP WRITING 10 (Room A-6),SCIENCE 9 (Room 211),PHYSICAL AND HEALTH EDUCATION (Room Gym)
1716,SCIENCE 10 (Room 211),BEGINNERS ELL 10 (Room 209),OUTDOOR EDUCATION 10 (Room Gym),SOCIAL STUDIES 10 (Room 121),ADST ?  FOOD STUDIES 10 (Room 206),COMPOSITION 10 (Room 207A),FOUNDATIONS OF MATH AND PRE-CA (Room 214),PHYSICAL AND HEALTH EDUCATION (Room Gym)
1717,SCIENCE 10 (Room 211),SOCIAL STUDIES 10 (Room 207A),FOUNDATIONS OF MATH AND PRE-CA (Room 210),EFP WRITING 10 (Room A-7),Information and Communications (Room 114),DRAMA 10 (Room A-1),PHYSICAL AND HEALTH EDUCATION (Room Gym),ADST-Technology Explorations 1
1718,ADST-Technology Explorations 1,SCIENCE 10 (Room 219),OUTDOOR EDUCATION 10 (Room Gym),SOCIAL STUDIES 10 (Room 121),ADST ?  FOOD STUDIES 10 (Room 206),FOUNDATIONS OF MATH AND PRE-CA (Room 220),EFP WRITING 10 (Room A-7),PHYSICAL AND HEALTH EDUCATION (Room Gym)
1719,SCIENCE 10 (Room 211),SOCIAL STUDIES 10 (Room 207A),ADST ?  FOOD STUDIES 10 (Room 206),PHYSICAL AND HEALTH EDUCATION (Room Gym),ACCOUNTING 11 (Room 123),EFP WRITING 10 (Room A-6),FOUNDATIONS OF MATH AND PRE-CA (Room 214),VISUAL ARTS: PHOTOGRAPHY 10 (Room 113)
1720,COMPOSITION 10 Challenge (Room 208),SCIENCE 10: CHALLENGE (Room 219),COMPUTER PROGRAMMING 11 AI and (Room 203),FOUNDATIONS OF MATH AND PRE-CA (Room 214),DANCE TECHNIQUE AND PERFORMANC (Room Studio),SOCIAL STUDIES 10 CHALLENGE (Room 121),unassigned,unassigned
1721,ADST-Technology Explorations 1,SCIENCE 10 (Room 219),FOUNDATIONS OF MATH AND PRE-CA (Room 210),EFP WRITING 10 (Room A-7),ADST ?  FOOD STUDIES 10 (Room 206),DRAMA 10 (Room A-1),SOCIAL STUDIES 10 (Room 121),PHYSICAL AND HEALTH EDUCATION (Room Gym)
1722,SCIENCE 10 (Room 211),SOCIAL STUDIES 10 (Room 107),FOUNDATIONS OF MATH AND PRE-CA (Room 210),TEXTILES 10 (Room 206),VISUAL ARTS: ART STUDIO 10,INDEPENDENT DIRECTED STUDIES 1 (Room 205A),EFP WRITING 10 (Room A-7),unassigned
1723,COMMUNITY LEADERSHIP 10 (Room 209),ADST ?  DRAFTING 10 (Room 105),SCIENCE 10 (Room 216),SOCIAL STUDIES 10 (Room 121),ADST ? MEDIA DESIGN 10 (Room 114),INDEPENDENT DIRECTED STUDIES 1 (Room 205A),EFP WRITING 10 (Room A-7),unassigned
1724,SCIENCE 10 (Room 211),SOCIAL STUDIES 10 (Room 107),ADST ? MEDIA DESIGN 10 (Room 114),unassigned,EFP WRITING 10 (Room A-6),FRENCH 10 (Room 209),FOUNDATIONS OF MATH AND PRE-CA (Room 214),unassigned
1725,ADST ? ENTREPRENEURSHIP AND MA (Room 205B),SCIENCE 10 (Room 216),ADST ?  FOOD STUDIES 10 (Room 206),SOCIAL STUDIES 10 (Room 121),VISUAL ARTS: ART STUDIO 10,COMPOSITION 10 (Room 207A),FOUNDATIONS OF MATH AND PRE-CA (Room 214),ACTIVE LIVING 11 Girls (Room Gym)
1726,MATHEMATICS 9 (Room 123),SCIENCE 10 (Room 216),FOUNDATIONS OF MATH AND PRE-CA (Room 210),SPANISH 10 (Room 123),EFP WRITING 10 (Room A-6),SOCIAL STUDIES 10 (Room 123),PHYSICAL AND HEALTH EDUCATION (Room Gym),FRENCH 9 (Room 107)
1727,COMPOSITION 10 Challenge (Room 208),SCIENCE 10: CHALLENGE (Room 219),COMPUTER PROGRAMMING 11 AI and (Room 203),FOUNDATIONS OF MATH AND PRE-CA (Room 214),ACCOUNTING 11 (Room 123),SOCIAL STUDIES 10 CHALLENGE (Room 121),COMPUTER SCIENCE 11 (Room 203),PHYSICAL AND HEALTH EDUCATION (Room Gym)
1728,FOUNDATIONS OF MATH AND PRE-CA (Room 212),VISUAL ARTS: ART STUDIO 10,ADST ?  FOOD STUDIES 10 (Room 206),DANCE FOUNDATIONS 10 (Room Studio),SOCIAL STUDIES 10 (Room A-3),SCIENCE 10 (Room 219),EFP WRITING 10 (Room A-7),PHYSICAL AND HEALTH EDUCATION (Room Gym)
1729,SCIENCE 10 (Room 211),BEGINNERS ELL 10 (Room 209),COMPOSITION 10 (Room A-3),SOCIAL STUDIES 10 (Room 121),ADST ?  FOOD STUDIES 10 (Room 206),VISUAL ARTS: PHOTOGRAPHY 10 (Room 113),FOUNDATIONS OF MATH AND PRE-CA (Room 214),PHYSICAL AND HEALTH EDUCATION (Room Gym)
1730,FOUNDATIONS OF MATH AND PRE-CA (Room 212),SCIENCE 10 (Room 219),OUTDOOR EDUCATION 10 (Room Gym),PHYSICAL AND HEALTH EDUCATION (Room Gym),EFP WRITING 10 (Room A-6),DRAMA 10 (Room A-1),FRENCH 11 (Room 208),FRENCH 10 (Room 107)
1731,unassigned,SCIENCE 10 (Room 219),ADST ?  FOOD STUDIES 10 (Room 206),PHYSICAL AND HEALTH EDUCATION (Room Gym),CROSS TRAINING 10 (Room Gym),COMPOSITION 10 (Room 207A),SOCIAL STUDIES 10 (Room 121),VISUAL ARTS: PHOTOGRAPHY 10 (Room 113)
1732,FOUNDATIONS OF MATH AND PRE-CA (Room 212),PHYSICAL AND HEALTH EDUCATION (Room Gym),SCIENCE 10 (Room 211),DANCE FOUNDATIONS 10 (Room Studio),TEXTILES 10 (Room 206),EFP WRITING 10 (Room A-6),SOCIAL STUDIES 10 (Room 121),FRENCH 9 (Room 107)
1733,COMPOSITION 10 Challenge (Room 208),SCIENCE 10: CHALLENGE (Room 219),ADST ?  FOOD STUDIES 10 (Room 206),FOUNDATIONS OF MATH AND PRE-CA (Room 212),DANCE TECHNIQUE AND PERFORMANC (Room Studio),SOCIAL STUDIES 10 CHALLENGE (Room 207B),FRENCH 12 (Room 208),PHYSICAL AND HEALTH EDUCATION (Room Gym)
1734,FOUNDATIONS OF MATH AND PRE-CA (Room 210),SOCIAL STUDIES 10 (Room 107),SCIENCE 10 (Room 211),ACCOUNTING 11 (Room 208),ADST ?  FOOD STUDIES 10 (Room 206),EFP WRITING 10 (Room A-6),Information and Communications (Room 114),PHYSICAL AND HEALTH EDUCATION (Room Gym)
1735,unassigned,SCIENCE 10 (Room 216),COMPUTER PROGRAMMING 11 AI and (Room 203),SOCIAL STUDIES 10 (Room 121),ADST-Technology Explorations 1,COMPOSITION 10 (Room 207A),FOUNDATIONS OF MATH AND PRE-CA (Room 214),unassigned
1736,INSTRUMENTAL MUSIC: GUITAR 10 (Room 119),COMPUTER SCIENCE 11 (Room 203),SCIENCE 10 (Room 216),SOCIAL STUDIES 10 (Room 121),ADST ? MEDIA DESIGN 10 (Room 114),COMPOSITION 10 (Room 207A),FOUNDATIONS OF MATH AND PRE-CA (Room 214),PHYSICAL AND HEALTH EDUCATION (Room Gym)
1737,FOUNDATIONS OF MATH AND PRE-CA (Room 210),COMPUTER SCIENCE 11 (Room 203),ADST ?  FOOD STUDIES 10 (Room 206),EFP WRITING 10 (Room A-7),unassigned,SCIENCE 10 (Room 219),SOCIAL STUDIES 10 (Room 121),unassigned
1738,ADST ? ENTREPRENEURSHIP AND MA (Room 205B),SCIENCE 10: CHALLENGE (Room 219),COMPUTER PROGRAMMING 11 AI and (Room 203),FOUNDATIONS OF MATH AND PRE-CA (Room 214),PHYSICAL AND HEALTH EDUCATION (Room Gym),SOCIAL STUDIES 10 CHALLENGE (Room 207B),FRENCH 11 (Room 208),COMPOSITION 10 Challenge (Room 205A)
1739,FOUNDATIONS OF MATH AND PRE-CA (Room 212),SCIENCE 10 (Room 216),YOGA FOR MINDFULNESS 10 (Room Gym),SOCIAL STUDIES 10 (Room 121),EFP WRITING 10 (Room A-6),FRENCH 10 (Room 209),unassigned,unassigned
1740,COMPOSITION 10 Challenge (Room 208),unassigned,Information and Communications (Room 114),PHYSICAL AND HEALTH EDUCATION (Room Gym),SCIENCE 10: CHALLENGE (Room 211),SOCIAL STUDIES 10 CHALLENGE (Room 207B),FRENCH 9 (Room 205B),FRENCH 10 (Room 107)
1741,FOUNDATIONS OF MATH AND PRE-CA (Room 212),BEGINNERS ELL 10 (Room 209),COMPOSITION 10 (Room A-3),DANCE FOUNDATIONS 10 (Room Studio),TEXTILES 10 (Room 206),PHYSICAL AND HEALTH EDUCATION (Room Gym),SOCIAL STUDIES 10 (Room 121),ADST ?  DRAFTING 10 (Room 105)
1742,FOUNDATIONS OF MATH AND PRE-CA (Room 210),COMPUTER SCIENCE 11 (Room 203),SCIENCE 10 (Room 211),SOCIAL STUDIES 10 (Room 121),ADST ? MEDIA DESIGN 10 (Room 114),ADST ?  FOOD STUDIES 10 (Room 206),EFP WRITING 10 (Room A-7),PHYSICAL AND HEALTH EDUCATION (Room Gym)
1743,COMMUNITY LEADERSHIP 10 (Room 209),SCIENCE 10: CHALLENGE (Room 219),COMPUTER SCIENCE 11 (Room 203),FOUNDATIONS OF MATH AND PRE-CA (Room 214),ADST ? MEDIA DESIGN 10 (Room 114),SOCIAL STUDIES 10 CHALLENGE (Room 121),unassigned,COMPOSITION 10 Challenge (Room 205A)
1744,SCIENCE 9 (Room 216),SCIENCE 10 (Room 219),ADST ?  FOOD STUDIES 10 (Room 206),TEXTILES 10 (Room 206),EFP WRITING 10 (Room A-6),FOUNDATIONS OF MATH AND PRE-CA (Room 220),SOCIAL STUDIES 10 (Room 121),PHYSICAL AND HEALTH EDUCATION (Room Gym)
1745,CHEMISTRY 11 (Room 225),COMPUTER SCIENCE 11 (Room 203),PHYSICS 11 (Room 219),SOCIAL STUDIES 10 (Room 121),EFP WRITING 10 (Room A-6),PRE-CALCULUS 12 (Room 221),unassigned,unassigned
1746,COMPOSITION 10 Challenge (Room 208),SCIENCE 10: CHALLENGE (Room 219),COMPUTER SCIENCE 11 (Room 203),ACCOUNTING 11 (Room 208),ADST ?  DRAFTING 10 (Room 105),SOCIAL STUDIES 10 CHALLENGE (Room 121),unassigned,PHYSICAL AND HEALTH EDUCATION (Room Gym)
1747,FOUNDATIONS OF MATH AND PRE-CA (Room 212),COMPUTER SCIENCE 11 (Room 203),EFP WRITING 10 (Room A-6),Information and Communications (Room 203),PHYSICAL AND HEALTH EDUCATION (Room Gym),SCIENCE 10 (Room 219),SOCIAL STUDIES 10 (Room 121),INTRODUCTORY SPANISH 11 (Room 205A)
1748,FOUNDATIONS OF MATH AND PRE-CA (Room 212),SCIENCE 10 (Room 216),COMPOSITION 10 (Room 222),SOCIAL STUDIES 10 (Room 121),PHYSICAL AND HEALTH EDUCATION (Room Gym),DRAMA 10 (Room A-1),unassigned,FRENCH 10 (Room 107)
1749,SCIENCE 10 (Room 211),COMPUTER SCIENCE 11 (Room 203),COMPUTER PROGRAMMING 11 AI and (Room 203),SOCIAL STUDIES 10 (Room 121),EFP WRITING 10 (Room A-6),PHYSICAL AND HEALTH EDUCATION (Room Gym),FOUNDATIONS OF MATH AND PRE-CA (Room 214),3D ANIMATION 12 (Room 114)
1750,SCIENCE 10 (Room 211),BEGINNERS ELL 10 (Room 209),COMPOSITION 10 (Room A-3),DANCE FOUNDATIONS 10 (Room Studio),TEXTILES 10 (Room 206),FOUNDATIONS OF MATH AND PRE-CA (Room 220),SOCIAL STUDIES 10 (Room 121),PHYSICAL AND HEALTH EDUCATION (Room Gym)
1751,SCIENCE 10 (Room 211),BEGINNERS ELL 10 (Room 209),COMPOSITION 10 (Room 222),DANCE FOUNDATIONS 10 (Room Studio),PHYSICAL AND HEALTH EDUCATION (Room Gym),FOUNDATIONS OF MATH AND PRE-CA (Room 220),SOCIAL STUDIES 10 (Room 121),INDEPENDENT DIRECTED STUDIES 1
1752,ADST-Technology Explorations 1,ADST ?  POWER TECHNOLOGY 10,unassigned,FOUNDATIONS OF MATH AND PRE-CA (Room 214),SCIENCE 10: CHALLENGE (Room 211),PHYSICAL AND HEALTH EDUCATION (Room Gym),COMPUTER SCIENCE 11 (Room 203),COMPOSITION 10 Challenge (Room 205A)
1753,SCIENCE 10 (Room 211),COMPUTER SCIENCE 11 (Room 203),EFP WRITING 10 (Room A-6),SOCIAL STUDIES 10 (Room 121),ACCOUNTING 11 (Room 123),PHYSICAL AND HEALTH EDUCATION (Room Gym),PRE-CALCULUS 11 (Room 214),FRENCH 11 (Room 123)
1754,COMPOSITION 10 Challenge (Room 208),SCIENCE 10: CHALLENGE (Room 219),COMPUTER PROGRAMMING 11 AI and (Room 203),FOUNDATIONS OF MATH AND PRE-CA (Room 212),ADST-Technology Explorations 1,SOCIAL STUDIES 10 CHALLENGE (Room 121),COMPUTER SCIENCE 11 (Room 203),PHYSICAL AND HEALTH EDUCATION (Room Gym)
1755,COMPOSITION 10 Challenge (Room 208),PHYSICAL AND HEALTH EDUCATION (Room Gym),ADST ?  FOOD STUDIES 10 (Room 206),SPANISH 10 (Room 123),SCIENCE 10: CHALLENGE (Room 211),SOCIAL STUDIES 10 CHALLENGE (Room 121),unassigned,ADST ?  POWER TECHNOLOGY 10
1756,unassigned,ADST ?  POWER TECHNOLOGY 10,SCIENCE 10 (Room 211),SOCIAL STUDIES 10 (Room 121),EFP WRITING 10 (Room A-6),INDEPENDENT DIRECTED STUDIES 1 (Room 205A),FOUNDATIONS OF MATH AND PRE-CA (Room 214),VISUAL ARTS: PHOTOGRAPHY 10 (Room 113)
1757,ENGLISH LANGUAGE ARTS 9 (Room A-7),unassigned,unassigned,MATHEMATICS 9 (Room 210),SOCIAL STUDIES 9 (Room 107),ADST ? ENTREPRENEURSHIP AND MA (Room 207B),SCIENCE 9 (Room 211),FRENCH 9 (Room 107)
1758,ENGLISH LANGUAGE ARTS 9 (Room A-7),ADST - Electronics and Robotic (Room 104),SOCIAL STUDIES 9 (Room 209),MATHEMATICS 9 (Room 210),Information and Communications (Room 114),PHYSICAL AND HEALTH EDUCATION (Room Gym),SCIENCE 9 (Room 211),TECH ED 9: MECHANICS LD
1759,ENGLISH LANGUAGE ARTS 9 (Room A-6),SCIENCE 9 (Room 226),SOCIAL STUDIES 9 (Room 209),MATHEMATICS 9 (Room 210),ADST - Textiles 9 (Room 206),ADST - Woodwork 9 (Room 101),PHYSICAL AND HEALTH EDUCATION (Room Gym),SPANISH 9 (Room 209)
1760,ENGLISH LANGUAGE ARTS 9 (Room A-7),SCIENCE 9 (Room 226),SOCIAL STUDIES 9 (Room 205B),Information and Communications (Room 203),MATHEMATICS 9 (Room 106),FRENCH 9 (Room 209),PHYSICAL AND HEALTH EDUCATION (Room Gym),ADST 9 - General Explorations
1761,SOCIAL STUDIES 9 CHALLENGE (Room 121),ENGLISH LANGUAGE ARTS 9 CHALLE (Room A-6),MATHEMATICS 9 CHALLENGE (Room 122),ADST - Electronics and Robotic (Room 104),Information and Communications (Room 114),PHYSICAL AND HEALTH EDUCATION (Room Gym),SCIENCE 9: CHALLENGE (Room 211),ADST 9 - General Explorations
1762,ADST ? ENTREPRENEURSHIP AND MA (Room 205B),SOCIAL STUDIES 9 CHALLENGE (Room 209),MATHEMATICS 9 CHALLENGE (Room 122),ENGLISH LANGUAGE ARTS 9 CHALLE (Room A-6),ADST 9 - General Explorations,SCIENCE 9: CHALLENGE (Room 211),FRENCH 11 (Room 208),PHYSICAL AND HEALTH EDUCATION (Room Gym)
1763,ADST ? ENTREPRENEURSHIP AND MA (Room 205B),SCIENCE 9 (Room 226),SOCIAL STUDIES 9 (Room 107),MATHEMATICS 9 (Room 210),PHYSICAL AND HEALTH EDUCATION (Room Gym),FRENCH 9 (Room 209),ENGLISH LANGUAGE ARTS 9 (Room A-6),DANCE 9 HIP HOP
1764,ENGLISH LANGUAGE ARTS 9 (Room A-7),ADST - Electronics and Robotic (Room 104),SOCIAL STUDIES 9 (Room 205B),PHYSICAL AND HEALTH EDUCATION (Room Gym),MATHEMATICS 9 (Room 106),FRENCH 9 (Room 209),SCIENCE 9 (Room 211),ADST 9 - General Explorations
1765,ENGLISH LANGUAGE ARTS 9 (Room A-6),TECH ED 9: MECHANICS LD,SOCIAL STUDIES 9 (Room 209),Information and Communications (Room 203),MATHEMATICS 9 (Room 106),SCIENCE 9 (Room 216),PHYSICAL AND HEALTH EDUCATION (Room Gym),ADST - Drafting 9 (Room 105)
1766,SOCIAL STUDIES 9 CHALLENGE (Room 121),ENGLISH LANGUAGE ARTS 9 CHALLE (Room A-6),MATHEMATICS 9 CHALLENGE (Room 122),Information and Communications (Room 203),ADST 9 - General Explorations,SCIENCE 9: CHALLENGE (Room 211),PHYSICAL AND HEALTH EDUCATION (Room Gym),ADST - Drafting 9 (Room 105)
1767,ADST ? ENTREPRENEURSHIP AND MA (Room 205B),ADST 9 - General Explorations,SOCIAL STUDIES 9 (Room 107),PHYSICAL AND HEALTH EDUCATION (Room Gym),MATHEMATICS 9 (Room 106),SCIENCE 9 (Room 216),ENGLISH LANGUAGE ARTS 9 (Room A-6),SPANISH 9 (Room 209)
1768,ENGLISH LANGUAGE ARTS 9 (Room A-7),VISUAL ARTS 9,SOCIAL STUDIES 9 (Room 209),MATHEMATICS 9 (Room 212),PHYSICAL AND HEALTH EDUCATION (Room Gym),SCIENCE 9 (Room 216),FRENCH 11 (Room 208),DANCE 9 HIP HOP
1769,ENGLISH LANGUAGE ARTS 9 (Room A-7),SCIENCE 9 (Room 226),Information and Communications (Room 114),MATHEMATICS 9 (Room 212),ADST - Drafting 9 (Room 105),SOCIAL STUDIES 9 (Room 122),unassigned,unassigned
1770,SOCIAL STUDIES 9 CHALLENGE (Room 121),ENGLISH LANGUAGE ARTS 9 CHALLE (Room A-6),MATHEMATICS 9 CHALLENGE (Room 123),DANCE 9 Foundations (Room Studio),unassigned,FRENCH 9 (Room 209),SCIENCE 9: CHALLENGE (Room 211),unassigned
1771,SOCIAL STUDIES 9 CHALLENGE (Room 121),ADST - Electronics and Robotic (Room 104),MATHEMATICS 9 CHALLENGE (Room 123),ENGLISH LANGUAGE ARTS 9 CHALLE (Room A-6),unassigned,ADST ? ENTREPRENEURSHIP AND MA (Room 207B),SCIENCE 9: CHALLENGE (Room 211),unassigned
1772,SOCIAL STUDIES 9 CHALLENGE (Room 121),ENGLISH LANGUAGE ARTS 9 CHALLE (Room A-6),MATHEMATICS 9 CHALLENGE (Room 123),CONCERT BAND 9 - Guitar (Room 119),unassigned,unassigned,SCIENCE 9: CHALLENGE (Room 211),TECH ED 9: MECHANICS LD
1773,ENGLISH LANGUAGE ARTS 9 (Room A-7),unassigned,MATHEMATICS 9 HONOURS (Room 106),unassigned,SOCIAL STUDIES 9 (Room 107),SCIENCE 9 (Room 216),FRENCH 11 (Room 208),SPANISH 9 (Room 205A)
1774,SOCIAL STUDIES 9 CHALLENGE (Room 121),ENGLISH LANGUAGE ARTS 9 CHALLE (Room A-6),MATHEMATICS 9 CHALLENGE (Room 123),unassigned,VISUAL ARTS 9,SCIENCE 9: CHALLENGE (Room 211),FRENCH 9 (Room 205B),unassigned
1775,ENGLISH LANGUAGE ARTS 9 (Room A-7),ADST - Drafting 9 (Room 105),Information and Communications (Room 114),MATHEMATICS 9 (Room 212),VISUAL ARTS 9,SOCIAL STUDIES 9 (Room 122),SCIENCE 9 (Room 211),PHYSICAL AND HEALTH EDUCATION (Room Gym)
1776,SOCIAL STUDIES 9 CHALLENGE (Room 121),ENGLISH LANGUAGE ARTS 9 CHALLE (Room A-6),MATHEMATICS 9 CHALLENGE (Room 122),Information and Communications (Room 203),PHYSICAL AND HEALTH EDUCATION (Room Gym),ADST ? ENTREPRENEURSHIP AND MA (Room 207B),SCIENCE 9: CHALLENGE (Room 211),SPANISH 9 (Room 205A)
1777,SOCIAL STUDIES 9 CHALLENGE (Room 121),ENGLISH LANGUAGE ARTS 9 CHALLE (Room A-6),MATHEMATICS 9 CHALLENGE (Room 123),unassigned,VISUAL ARTS 9,unassigned,SCIENCE 9: CHALLENGE (Room 211),DANCE 9 HIP HOP
1778,LEARNING STRATEGIES 9 LD (Room 107),PHYSICAL AND HEALTH EDUCATION (Room Gym),SOCIAL STUDIES 9 (Room 205B),MATHEMATICS 9 (Room 212),VISUAL ARTS 9,SCIENCE 9 (Room 211),ENGLISH LANGUAGE ARTS 9 (Room A-7),SPANISH 9 (Room 205A)
1779,SOCIAL STUDIES 9 CHALLENGE (Room 121),ADST 9 - General Explorations,MATHEMATICS 9 CHALLENGE (Room 122),ENGLISH LANGUAGE ARTS 9 CHALLE (Room A-6),Information and Communications (Room 114),ADST ? ENTREPRENEURSHIP AND MA (Room 207B),SCIENCE 9: CHALLENGE (Room 211),PHYSICAL AND HEALTH EDUCATION (Room Gym)
1780,SOCIAL STUDIES 9 CHALLENGE (Room 121),ENGLISH LANGUAGE ARTS 9 CHALLE (Room A-6),MATHEMATICS 9 CHALLENGE (Room 123),ADST - Electronics and Robotic (Room 104),ADST 9 - General Explorations,SCIENCE 9: CHALLENGE (Room 211),unassigned,unassigned
1781,MATHEMATICS 9 (Room 123),VISUAL ARTS 9,SOCIAL STUDIES 9 (Room 107),CONCERT BAND 9 - Guitar (Room 119),ADST - Textiles 9 (Room 206),SCIENCE 9 (Room 216),ENGLISH LANGUAGE ARTS 9 (Room 122),PHYSICAL AND HEALTH EDUCATION (Room Gym)
1782,SOCIAL STUDIES 9 CHALLENGE (Room 121),ENGLISH LANGUAGE ARTS 9 CHALLE (Room A-6),MATHEMATICS 9 CHALLENGE (Room 123),ADST - Electronics and Robotic (Room 104),ADST 9 - General Explorations,unassigned,SCIENCE 9: CHALLENGE (Room 211),unassigned
1783,ADST ? ENTREPRENEURSHIP AND MA (Room 205B),unassigned,MATHEMATICS 9 HONOURS (Room 106),unassigned,SOCIAL STUDIES 9 (Room 107),SCIENCE 9 (Room 211),ENGLISH LANGUAGE ARTS 9 (Room A-6),FRENCH 11 (Room 123)
1784,unassigned,SOCIAL STUDIES 9 CHALLENGE (Room 209),MATHEMATICS 9 CHALLENGE (Room 122),ENGLISH LANGUAGE ARTS 9 CHALLE (Room A-6),ADST - Drafting 9 (Room 105),SCIENCE 9: CHALLENGE (Room 211),unassigned,ADST 9 - General Explorations
1785,ENGLISH LANGUAGE ARTS 9 (Room A-7),SOCIAL STUDIES 9 (Room 121),MATHEMATICS 9 HONOURS (Room 106),PHYSICAL AND HEALTH EDUCATION (Room Gym),Information and Communications (Room 114),SCIENCE 9 (Room 216),FRENCH 9 (Room 205B),ADST - Drafting 9 (Room 105)
1786,ENGLISH LANGUAGE ARTS 9 (Room A-7),ADST - Electronics and Robotic (Room 104),MATHEMATICS 9 HONOURS (Room 106),Information and Communications (Room 203),ADST - Drafting 9 (Room 105),SOCIAL STUDIES 9 (Room 122),SCIENCE 9 (Room 211),PHYSICAL AND HEALTH EDUCATION (Room Gym)
1787,ENGLISH LANGUAGE ARTS 9 (Room A-6),ADST 9 - General Explorations,SOCIAL STUDIES 9 (Room 209),MATHEMATICS 9 (Room 210),VISUAL ARTS 9,SCIENCE 9 (Room 216),unassigned,unassigned
1788,SCIENCE 9 (Room 216),PHYSICAL AND HEALTH EDUCATION (Room Gym),SOCIAL STUDIES 9 (Room 107),ADST - Textiles 9 (Room 206),MATHEMATICS 9 (Room 106),ADST ? ENTREPRENEURSHIP AND MA (Room 207B),ENGLISH LANGUAGE ARTS 9 (Room A-6),SPANISH 9 (Room 205A)
1789,PHYSICAL AND HEALTH EDUCATION (Room Gym),VISUAL ARTS 9,SOCIAL STUDIES 9 (Room 205B),MATHEMATICS 9 (Room 210),CROSS TRAINING 10 (Room Gym),SCIENCE 9 (Room 211),ENGLISH LANGUAGE ARTS 9 (Room A-6),ADST - Woodwork 9 (Room 101)
1790,ADST ? ENTREPRENEURSHIP AND MA (Room 205B),PHYSICAL AND HEALTH EDUCATION (Room Gym),SOCIAL STUDIES 9 (Room 107),ADST - Textiles 9 (Room 206),MATHEMATICS 9 (Room 106),SCIENCE 9 (Room 211),ENGLISH LANGUAGE ARTS 9 (Room A-6),FRENCH 9 (Room 107)
1791,SOCIAL STUDIES 9 CHALLENGE (Room 121),ENGLISH LANGUAGE ARTS 9 CHALLE (Room A-6),MATHEMATICS 9 CHALLENGE (Room 122),ADST - Electronics and Robotic (Room 104),Information and Communications (Room 114),SCIENCE 9: CHALLENGE (Room 211),PHYSICAL AND HEALTH EDUCATION (Room Gym),ADST 9 - General Explorations
1792,ENGLISH LANGUAGE ARTS 9 (Room A-7),ADST - Drafting 9 (Room 105),MATHEMATICS 9 HONOURS (Room 106),PHYSICAL AND HEALTH EDUCATION (Room Gym),SOCIAL STUDIES 9 (Room 107),SCIENCE 9 (Room 216),Information and Communications (Room 114),FRENCH 11 (Room 123)
1793,ENGLISH LANGUAGE ARTS 9 (Room A-6),unassigned,SOCIAL STUDIES 9 (Room 209),MATHEMATICS 9 (Room 212),unassigned,ADST ? ENTREPRENEURSHIP AND MA (Room 207B),SCIENCE 9 (Room 211),TECH ED 9: MECHANICS LD
1794,SOCIAL STUDIES 9 CHALLENGE (Room 121),ENGLISH LANGUAGE ARTS 9 CHALLE (Room A-6),MATHEMATICS 9 CHALLENGE (Room 122),ADST - Textiles 9 (Room 206),VISUAL ARTS 9,SCIENCE 9: CHALLENGE (Room 211),LEARNING STRATEGIES 9 LD (Room 122),PHYSICAL AND HEALTH EDUCATION (Room Gym)
1795,SOCIAL STUDIES 9 CHALLENGE (Room 121),ENGLISH LANGUAGE ARTS 9 CHALLE (Room A-6),MATHEMATICS 9 CHALLENGE (Room 123),Information and Communications (Room 203),PHYSICAL AND HEALTH EDUCATION (Room Gym),ADST ? ENTREPRENEURSHIP AND MA (Room 207B),SCIENCE 9: CHALLENGE (Room 211),FRENCH 11 (Room 123)
1796,ADST 9 - General Explorations,ADST - Drafting 9 (Room 105),SOCIAL STUDIES 9 (Room 205B),MATHEMATICS 9 (Room 212),PHYSICAL AND HEALTH EDUCATION (Room Gym),SCIENCE 9 (Room 216),ENGLISH LANGUAGE ARTS 9 (Room A-7),TECH ED 9: MECHANICS LD
1797,SCIENCE 9 (Room 216),SOCIAL STUDIES 9 (Room 121),MATHEMATICS 9 HONOURS (Room 106),CONCERT BAND 9 - Guitar (Room 119),Information and Communications (Room 114),unassigned,ENGLISH LANGUAGE ARTS 9 (Room A-6),unassigned
1798,ADST 9 - General Explorations,SOCIAL STUDIES 9 CHALLENGE (Room 209),MATHEMATICS 9 CHALLENGE (Room 123),ENGLISH LANGUAGE ARTS 9 CHALLE (Room A-6),VISUAL ARTS 9,SCIENCE 9: CHALLENGE (Room 211),Information and Communications (Room 114),PHYSICAL AND HEALTH EDUCATION (Room Gym)
1799,SOCIAL STUDIES 9 CHALLENGE (Room 121),ENGLISH LANGUAGE ARTS 9 CHALLE (Room A-6),MATHEMATICS 9 CHALLENGE (Room 123),PHYSICAL AND HEALTH EDUCATION (Room Gym),ADST 9 - General Explorations,SCIENCE 9: CHALLENGE (Room 211),FRENCH 9 (Room 205B),TECH ED 9: MECHANICS LD
1800,MATHEMATICS 9 (Room 123),SCIENCE 9 (Room 226),SOCIAL STUDIES 9 (Room 107),unassigned,unassigned,ADST - Woodwork 9 (Room 101),ENGLISH LANGUAGE ARTS 9 (Room 122),PHYSICAL AND HEALTH EDUCATION (Room Gym)
1801,MATHEMATICS 9 (Room 123),SCIENCE 9 (Room 226),SOCIAL STUDIES 9 (Room 205B),CONCERT BAND 9 - Guitar (Room 119),PHYSICAL AND HEALTH EDUCATION (Room Gym),DRAMA 9 (Room A-1),ENGLISH LANGUAGE ARTS 9 (Room A-6),SPANISH 9 (Room 205A)
1802,unassigned,VISUAL ARTS 9,SOCIAL STUDIES 9 (Room 205B),MATHEMATICS 9 (Room 210),unassigned,SCIENCE 9 (Room 211),ENGLISH LANGUAGE ARTS 9 (Room 122),FRENCH 9 (Room 107)
1803,ENGLISH LANGUAGE ARTS 9 (Room A-6),unassigned,PHYSICAL AND HEALTH EDUCATION (Room Gym),DANCE 9 Foundations (Room Studio),PHYSICAL AND HEALTH EDUCATION (Room Gym),SOCIAL STUDIES 9 (Room 122),SCIENCE 9 (Room 211),LEARNING STRATEGIES 9 LD (Room 207A)
1804,MATHEMATICS 9 (Room 123),VISUAL ARTS 9,SOCIAL STUDIES 9 (Room 205B),DANCE 9 Foundations (Room Studio),PHYSICAL AND HEALTH EDUCATION (Room Gym),SCIENCE 9 (Room 211),ENGLISH LANGUAGE ARTS 9 (Room A-6),DANCE 9 HIP HOP
1805,unassigned,SCIENCE 9 (Room 226),SOCIAL STUDIES 9 (Room 205B),PHYSICAL AND HEALTH EDUCATION (Room Gym),unassigned,LEARNING STRATEGIES 9 LD (Room A-2),ENGLISH LANGUAGE ARTS 9 (Room A-6),SPANISH 9 (Room 205A)
1806,ENGLISH LANGUAGE ARTS 9 (Room A-6),LEARNING STRATEGIES 9 LD (Room 205B),SOCIAL STUDIES 9 (Room 209),Information and Communications (Room 203),unassigned,ADST - Woodwork 9 (Room 101),SCIENCE 9 (Room 211),PHYSICAL AND HEALTH EDUCATION (Room Gym)
1807,MATHEMATICS 9 (Room 123),VISUAL ARTS 9,SOCIAL STUDIES 9 (Room 209),Information and Communications (Room 203),PHYSICAL AND HEALTH EDUCATION (Room Gym),SCIENCE 9 (Room 216),ENGLISH LANGUAGE ARTS 9 (Room 122),FRENCH 11 (Room 123)
1808,SOCIAL STUDIES 9 CHALLENGE (Room 121),ENGLISH LANGUAGE ARTS 9 CHALLE (Room A-6),MATHEMATICS 9 CHALLENGE (Room 122),ADST - Electronics and Robotic (Room 104),Information and Communications (Room 114),unassigned,SCIENCE 9: CHALLENGE (Room 211),unassigned
1809,ENGLISH LANGUAGE ARTS 9 (Room A-6),SOCIAL STUDIES 9 (Room 121),MATHEMATICS 9 HONOURS (Room 106),unassigned,unassigned,ADST ? ENTREPRENEURSHIP AND MA (Room 207B),SCIENCE 9 (Room 211),FRENCH 11 (Room 123)
1810,ENGLISH LANGUAGE ARTS 9 (Room A-7),ADST - Drafting 9 (Room 105),SOCIAL STUDIES 9 (Room 107),MATHEMATICS 9 (Room 210),PHYSICAL AND HEALTH EDUCATION (Room Gym),SCIENCE 9 (Room 216),Information and Communications (Room 114),FRENCH 9 (Room 107)
1811,ENGLISH LANGUAGE ARTS 9 (Room A-6),PHYSICAL AND HEALTH EDUCATION (Room Gym),SOCIAL STUDIES 9 (Room 107),MATHEMATICS 9 (Room 210),ADST 9 - General Explorations,ADST - Woodwork 9 (Room 101),SCIENCE 9 (Room 211),FRENCH 11 (Room 123)
1812,ADST ? ENTREPRENEURSHIP AND MA (Room 205B),VISUAL ARTS 9,ENGLISH 9 FOR ELL (Room A-7),Information and Communications (Room 203),MATHEMATICS 9 (Room 106),SOCIAL STUDIES 9 (Room 122),SCIENCE 9 (Room 211),PHYSICAL AND HEALTH EDUCATION (Room Gym)
1813,ENGLISH LANGUAGE ARTS 9 (Room A-6),ADST - Drafting 9 (Room 105),MATHEMATICS 9 HONOURS (Room 106),Information and Communications (Room 203),SOCIAL STUDIES 9 (Room 107),SCIENCE 9 (Room 216),FRENCH 11 (Room 208),PHYSICAL AND HEALTH EDUCATION (Room Gym)
1814,ADST 9 - General Explorations,SOCIAL STUDIES 9 CHALLENGE (Room 209),MATHEMATICS 9 CHALLENGE (Room 123),ENGLISH LANGUAGE ARTS 9 CHALLE (Room A-6),ADST - Drafting 9 (Room 105),SCIENCE 9: CHALLENGE (Room 211),Information and Communications (Room 114),PHYSICAL AND HEALTH EDUCATION (Room Gym)
1815,MATHEMATICS 9 (Room 123),VISUAL ARTS 9,SOCIAL STUDIES 9 (Room 205B),PHYSICAL AND HEALTH EDUCATION (Room Gym),ADST 9 - General Explorations,SCIENCE 9 (Room 216),ENGLISH LANGUAGE ARTS 9 (Room A-6),SPANISH 9 (Room 209)
1816,SCIENCE 9 (Room 216),VISUAL ARTS 9,SOCIAL STUDIES 9 (Room 107),ADST - Textiles 9 (Room 206),PHYSICAL AND HEALTH EDUCATION (Room Gym),ADST - Woodwork 9 (Room 101),ENGLISH LANGUAGE ARTS 9 (Room A-6),unassigned
1817,PHYSICAL AND HEALTH EDUCATION (Room Gym),SCIENCE 9 (Room 226),SOCIAL STUDIES 9 (Room 209),MATHEMATICS 9 (Room 210),CROSS TRAINING 10 (Room Gym),ADST - Woodwork 9 (Room 101),ENGLISH LANGUAGE ARTS 9 (Room A-6),SPANISH 9 (Room 205A)
1818,ENGLISH LANGUAGE ARTS 9 (Room A-6),VISUAL ARTS 9,SOCIAL STUDIES 9 (Room 209),PHYSICAL AND HEALTH EDUCATION (Room Gym),ADST - Textiles 9 (Room 206),SCIENCE 9 (Room 211),unassigned,FRENCH 9 (Room 107)
1819,PHYSICAL AND HEALTH EDUCATION (Room Gym),ADST 9 - General Explorations,SOCIAL STUDIES 9 (Room 209),MATHEMATICS 9 (Room 212),CROSS TRAINING 10 (Room Gym),SCIENCE 9 (Room 216),ENGLISH LANGUAGE ARTS 9 (Room A-7),FRENCH 9 (Room 107)
1820,ADST 9 - General Explorations,ADST - Drafting 9 (Room 105),SOCIAL STUDIES 9 (Room 205B),PHYSICAL AND HEALTH EDUCATION (Room Gym),MATHEMATICS 9 (Room 106),SCIENCE 9 (Room 211),ENGLISH LANGUAGE ARTS 9 (Room A-6),FRENCH 9 (Room 107)
1821,LEARNING STRATEGIES 9 LD (Room 107),ADST - Electronics and Robotic (Room 104),SOCIAL STUDIES 9 (Room 205B),MATHEMATICS 9 (Room 210),ADST 9 - General Explorations,SCIENCE 9 (Room 211),ENGLISH LANGUAGE ARTS 9 (Room A-6),PHYSICAL AND HEALTH EDUCATION (Room Gym)
1822,ENGLISH LANGUAGE ARTS 9 (Room A-6),TECH ED 9: MECHANICS LD,SOCIAL STUDIES 9 (Room 209),PHYSICAL AND HEALTH EDUCATION (Room Gym),MATHEMATICS 9 (Room 106),SCIENCE 9 (Room 216),FRENCH 9 (Room 205B),ADST - Woodwork 9 (Room 101)
1823,SCIENCE 9 (Room 216),unassigned,unassigned,MATHEMATICS 9 (Room 210),ADST - Textiles 9 (Room 206),SOCIAL STUDIES 9 (Room 122),ENGLISH LANGUAGE ARTS 9 (Room 122),SPANISH 9 (Room 209)
1824,ENGLISH LANGUAGE ARTS 9 (Room A-7),VISUAL ARTS 9,SOCIAL STUDIES 9 (Room 107),MATHEMATICS 9 (Room 210),unassigned,SCIENCE 9 (Room 216),unassigned,FRENCH 11 (Room 123)
1825,ADST ? ENTREPRENEURSHIP AND MA (Room 205B),SCIENCE 9 (Room 226),SOCIAL STUDIES 9 (Room 107),LEARNING STRATEGIES 9 LD LINEA (Room 207B),MATHEMATICS 9 (Room 106),DRAMA 9 (Room A-1),ENGLISH LANGUAGE ARTS 9 (Room 122),LEARNING STRATEGIES 9 LD LINEA (Room 207B)
1826,ADST 9 - General Explorations,SOCIAL STUDIES 9 CHALLENGE (Room 209),MATHEMATICS 9 CHALLENGE (Room 123),ADST - Electronics and Robotic (Room 104),PHYSICAL AND HEALTH EDUCATION (Room Gym),unassigned,SCIENCE 9: CHALLENGE (Room 211),TECH ED 9: MECHANICS LD
1827,ENGLISH LANGUAGE ARTS 9 (Room A-6),unassigned,SOCIAL STUDIES 9 (Room 107),MATHEMATICS 9 (Room 210),VISUAL ARTS 9,ADST ? ENTREPRENEURSHIP AND MA (Room 207B),SCIENCE 9 (Room 211),unassigned
1828,SOCIAL STUDIES 9 CHALLENGE (Room 121),ENGLISH LANGUAGE ARTS 9 CHALLE (Room A-6),MATHEMATICS 9 CHALLENGE (Room 122),unassigned,VISUAL ARTS 9,ADST ? ENTREPRENEURSHIP AND MA (Room 207B),SCIENCE 9: CHALLENGE (Room 211),unassigned
1829,MATHEMATICS 9 (Room 123),VISUAL ARTS 9,SOCIAL STUDIES 9 (Room 107),ADST - Textiles 9 (Room 206),PHYSICAL AND HEALTH EDUCATION (Room Gym),SCIENCE 9 (Room 211),ENGLISH LANGUAGE ARTS 9 (Room 122),ADST - Woodwork 9 (Room 101)
1830,SCIENCE 9 (Room 216),VISUAL ARTS 9,SOCIAL STUDIES 9 (Room 107),ADST - Textiles 9 (Room 206),MATHEMATICS 9 (Room 106),DRAMA 9 (Room A-1),ENGLISH LANGUAGE ARTS 9 (Room 122),PHYSICAL AND HEALTH EDUCATION (Room Gym)
1831,SCIENCE 9 (Room 216),ADST 9 - General Explorations,SOCIAL STUDIES 9 (Room 205B),PHYSICAL AND HEALTH EDUCATION (Room Gym),MATHEMATICS 9 (Room 106),ADST ? ENTREPRENEURSHIP AND MA (Room 207B),ENGLISH LANGUAGE ARTS 9 (Room A-6),SPANISH 9 (Room 209)
1832,ENGLISH LANGUAGE ARTS 9 (Room A-7),ADST - Electronics and Robotic (Room 104),Information and Communications (Room 114),MATHEMATICS 9 (Room 212),ADST - Drafting 9 (Room 105),SOCIAL STUDIES 9 (Room 122),SCIENCE 9 (Room 211),PHYSICAL AND HEALTH EDUCATION (Room Gym)
1833,SOCIAL STUDIES 9 CHALLENGE (Room 121),ENGLISH LANGUAGE ARTS 9 CHALLE (Room A-6),MATHEMATICS 9 CHALLENGE (Room 122),Information and Communications (Room 203),PHYSICAL AND HEALTH EDUCATION (Room Gym),ADST ? ENTREPRENEURSHIP AND MA (Room 207B),SCIENCE 9: CHALLENGE (Room 211),FRENCH 11 (Room 123)
1834,SCIENCE 9 (Room 216),unassigned,SOCIAL STUDIES 9 (Room 209),MATHEMATICS 9 (Room 210),PHYSICAL AND HEALTH EDUCATION (Room Gym),FRENCH 9 (Room 209),ENGLISH LANGUAGE ARTS 9 (Room A-6),SPANISH 9 (Room 205A)
1835,SCIENCE 9 (Room 216),VISUAL ARTS 9,MATHEMATICS 9 HONOURS (Room 106),unassigned,DANCE 9 Performance and Techni (Room Studio),SOCIAL STUDIES 9 (Room 122),ENGLISH LANGUAGE ARTS 9 (Room A-7),unassigned
1836,ENGLISH LANGUAGE ARTS 9 (Room A-6),PHYSICAL AND HEALTH EDUCATION (Room Gym),SOCIAL STUDIES 9 (Room 209),MATHEMATICS 9 (Room 212),Information and Communications (Room 114),unassigned,SCIENCE 9 (Room 211),SPANISH 9 (Room 205A)
1837,ENGLISH LANGUAGE ARTS 9 (Room A-7),SOCIAL STUDIES 9 (Room 121),PHYSICAL AND HEALTH EDUCATION (Room Gym),MATHEMATICS 9 (Room 212),PHYSICAL AND HEALTH EDUCATION (Room Gym),DRAMA 9 (Room A-1),SCIENCE 9 (Room 211),DANCE 9 HIP HOP
1838,SOCIAL STUDIES 9 CHALLENGE (Room 121),TECH ED 9: MECHANICS LD,MATHEMATICS 9 CHALLENGE (Room 122),ENGLISH LANGUAGE ARTS 9 CHALLE (Room A-6),ADST - Drafting 9 (Room 105),PHYSICAL AND HEALTH EDUCATION (Room Gym),SCIENCE 9: CHALLENGE (Room 211),SPANISH 9 (Room 209)
1839,ENGLISH LANGUAGE ARTS 9 (Room A-7),SCIENCE 9 (Room 226),SOCIAL STUDIES 9 (Room 107),CONCERT BAND 9 - Guitar (Room 119),VISUAL ARTS 9,ADST - Woodwork 9 (Room 101),unassigned,PHYSICAL AND HEALTH EDUCATION (Room Gym)
1840,SCIENCE 9 (Room 216),ADST - Electronics and Robotic (Room 104),MATHEMATICS 9 HONOURS (Room 106),CONCERT BAND 9 - Guitar (Room 119),PHYSICAL AND HEALTH EDUCATION (Room Gym),SOCIAL STUDIES 9 (Room 122),ENGLISH LANGUAGE ARTS 9 (Room 122),ADST - Drafting 9 (Room 105)
1841,ENGLISH LANGUAGE ARTS 9 (Room A-6),unassigned,MATHEMATICS 9 HONOURS (Room 106),CONCERT BAND 9 - Guitar (Room 119),SOCIAL STUDIES 9 (Room 107),SCIENCE 9 (Room 216),FRENCH 9 (Room 205B),PHYSICAL AND HEALTH EDUCATION (Room Gym)
1842,ADST 9 - General Explorations,SOCIAL STUDIES 9 (Room 121),ENGLISH 9 FOR ELL (Room A-7),MATHEMATICS 9 (Room 212),VISUAL ARTS 9,SCIENCE 9 (Room 216),Information and Communications (Room 114),PHYSICAL AND HEALTH EDUCATION (Room Gym)
1843,ENGLISH LANGUAGE ARTS 9 (Room A-6),VISUAL ARTS 9,SOCIAL STUDIES 9 (Room 205B),MATHEMATICS 9 (Room 212),DANCE 9 Performance and Techni (Room Studio),SCIENCE 9 (Room 211),FRENCH 9 (Room 205B),PHYSICAL AND HEALTH EDUCATION (Room Gym)
1844,ADST ? ENTREPRENEURSHIP AND MA (Room 205B),PHYSICAL AND HEALTH EDUCATION (Room Gym),SOCIAL STUDIES 9 (Room 209),DANCE 9 Foundations (Room Studio),MATHEMATICS 9 (Room 106),SCIENCE 9 (Room 211),ENGLISH LANGUAGE ARTS 9 (Room A-6),FRENCH 9 (Room 107)
1845,SOCIAL STUDIES 9 CHALLENGE (Room 121),VISUAL ARTS 9,MATHEMATICS 9 CHALLENGE (Room 122),ENGLISH LANGUAGE ARTS 9 CHALLE (Room A-6),DANCE 9 Performance and Techni (Room Studio),FRENCH 9 (Room 209),SCIENCE 9: CHALLENGE (Room 211),PHYSICAL AND HEALTH EDUCATION (Room Gym)
1846,MATHEMATICS 9 (Room 123),VISUAL ARTS 9,SOCIAL STUDIES 9 (Room 107),DANCE 9 Foundations (Room Studio),Information and Communications (Room 114),SCIENCE 9 (Room 216),ENGLISH LANGUAGE ARTS 9 (Room A-7),PHYSICAL AND HEALTH EDUCATION (Room Gym)
1847,ADST 9 - General Explorations,SOCIAL STUDIES 9 CHALLENGE (Room 209),MATHEMATICS 9 CHALLENGE (Room 122),ENGLISH LANGUAGE ARTS 9 CHALLE (Room A-6),Information and Communications (Room 114),SCIENCE 9: CHALLENGE (Room 211),PHYSICAL AND HEALTH EDUCATION (Room Gym),ADST - Drafting 9 (Room 105)
1848,MATHEMATICS 9 (Room 123),PHYSICAL AND HEALTH EDUCATION (Room Gym),PHYSICAL AND HEALTH EDUCATION (Room Gym),unassigned,unassigned,unassigned,ENGLISH LANGUAGE ARTS 9 (Room A-7),unassigned
1849,ADST ? ENTREPRENEURSHIP AND MA (Room 205B),SCIENCE 9 (Room 226),SOCIAL STUDIES 9 (Room 209),MATHEMATICS 9 (Room 210),ADST - Textiles 9 (Room 206),FRENCH 9 (Room 209),ENGLISH LANGUAGE ARTS 9 (Room 122),PHYSICAL AND HEALTH EDUCATION (Room Gym)
1850,SCIENCE 9 (Room 216),VISUAL ARTS 9,MATHEMATICS 9 HONOURS (Room 106),PHYSICAL AND HEALTH EDUCATION (Room Gym),ADST - Textiles 9 (Room 206),SOCIAL STUDIES 9 (Room 122),ENGLISH LANGUAGE ARTS 9 (Room A-6),ADST - Drafting 9 (Room 105)
1851,ENGLISH LANGUAGE ARTS 9 (Room A-6),ADST - Drafting 9 (Room 105),MATHEMATICS 9 HONOURS (Room 106),Information and Communications (Room 203),SOCIAL STUDIES 9 (Room 107),SCIENCE 9 (Room 216),unassigned,unassigned
1852,SCIENCE 9 (Room 216),VISUAL ARTS 9,ENGLISH 9 FOR ELL (Room A-7),PHYSICAL AND HEALTH EDUCATION (Room Gym),ADST - Drafting 9 (Room 105),SOCIAL STUDIES 9 (Room 122),unassigned,ADST - Woodwork 9 (Room 101)
1853,unassigned,SOCIAL STUDIES 9 (Room 121),Information and Communications (Room 114),PHYSICAL AND HEALTH EDUCATION (Room Gym),MATHEMATICS 9 (Room 106),SCIENCE 9 (Room 216),ENGLISH LANGUAGE ARTS 9 (Room 122),DANCE 9 HIP HOP
1854,unassigned,LEARNING STRATEGIES 9 LD (Room 205B),ENGLISH 9 FOR ELL (Room A-7),CONCERT BAND 9 - Guitar (Room 119),VISUAL ARTS 9,SOCIAL STUDIES 9 (Room 122),SCIENCE 9 (Room 211),PHYSICAL AND HEALTH EDUCATION (Room Gym)
1855,ADST ? ENTREPRENEURSHIP AND MA (Room 205B),SOCIAL STUDIES 9 CHALLENGE (Room 209),MATHEMATICS 9 CHALLENGE (Room 122),ENGLISH LANGUAGE ARTS 9 CHALLE (Room A-6),ADST 9 - General Explorations,SCIENCE 9: CHALLENGE (Room 211),PHYSICAL AND HEALTH EDUCATION (Room Gym),TECH ED 9: MECHANICS LD
1856,SOCIAL STUDIES 9 CHALLENGE (Room 121),ENGLISH LANGUAGE ARTS 9 CHALLE (Room A-6),MATHEMATICS 9 CHALLENGE (Room 123),Information and Communications (Room 203),ADST 9 - General Explorations,SCIENCE 9: CHALLENGE (Room 211),PHYSICAL AND HEALTH EDUCATION (Room Gym),FRENCH 11 (Room 123)
1857,SOCIAL STUDIES 9 CHALLENGE (Room 121),ENGLISH LANGUAGE ARTS 9 CHALLE (Room A-6),MATHEMATICS 9 CHALLENGE (Room 123),ADST - Electronics and Robotic (Room 104),unassigned,SCIENCE 9: CHALLENGE (Room 211),FRENCH 9 (Room 205B),PHYSICAL AND HEALTH EDUCATION (Room Gym)
1858,ENGLISH LANGUAGE ARTS 9 (Room A-7),SCIENCE 9 (Room 226),Information and Communications (Room 114),MATHEMATICS 9 (Room 210),ADST 9 - General Explorations,SOCIAL STUDIES 9 (Room 122),PHYSICAL AND HEALTH EDUCATION (Room Gym),FRENCH 9 (Room 107)
1859,ADST ? ENTREPRENEURSHIP AND MA (Room 205B),SOCIAL STUDIES 9 CHALLENGE (Room 209),MATHEMATICS 9 CHALLENGE (Room 122),ENGLISH LANGUAGE ARTS 9 CHALLE (Room A-6),Information and Communications (Room 114),PHYSICAL AND HEALTH EDUCATION (Room Gym),SCIENCE 9: CHALLENGE (Room 211),SPANISH 9 (Room 205A)
1860,ENGLISH LANGUAGE ARTS 9 (Room A-6),unassigned,SOCIAL STUDIES 9 (Room 107),LEARNING STRATEGIES 9 LD LINEA (Room 107),VISUAL ARTS 9,SCIENCE 9 (Room 211),LEARNING STRATEGIES 9 LD LINEA (Room 107),TECH ED 9: MECHANICS LD
1861,ADST 9 - General Explorations,TECH ED 9: MECHANICS LD,SOCIAL STUDIES 9 (Room 107),unassigned,VISUAL ARTS 9,SCIENCE 9 (Room 211),ENGLISH LANGUAGE ARTS 9 (Room A-6),PHYSICAL AND HEALTH EDUCATION (Room Gym)
1862,ENGLISH LANGUAGE ARTS 9 (Room A-7),SOCIAL STUDIES 9 (Room 121),MATHEMATICS 9 HONOURS (Room 106),CONCERT BAND 9 - Guitar (Room 119),unassigned,ADST - Woodwork 9 (Room 101),SCIENCE 9 (Room 211),unassigned
1863,SCIENCE 9 (Room 216),ADST - Drafting 9 (Room 105),PHYSICAL AND HEALTH EDUCATION (Room Gym),MATHEMATICS 9 (Room 212),VISUAL ARTS 9,SOCIAL STUDIES 9 (Room 122),unassigned,PHYSICAL AND HEALTH EDUCATION (Room Gym)
1864,ADST ? ENTREPRENEURSHIP AND MA (Room 205B),VISUAL ARTS 9,SOCIAL STUDIES 9 (Room 209),MATHEMATICS 9 (Room 212),ADST - Textiles 9 (Room 206),SCIENCE 9 (Room 211),ENGLISH LANGUAGE ARTS 9 (Room A-6),PHYSICAL AND HEALTH EDUCATION (Room Gym)
1865,ENGLISH LANGUAGE ARTS 9 (Room A-7),VISUAL ARTS 9,SOCIAL STUDIES 9 (Room 205B),PHYSICAL AND HEALTH EDUCATION (Room Gym),MATHEMATICS 9 (Room 106),SCIENCE 9 (Room 216),Information and Communications (Room 114),FRENCH 11 (Room 123)
1866,ADST ? ENTREPRENEURSHIP AND MA (Room 205B),SOCIAL STUDIES 9 CHALLENGE (Room 209),MATHEMATICS 9 CHALLENGE (Room 123),ENGLISH LANGUAGE ARTS 9 CHALLE (Room A-6),DANCE 9 Performance and Techni (Room Studio),FRENCH 9 (Room 209),SCIENCE 9: CHALLENGE (Room 211),PHYSICAL AND HEALTH EDUCATION (Room Gym)
1867,unassigned,ADST - Electronics and Robotic (Room 104),SOCIAL STUDIES 9 (Room 205B),unassigned,MATHEMATICS 9 (Room 106),SCIENCE 9 (Room 216),ENGLISH LANGUAGE ARTS 9 (Room A-7),ADST 9 - General Explorations
1868,ENGLISH LANGUAGE ARTS 9 (Room A-6),TECH ED 9: MECHANICS LD,SOCIAL STUDIES 9 (Room 107),ADST - Electronics and Robotic (Room 104),MATHEMATICS 9 (Room 106),SCIENCE 9 (Room 216),PHYSICAL AND HEALTH EDUCATION (Room Gym),ADST - Drafting 9 (Room 105)
1869,ADST ? ENTREPRENEURSHIP AND MA (Room 205B),SCIENCE 9 (Room 226),SOCIAL STUDIES 9 (Room 209),MATHEMATICS 9 (Room 210),PHYSICAL AND HEALTH EDUCATION (Room Gym),FRENCH 9 (Room 209),ENGLISH LANGUAGE ARTS 9 (Room A-6),DANCE 9 HIP HOP
1870,ADST ? ENTREPRENEURSHIP AND MA (Room 205B),SCIENCE 9 (Room 226),SOCIAL STUDIES 9 (Room 107),MATHEMATICS 9 (Room 212),DANCE 9 Performance and Techni (Room Studio),FRENCH 9 (Room 209),ENGLISH LANGUAGE ARTS 9 (Room A-6),PHYSICAL AND HEALTH EDUCATION (Room Gym)
1871,MATHEMATICS 9 (Room 123),SCIENCE 9 (Room 226),SOCIAL STUDIES 9 (Room 107),ADST - Textiles 9 (Room 206),PHYSICAL AND HEALTH EDUCATION (Room Gym),ADST - Woodwork 9 (Room 101),ENGLISH LANGUAGE ARTS 9 (Room 122),SPANISH 9 (Room 205A)
1872,MATHEMATICS 9 (Room 123),ADST - Drafting 9 (Room 105),SOCIAL STUDIES 9 (Room 205B),PHYSICAL AND HEALTH EDUCATION (Room Gym),Information and Communications (Room 114),SCIENCE 9 (Room 216),ENGLISH LANGUAGE ARTS 9 (Room 122),FRENCH 11 (Room 123)
1873,ADST 9 - General Explorations,SCIENCE 9 (Room 226),SOCIAL STUDIES 9 (Room 205B),MATHEMATICS 9 (Room 210),PHYSICAL AND HEALTH EDUCATION (Room Gym),ADST ? ENTREPRENEURSHIP AND MA (Room 207B),ENGLISH LANGUAGE ARTS 9 (Room A-6),SPANISH 9 (Room 205A)
1874,MATHEMATICS 9 (Room 123),ADST - Drafting 9 (Room 105),SOCIAL STUDIES 9 (Room 107),PHYSICAL AND HEALTH EDUCATION (Room Gym),VISUAL ARTS 9,SCIENCE 9 (Room 216),ENGLISH LANGUAGE ARTS 9 (Room 122),FRENCH 11 (Room 123)
1875,MATHEMATICS 9 (Room 123),ADST - Drafting 9 (Room 105),SOCIAL STUDIES 9 (Room 107),DANCE 9 Foundations (Room Studio),ADST - Textiles 9 (Room 206),SCIENCE 9 (Room 216),ENGLISH LANGUAGE ARTS 9 (Room A-6),PHYSICAL AND HEALTH EDUCATION (Room Gym)
1876,ADST ? ENTREPRENEURSHIP AND MA (Room 205B),ADST 9 - General Explorations,SOCIAL STUDIES 9 (Room 107),PHYSICAL AND HEALTH EDUCATION (Room Gym),MATHEMATICS 9 (Room 106),SCIENCE 9 (Room 211),ENGLISH LANGUAGE ARTS 9 (Room A-6),SPANISH 9 (Room 205A)
1877,ENGLISH LANGUAGE ARTS 9 (Room A-7),VISUAL ARTS 9,MATHEMATICS 9 HONOURS (Room 106),PHYSICAL AND HEALTH EDUCATION (Room Gym),unassigned,SOCIAL STUDIES 9 (Room 122),SCIENCE 9 (Room 211),SPANISH 9 (Room 209)
1878,unassigned,ADST - Drafting 9 (Room 105),SOCIAL STUDIES 9 (Room 107),MATHEMATICS 9 (Room 210),unassigned,SCIENCE 9 (Room 216),ENGLISH LANGUAGE ARTS 9 (Room A-7),PHYSICAL AND HEALTH EDUCATION (Room Gym)
1879,MATHEMATICS 9 (Room 123),LEARNING STRATEGIES 9 LD (Room 205B),SOCIAL STUDIES 9 (Room 107),Information and Communications (Room 203),PHYSICAL AND HEALTH EDUCATION (Room Gym),SCIENCE 9 (Room 211),ENGLISH LANGUAGE ARTS 9 (Room 122),SPANISH 9 (Room 205A)
1880,ADST 9 - General Explorations,SOCIAL STUDIES 9 CHALLENGE (Room 209),MATHEMATICS 9 CHALLENGE (Room 123),ENGLISH LANGUAGE ARTS 9 CHALLE (Room A-6),Information and Communications (Room 114),SCIENCE 9: CHALLENGE (Room 211),PHYSICAL AND HEALTH EDUCATION (Room Gym),ADST - Drafting 9 (Room 105)
1881,MATHEMATICS 9 (Room 123),ADST - Drafting 9 (Room 105),ENGLISH 9 FOR ELL (Room A-7),Information and Communications (Room 203),SOCIAL STUDIES 9 (Room 107),ADST ? ENTREPRENEURSHIP AND MA (Room 207B),SCIENCE 9 (Room 211),PHYSICAL AND HEALTH EDUCATION (Room Gym)
1882,ENGLISH LANGUAGE ARTS 9 (Room A-7),TECH ED 9: MECHANICS LD,SOCIAL STUDIES 9 (Room 209),MATHEMATICS 9 (Room 210),PHYSICAL AND HEALTH EDUCATION (Room Gym),SCIENCE 9 (Room 216),FRENCH 9 (Room 205B),ADST - Drafting 9 (Room 105)
1883,ENGLISH LANGUAGE ARTS 9 (Room A-6),SCIENCE 9 (Room 226),SOCIAL STUDIES 9 (Room 107),MATHEMATICS 9 (Room 212),PHYSICAL AND HEALTH EDUCATION (Room Gym),ADST ? ENTREPRENEURSHIP AND MA (Room 207B),FRENCH 9 (Room 205B),ADST - Woodwork 9 (Room 101)
1884,SCIENCE 9 (Room 216),TECH ED 9: MECHANICS LD,MATHEMATICS 9 HONOURS (Room 106),ADST - Electronics and Robotic (Room 104),ADST - Textiles 9 (Room 206),SOCIAL STUDIES 9 (Room 122),ENGLISH LANGUAGE ARTS 9 (Room A-7),PHYSICAL AND HEALTH EDUCATION (Room Gym)
1885,MATHEMATICS 9 (Room 123),SCIENCE 9 (Room 226),SOCIAL STUDIES 9 (Room 209),LEARNING STRATEGIES 9 LD LINEA (Room 207B),VISUAL ARTS 9,FRENCH 9 (Room 209),ENGLISH LANGUAGE ARTS 9 (Room A-6),LEARNING STRATEGIES 9 LD LINEA (Room 207B)
1886,ADST ? ENTREPRENEURSHIP AND MA (Room 205B),ADST - Drafting 9 (Room 105),MATHEMATICS 9 HONOURS (Room 106),PHYSICAL AND HEALTH EDUCATION (Room Gym),SOCIAL STUDIES 9 (Room 107),SCIENCE 9 (Room 211),ENGLISH LANGUAGE ARTS 9 (Room 122),SPANISH 9 (Room 205A)
1887,ENGLISH LANGUAGE ARTS 9 (Room A-7),SCIENCE 9 (Room 226),SOCIAL STUDIES 9 (Room 107),DANCE 9 Foundations (Room Studio),MATHEMATICS 9 (Room 106),ADST ? ENTREPRENEURSHIP AND MA (Room 207B),FRENCH 9 (Room 205B),PHYSICAL AND HEALTH EDUCATION (Room Gym)
1888,ENGLISH LANGUAGE ARTS 9 (Room A-6),TECH ED 9: MECHANICS LD,SOCIAL STUDIES 9 (Room 107),MATHEMATICS 9 (Room 212),ADST 9 - General Explorations,PHYSICAL AND HEALTH EDUCATION (Room Gym),SCIENCE 9 (Room 211),FRENCH 11 (Room 123)
1889,ENGLISH LANGUAGE ARTS 9 (Room A-6),SCIENCE 9 (Room 226),SOCIAL STUDIES 9 (Room 209),MATHEMATICS 9 (Room 210),unassigned,ADST ? ENTREPRENEURSHIP AND MA (Room 207B),unassigned,ADST - Woodwork 9 (Room 101)
1890,MATHEMATICS 9 (Room 123),PHYSICAL AND HEALTH EDUCATION (Room Gym),SOCIAL STUDIES 9 (Room 205B),Information and Communications (Room 203),ADST - Drafting 9 (Room 105),SCIENCE 9 (Room 216),ENGLISH LANGUAGE ARTS 9 (Room A-7),SPANISH 9 (Room 209)
1891,SCIENCE 9 (Room 216),TECH ED 9: MECHANICS LD,SOCIAL STUDIES 9 (Room 107),MATHEMATICS 9 (Room 210),ADST 9 - General Explorations,ADST - Woodwork 9 (Room 101),ENGLISH LANGUAGE ARTS 9 (Room A-6),PHYSICAL AND HEALTH EDUCATION (Room Gym)
1892,ENGLISH LANGUAGE ARTS 9 (Room A-7),TECH ED 9: MECHANICS LD,SOCIAL STUDIES 9 (Room 205B),MATHEMATICS 9 (Room 212),ADST 9 - General Explorations,SCIENCE 9 (Room 211),PHYSICAL AND HEALTH EDUCATION (Room Gym),SPANISH 9 (Room 209)
1893,MATHEMATICS 9 (Room 123),VISUAL ARTS 9,SOCIAL STUDIES 9 (Room 107),ADST - Textiles 9 (Room 206),ADST - Drafting 9 (Room 105),SCIENCE 9 (Room 216),ENGLISH LANGUAGE ARTS 9 (Room 122),PHYSICAL AND HEALTH EDUCATION (Room Gym)
1894,ADST 9 - General Explorations,ADST - Electronics and Robotic (Room 104),MATHEMATICS 9 HONOURS (Room 106),Information and Communications (Room 203),SOCIAL STUDIES 9 (Room 107),SCIENCE 9 (Room 211),ENGLISH LANGUAGE ARTS 9 (Room A-6),PHYSICAL AND HEALTH EDUCATION (Room Gym)
1895,ENGLISH LANGUAGE ARTS 9 (Room A-6),SCIENCE 9 (Room 226),ENGLISH 9 FOR ELL (Room A-7),MATHEMATICS 9 (Room 212),VISUAL ARTS 9,SOCIAL STUDIES 9 (Room 122),Information and Communications (Room 114),PHYSICAL AND HEALTH EDUCATION (Room Gym)
1896,unassigned,unassigned,unassigned,MATHEMATICS 9 (Room 210),SOCIAL STUDIES 9 (Room 107),SCIENCE 9 (Room 216),ENGLISH LANGUAGE ARTS 9 (Room A-6),unassigned
1897,ENGLISH LANGUAGE ARTS 9 (Room A-7),ADST - Electronics and Robotic (Room 104),SOCIAL STUDIES 9 (Room 107),MATHEMATICS 9 (Room 210),PHYSICAL AND HEALTH EDUCATION (Room Gym),ADST - Woodwork 9 (Room 101),SCIENCE 9 (Room 211),ADST 9 - General Explorations
1898,ADST 9 - General Explorations,SOCIAL STUDIES 9 CHALLENGE (Room 209),MATHEMATICS 9 CHALLENGE (Room 123),ENGLISH LANGUAGE ARTS 9 CHALLE (Room A-6),Information and Communications (Room 114),SCIENCE 9: CHALLENGE (Room 211),PHYSICAL AND HEALTH EDUCATION (Room Gym),FRENCH 11 (Room 123)
1899,SCIENCE 9 (Room 216),VISUAL ARTS 9,SOCIAL STUDIES 9 (Room 209),MATHEMATICS 9 (Room 212),PHYSICAL AND HEALTH EDUCATION (Room Gym),ADST ? ENTREPRENEURSHIP AND MA (Room 207B),ENGLISH LANGUAGE ARTS 9 (Room A-6),SPANISH 9 (Room 209)
1900,SCIENCE 9 (Room 216),ADST - Electronics and Robotic (Room 104),MATHEMATICS 9 HONOURS (Room 106),CONCERT BAND 9 - Guitar (Room 119),SOCIAL STUDIES 9 (Room 107),FRENCH 9 (Room 209),ENGLISH LANGUAGE ARTS 9 (Room A-6),PHYSICAL AND HEALTH EDUCATION (Room Gym)
1901,ADST 9 - General Explorations,SOCIAL STUDIES 9 CHALLENGE (Room 209),MATHEMATICS 9 CHALLENGE (Room 123),ENGLISH LANGUAGE ARTS 9 CHALLE (Room A-6),ADST - Drafting 9 (Room 105),SCIENCE 9: CHALLENGE (Room 211),PHYSICAL AND HEALTH EDUCATION (Room Gym),TECH ED 9: MECHANICS LD
1902,SCIENCE 9 (Room 216),SOCIAL STUDIES 9 (Room 121),Information and Communications (Room 114),MATHEMATICS 9 (Room 212),PHYSICAL AND HEALTH EDUCATION (Room Gym),unassigned,ENGLISH LANGUAGE ARTS 9 (Room A-7),SPANISH 9 (Room 205A)
1903,ENGLISH LANGUAGE ARTS 9 (Room A-7),SCIENCE 9 (Room 226),SOCIAL STUDIES 9 (Room 209),Information and Communications (Room 203),MATHEMATICS 9 (Room 106),PHYSICAL AND HEALTH EDUCATION (Room Gym),FRENCH 11 (Room 208),SPANISH 9 (Room 209)
1904,ENGLISH LANGUAGE ARTS 9 (Room A-6),PHYSICAL AND HEALTH EDUCATION (Room Gym),MATHEMATICS 9 HONOURS (Room 106),Information and Communications (Room 203),SOCIAL STUDIES 9 (Room 107),ADST ? ENTREPRENEURSHIP AND MA (Room 207B),SCIENCE 9 (Room 211),FRENCH 11 (Room 123)
1905,ADST ? ENTREPRENEURSHIP AND MA (Room 205B),SOCIAL STUDIES 9 (Room 121),Information and Communications (Room 114),MATHEMATICS 9 (Room 212),PHYSICAL AND HEALTH EDUCATION (Room Gym),SCIENCE 9 (Room 216),ENGLISH LANGUAGE ARTS 9 (Room 122),ADST 9 - General Explorations
1906,SOCIAL STUDIES 9 CHALLENGE (Room 121),ADST - Electronics and Robotic (Room 104),MATHEMATICS 9 CHALLENGE (Room 123),ENGLISH LANGUAGE ARTS 9 CHALLE (Room A-6),ADST - Drafting 9 (Room 105),SCIENCE 9: CHALLENGE (Room 211),unassigned,unassigned
1907,unassigned,TECH ED 9: MECHANICS LD,SOCIAL STUDIES 9 (Room 205B),unassigned,MATHEMATICS 9 (Room 106),SCIENCE 9 (Room 216),ENGLISH LANGUAGE ARTS 9 (Room A-7),ADST - Woodwork 9 (Room 101)
1908,SOCIAL STUDIES 9 CHALLENGE (Room 121),ENGLISH LANGUAGE ARTS 9 CHALLE (Room A-6),MATHEMATICS 9 CHALLENGE (Room 122),ADST - Electronics and Robotic (Room 104),Information and Communications (Room 114),SCIENCE 9: CHALLENGE (Room 211),unassigned,unassigned
1909,MATHEMATICS 9 (Room 123),ADST - Electronics and Robotic (Room 104),SOCIAL STUDIES 9 (Room 209),Information and Communications (Room 203),ADST 9 - General Explorations,SCIENCE 9 (Room 211),ENGLISH LANGUAGE ARTS 9 (Room A-6),PHYSICAL AND HEALTH EDUCATION (Room Gym)
1910,SCIENCE 9 (Room 216),VISUAL ARTS 9,SOCIAL STUDIES 9 (Room 107),CONCERT BAND 9 - Guitar (Room 119),MATHEMATICS 9 (Room 106),ADST - Woodwork 9 (Room 101),ENGLISH LANGUAGE ARTS 9 (Room A-6),PHYSICAL AND HEALTH EDUCATION (Room Gym)
1911,SOCIAL STUDIES 9 CHALLENGE (Room 121),ENGLISH LANGUAGE ARTS 9 CHALLE (Room A-6),MATHEMATICS 9 CHALLENGE (Room 123),ADST - Electronics and Robotic (Room 104),Information and Communications (Room 114),SCIENCE 9: CHALLENGE (Room 211),FRENCH 9 (Room 205B),PHYSICAL AND HEALTH EDUCATION (Room Gym)
1912,PHYSICAL AND HEALTH EDUCATION (Room Gym),ADST 9 - General Explorations,SOCIAL STUDIES 9 (Room 205B),MATHEMATICS 9 (Room 210),CROSS TRAINING 10 (Room Gym),SCIENCE 9 (Room 216),ENGLISH LANGUAGE ARTS 9 (Room A-7),FRENCH 11 (Room 123)
1913,MATHEMATICS 9 (Room 123),TECH ED 9: MECHANICS LD,SOCIAL STUDIES 9 (Room 205B),DANCE 9 Foundations (Room Studio),PHYSICAL AND HEALTH EDUCATION (Room Gym),SCIENCE 9 (Room 216),ENGLISH LANGUAGE ARTS 9 (Room A-6),SPANISH 9 (Room 209)
1914,ENGLISH LANGUAGE ARTS 9 (Room A-6),LEARNING STRATEGIES 9 LD (Room 205B),PHYSICAL AND HEALTH EDUCATION (Room Gym),PHYSICAL AND HEALTH EDUCATION (Room Gym),SOCIAL STUDIES 9 (Room 107),SCIENCE 9 (Room 216),unassigned,SPANISH 9 (Room 209)
1915,PHYSICAL AND HEALTH EDUCATION (Room Gym),TECH ED 9: MECHANICS LD,Information and Communications (Room 114),MATHEMATICS 9 (Room 212),CROSS TRAINING 10 (Room Gym),SOCIAL STUDIES 9 (Room 122),SCIENCE 9 (Room 211),SPANISH 9 (Room 205A)
1916,ADST ? ENTREPRENEURSHIP AND MA (Room 205B),ADST - Electronics and Robotic (Room 104),SOCIAL STUDIES 9 (Room 107),MATHEMATICS 9 (Room 210),PHYSICAL AND HEALTH EDUCATION (Room Gym),SCIENCE 9 (Room 216),ENGLISH LANGUAGE ARTS 9 (Room A-6),ADST - Drafting 9 (Room 105)
1917,SCIENCE 9 (Room 216),VISUAL ARTS 9,SOCIAL STUDIES 9 (Room 205B),MATHEMATICS 9 (Room 212),PHYSICAL AND HEALTH EDUCATION (Room Gym),ADST ? ENTREPRENEURSHIP AND MA (Room 207B),ENGLISH LANGUAGE ARTS 9 (Room 122),FRENCH 11 (Room 123)
1918,ENGLISH LANGUAGE ARTS 9 (Room A-7),ADST - Electronics and Robotic (Room 104),SOCIAL STUDIES 9 (Room 107),MATHEMATICS 9 (Room 210),Information and Communications (Room 114),SCIENCE 9 (Room 211),PHYSICAL AND HEALTH EDUCATION (Room Gym),ADST - Drafting 9 (Room 105)
1919,unassigned,PHYSICAL AND HEALTH EDUCATION (Room Gym),SOCIAL STUDIES 9 (Room 107),MATHEMATICS 9 (Room 210),ADST - Textiles 9 (Room 206),SCIENCE 9 (Room 211),ENGLISH LANGUAGE ARTS 9 (Room A-7),SPANISH 9 (Room 205A)
1920,ADST 9 - General Explorations,SOCIAL STUDIES 9 CHALLENGE (Room 209),MATHEMATICS 9 CHALLENGE (Room 122),ENGLISH LANGUAGE ARTS 9 CHALLE (Room A-6),Information and Communications (Room 114),SCIENCE 9: CHALLENGE (Room 211),PHYSICAL AND HEALTH EDUCATION (Room Gym),ADST - Drafting 9 (Room 105)
1921,SCIENCE 9 (Room 216),ADST - Drafting 9 (Room 105),SOCIAL STUDIES 9 (Room 205B),MATHEMATICS 9 (Room 212),unassigned,ADST - Woodwork 9 (Room 101),ENGLISH LANGUAGE ARTS 9 (Room A-6),unassigned
1922,ADST ? ENTREPRENEURSHIP AND MA (Room 205B),SOCIAL STUDIES 9 (Room 121),ENGLISH 9 FOR ELL (Room A-7),MATHEMATICS 9 (Room 212),Information and Communications (Room 114),SCIENCE 9 (Room 211),PHYSICAL AND HEALTH EDUCATION (Room Gym),ADST 9 - General Explorations
1923,SCIENCE 9 (Room 216),PHYSICAL AND HEALTH EDUCATION (Room Gym),SOCIAL STUDIES 9 (Room 205B),Information and Communications (Room 203),MATHEMATICS 9 (Room 106),unassigned,ENGLISH LANGUAGE ARTS 9 (Room 122),SPANISH 9 (Room 209)
1924,MATHEMATICS 9 (Room 123),PHYSICAL AND HEALTH EDUCATION (Room Gym),SOCIAL STUDIES 9 (Room 107),ADST - Textiles 9 (Room 206),DANCE 9 Performance and Techni (Room Studio),SCIENCE 9 (Room 216),ENGLISH LANGUAGE ARTS 9 (Room A-7),SPANISH 9 (Room 205A)
1925,SCIENCE 9 (Room 216),PHYSICAL AND HEALTH EDUCATION (Room Gym),SOCIAL STUDIES 9 (Room 209),CONCERT BAND 9 - Guitar (Room 119),MATHEMATICS 9 (Room 106),DRAMA 9 (Room A-1),ENGLISH LANGUAGE ARTS 9 (Room 122),FRENCH 9 (Room 107)
1926,ENGLISH LANGUAGE ARTS 9 (Room A-7),ADST - Electronics and Robotic (Room 104),SOCIAL STUDIES 9 (Room 209),LEARNING STRATEGIES 9 LD LINEA (Room 207B),MATHEMATICS 9 (Room 106),SCIENCE 9 (Room 216),Information and Communications (Room 114),LEARNING STRATEGIES 9 LD LINEA (Room 207B)
1927,SCIENCE 9 (Room 216),SOCIAL STUDIES 9 (Room 121),Information and Communications (Room 114),MATHEMATICS 9 (Room 212),ADST - Textiles 9 (Room 206),FRENCH 9 (Room 209),ENGLISH LANGUAGE ARTS 9 (Room A-6),PHYSICAL AND HEALTH EDUCATION (Room Gym)
1928,MATHEMATICS 9 (Room 123),ADST - Drafting 9 (Room 105),ENGLISH 9 FOR ELL (Room A-7),CONCERT BAND 9 - Guitar (Room 119),DANCE 9 Performance and Techni (Room Studio),SOCIAL STUDIES 9 (Room 122),SCIENCE 9 (Room 211),PHYSICAL AND HEALTH EDUCATION (Room Gym)
1929,MATHEMATICS 9 (Room 123),TECH ED 9: MECHANICS LD,Information and Communications (Room 114),PHYSICAL AND HEALTH EDUCATION (Room Gym),SOCIAL STUDIES 9 (Room 107),SCIENCE 9 (Room 216),ENGLISH LANGUAGE ARTS 9 (Room 122),ADST - Drafting 9 (Room 105)
1930,ADST ? ENTREPRENEURSHIP AND MA (Room 205B),SOCIAL STUDIES 9 (Room 121),ENGLISH 9 FOR ELL (Room A-7),ADST - Electronics and Robotic (Room 104),MATHEMATICS 9 (Room 106),PHYSICAL AND HEALTH EDUCATION (Room Gym),SCIENCE 9 (Room 211),ADST - Drafting 9 (Room 105)
1931,SOCIAL STUDIES 9 CHALLENGE (Room 121),ENGLISH LANGUAGE ARTS 9 CHALLE (Room A-6),MATHEMATICS 9 CHALLENGE (Room 122),ADST - Electronics and Robotic (Room 104),unassigned,SCIENCE 9: CHALLENGE (Room 211),unassigned,ADST 9 - General Explorations
1932,ADST 9 - General Explorations,SOCIAL STUDIES 9 CHALLENGE (Room 209),MATHEMATICS 9 CHALLENGE (Room 122),ENGLISH LANGUAGE ARTS 9 CHALLE (Room A-6),Information and Communications (Room 114),PHYSICAL AND HEALTH EDUCATION (Room Gym),SCIENCE 9: CHALLENGE (Room 211),FRENCH 11 (Room 123)
1933,ADST ? ENTREPRENEURSHIP AND MA (Room 205B),VISUAL ARTS 9,MATHEMATICS 9 HONOURS (Room 106),PHYSICAL AND HEALTH EDUCATION (Room Gym),SOCIAL STUDIES 9 (Room 107),SCIENCE 9 (Room 211),ENGLISH LANGUAGE ARTS 9 (Room A-6),unassigned
1934,SOCIAL STUDIES 9 CHALLENGE (Room 121),ENGLISH LANGUAGE ARTS 9 CHALLE (Room A-6),MATHEMATICS 9 CHALLENGE (Room 123),Information and Communications (Room 203),PHYSICAL AND HEALTH EDUCATION (Room Gym),ADST ? ENTREPRENEURSHIP AND MA (Room 207B),SCIENCE 9: CHALLENGE (Room 211),FRENCH 11 (Room 123)
1935,ENGLISH LANGUAGE ARTS 9 (Room A-6),VISUAL ARTS 9,MATHEMATICS 9 HONOURS (Room 106),ADST - Textiles 9 (Room 206),SOCIAL STUDIES 9 (Room 107),DRAMA 9 (Room A-1),SCIENCE 9 (Room 211),PHYSICAL AND HEALTH EDUCATION (Room Gym)
1936,SCIENCE 9 (Room 216),VISUAL ARTS 9,MATHEMATICS 9 HONOURS (Room 106),PHYSICAL AND HEALTH EDUCATION (Room Gym),SOCIAL STUDIES 9 (Room 107),DRAMA 9 (Room A-1),ENGLISH LANGUAGE ARTS 9 (Room A-6),FRENCH 9 (Room 107)
1937,SOCIAL STUDIES 9 CHALLENGE (Room 121),VISUAL ARTS 9,MATHEMATICS 9 CHALLENGE (Room 123),ENGLISH LANGUAGE ARTS 9 CHALLE (Room A-6),Information and Communications (Room 114),SCIENCE 9: CHALLENGE (Room 211),FRENCH 11 (Room 208),PHYSICAL AND HEALTH EDUCATION (Room Gym)
1938,ADST 9 - General Explorations,SOCIAL STUDIES 9 CHALLENGE (Room 209),MATHEMATICS 9 CHALLENGE (Room 122),ENGLISH LANGUAGE ARTS 9 CHALLE (Room A-6),Information and Communications (Room 114),PHYSICAL AND HEALTH EDUCATION (Room Gym),SCIENCE 9: CHALLENGE (Room 211),SPANISH 9 (Room 205A)
1939,MATHEMATICS 9 (Room 123),VISUAL ARTS 9,ENGLISH 9 FOR ELL (Room A-7),DANCE 9 Foundations (Room Studio),ADST - Textiles 9 (Room 206),SOCIAL STUDIES 9 (Room 122),SCIENCE 9 (Room 211),PHYSICAL AND HEALTH EDUCATION (Room Gym)
1940,SOCIAL STUDIES 9 CHALLENGE (Room 121),ENGLISH LANGUAGE ARTS 9 CHALLE (Room A-6),MATHEMATICS 9 CHALLENGE (Room 122),ADST - Electronics and Robotic (Room 104),Information and Communications (Room 114),ADST ? ENTREPRENEURSHIP AND MA (Room 207B),SCIENCE 9: CHALLENGE (Room 211),PHYSICAL AND HEALTH EDUCATION (Room Gym)
1941,ADST ? ENTREPRENEURSHIP AND MA (Room 205B),PHYSICAL AND HEALTH EDUCATION (Room Gym),MATHEMATICS 9 HONOURS (Room 106),Information and Communications (Room 203),SOCIAL STUDIES 9 (Room 107),SCIENCE 9 (Room 211),ENGLISH LANGUAGE ARTS 9 (Room A-6),FRENCH 11 (Room 123)
1942,ENGLISH LANGUAGE ARTS 9 (Room A-6),SOCIAL STUDIES 9 (Room 121),MATHEMATICS 9 HONOURS (Room 106),CONCERT BAND 9 - Guitar (Room 119),ADST - Textiles 9 (Room 206),ADST ? ENTREPRENEURSHIP AND MA (Room 207B),SCIENCE 9 (Room 211),PHYSICAL AND HEALTH EDUCATION (Room Gym)
1943,MATHEMATICS 9 (Room 123),TECH ED 9: MECHANICS LD,SOCIAL STUDIES 9 (Room 205B),LEARNING STRATEGIES 9 LD LINEA (Room 205B),LEARNING STRATEGIES 9 LD LINEA (Room 205B),SCIENCE 9 (Room 216),ENGLISH LANGUAGE ARTS 9 (Room A-6),ADST - Woodwork 9 (Room 101)
1944,SCIENCE 9 (Room 216),unassigned,ENGLISH 9 FOR ELL (Room A-7),ADST - Electronics and Robotic (Room 104),SOCIAL STUDIES 9 (Room 107),LEARNING STRATEGIES 9 LD (Room A-2),FRENCH 9 (Room 205B),PHYSICAL AND HEALTH EDUCATION (Room Gym)
1945,ADST ? ENTREPRENEURSHIP AND MA (Room 205B),SOCIAL STUDIES 9 (Room 121),MATHEMATICS 9 HONOURS (Room 106),unassigned,VISUAL ARTS 9,SCIENCE 9 (Room 216),ENGLISH LANGUAGE ARTS 9 (Room A-6),unassigned
1946,ENGLISH LANGUAGE ARTS 9 (Room A-7),PHYSICAL AND HEALTH EDUCATION (Room Gym),SOCIAL STUDIES 9 (Room 107),MATHEMATICS 9 (Room 212),ADST - Textiles 9 (Room 206),SCIENCE 9 (Room 216),unassigned,SPANISH 9 (Room 205A)
1947,ENGLISH LANGUAGE ARTS 9 (Room A-6),unassigned,MATHEMATICS 9 HONOURS (Room 106),Information and Communications (Room 203),SOCIAL STUDIES 9 (Room 107),SCIENCE 9 (Room 216),unassigned,FRENCH 9 (Room 107)
1948,MATHEMATICS 9 (Room 123),SOCIAL STUDIES 9 (Room 121),PHYSICAL AND HEALTH EDUCATION (Room Gym),PHYSICAL AND HEALTH EDUCATION (Room Gym),ADST - Textiles 9 (Room 206),SCIENCE 9 (Room 211),ENGLISH LANGUAGE ARTS 9 (Room A-7),ADST - Drafting 9 (Room 105)
1949,MATHEMATICS 9 (Room 123),unassigned,PHYSICAL AND HEALTH EDUCATION (Room Gym),CONCERT BAND 9 - Guitar (Room 119),SOCIAL STUDIES 9 (Room 107),SCIENCE 9 (Room 211),ENGLISH LANGUAGE ARTS 9 (Room 122),unassigned
1950,unassigned,ADST - Drafting 9 (Room 105),SOCIAL STUDIES 9 (Room 107),MATHEMATICS 9 (Room 212),unassigned,SCIENCE 9 (Room 211),ENGLISH LANGUAGE ARTS 9 (Room A-7),ADST 9 - General Explorations
1951,SOCIAL STUDIES 9 CHALLENGE (Room 121),ENGLISH LANGUAGE ARTS 9 CHALLE (Room A-6),MATHEMATICS 9 CHALLENGE (Room 122),Information and Communications (Room 203),PHYSICAL AND HEALTH EDUCATION (Room Gym),ADST ? ENTREPRENEURSHIP AND MA (Room 207B),SCIENCE 9: CHALLENGE (Room 211),FRENCH 11 (Room 123)
1952,ADST 9 - General Explorations,SOCIAL STUDIES 9 CHALLENGE (Room 209),MATHEMATICS 9 CHALLENGE (Room 123),ENGLISH LANGUAGE ARTS 9 CHALLE (Room A-6),Information and Communications (Room 114),SCIENCE 9: CHALLENGE (Room 211),FRENCH 11 (Room 208),PHYSICAL AND HEALTH EDUCATION (Room Gym)
1953,ENGLISH LANGUAGE ARTS 9 (Room A-6),SCIENCE 9 (Room 226),SOCIAL STUDIES 9 (Room 209),DANCE 9 Foundations (Room Studio),MATHEMATICS 9 (Room 106),ADST ? ENTREPRENEURSHIP AND MA (Room 207B),FRENCH 11 (Room 208),PHYSICAL AND HEALTH EDUCATION (Room Gym)
