ID,1000,Grade,12,,,,,,ID: ,,,,,,2110227,,,
Course,,,,Description,,,Recommended,,,Alternate,,,,Alternate Courses,,,,Credit
MCALC12---,,,CALCULUS 12,,,,,N,,,N,,,,,,,4
MCLC-12--L,,,CAREER LIFE CONNECTIONS Linear,,,,,N,,,N,,,,,,,4
MCMCL12---,,,COMPARATIVE CULTURES 12,,,,,N,,,Y,,,,,,,4
MCTWR12---,,,CREATIVE WRITING 12,,,,,N,,,N,,,,,,,4
MEC--12---,,,ECONOMICS 12,,,,,N,,,N,,,,,,,4
MENFP12---,,,ENGLISH FIRST PEOPLES 12,,,,,N,,,N,,,,,,,4
MEVSC12C--,,,ENVIRONMENTAL SCIENCE 12 - CLIMATE CHANGE,,,,,N,,,N,,,,,,,4
MPREC12---,,,PRE-CALCULUS 12,,,,,N,,,N,,,,,,,4
MSJ--12---,,,SOCIAL JUSTICE 12,,,,,N,,,Y,,,,,,,4
MWH--12---,,,20th CENTURY WORLD HISTORY 12,,,,,N,,,N,,,,,,,4
YPSYC1AX--,,,PSYCHOLOGY 11,,,,,N,,,N,,,,,,,4
ID,1001,Grade,12,,,,,,,,,,,,,,,
Course,,,,Description,,,Recommended,,,Alternate,,,,Alternate Courses,,,,Credit
MATPH12---,,,ANATOMY AND PHYSIOLOGY 12,,,,,N,,,N,,,,,,,4
MFR--10---,,,FRENCH 10,,,,,N,,,N,,,,,,,4
MMAP-11---,,,MARKETING AND PROMOTION 11,,,,,N,,,Y,,,,,,,4
MPREC12---,,,PRE-CALCULUS 12,,,,,N,,,N,,,,,,,4
XBA--09G--,,,CONCERT BAND 9 - Guitar,,,,,N,,,N,,,,,,,0
YPSYC1AX--,,,PSYCHOLOGY 11,,,,,N,,,Y,,,,,,,4
ID,1002,Grade,12,,,,,,,,,,,,,,,
Course,,,,Description,,,Recommended,,,Alternate,,,,Alternate Courses,,,,Credit
MCLC-12--L,,,CAREER LIFE CONNECTIONS Linear,,,,,N,,,N,,,,,,,4
MDCF-12---,,,DANCE FOUNDATIONS 12,,,,,N,,,N,,,,,,,4
MDCF-12---,,,DANCE FOUNDATIONS 12,,,,,N,,,Y,,,,,,,4
MDRM-12---,,,DRAMA 12,,,,,N,,,N,,,,,,,4
MENFP12---,,,ENGLISH FIRST PEOPLES 12,,,,,N,,,N,,,,,,,4
MFOOD12---,,,FOOD STUDIES 12,,,,,N,,,N,,,,,,,4
MSJ--12---,,,SOCIAL JUSTICE 12,,,,,N,,,N,,,,,,,4
MTXT-12---,,,TEXTILES 12,,,,,N,,,N,,,,,,,4
MVAST12---,,,ART STUDIO 12,,,,,N,,,Y,,,,,,,4
YED--2CX--,,,LEARNING STRATEGIES 12,,,,,N,,,N,,,,,,,4
YPA--2CX--,,,YOGA FOR MINDFULNESS 12,,,,,N,,,N,,,,,,,4
ID,1003,Grade,11,,,,,,,,,,,,,,,
Course,,,,Description,,,Recommended,,,Alternate,,,,Alternate Courses,,,,Credit
MACLV12---,,,ACTIVE LIVING 12,,,,,N,,,N,,,,,,,4
MATPH12---,,,ANATOMY AND PHYSIOLOGY 12,,,,,N,,,N,,,,,,,4
MCLC-12--L,,,CAREER LIFE CONNECTIONS Linear,,,,,N,,,N,,,,,,,4
MENST12---,,,ENGLISH STUDIES 12,,,,,N,,,N,,,,,,,4
MEVSC12C--,,,ENVIRONMENTAL SCIENCE 12 - CLIMATE CHANGE,,,,,N,,,N,,,,,,,4
MPREC12---,,,PRE-CALCULUS 12,,,,,N,,,N,,,,,,,4
MTAUT12---,,,AUTOMOTIVE TECHNOLOGY 12,,,,,N,,,N,,,,,,,4
ID,1004,Grade,11,,,,,,,,,,,,,,,
Course,,,,Description,,,Recommended,,,Alternate,,,,Alternate Courses,,,,Credit
ACAL-12---,,,AP CALCULUS AB 12 external credential,,,,,N,,,N,,,,,,,4
MCH--12---,,,CHEMISTRY 12,,,,,N,,,N,,,,,,,4
MCLC-12--L,,,CAREER LIFE CONNECTIONS Linear,,,,,N,,,N,,,,,,,4
MENR-12---,,,ENGINEERING 12,,,,,N,,,N,,,,,,,4
MENST12C--,,,ENGLISH STUDIES 12 CHALLENGE,,,,,N,,,N,,,,,,,4
MFOOD12---,,,FOOD STUDIES 12,,,,,N,,,N,,,,,,,4
MPH--12---,,,PHYSICS 12,,,,,N,,,N,,,,,,,4
MPREC12H--,,,PRE-CALCULUS 12 HONOURS,,,,,N,,,N,,,,,,,4
MTDRF12---,,,DRAFTING 12,,,,,N,,,N,,,,,,,4
YED--2DX-L,,,PEER TUTORING 12 LINEAR,,,,,N,,,N,,,,,,,4
ID,1005,Grade,11,,,,,,,,,,,,,,,
Course,,,,Description,,,Recommended,,,Alternate,,,,Alternate Courses,,,,Credit
MATPH12---,,,ANATOMY AND PHYSIOLOGY 12,,,,,N,,,N,,,,,,,4
MCALC12---,,,CALCULUS 12,,,,,N,,,N,,,,,,,4
MCH--12---,,,CHEMISTRY 12,,,,,N,,,N,,,,,,,4
MCLC-12--L,,,CAREER LIFE CONNECTIONS Linear,,,,,N,,,N,,,,,,,4
MENST12---,,,ENGLISH STUDIES 12,,,,,N,,,N,,,,,,,4
MPH--11---,,,PHYSICS 11,,,,,N,,,N,,,,,,,4
MPH--12---,,,PHYSICS 12,,,,,N,,,N,,,,,,,4
MPREC12H--,,,PRE-CALCULUS 12 HONOURS,,,,,N,,,N,,,,,,,4
YED--2FX-L,,,SCHOLARSHIP PREPARATION 12 LINEAR,,,,,N,,,N,,,,,,,4
ID,1006,Grade,11,,,,,,,,,,,,,,,
Course,,,,Description,,,Recommended,,,Alternate,,,,Alternate Courses,,,,Credit
MCALC12---,,,CALCULUS 12,,,,,N,,,N,,,,,,,4
MCH--12---,,,CHEMISTRY 12,,,,,N,,,N,,,,,,,4
MCLC-12--L,,,CAREER LIFE CONNECTIONS Linear,,,,,N,,,N,,,,,,,4
MLST-12---,,,LAW STUDIES 12,,,,,N,,,N,,,,,,,4
MPREC12---,,,PRE-CALCULUS 12,,,,,N,,,N,,,,,,,4
MSP--11---,,,SPANISH 11,,,,,N,,,N,,,,,,,4
MSP--12---,,,SPANISH 12,,,,,N,,,N,,,,,,,4
MTXT-12---,,,TEXTILES 12,,,,,N,,,N,,,,,,,4
YCPA-2AX-L,,,COMMUNITY LEADERSHIP 12 Linear,,,,,N,,,N,,,,,,,4
YLAW-2CX--,,,CRIMINOLOGY 12,,,,,N,,,Y,,,,,,,4
ID,1007,Grade,11,,,,,,,,,,,,,,,
Course,,,,Description,,,Recommended,,,Alternate,,,,Alternate Courses,,,,Credit
AELC-12---,,,AP ENGLISH LITERATURE & COMPOSITION 12,,,,,N,,,N,,,,,,,4
APHM-12---,,,AP PHYSICS C (MECHANICS) 12 external credential,,,,,N,,,N,,,,,,,4
MCALC12---,,,CALCULUS 12,,,,,N,,,N,,,,,,,4
MCH--12---,,,CHEMISTRY 12,,,,,N,,,N,,,,,,,4
MCLC-12--L,,,CAREER LIFE CONNECTIONS Linear,,,,,N,,,N,,,,,,,4
MDMD-12D--,,,3D ANIMATION 12,,,,,N,,,N,,,,,,,4
MENR-12---,,,ENGINEERING 12,,,,,N,,,N,,,,,,,4
MENT-12---,,,ENTREPRENEURSHIP 12,,,,,N,,,Y,,,,,,,4
MLTST12---,,,LITERARY STUDIES 12,,,,,N,,,N,,,,,,,4
MPH--12---,,,PHYSICS 12,,,,,N,,,Y,,,,,,,4
YED--2DX-L,,,PEER TUTORING 12 LINEAR,,,,,N,,,N,,,,,,,4
ID,1008,Grade,11,,,,,,,,,,,,,,,
Course,,,,Description,,,Recommended,,,Alternate,,,,Alternate Courses,,,,Credit
AELC-12---,,,AP ENGLISH LITERATURE & COMPOSITION 12,,,,,N,,,N,,,,,,,4
MATPH12---,,,ANATOMY AND PHYSIOLOGY 12,,,,,N,,,Y,,,,,,,4
MCALC12---,,,CALCULUS 12,,,,,N,,,N,,,,,,,4
MCH--12---,,,CHEMISTRY 12,,,,,N,,,N,,,,,,,4
MCLC-12--L,,,CAREER LIFE CONNECTIONS Linear,,,,,N,,,N,,,,,,,4
MEC--12---,,,ECONOMICS 12,,,,,N,,,N,,,,,,,4
MENR-12---,,,ENGINEERING 12,,,,,N,,,N,,,,,,,4
MENST12C--,,,ENGLISH STUDIES 12 CHALLENGE,,,,,N,,,Y,,,,,,,4
MLFSC11---,,,LIFE SCIENCES 11,,,,,N,,,Y,,,,,,,4
MLST-12---,,,LAW STUDIES 12,,,,,N,,,Y,,,,,,,4
MLTST12---,,,LITERARY STUDIES 12,,,,,N,,,N,,,,,,,4
MPH--12---,,,PHYSICS 12,,,,,N,,,N,,,,,,,4
MPREC12---,,,PRE-CALCULUS 12,,,,,N,,,N,,,,,,,4
YED--2FX-L,,,SCHOLARSHIP PREPARATION 12 LINEAR,,,,,N,,,N,,,,,,,4
ID,1009,Grade,11,,,,,,,,,,,,,,,
Course,,,,Description,,,Recommended,,,Alternate,,,,Alternate Courses,,,,Credit
MATPH12---,,,ANATOMY AND PHYSIOLOGY 12,,,,,N,,,N,,,,,,,4
MCH--12---,,,CHEMISTRY 12,,,,,N,,,N,,,,,,,4
MCLC-12--L,,,CAREER LIFE CONNECTIONS Linear,,,,,N,,,N,,,,,,,4
MENST12---,,,ENGLISH STUDIES 12,,,,,N,,,N,,,,,,,4
MFOOD12---,,,FOOD STUDIES 12,,,,,N,,,N,,,,,,,4
MODED12---,,,OUTDOOR EDUCATION 12,,,,,N,,,Y,,,,,,,4
MPH--12---,,,PHYSICS 12,,,,,N,,,N,,,,,,,4
MPREC12---,,,PRE-CALCULUS 12,,,,,N,,,N,,,,,,,4
YPSYC1AX--,,,PSYCHOLOGY 11,,,,,N,,,N,,,,,,,4
ID,1010,Grade,11,,,,,,,,,,,,,,,
Course,,,,Description,,,Recommended,,,Alternate,,,,Alternate Courses,,,,Credit
ACAL-12---,,,AP CALCULUS AB 12 external credential,,,,,N,,,N,,,,,,,4
AELC-12---,,,AP ENGLISH LITERATURE & COMPOSITION 12,,,,,N,,,N,,,,,,,4
APHM-12---,,,AP PHYSICS C (MECHANICS) 12 external credential,,,,,N,,,Y,,,,,,,4
MCALC12---,,,CALCULUS 12,,,,,N,,,Y,,,,,,,4
MCLC-12--L,,,CAREER LIFE CONNECTIONS Linear,,,,,N,,,N,,,,,,,4
MCMPR12AI-,,,COMPUTER PROGRAMMING 12 AI and Games,,,,,N,,,N,,,,,,,4
MLTST12---,,,LITERARY STUDIES 12,,,,,N,,,N,,,,,,,4
MPH--12---,,,PHYSICS 12,,,,,N,,,N,,,,,,,4
MPREC12---,,,PRE-CALCULUS 12,,,,,N,,,N,,,,,,,4
MTROB12--L,,,ROBOTICS 12 LINEAR,,,,,N,,,N,,,,,,,4
ID,1011,Grade,11,,,,,,,,,,,,,,,
Course,,,,Description,,,Recommended,,,Alternate,,,,Alternate Courses,,,,Credit
ACAL-12---,,,AP CALCULUS AB 12 external credential,,,,,N,,,N,,,,,,,4
AELC-12---,,,AP ENGLISH LITERATURE & COMPOSITION 12,,,,,N,,,N,,,,,,,4
MCH--12---,,,CHEMISTRY 12,,,,,N,,,N,,,,,,,4
MCLC-12--L,,,CAREER LIFE CONNECTIONS Linear,,,,,N,,,N,,,,,,,4
MLTST12---,,,LITERARY STUDIES 12,,,,,N,,,N,,,,,,,4
MPH--12---,,,PHYSICS 12,,,,,N,,,N,,,,,,,4
MTAUT12---,,,AUTOMOTIVE TECHNOLOGY 12,,,,,N,,,N,,,,,,,4
MTDRF12---,,,DRAFTING 12,,,,,N,,,N,,,,,,,4
YED--2FX-L,,,SCHOLARSHIP PREPARATION 12 LINEAR,,,,,N,,,N,,,,,,,4
ID,1012,Grade,11,,,,,,,,,,,,,,,
Course,,,,Description,,,Recommended,,,Alternate,,,,Alternate Courses,,,,Credit
MACLV12---,,,ACTIVE LIVING 12,,,,,N,,,N,,,,,,,4
MCLC-12--L,,,CAREER LIFE CONNECTIONS Linear,,,,,N,,,N,,,,,,,4
MCMCL12---,,,COMPARATIVE CULTURES 12,,,,,N,,,N,,,,,,,4
MENST12---,,,ENGLISH STUDIES 12,,,,,N,,,N,,,,,,,4
MFOOD12---,,,FOOD STUDIES 12,,,,,N,,,N,,,,,,,4
MSJ--12---,,,SOCIAL JUSTICE 12,,,,,N,,,N,,,,,,,4
MTAUT12---,,,AUTOMOTIVE TECHNOLOGY 12,,,,,N,,,N,,,,,,,4
YED--2CX--,,,LEARNING STRATEGIES 12,,,,,N,,,N,,,,,,,4
YHRA-2AX--,,,CROSS TRAINING 12,,,,,N,,,N,,,,,,,4
ID,1013,Grade,11,,,,,,,,,,,,,,,
Course,,,,Description,,,Recommended,,,Alternate,,,,Alternate Courses,,,,Credit
MCH--12---,,,CHEMISTRY 12,,,,,N,,,Y,,,,,,,4
MCLC-12--L,,,CAREER LIFE CONNECTIONS Linear,,,,,N,,,N,,,,,,,4
MCMCL12---,,,COMPARATIVE CULTURES 12,,,,,N,,,Y,,,,,,,4
MEC--12---,,,ECONOMICS 12,,,,,N,,,N,,,,,,,4
MENFP12---,,,ENGLISH FIRST PEOPLES 12,,,,,N,,,N,,,,,,,4
MFOOD12---,,,FOOD STUDIES 12,,,,,N,,,N,,,,,,,4
MPREC12---,,,PRE-CALCULUS 12,,,,,N,,,N,,,,,,,4
MTXT-12---,,,TEXTILES 12,,,,,N,,,N,,,,,,,4
XBA--09G--,,,CONCERT BAND 9 - Guitar,,,,,N,,,Y,,,,,,,0
YCPA-2AX-L,,,COMMUNITY LEADERSHIP 12 Linear,,,,,N,,,N,,,,,,,4
YLAW-2CX--,,,CRIMINOLOGY 12,,,,,N,,,N,,,,,,,4
YPSYC1AX--,,,PSYCHOLOGY 11,,,,,N,,,N,,,,,,,4
ID,1014,Grade,11,,,,,,,,,,,,,,,
Course,,,,Description,,,Recommended,,,Alternate,,,,Alternate Courses,,,,Credit
MCMCL12---,,,COMPARATIVE CULTURES 12,,,,,N,,,Y,,,,,,,4
MCMPS11---,,,COMPOSITION 11,,,,,N,,,N,,,,,,,4
MFOM-11---,,,FOUNDATIONS OF MATHEMATICS 11,,,,,N,,,N,,,,,,,4
MLFSC11---,,,LIFE SCIENCES 11,,,,,N,,,N,,,,,,,4
MPGEO12---,,,PHYSICAL GEOGRAPHY 12,,,,,N,,,N,,,,,,,4
MSJ--12---,,,SOCIAL JUSTICE 12,,,,,N,,,Y,,,,,,,4
ID,1015,Grade,11,,,,,,,,,,,,,,,
Course,,,,Description,,,Recommended,,,Alternate,,,,Alternate Courses,,,,Credit
MCALC12---,,,CALCULUS 12,,,,,N,,,N,,,,,,,4
MCLC-12--L,,,CAREER LIFE CONNECTIONS Linear,,,,,N,,,N,,,,,,,4
MENST12---,,,ENGLISH STUDIES 12,,,,,N,,,N,,,,,,,4
MFOOD12---,,,FOOD STUDIES 12,,,,,N,,,N,,,,,,,4
MLST-12---,,,LAW STUDIES 12,,,,,N,,,N,,,,,,,4
MPREC12---,,,PRE-CALCULUS 12,,,,,N,,,N,,,,,,,4
MVAPH11---,,,PHOTOGRAPHY 11,,,,,N,,,Y,,,,,,,4
MWWK-12---,,,WOODWORK 12,,,,,N,,,Y,,,,,,,4
YCPA-2AX-L,,,COMMUNITY LEADERSHIP 12 Linear,,,,,N,,,N,,,,,,,4
YED--2FX-L,,,SCHOLARSHIP PREPARATION 12 LINEAR,,,,,N,,,N,,,,,,,4
YPSYC1AX--,,,PSYCHOLOGY 11,,,,,N,,,N,,,,,,,4
ID,1016,Grade,11,,,,,,,,,,,,,,,
Course,,,,Description,,,Recommended,,,Alternate,,,,Alternate Courses,,,,Credit
MCLC-12--L,,,CAREER LIFE CONNECTIONS Linear,,,,,N,,,N,,,,,,,4
MCMCL12---,,,COMPARATIVE CULTURES 12,,,,,N,,,Y,,,,,,,4
MENST12---,,,ENGLISH STUDIES 12,,,,,N,,,N,,,,,,,4
MEVSC12C--,,,ENVIRONMENTAL SCIENCE 12 - CLIMATE CHANGE,,,,,N,,,N,,,,,,,4
MFOM-11---,,,FOUNDATIONS OF MATHEMATICS 11,,,,,N,,,N,,,,,,,4
MFOM-11---,,,FOUNDATIONS OF MATHEMATICS 11,,,,,N,,,Y,,,,,,,4
MFOOD12---,,,FOOD STUDIES 12,,,,,N,,,N,,,,,,,4
MPGEO12---,,,PHYSICAL GEOGRAPHY 12,,,,,N,,,N,,,,,,,4
MSJ--12---,,,SOCIAL JUSTICE 12,,,,,N,,,N,,,,,,,4
MTAUT12---,,,AUTOMOTIVE TECHNOLOGY 12,,,,,N,,,N,,,,,,,4
YHRA-2AX--,,,CROSS TRAINING 12,,,,,N,,,N,,,,,,,4
ID,1017,Grade,11,,,,,,,,,,,,,,,
Course,,,,Description,,,Recommended,,,Alternate,,,,Alternate Courses,,,,Credit
MAC--11---,,,ACCOUNTING 11,,,,,N,,,N,,,,,,,4
MCALC12---,,,CALCULUS 12,,,,,N,,,N,,,,,,,4
MCLC-12--L,,,CAREER LIFE CONNECTIONS Linear,,,,,N,,,N,,,,,,,4
MENFP12--Y,,,ENGLISH FIRST PEOPLES 12 Year,,,,,N,,,N,,,,,,,4
MPREC12---,,,PRE-CALCULUS 12,,,,,N,,,N,,,,,,,4
MTDRF12---,,,DRAFTING 12,,,,,N,,,N,,,,,,,4
YESFL1CX--,,,ELL Academic Literacy 11,,,,,N,,,N,,,,,,,4
ID,1018,Grade,11,,,,,,,,,,,,,,,
Course,,,,Description,,,Recommended,,,Alternate,,,,Alternate Courses,,,,Credit
APHM-12---,,,AP PHYSICS C (MECHANICS) 12 external credential,,,,,N,,,N,,,,,,,4
MAC--11---,,,ACCOUNTING 11,,,,,N,,,Y,,,,,,,4
MCALC12---,,,CALCULUS 12,,,,,N,,,N,,,,,,,4
MCH--12---,,,CHEMISTRY 12,,,,,N,,,N,,,,,,,4
MCLC-12--L,,,CAREER LIFE CONNECTIONS Linear,,,,,N,,,N,,,,,,,4
MENR-12---,,,ENGINEERING 12,,,,,N,,,Y,,,,,,,4
MENST12---,,,ENGLISH STUDIES 12,,,,,N,,,N,,,,,,,4
MFOOD12---,,,FOOD STUDIES 12,,,,,N,,,N,,,,,,,4
MODED12---,,,OUTDOOR EDUCATION 12,,,,,N,,,N,,,,,,,4
MPREC12---,,,PRE-CALCULUS 12,,,,,N,,,N,,,,,,,4
MTXT-12---,,,TEXTILES 12,,,,,N,,,N,,,,,,,4
YED--2DX-L,,,PEER TUTORING 12 LINEAR,,,,,N,,,N,,,,,,,4
YED--2FX-L,,,SCHOLARSHIP PREPARATION 12 LINEAR,,,,,N,,,N,,,,,,,4
YLRA-2AX-L,,,ATHLETIC LEADERSHIP 12 Linear,,,,,N,,,N,,,,,,,4
ID,1019,Grade,11,,,,,,,,,,,,,,,
Course,,,,Description,,,Recommended,,,Alternate,,,,Alternate Courses,,,,Credit
MENST12---,,,ENGLISH STUDIES 12,,,,,N,,,N,,,,,,,4
MFR--11---,,,FRENCH 11,,,,,N,,,N,,,,,,,4
MMEDD12---,,,MEDIA DESIGN 12,,,,,N,,,N,,,,,,,4
MTROB12---,,,ROBOTICS 12,,,,,N,,,Y,,,,,,,4
YLAW-2CX--,,,CRIMINOLOGY 12,,,,,N,,,N,,,,,,,4
ID,1020,Grade,11,,,,,,,,,,,,,,,
Course,,,,Description,,,Recommended,,,Alternate,,,,Alternate Courses,,,,Credit
MAC--11---,,,ACCOUNTING 11,,,,,N,,,N,,,,,,,4
MEC--12---,,,ECONOMICS 12,,,,,N,,,Y,,,,,,,4
MENST12---,,,ENGLISH STUDIES 12,,,,,N,,,N,,,,,,,4
MMAP-11---,,,MARKETING AND PROMOTION 11,,,,,N,,,Y,,,,,,,4
MPH--12---,,,PHYSICS 12,,,,,N,,,N,,,,,,,4
MPREC12---,,,PRE-CALCULUS 12,,,,,N,,,N,,,,,,,4
ID,1021,Grade,11,,,,,,,,,,,,,,,
Course,,,,Description,,,Recommended,,,Alternate,,,,Alternate Courses,,,,Credit
MATPH12---,,,ANATOMY AND PHYSIOLOGY 12,,,,,N,,,N,,,,,,,4
MCH--11---,,,CHEMISTRY 11,,,,,N,,,N,,,,,,,4
MCH--12---,,,CHEMISTRY 12,,,,,N,,,N,,,,,,,4
MCLC-12--L,,,CAREER LIFE CONNECTIONS Linear,,,,,N,,,N,,,,,,,4
MDCF-12---,,,DANCE FOUNDATIONS 12,,,,,N,,,N,,,,,,,4
MDNC-12--L,,,DANCE 12: CHOREOGRAPHY Linear,,,,,N,,,N,,,,,,,4
MDNCM12--L,,,DANCE COMPANY 12 Linear,,,,,N,,,N,,,,,,,4
MENFP12---,,,ENGLISH FIRST PEOPLES 12,,,,,N,,,N,,,,,,,4
MPREC12---,,,PRE-CALCULUS 12,,,,,N,,,N,,,,,,,4
YCPA-2AX-L,,,COMMUNITY LEADERSHIP 12 Linear,,,,,N,,,N,,,,,,,4
ID,1022,Grade,11,,,,,,,,,,,,,,,
Course,,,,Description,,,Recommended,,,Alternate,,,,Alternate Courses,,,,Credit
MCLC-12--L,,,CAREER LIFE CONNECTIONS Linear,,,,,N,,,N,,,,,,,4
MCMCL12---,,,COMPARATIVE CULTURES 12,,,,,N,,,N,,,,,,,4
MENST12---,,,ENGLISH STUDIES 12,,,,,N,,,N,,,,,,,4
MEVSC12C--,,,ENVIRONMENTAL SCIENCE 12 - CLIMATE CHANGE,,,,,N,,,Y,,,,,,,4
MPREC11---,,,PRE-CALCULUS 11,,,,,N,,,N,,,,,,,4
MPREC12---,,,PRE-CALCULUS 12,,,,,N,,,N,,,,,,,4
MTXT-12---,,,TEXTILES 12,,,,,N,,,N,,,,,,,4
MVAPH11---,,,PHOTOGRAPHY 11,,,,,N,,,Y,,,,,,,4
MVAST12---,,,ART STUDIO 12,,,,,N,,,N,,,,,,,4
YPSYC1AX--,,,PSYCHOLOGY 11,,,,,N,,,N,,,,,,,4
ID,1023,Grade,11,,,,,,,,,,,,,,,
Course,,,,Description,,,Recommended,,,Alternate,,,,Alternate Courses,,,,Credit
MATPH12---,,,ANATOMY AND PHYSIOLOGY 12,,,,,N,,,N,,,,,,,4
MCALC12---,,,CALCULUS 12,,,,,N,,,Y,,,,,,,4
MCH--12---,,,CHEMISTRY 12,,,,,N,,,N,,,,,,,4
MCLC-12--L,,,CAREER LIFE CONNECTIONS Linear,,,,,N,,,N,,,,,,,4
MENST12---,,,ENGLISH STUDIES 12,,,,,N,,,N,,,,,,,4
MFOOD12---,,,FOOD STUDIES 12,,,,,N,,,N,,,,,,,4
MPH--11---,,,PHYSICS 11,,,,,N,,,N,,,,,,,4
MPH--12---,,,PHYSICS 12,,,,,N,,,N,,,,,,,4
MPREC12---,,,PRE-CALCULUS 12,,,,,N,,,N,,,,,,,4
MTXT-12---,,,TEXTILES 12,,,,,N,,,N,,,,,,,4
ID,1024,Grade,11,,,,,,,,,,,,,,,
Course,,,,Description,,,Recommended,,,Alternate,,,,Alternate Courses,,,,Credit
MCH--11---,,,CHEMISTRY 11,,,,,N,,,N,,,,,,,4
MCH--12---,,,CHEMISTRY 12,,,,,N,,,N,,,,,,,4
MCLC-12--L,,,CAREER LIFE CONNECTIONS Linear,,,,,N,,,N,,,,,,,4
MENST12---,,,ENGLISH STUDIES 12,,,,,N,,,N,,,,,,,4
MODED12---,,,OUTDOOR EDUCATION 12,,,,,N,,,N,,,,,,,4
MPREC12---,,,PRE-CALCULUS 12,,,,,N,,,N,,,,,,,4
MTAUT12---,,,AUTOMOTIVE TECHNOLOGY 12,,,,,N,,,N,,,,,,,4
ID,1025,Grade,11,,,,,,,,,,,,,,,
Course,,,,Description,,,Recommended,,,Alternate,,,,Alternate Courses,,,,Credit
MCH--12---,,,CHEMISTRY 12,,,,,N,,,N,,,,,,,4
MENST12---,,,ENGLISH STUDIES 12,,,,,N,,,N,,,,,,,4
MEVSC12C--,,,ENVIRONMENTAL SCIENCE 12 - CLIMATE CHANGE,,,,,N,,,Y,,,,,,,4
MPH--12---,,,PHYSICS 12,,,,,N,,,N,,,,,,,4
MPREC12---,,,PRE-CALCULUS 12,,,,,N,,,N,,,,,,,4
ID,1026,Grade,11,,,,,,,,,,,,,,,
Course,,,,Description,,,Recommended,,,Alternate,,,,Alternate Courses,,,,Credit
ACAL-12---,,,AP CALCULUS AB 12 external credential,,,,,N,,,N,,,,,,,4
ACSC-2A---,,,AP COMPUTER SCIENCE A 12,,,,,N,,,N,,,,,,,4
APHM-12---,,,AP PHYSICS C (MECHANICS) 12 external credential,,,,,N,,,N,,,,,,,4
MCH--12---,,,CHEMISTRY 12,,,,,N,,,N,,,,,,,4
MCLC-12--L,,,CAREER LIFE CONNECTIONS Linear,,,,,N,,,N,,,,,,,4
MENR-12---,,,ENGINEERING 12,,,,,N,,,Y,,,,,,,4
MENST12C--,,,ENGLISH STUDIES 12 CHALLENGE,,,,,N,,,N,,,,,,,4
MFOOD12---,,,FOOD STUDIES 12,,,,,N,,,N,,,,,,,4
MMEDD12---,,,MEDIA DESIGN 12,,,,,N,,,N,,,,,,,4
MPREC12H--,,,PRE-CALCULUS 12 HONOURS,,,,,N,,,N,,,,,,,4
YED--2DX-L,,,PEER TUTORING 12 LINEAR,,,,,N,,,N,,,,,,,4
YED--2FX-L,,,SCHOLARSHIP PREPARATION 12 LINEAR,,,,,N,,,N,,,,,,,4
ID,1027,Grade,11,,,,,,,,,,,,,,,
Course,,,,Description,,,Recommended,,,Alternate,,,,Alternate Courses,,,,Credit
MATPH12---,,,ANATOMY AND PHYSIOLOGY 12,,,,,N,,,N,,,,,,,4
MCLC-12--L,,,CAREER LIFE CONNECTIONS Linear,,,,,N,,,N,,,,,,,4
MENST12---,,,ENGLISH STUDIES 12,,,,,N,,,N,,,,,,,4
MFOM-11---,,,FOUNDATIONS OF MATHEMATICS 11,,,,,N,,,N,,,,,,,4
MLST-12---,,,LAW STUDIES 12,,,,,N,,,N,,,,,,,4
MSJ--12---,,,SOCIAL JUSTICE 12,,,,,N,,,N,,,,,,,4
MTXT-12---,,,TEXTILES 12,,,,,N,,,N,,,,,,,4
YLAW-2CX--,,,CRIMINOLOGY 12,,,,,N,,,N,,,,,,,4
ID,1028,Grade,11,,,,,,,,,,,,,,,
Course,,,,Description,,,Recommended,,,Alternate,,,,Alternate Courses,,,,Credit
MATPH12---,,,ANATOMY AND PHYSIOLOGY 12,,,,,N,,,N,,,,,,,4
MDCF-12---,,,DANCE FOUNDATIONS 12,,,,,N,,,N,,,,,,,4
MFOOD12---,,,FOOD STUDIES 12,,,,,N,,,N,,,,,,,4
MMEDD12---,,,MEDIA DESIGN 12,,,,,N,,,N,,,,,,,4
MVAST12---,,,ART STUDIO 12,,,,,N,,,Y,,,,,,,4
ID,1029,Grade,11,,,,,,,,,,,,,,,
Course,,,,Description,,,Recommended,,,Alternate,,,,Alternate Courses,,,,Credit
AELC-12---,,,AP ENGLISH LITERATURE & COMPOSITION 12,,,,,N,,,N,,,,,,,4
MCLC-12--L,,,CAREER LIFE CONNECTIONS Linear,,,,,N,,,N,,,,,,,4
MDRM-12---,,,DRAMA 12,,,,,N,,,N,,,,,,,4
MLST-12---,,,LAW STUDIES 12,,,,,N,,,Y,,,,,,,4
MLTST12---,,,LITERARY STUDIES 12,,,,,N,,,N,,,,,,,4
MPREC12---,,,PRE-CALCULUS 12,,,,,N,,,N,,,,,,,4
MSJ--12---,,,SOCIAL JUSTICE 12,,,,,N,,,N,,,,,,,4
MWH--12---,,,20th CENTURY WORLD HISTORY 12,,,,,N,,,N,,,,,,,4
YCPA-2AXE-,,,COMMUNITY LEADERSHIP 12,,,,,N,,,N,,,,,,,4
ID,1030,Grade,11,,,,,,,,,,,,,,,
Course,,,,Description,,,Recommended,,,Alternate,,,,Alternate Courses,,,,Credit
MACLV12---,,,ACTIVE LIVING 12,,,,,N,,,N,,,,,,,4
MCALC12---,,,CALCULUS 12,,,,,N,,,N,,,,,,,4
MCH--12---,,,CHEMISTRY 12,,,,,N,,,N,,,,,,,4
MCLC-12--L,,,CAREER LIFE CONNECTIONS Linear,,,,,N,,,N,,,,,,,4
MENST12---,,,ENGLISH STUDIES 12,,,,,N,,,N,,,,,,,4
MFOOD12---,,,FOOD STUDIES 12,,,,,N,,,N,,,,,,,4
MLST-12---,,,LAW STUDIES 12,,,,,N,,,Y,,,,,,,4
MPH--12---,,,PHYSICS 12,,,,,N,,,N,,,,,,,4
MPREC12---,,,PRE-CALCULUS 12,,,,,N,,,N,,,,,,,4
YLAW-2CX--,,,CRIMINOLOGY 12,,,,,N,,,Y,,,,,,,4
ID,1031,Grade,11,,,,,,,,,,,,,,,
Course,,,,Description,,,Recommended,,,Alternate,,,,Alternate Courses,,,,Credit
MACLV12G--,,,ACTIVE LIVING 12 Girls,,,,,N,,,Y,,,,,,,4
MDFT-12---,,,DRAMA: FILM & TELEVISION 12,,,,,N,,,N,,,,,,,4
MENST12---,,,ENGLISH STUDIES 12,,,,,N,,,N,,,,,,,4
MFOOD12---,,,FOOD STUDIES 12,,,,,N,,,Y,,,,,,,4
MPREC12---,,,PRE-CALCULUS 12,,,,,N,,,N,,,,,,,4
YLAW-2CX--,,,CRIMINOLOGY 12,,,,,N,,,N,,,,,,,4
ID,1032,Grade,11,,,,,,,,,,,,,,,
Course,,,,Description,,,Recommended,,,Alternate,,,,Alternate Courses,,,,Credit
MAC--11---,,,ACCOUNTING 11,,,,,N,,,N,,,,,,,4
MCLC-12--L,,,CAREER LIFE CONNECTIONS Linear,,,,,N,,,N,,,,,,,4
MCLE-10---,,,CAREER LIFE EDUCATION 10,,,,,N,,,N,,,,,,,4
MENFP12---,,,ENGLISH FIRST PEOPLES 12,,,,,N,,,N,,,,,,,4
MFOOD12---,,,FOOD STUDIES 12,,,,,N,,,N,,,,,,,4
MPGEO12---,,,PHYSICAL GEOGRAPHY 12,,,,,N,,,N,,,,,,,4
MTXT-12---,,,TEXTILES 12,,,,,N,,,N,,,,,,,4
MVAPH11---,,,PHOTOGRAPHY 11,,,,,N,,,Y,,,,,,,4
MWH--12---,,,20th CENTURY WORLD HISTORY 12,,,,,N,,,N,,,,,,,4
YPA--2CX--,,,YOGA FOR MINDFULNESS 12,,,,,N,,,N,,,,,,,4
ID,1033,Grade,11,,,,,,,,,,,,,,,
Course,,,,Description,,,Recommended,,,Alternate,,,,Alternate Courses,,,,Credit
MAC--11---,,,ACCOUNTING 11,,,,,N,,,N,,,,,,,4
MACC-12---,,,ACCOUNTING 12,,,,,N,,,N,,,,,,,4
MACLV12---,,,ACTIVE LIVING 12,,,,,N,,,Y,,,,,,,4
MCLC-12--L,,,CAREER LIFE CONNECTIONS Linear,,,,,N,,,N,,,,,,,4
MEC--12---,,,ECONOMICS 12,,,,,N,,,N,,,,,,,4
MENST12---,,,ENGLISH STUDIES 12,,,,,N,,,N,,,,,,,4
MFOM-11---,,,FOUNDATIONS OF MATHEMATICS 11,,,,,N,,,N,,,,,,,4
MINST12---,,,CONTEMPORARY INDIGENOUS STUDIES 12,,,,,N,,,N,,,,,,,4
MPREC11---,,,PRE-CALCULUS 11,,,,,N,,,N,,,,,,,4
YPA--2CX--,,,YOGA FOR MINDFULNESS 12,,,,,N,,,N,,,,,,,4
ID,1034,Grade,11,,,,,,,,,,,,,,,
Course,,,,Description,,,Recommended,,,Alternate,,,,Alternate Courses,,,,Credit
MCLC-12--L,,,CAREER LIFE CONNECTIONS Linear,,,,,N,,,N,,,,,,,4
MENST12---,,,ENGLISH STUDIES 12,,,,,N,,,N,,,,,,,4
MEVSC12C--,,,ENVIRONMENTAL SCIENCE 12 - CLIMATE CHANGE,,,,,N,,,N,,,,,,,4
MFOOD12---,,,FOOD STUDIES 12,,,,,N,,,N,,,,,,,4
MLFSC11---,,,LIFE SCIENCES 11,,,,,N,,,N,,,,,,,4
MPREC12---,,,PRE-CALCULUS 12,,,,,N,,,Y,,,,,,,4
MSJ--12---,,,SOCIAL JUSTICE 12,,,,,N,,,N,,,,,,,4
MWH--12---,,,20th CENTURY WORLD HISTORY 12,,,,,N,,,N,,,,,,,4
YED--2CX--,,,LEARNING STRATEGIES 12,,,,,N,,,N,,,,,,,4
YPSYC1AX--,,,PSYCHOLOGY 11,,,,,N,,,Y,,,,,,,4
ID,1035,Grade,11,,,,,,,,,,,,,,,
Course,,,,Description,,,Recommended,,,Alternate,,,,Alternate Courses,,,,Credit
MAC--11---,,,ACCOUNTING 11,,,,,N,,,N,,,,,,,4
MCLC-12--L,,,CAREER LIFE CONNECTIONS Linear,,,,,N,,,N,,,,,,,4
MECOM12---,,,E-COMMERCE 12,,,,,N,,,N,,,,,,,4
MENST12---,,,ENGLISH STUDIES 12,,,,,N,,,N,,,,,,,4
MENT-12---,,,ENTREPRENEURSHIP 12,,,,,N,,,N,,,,,,,4
MFOM-11---,,,FOUNDATIONS OF MATHEMATICS 11,,,,,N,,,N,,,,,,,4
MWPM-11---,,,WORKPLACE MATHEMATICS 11,,,,,N,,,N,,,,,,,4
ID,1036,Grade,11,,,,,,,,,,,,,,,
Course,,,,Description,,,Recommended,,,Alternate,,,,Alternate Courses,,,,Credit
ACAL-12---,,,AP CALCULUS AB 12 external credential,,,,,N,,,N,,,,,,,4
MCH--12---,,,CHEMISTRY 12,,,,,N,,,N,,,,,,,4
MCLC-12--L,,,CAREER LIFE CONNECTIONS Linear,,,,,N,,,N,,,,,,,4
MCMPR11AI-,,,COMPUTER PROGRAMMING 11 AI and Games,,,,,N,,,N,,,,,,,4
MENST12C--,,,ENGLISH STUDIES 12 CHALLENGE,,,,,N,,,N,,,,,,,4
MMACS11---,,,COMPUTER SCIENCE 11,,,,,N,,,Y,,,,,,,4
MPH--11---,,,PHYSICS 11,,,,,N,,,N,,,,,,,4
MPH--12---,,,PHYSICS 12,,,,,N,,,N,,,,,,,4
MPREC12---,,,PRE-CALCULUS 12,,,,,N,,,N,,,,,,,4
MVAPH12---,,,PHOTOGRAPHY 12,,,,,N,,,Y,,,,,,,4
YCPA-2AXE-,,,COMMUNITY LEADERSHIP 12,,,,,N,,,N,,,,,,,4
YED--2FX-L,,,SCHOLARSHIP PREPARATION 12 LINEAR,,,,,N,,,N,,,,,,,4
ID,1037,Grade,11,,,,,,,,,,,,,,,
Course,,,,Description,,,Recommended,,,Alternate,,,,Alternate Courses,,,,Credit
AELC-12---,,,AP ENGLISH LITERATURE & COMPOSITION 12,,,,,N,,,N,,,,,,,4
MATPH12---,,,ANATOMY AND PHYSIOLOGY 12,,,,,N,,,N,,,,,,,4
MCALC12---,,,CALCULUS 12,,,,,N,,,N,,,,,,,4
MCH--12---,,,CHEMISTRY 12,,,,,N,,,N,,,,,,,4
MCLC-12--L,,,CAREER LIFE CONNECTIONS Linear,,,,,N,,,N,,,,,,,4
MDNC-12--L,,,DANCE 12: CHOREOGRAPHY Linear,,,,,N,,,N,,,,,,,4
MDNCM12--L,,,DANCE COMPANY 12 Linear,,,,,N,,,N,,,,,,,4
MEC--12---,,,ECONOMICS 12,,,,,N,,,Y,,,,,,,4
MLTST12---,,,LITERARY STUDIES 12,,,,,N,,,N,,,,,,,4
MPH--12---,,,PHYSICS 12,,,,,N,,,N,,,,,,,4
MPREC12---,,,PRE-CALCULUS 12,,,,,N,,,N,,,,,,,4
MVAST12---,,,ART STUDIO 12,,,,,N,,,N,,,,,,,4
MWH--12---,,,20th CENTURY WORLD HISTORY 12,,,,,N,,,Y,,,,,,,4
YED--2FX-L,,,SCHOLARSHIP PREPARATION 12 LINEAR,,,,,N,,,N,,,,,,,4
ID,1038,Grade,11,,,,,,,,,,,,,,,
Course,,,,Description,,,Recommended,,,Alternate,,,,Alternate Courses,,,,Credit
MATPH12---,,,ANATOMY AND PHYSIOLOGY 12,,,,,N,,,N,,,,,,,4
MCH--11---,,,CHEMISTRY 11,,,,,N,,,N,,,,,,,4
MCLC-12--L,,,CAREER LIFE CONNECTIONS Linear,,,,,N,,,N,,,,,,,4
MENST12---,,,ENGLISH STUDIES 12,,,,,N,,,N,,,,,,,4
MENT-12---,,,ENTREPRENEURSHIP 12,,,,,N,,,Y,,,,,,,4
MFOM-11---,,,FOUNDATIONS OF MATHEMATICS 11,,,,,N,,,N,,,,,,,4
MLST-12---,,,LAW STUDIES 12,,,,,N,,,N,,,,,,,4
MTAUT12---,,,AUTOMOTIVE TECHNOLOGY 12,,,,,N,,,N,,,,,,,4
MVAPH11---,,,PHOTOGRAPHY 11,,,,,N,,,Y,,,,,,,4
YHRA-2AX--,,,CROSS TRAINING 12,,,,,N,,,N,,,,,,,4
ID,1039,Grade,11,,,,,,,,,,,,,,,
Course,,,,Description,,,Recommended,,,Alternate,,,,Alternate Courses,,,,Credit
ACAL-12---,,,AP CALCULUS AB 12 external credential,,,,,N,,,N,,,,,,,4
APHM-12---,,,AP PHYSICS C (MECHANICS) 12 external credential,,,,,N,,,N,,,,,,,4
MATPH12---,,,ANATOMY AND PHYSIOLOGY 12,,,,,N,,,N,,,,,,,4
MCH--12---,,,CHEMISTRY 12,,,,,N,,,N,,,,,,,4
MCLC-12--L,,,CAREER LIFE CONNECTIONS Linear,,,,,N,,,N,,,,,,,4
MEC--12---,,,ECONOMICS 12,,,,,N,,,N,,,,,,,4
MENST12---,,,ENGLISH STUDIES 12,,,,,N,,,N,,,,,,,4
MFOOD12---,,,FOOD STUDIES 12,,,,,N,,,Y,,,,,,,4
MPGEO12---,,,PHYSICAL GEOGRAPHY 12,,,,,N,,,Y,,,,,,,4
YLRA-2AX-L,,,ATHLETIC LEADERSHIP 12 Linear,,,,,N,,,N,,,,,,,4
ID,1040,Grade,11,,,,,,,,,,,,,,,
Course,,,,Description,,,Recommended,,,Alternate,,,,Alternate Courses,,,,Credit
MEC--12---,,,ECONOMICS 12,,,,,N,,,Y,,,,,,,4
MENST12---,,,ENGLISH STUDIES 12,,,,,N,,,N,,,,,,,4
MENT-12---,,,ENTREPRENEURSHIP 12,,,,,N,,,N,,,,,,,4
MPH--12---,,,PHYSICS 12,,,,,N,,,N,,,,,,,4
MPREC12---,,,PRE-CALCULUS 12,,,,,N,,,N,,,,,,,4
ID,1041,Grade,11,,,,,,,,,,,,,,,
Course,,,,Description,,,Recommended,,,Alternate,,,,Alternate Courses,,,,Credit
MCLC-12--L,,,CAREER LIFE CONNECTIONS Linear,,,,,N,,,N,,,,,,,4
MDNC-12--L,,,DANCE 12: CHOREOGRAPHY Linear,,,,,N,,,N,,,,,,,4
MDNCM12--L,,,DANCE COMPANY 12 Linear,,,,,N,,,N,,,,,,,4
MDNTP12---,,,DANCE TECHNIQUE AND PERFORMANCE 12,,,,,N,,,N,,,,,,,4
MENFP12---,,,ENGLISH FIRST PEOPLES 12,,,,,N,,,N,,,,,,,4
MFOOD12---,,,FOOD STUDIES 12,,,,,N,,,N,,,,,,,4
MINST12---,,,CONTEMPORARY INDIGENOUS STUDIES 12,,,,,N,,,N,,,,,,,4
MLST-12---,,,LAW STUDIES 12,,,,,N,,,N,,,,,,,4
MWH--12---,,,20th CENTURY WORLD HISTORY 12,,,,,N,,,N,,,,,,,4
YLAW-2CX--,,,CRIMINOLOGY 12,,,,,N,,,N,,,,,,,4
YPSYC1AX--,,,PSYCHOLOGY 11,,,,,N,,,N,,,,,,,4
ID,1042,Grade,11,,,,,,,,,,,,,,,
Course,,,,Description,,,Recommended,,,Alternate,,,,Alternate Courses,,,,Credit
MCMPS11---,,,COMPOSITION 11,,,,,N,,,Y,,,,,,,4
MFOM-11---,,,FOUNDATIONS OF MATHEMATICS 11,,,,,N,,,Y,,,,,,,4
MFOM-12---,,,FOUNDATIONS OF MATHEMATICS 12,,,,,N,,,N,,,,,,,4
MFR--12---,,,FRENCH 12,,,,,N,,,N,,,,,,,4
MLFSC11---,,,LIFE SCIENCES 11,,,,,N,,,N,,,,,,,4
MSP--12---,,,SPANISH 12,,,,,N,,,N,,,,,,,4
ID,1043,Grade,11,,,,,,,,,,,,,,,
Course,,,,Description,,,Recommended,,,Alternate,,,,Alternate Courses,,,,Credit
MDCF-12---,,,DANCE FOUNDATIONS 12,,,,,N,,,Y,,,,,,,4
MENST12---,,,ENGLISH STUDIES 12,,,,,N,,,N,,,,,,,4
MFR--12---,,,FRENCH 12,,,,,N,,,N,,,,,,,4
MPREC12---,,,PRE-CALCULUS 12,,,,,N,,,N,,,,,,,4
MSP--12---,,,SPANISH 12,,,,,N,,,N,,,,,,,4
MTXT-12---,,,TEXTILES 12,,,,,N,,,Y,,,,,,,4
ID,1044,Grade,11,,,,,,,,,,,,,,,
Course,,,,Description,,,Recommended,,,Alternate,,,,Alternate Courses,,,,Credit
MATPH12---,,,ANATOMY AND PHYSIOLOGY 12,,,,,N,,,N,,,,,,,4
MCLC-12--L,,,CAREER LIFE CONNECTIONS Linear,,,,,N,,,N,,,,,,,4
MENST12---,,,ENGLISH STUDIES 12,,,,,N,,,N,,,,,,,4
MSJ--12---,,,SOCIAL JUSTICE 12,,,,,N,,,N,,,,,,,4
MSP--12---,,,SPANISH 12,,,,,N,,,Y,,,,,,,4
MWH--12---,,,20th CENTURY WORLD HISTORY 12,,,,,N,,,N,,,,,,,4
YPSYC1AX--,,,PSYCHOLOGY 11,,,,,N,,,N,,,,,,,4
ID,1045,Grade,11,,,,,,,,,,,,,,,
Course,,,,Description,,,Recommended,,,Alternate,,,,Alternate Courses,,,,Credit
APHM-12---,,,AP PHYSICS C (MECHANICS) 12 external credential,,,,,N,,,N,,,,,,,4
MCALC12---,,,CALCULUS 12,,,,,N,,,N,,,,,,,4
MCH--11---,,,CHEMISTRY 11,,,,,N,,,N,,,,,,,4
MCH--12---,,,CHEMISTRY 12,,,,,N,,,N,,,,,,,4
MCLC-12--L,,,CAREER LIFE CONNECTIONS Linear,,,,,N,,,N,,,,,,,4
MENST12C--,,,ENGLISH STUDIES 12 CHALLENGE,,,,,N,,,N,,,,,,,4
MIMCB12--L,,,INSTRUMENTAL MUSIC 12: CONCERT BAND LINEAR,,,,,N,,,N,,,,,,,4
MPH--12---,,,PHYSICS 12,,,,,N,,,Y,,,,,,,4
MPREC12---,,,PRE-CALCULUS 12,,,,,N,,,N,,,,,,,4
MTAUT12---,,,AUTOMOTIVE TECHNOLOGY 12,,,,,N,,,Y,,,,,,,4
YCPA-2AX-L,,,COMMUNITY LEADERSHIP 12 Linear,,,,,N,,,N,,,,,,,4
ID,1046,Grade,11,,,,,,,,,,,,,,,
Course,,,,Description,,,Recommended,,,Alternate,,,,Alternate Courses,,,,Credit
ASTA-12---,,,AP STATISTICS 12,,,,,N,,,N,,,,,,,4
MCALC12---,,,CALCULUS 12,,,,,N,,,N,,,,,,,4
MCH--12---,,,CHEMISTRY 12,,,,,N,,,N,,,,,,,4
MCLC-12--L,,,CAREER LIFE CONNECTIONS Linear,,,,,N,,,N,,,,,,,4
MEC--12---,,,ECONOMICS 12,,,,,N,,,N,,,,,,,4
MENST12C--,,,ENGLISH STUDIES 12 CHALLENGE,,,,,N,,,N,,,,,,,4
MPGEO12---,,,PHYSICAL GEOGRAPHY 12,,,,,N,,,N,,,,,,,4
MPH--12---,,,PHYSICS 12,,,,,N,,,N,,,,,,,4
ID,1047,Grade,11,,,,,,,,,,,,,,,
Course,,,,Description,,,Recommended,,,Alternate,,,,Alternate Courses,,,,Credit
MCALC12---,,,CALCULUS 12,,,,,N,,,N,,,,,,,4
MCLC-12--L,,,CAREER LIFE CONNECTIONS Linear,,,,,N,,,N,,,,,,,4
MENFP12---,,,ENGLISH FIRST PEOPLES 12,,,,,N,,,N,,,,,,,4
MENR-12---,,,ENGINEERING 12,,,,,N,,,N,,,,,,,4
MFOOD12---,,,FOOD STUDIES 12,,,,,N,,,N,,,,,,,4
MIMG-12---,,,INSTRUMENTAL MUSIC 12: GUITAR,,,,,N,,,N,,,,,,,4
MPREC12---,,,PRE-CALCULUS 12,,,,,N,,,N,,,,,,,4
MTDRF12---,,,DRAFTING 12,,,,,N,,,N,,,,,,,4
MWWK-12---,,,WOODWORK 12,,,,,N,,,N,,,,,,,4
ID,1048,Grade,11,,,,,,,,,,,,,,,
Course,,,,Description,,,Recommended,,,Alternate,,,,Alternate Courses,,,,Credit
MCLC-12--L,,,CAREER LIFE CONNECTIONS Linear,,,,,N,,,N,,,,,,,4
MCMCL12---,,,COMPARATIVE CULTURES 12,,,,,N,,,N,,,,,,,4
MENST12---,,,ENGLISH STUDIES 12,,,,,N,,,N,,,,,,,4
MENT-12---,,,ENTREPRENEURSHIP 12,,,,,N,,,Y,,,,,,,4
MEVSC12C--,,,ENVIRONMENTAL SCIENCE 12 - CLIMATE CHANGE,,,,,N,,,N,,,,,,,4
MFOOD12---,,,FOOD STUDIES 12,,,,,N,,,Y,,,,,,,4
MPREC12---,,,PRE-CALCULUS 12,,,,,N,,,N,,,,,,,4
MSJ--12---,,,SOCIAL JUSTICE 12,,,,,N,,,N,,,,,,,4
MWH--12---,,,20th CENTURY WORLD HISTORY 12,,,,,N,,,N,,,,,,,4
YCPA-2AX-L,,,COMMUNITY LEADERSHIP 12 Linear,,,,,N,,,N,,,,,,,4
YED--2FX-L,,,SCHOLARSHIP PREPARATION 12 LINEAR,,,,,N,,,N,,,,,,,4
YPSYC1AX--,,,PSYCHOLOGY 11,,,,,N,,,N,,,,,,,4
ID,1049,Grade,11,,,,,,,,,,,,,,,
Course,,,,Description,,,Recommended,,,Alternate,,,,Alternate Courses,,,,Credit
ACAL-12---,,,AP CALCULUS AB 12 external credential,,,,,N,,,N,,,,,,,4
AELC-12---,,,AP ENGLISH LITERATURE & COMPOSITION 12,,,,,N,,,N,,,,,,,4
APHM-12---,,,AP PHYSICS C (MECHANICS) 12 external credential,,,,,N,,,N,,,,,,,4
ASTA-12---,,,AP STATISTICS 12,,,,,N,,,N,,,,,,,4
MATPH12---,,,ANATOMY AND PHYSIOLOGY 12,,,,,N,,,Y,,,,,,,4
MCH--12---,,,CHEMISTRY 12,,,,,N,,,N,,,,,,,4
MCLC-12--L,,,CAREER LIFE CONNECTIONS Linear,,,,,N,,,N,,,,,,,4
MGRPR12--L,,,GRAPHIC PRODUCTION 12 LINEAR,,,,,N,,,N,,,,,,,4
MLTST12---,,,LITERARY STUDIES 12,,,,,N,,,N,,,,,,,4
MPREC12---,,,PRE-CALCULUS 12,,,,,N,,,N,,,,,,,4
MTAUT12---,,,AUTOMOTIVE TECHNOLOGY 12,,,,,N,,,N,,,,,,,4
MWWK-12---,,,WOODWORK 12,,,,,N,,,Y,,,,,,,4
YED--2FX-L,,,SCHOLARSHIP PREPARATION 12 LINEAR,,,,,N,,,N,,,,,,,4
ID,1050,Grade,11,,,,,,,,,,,,,,,
Course,,,,Description,,,Recommended,,,Alternate,,,,Alternate Courses,,,,Credit
MACLV12G--,,,ACTIVE LIVING 12 Girls,,,,,N,,,Y,,,,,,,4
MATPH12---,,,ANATOMY AND PHYSIOLOGY 12,,,,,N,,,N,,,,,,,4
MCH--12---,,,CHEMISTRY 12,,,,,N,,,N,,,,,,,4
MCLC-12--L,,,CAREER LIFE CONNECTIONS Linear,,,,,N,,,N,,,,,,,4
MENST12---,,,ENGLISH STUDIES 12,,,,,N,,,N,,,,,,,4
MEVSC12C--,,,ENVIRONMENTAL SCIENCE 12 - CLIMATE CHANGE,,,,,N,,,N,,,,,,,4
MFOOD12---,,,FOOD STUDIES 12,,,,,N,,,N,,,,,,,4
MPREC12---,,,PRE-CALCULUS 12,,,,,N,,,N,,,,,,,4
MSJ--12---,,,SOCIAL JUSTICE 12,,,,,N,,,N,,,,,,,4
YED--2FX-L,,,SCHOLARSHIP PREPARATION 12 LINEAR,,,,,N,,,N,,,,,,,4
YLRA-2AX-L,,,ATHLETIC LEADERSHIP 12 Linear,,,,,N,,,N,,,,,,,4
ID,1051,Grade,11,,,,,,,,,,,,,,,
Course,,,,Description,,,Recommended,,,Alternate,,,,Alternate Courses,,,,Credit
MATPH12---,,,ANATOMY AND PHYSIOLOGY 12,,,,,N,,,N,,,,,,,4
MCALC12---,,,CALCULUS 12,,,,,N,,,N,,,,,,,4
MCLC-12--L,,,CAREER LIFE CONNECTIONS Linear,,,,,N,,,N,,,,,,,4
MENST12---,,,ENGLISH STUDIES 12,,,,,N,,,N,,,,,,,4
MFOOD12---,,,FOOD STUDIES 12,,,,,N,,,Y,,,,,,,4
MMACS11---,,,COMPUTER SCIENCE 11,,,,,N,,,N,,,,,,,4
MMACS12---,,,COMPUTER SCIENCE 12,,,,,N,,,N,,,,,,,4
MPREC12H--,,,PRE-CALCULUS 12 HONOURS,,,,,N,,,N,,,,,,,4
MTXT-12---,,,TEXTILES 12,,,,,N,,,N,,,,,,,4
MVAST12---,,,ART STUDIO 12,,,,,N,,,N,,,,,,,4
ID,1052,Grade,11,,,,,,,,,,,,,,,
Course,,,,Description,,,Recommended,,,Alternate,,,,Alternate Courses,,,,Credit
ACSC-2A---,,,AP COMPUTER SCIENCE A 12,,,,,N,,,Y,,,,,,,4
ASTA-12---,,,AP STATISTICS 12,,,,,N,,,N,,,,,,,4
MCH--12---,,,CHEMISTRY 12,,,,,N,,,N,,,,,,,4
MCLC-12---,,,CAREER LIFE CONNECTIONS,,,,,N,,,N,,,,,,,4
MDRM-12---,,,DRAMA 12,,,,,N,,,Y,,,,,,,4
MENFP12---,,,ENGLISH FIRST PEOPLES 12,,,,,N,,,N,,,,,,,4
MWH--12---,,,20th CENTURY WORLD HISTORY 12,,,,,N,,,N,,,,,,,4
YED--2DX-L,,,PEER TUTORING 12 LINEAR,,,,,N,,,N,,,,,,,4
ID,1053,Grade,11,,,,,,,,,,,,,,,
Course,,,,Description,,,Recommended,,,Alternate,,,,Alternate Courses,,,,Credit
ACAL-12---,,,AP CALCULUS AB 12 external credential,,,,,N,,,N,,,,,,,4
MACLV12---,,,ACTIVE LIVING 12,,,,,N,,,N,,,,,,,4
MCH--12---,,,CHEMISTRY 12,,,,,N,,,N,,,,,,,4
MCLC-12--L,,,CAREER LIFE CONNECTIONS Linear,,,,,N,,,N,,,,,,,4
MENFP12---,,,ENGLISH FIRST PEOPLES 12,,,,,N,,,N,,,,,,,4
MENR-12---,,,ENGINEERING 12,,,,,N,,,N,,,,,,,4
MPH--12---,,,PHYSICS 12,,,,,N,,,N,,,,,,,4
MPREC12H--,,,PRE-CALCULUS 12 HONOURS,,,,,N,,,N,,,,,,,4
MTAUT12---,,,AUTOMOTIVE TECHNOLOGY 12,,,,,N,,,Y,,,,,,,4
MVAPH12---,,,PHOTOGRAPHY 12,,,,,N,,,Y,,,,,,,4
ID,1054,Grade,11,,,,,,,,,,,,,,,
Course,,,,Description,,,Recommended,,,Alternate,,,,Alternate Courses,,,,Credit
MENR-12---,,,ENGINEERING 12,,,,,N,,,N,,,,,,,4
MIMG-12---,,,INSTRUMENTAL MUSIC 12: GUITAR,,,,,N,,,Y,,,,,,,4
MMACS11---,,,COMPUTER SCIENCE 11,,,,,N,,,N,,,,,,,4
MPH--12---,,,PHYSICS 12,,,,,N,,,N,,,,,,,4
MWH--12---,,,20th CENTURY WORLD HISTORY 12,,,,,N,,,N,,,,,,,4
ID,1055,Grade,11,,,,,,,,,,,,,,,
Course,,,,Description,,,Recommended,,,Alternate,,,,Alternate Courses,,,,Credit
MATPH12---,,,ANATOMY AND PHYSIOLOGY 12,,,,,N,,,Y,,,,,,,4
MDNTP12---,,,DANCE TECHNIQUE AND PERFORMANCE 12,,,,,N,,,N,,,,,,,4
MENST12---,,,ENGLISH STUDIES 12,,,,,N,,,N,,,,,,,4
MPREC12---,,,PRE-CALCULUS 12,,,,,N,,,N,,,,,,,4
MSJ--12---,,,SOCIAL JUSTICE 12,,,,,N,,,N,,,,,,,4
ID,1056,Grade,11,,,,,,,,,,,,,,,
Course,,,,Description,,,Recommended,,,Alternate,,,,Alternate Courses,,,,Credit
MCH--12---,,,CHEMISTRY 12,,,,,N,,,N,,,,,,,4
MENST12---,,,ENGLISH STUDIES 12,,,,,N,,,N,,,,,,,4
MFOOD12---,,,FOOD STUDIES 12,,,,,N,,,Y,,,,,,,4
MPH--12---,,,PHYSICS 12,,,,,N,,,N,,,,,,,4
MPREC12---,,,PRE-CALCULUS 12,,,,,N,,,N,,,,,,,4
ID,1057,Grade,11,,,,,,,,,,,,,,,
Course,,,,Description,,,Recommended,,,Alternate,,,,Alternate Courses,,,,Credit
MCLC-12---,,,CAREER LIFE CONNECTIONS,,,,,N,,,N,,,,,,,4
MENST12---,,,ENGLISH STUDIES 12,,,,,N,,,N,,,,,,,4
MFOOD12---,,,FOOD STUDIES 12,,,,,N,,,N,,,,,,,4
MSP--12---,,,SPANISH 12,,,,,N,,,N,,,,,,,4
MTAUT12---,,,AUTOMOTIVE TECHNOLOGY 12,,,,,N,,,N,,,,,,,4
MWH--12---,,,20th CENTURY WORLD HISTORY 12,,,,,N,,,Y,,,,,,,4
MWWK-12---,,,WOODWORK 12,,,,,N,,,Y,,,,,,,4
ID,1058,Grade,11,,,,,,,,,,,,,,,
Course,,,,Description,,,Recommended,,,Alternate,,,,Alternate Courses,,,,Credit
MATPH12---,,,ANATOMY AND PHYSIOLOGY 12,,,,,N,,,N,,,,,,,4
MEC--12---,,,ECONOMICS 12,,,,,N,,,Y,,,,,,,4
MPH--12---,,,PHYSICS 12,,,,,N,,,N,,,,,,,4
MPREC12---,,,PRE-CALCULUS 12,,,,,N,,,N,,,,,,,4
MTROB12---,,,ROBOTICS 12,,,,,N,,,N,,,,,,,4
ID,1059,Grade,11,,,,,,,,,,,,,,,
Course,,,,Description,,,Recommended,,,Alternate,,,,Alternate Courses,,,,Credit
MCLC-12--L,,,CAREER LIFE CONNECTIONS Linear,,,,,N,,,N,,,,,,,4
MCLE-10---,,,CAREER LIFE EDUCATION 10,,,,,N,,,N,,,,,,,4
MDCF-12---,,,DANCE FOUNDATIONS 12,,,,,N,,,N,,,,,,,4
MDNC-12--L,,,DANCE 12: CHOREOGRAPHY Linear,,,,,N,,,N,,,,,,,4
MDNCM12--L,,,DANCE COMPANY 12 Linear,,,,,N,,,N,,,,,,,4
MDNTP12---,,,DANCE TECHNIQUE AND PERFORMANCE 12,,,,,N,,,N,,,,,,,4
MENST12---,,,ENGLISH STUDIES 12,,,,,N,,,N,,,,,,,4
MINST12---,,,CONTEMPORARY INDIGENOUS STUDIES 12,,,,,N,,,N,,,,,,,4
MVAST12---,,,ART STUDIO 12,,,,,N,,,N,,,,,,,4
YED--2CX--,,,LEARNING STRATEGIES 12,,,,,N,,,N,,,,,,,4
YLAW-2CX--,,,CRIMINOLOGY 12,,,,,N,,,N,,,,,,,4
ID,1060,Grade,11,,,,,,,,,,,,,,,
Course,,,,Description,,,Recommended,,,Alternate,,,,Alternate Courses,,,,Credit
MENST12---,,,ENGLISH STUDIES 12,,,,,N,,,N,,,,,,,4
MLFSC11---,,,LIFE SCIENCES 11,,,,,N,,,N,,,,,,,4
MLST-12---,,,LAW STUDIES 12,,,,,N,,,Y,,,,,,,4
MPREC12---,,,PRE-CALCULUS 12,,,,,N,,,N,,,,,,,4
MSJ--12---,,,SOCIAL JUSTICE 12,,,,,N,,,N,,,,,,,4
ID,1061,Grade,11,,,,,,,,,,,,,,,
Course,,,,Description,,,Recommended,,,Alternate,,,,Alternate Courses,,,,Credit
MENST12---,,,ENGLISH STUDIES 12,,,,,N,,,N,,,,,,,4
MEVSC12C--,,,ENVIRONMENTAL SCIENCE 12 - CLIMATE CHANGE,,,,,N,,,Y,,,,,,,4
MFOM-11---,,,FOUNDATIONS OF MATHEMATICS 11,,,,,N,,,N,,,,,,,4
MLFSC11---,,,LIFE SCIENCES 11,,,,,N,,,N,,,,,,,4
MWH--12---,,,20th CENTURY WORLD HISTORY 12,,,,,N,,,N,,,,,,,4
ID,1062,Grade,11,,,,,,,,,,,,,,,
Course,,,,Description,,,Recommended,,,Alternate,,,,Alternate Courses,,,,Credit
MATPH12---,,,ANATOMY AND PHYSIOLOGY 12,,,,,N,,,N,,,,,,,4
MCH--11---,,,CHEMISTRY 11,,,,,N,,,Y,,,,,,,4
MPH--12---,,,PHYSICS 12,,,,,N,,,N,,,,,,,4
MPREC12---,,,PRE-CALCULUS 12,,,,,N,,,N,,,,,,,4
MWH--12---,,,20th CENTURY WORLD HISTORY 12,,,,,N,,,N,,,,,,,4
ID,1063,Grade,11,,,,,,,,,,,,,,,
Course,,,,Description,,,Recommended,,,Alternate,,,,Alternate Courses,,,,Credit
MCH--12---,,,CHEMISTRY 12,,,,,N,,,N,,,,,,,4
MCLC-12--L,,,CAREER LIFE CONNECTIONS Linear,,,,,N,,,N,,,,,,,4
MEC--12---,,,ECONOMICS 12,,,,,N,,,N,,,,,,,4
MENST12---,,,ENGLISH STUDIES 12,,,,,N,,,N,,,,,,,4
MLST-12---,,,LAW STUDIES 12,,,,,N,,,N,,,,,,,4
MTXT-12---,,,TEXTILES 12,,,,,N,,,Y,,,,,,,4
MVAPH12---,,,PHOTOGRAPHY 12,,,,,N,,,N,,,,,,,4
YED--2DX-L,,,PEER TUTORING 12 LINEAR,,,,,N,,,N,,,,,,,4
YED--2FX-L,,,SCHOLARSHIP PREPARATION 12 LINEAR,,,,,N,,,N,,,,,,,4
YPA--2CX--,,,YOGA FOR MINDFULNESS 12,,,,,N,,,N,,,,,,,4
ID,1064,Grade,11,,,,,,,,,,,,,,,
Course,,,,Description,,,Recommended,,,Alternate,,,,Alternate Courses,,,,Credit
ACAL-12---,,,AP CALCULUS AB 12 external credential,,,,,N,,,N,,,,,,,4
AELC-12---,,,AP ENGLISH LITERATURE & COMPOSITION 12,,,,,N,,,N,,,,,,,4
ASTA-12---,,,AP STATISTICS 12,,,,,N,,,N,,,,,,,4
MCH--12---,,,CHEMISTRY 12,,,,,N,,,N,,,,,,,4
MCLC-12--L,,,CAREER LIFE CONNECTIONS Linear,,,,,N,,,N,,,,,,,4
MCMPR11AI-,,,COMPUTER PROGRAMMING 11 AI and Games,,,,,N,,,N,,,,,,,4
MCMPR12AI-,,,COMPUTER PROGRAMMING 12 AI and Games,,,,,N,,,Y,,,,,,,4
MLST-12---,,,LAW STUDIES 12,,,,,N,,,Y,,,,,,,4
MLTST12---,,,LITERARY STUDIES 12,,,,,N,,,N,,,,,,,4
MPH--12---,,,PHYSICS 12,,,,,N,,,N,,,,,,,4
MPREC12H--,,,PRE-CALCULUS 12 HONOURS,,,,,N,,,N,,,,,,,4
YED--2DX-L,,,PEER TUTORING 12 LINEAR,,,,,N,,,N,,,,,,,4
YED--2FX-L,,,SCHOLARSHIP PREPARATION 12 LINEAR,,,,,N,,,N,,,,,,,4
ID,1065,Grade,11,,,,,,,,,,,,,,,
Course,,,,Description,,,Recommended,,,Alternate,,,,Alternate Courses,,,,Credit
ACAL-12---,,,AP CALCULUS AB 12 external credential,,,,,N,,,N,,,,,,,4
APHM-12---,,,AP PHYSICS C (MECHANICS) 12 external credential,,,,,N,,,N,,,,,,,4
MACLV12---,,,ACTIVE LIVING 12,,,,,N,,,Y,,,,,,,4
MATPH12---,,,ANATOMY AND PHYSIOLOGY 12,,,,,N,,,N,,,,,,,4
MCH--12---,,,CHEMISTRY 12,,,,,N,,,N,,,,,,,4
MCLC-12--L,,,CAREER LIFE CONNECTIONS Linear,,,,,N,,,N,,,,,,,4
MENST12C--,,,ENGLISH STUDIES 12 CHALLENGE,,,,,N,,,N,,,,,,,4
MIMCB12--L,,,INSTRUMENTAL MUSIC 12: CONCERT BAND LINEAR,,,,,N,,,N,,,,,,,4
MMEDD12---,,,MEDIA DESIGN 12,,,,,N,,,Y,,,,,,,4
MPREC12H--,,,PRE-CALCULUS 12 HONOURS,,,,,N,,,N,,,,,,,4
ID,1066,Grade,11,,,,,,,,,,,,,,,
Course,,,,Description,,,Recommended,,,Alternate,,,,Alternate Courses,,,,Credit
MAC--11---,,,ACCOUNTING 11,,,,,N,,,N,,,,,,,4
MACLV12---,,,ACTIVE LIVING 12,,,,,N,,,Y,,,,,,,4
MCALC12---,,,CALCULUS 12,,,,,N,,,N,,,,,,,4
MCLC-12--L,,,CAREER LIFE CONNECTIONS Linear,,,,,N,,,N,,,,,,,4
MENST12---,,,ENGLISH STUDIES 12,,,,,N,,,N,,,,,,,4
MENT-12---,,,ENTREPRENEURSHIP 12,,,,,N,,,Y,,,,,,,4
MLST-12---,,,LAW STUDIES 12,,,,,N,,,N,,,,,,,4
MMAP-11---,,,MARKETING AND PROMOTION 11,,,,,N,,,N,,,,,,,4
MPREC12---,,,PRE-CALCULUS 12,,,,,N,,,N,,,,,,,4
MTAUT12---,,,AUTOMOTIVE TECHNOLOGY 12,,,,,N,,,N,,,,,,,4
MWH--12---,,,20th CENTURY WORLD HISTORY 12,,,,,N,,,N,,,,,,,4
ID,1067,Grade,11,,,,,,,,,,,,,,,
Course,,,,Description,,,Recommended,,,Alternate,,,,Alternate Courses,,,,Credit
MCLC-12--L,,,CAREER LIFE CONNECTIONS Linear,,,,,N,,,N,,,,,,,4
MDRM-12---,,,DRAMA 12,,,,,N,,,N,,,,,,,4
MENST12---,,,ENGLISH STUDIES 12,,,,,N,,,N,,,,,,,4
MFOOD12---,,,FOOD STUDIES 12,,,,,N,,,N,,,,,,,4
MIMG-12---,,,INSTRUMENTAL MUSIC 12: GUITAR,,,,,N,,,N,,,,,,,4
MMEDD12---,,,MEDIA DESIGN 12,,,,,N,,,N,,,,,,,4
MPREC11---,,,PRE-CALCULUS 11,,,,,N,,,N,,,,,,,4
MTAUT12---,,,AUTOMOTIVE TECHNOLOGY 12,,,,,N,,,N,,,,,,,4
MWWK-12---,,,WOODWORK 12,,,,,N,,,Y,,,,,,,4
YLAW-2CX--,,,CRIMINOLOGY 12,,,,,N,,,N,,,,,,,4
ID,1068,Grade,11,,,,,,,,,,,,,,,
Course,,,,Description,,,Recommended,,,Alternate,,,,Alternate Courses,,,,Credit
MATPH12---,,,ANATOMY AND PHYSIOLOGY 12,,,,,N,,,N,,,,,,,4
MCALC12---,,,CALCULUS 12,,,,,N,,,N,,,,,,,4
MCH--12---,,,CHEMISTRY 12,,,,,N,,,N,,,,,,,4
MCLC-12--L,,,CAREER LIFE CONNECTIONS Linear,,,,,N,,,N,,,,,,,4
MENST12---,,,ENGLISH STUDIES 12,,,,,N,,,N,,,,,,,4
MPH--12---,,,PHYSICS 12,,,,,N,,,N,,,,,,,4
MPREC12---,,,PRE-CALCULUS 12,,,,,N,,,N,,,,,,,4
ID,1069,Grade,11,,,,,,,,,,,,,,,
Course,,,,Description,,,Recommended,,,Alternate,,,,Alternate Courses,,,,Credit
MATPH12---,,,ANATOMY AND PHYSIOLOGY 12,,,,,N,,,N,,,,,,,4
MCH--11---,,,CHEMISTRY 11,,,,,N,,,N,,,,,,,4
MCLC-12--L,,,CAREER LIFE CONNECTIONS Linear,,,,,N,,,N,,,,,,,4
MENFP12---,,,ENGLISH FIRST PEOPLES 12,,,,,N,,,N,,,,,,,4
MFMP-10---,,,FOUNDATIONS OF MATH AND PRE-CALCULUS 10,,,,,N,,,N,,,,,,,4
MFOOD12---,,,FOOD STUDIES 12,,,,,N,,,N,,,,,,,4
MPH--11---,,,PHYSICS 11,,,,,N,,,N,,,,,,,4
MPREC11---,,,PRE-CALCULUS 11,,,,,N,,,N,,,,,,,4
MSJ--12---,,,SOCIAL JUSTICE 12,,,,,N,,,N,,,,,,,4
ID,1070,Grade,11,,,,,,,,,,,,,,,
Course,,,,Description,,,Recommended,,,Alternate,,,,Alternate Courses,,,,Credit
MCALC12---,,,CALCULUS 12,,,,,N,,,N,,,,,,,4
MCLC-12--L,,,CAREER LIFE CONNECTIONS Linear,,,,,N,,,N,,,,,,,4
MENFP12---,,,ENGLISH FIRST PEOPLES 12,,,,,N,,,N,,,,,,,4
MENR-12---,,,ENGINEERING 12,,,,,N,,,N,,,,,,,4
MPH--11---,,,PHYSICS 11,,,,,N,,,N,,,,,,,4
MPH--12---,,,PHYSICS 12,,,,,N,,,N,,,,,,,4
MPREC12---,,,PRE-CALCULUS 12,,,,,N,,,N,,,,,,,4
MWH--12---,,,20th CENTURY WORLD HISTORY 12,,,,,N,,,N,,,,,,,4
ID,1071,Grade,11,,,,,,,,,,,,,,,
Course,,,,Description,,,Recommended,,,Alternate,,,,Alternate Courses,,,,Credit
MATPH12---,,,ANATOMY AND PHYSIOLOGY 12,,,,,N,,,N,,,,,,,4
MCALC12---,,,CALCULUS 12,,,,,N,,,N,,,,,,,4
MCLC-12--L,,,CAREER LIFE CONNECTIONS Linear,,,,,N,,,N,,,,,,,4
MENST12C--,,,ENGLISH STUDIES 12 CHALLENGE,,,,,N,,,N,,,,,,,4
MMUOR12S-L,,,INSTRUMENTAL MUSIC: ORCHESTRA 12 Strings Linear,,,,,N,,,N,,,,,,,4
MPH--11---,,,PHYSICS 11,,,,,N,,,N,,,,,,,4
MPH--12---,,,PHYSICS 12,,,,,N,,,N,,,,,,,4
MPREC12---,,,PRE-CALCULUS 12,,,,,N,,,N,,,,,,,4
MTAUT12---,,,AUTOMOTIVE TECHNOLOGY 12,,,,,N,,,Y,,,,,,,4
MTXT-12---,,,TEXTILES 12,,,,,N,,,Y,,,,,,,4
YCPA-2AX-L,,,COMMUNITY LEADERSHIP 12 Linear,,,,,N,,,N,,,,,,,4
YED--2FX-L,,,SCHOLARSHIP PREPARATION 12 LINEAR,,,,,N,,,N,,,,,,,4
YPSYC1AX--,,,PSYCHOLOGY 11,,,,,N,,,N,,,,,,,4
ID,1072,Grade,11,,,,,,,,,,,,,,,
Course,,,,Description,,,Recommended,,,Alternate,,,,Alternate Courses,,,,Credit
MACLV12---,,,ACTIVE LIVING 12,,,,,N,,,N,,,,,,,4
MCLC-12--L,,,CAREER LIFE CONNECTIONS Linear,,,,,N,,,N,,,,,,,4
MENFP12---,,,ENGLISH FIRST PEOPLES 12,,,,,N,,,N,,,,,,,4
MENR-12---,,,ENGINEERING 12,,,,,N,,,N,,,,,,,4
MFOOD12---,,,FOOD STUDIES 12,,,,,N,,,N,,,,,,,4
MSJ--12---,,,SOCIAL JUSTICE 12,,,,,N,,,N,,,,,,,4
MWWK-12---,,,WOODWORK 12,,,,,N,,,N,,,,,,,4
YLAW-2CX--,,,CRIMINOLOGY 12,,,,,N,,,Y,,,,,,,4
ID,1073,Grade,11,,,,,,,,,,,,,,,
Course,,,,Description,,,Recommended,,,Alternate,,,,Alternate Courses,,,,Credit
MATPH12---,,,ANATOMY AND PHYSIOLOGY 12,,,,,N,,,N,,,,,,,4
MCLC-12--L,,,CAREER LIFE CONNECTIONS Linear,,,,,N,,,N,,,,,,,4
MENST12---,,,ENGLISH STUDIES 12,,,,,N,,,N,,,,,,,4
MEVSC12C--,,,ENVIRONMENTAL SCIENCE 12 - CLIMATE CHANGE,,,,,N,,,N,,,,,,,4
MPREC12---,,,PRE-CALCULUS 12,,,,,N,,,N,,,,,,,4
MSJ--12---,,,SOCIAL JUSTICE 12,,,,,N,,,N,,,,,,,4
YED--2FX-L,,,SCHOLARSHIP PREPARATION 12 LINEAR,,,,,N,,,N,,,,,,,4
ID,1074,Grade,11,,,,,,,,,,,,,,,
Course,,,,Description,,,Recommended,,,Alternate,,,,Alternate Courses,,,,Credit
MATPH12---,,,ANATOMY AND PHYSIOLOGY 12,,,,,N,,,N,,,,,,,4
MCALC12---,,,CALCULUS 12,,,,,N,,,N,,,,,,,4
MCH--12---,,,CHEMISTRY 12,,,,,N,,,N,,,,,,,4
MCLC-12--L,,,CAREER LIFE CONNECTIONS Linear,,,,,N,,,N,,,,,,,4
MDNC-12--L,,,DANCE 12: CHOREOGRAPHY Linear,,,,,N,,,N,,,,,,,4
MDNCM12--L,,,DANCE COMPANY 12 Linear,,,,,N,,,N,,,,,,,4
MDNCN12---,,,DANCE CONDITIONING 12,,,,,N,,,Y,,,,,,,4
MDNTP12---,,,DANCE TECHNIQUE AND PERFORMANCE 12,,,,,N,,,N,,,,,,,4
MENST12---,,,ENGLISH STUDIES 12,,,,,N,,,N,,,,,,,4
MPREC12---,,,PRE-CALCULUS 12,,,,,N,,,N,,,,,,,4
YPSYC1AX--,,,PSYCHOLOGY 11,,,,,N,,,N,,,,,,,4
ID,1075,Grade,11,,,,,,,,,,,,,,,
Course,,,,Description,,,Recommended,,,Alternate,,,,Alternate Courses,,,,Credit
MCMPS11---,,,COMPOSITION 11,,,,,N,,,N,,,,,,,4
MEPSS11---,,,EXPLORATIONS IN SOCIAL STUDIES 11,,,,,N,,,N,,,,,,,4
MFOM-11---,,,FOUNDATIONS OF MATHEMATICS 11,,,,,N,,,N,,,,,,,4
MLFSC11---,,,LIFE SCIENCES 11,,,,,N,,,N,,,,,,,4
ID,1076,Grade,11,,,,,,,,,,,,,,,
Course,,,,Description,,,Recommended,,,Alternate,,,,Alternate Courses,,,,Credit
MACLV12---,,,ACTIVE LIVING 12,,,,,N,,,N,,,,,,,4
MCLC-12--L,,,CAREER LIFE CONNECTIONS Linear,,,,,N,,,N,,,,,,,4
MCMCL12---,,,COMPARATIVE CULTURES 12,,,,,N,,,N,,,,,,,4
MENFP12---,,,ENGLISH FIRST PEOPLES 12,,,,,N,,,N,,,,,,,4
MFOM-11---,,,FOUNDATIONS OF MATHEMATICS 11,,,,,N,,,N,,,,,,,4
MTAUT12---,,,AUTOMOTIVE TECHNOLOGY 12,,,,,N,,,N,,,,,,,4
YED--2CX--,,,LEARNING STRATEGIES 12,,,,,N,,,N,,,,,,,4
YLAW-2CX--,,,CRIMINOLOGY 12,,,,,N,,,N,,,,,,,4
ID,1077,Grade,11,,,,,,,,,,,,,,,
Course,,,,Description,,,Recommended,,,Alternate,,,,Alternate Courses,,,,Credit
MATPH12---,,,ANATOMY AND PHYSIOLOGY 12,,,,,N,,,N,,,,,,,4
MCH--12---,,,CHEMISTRY 12,,,,,N,,,Y,,,,,,,4
MENST12---,,,ENGLISH STUDIES 12,,,,,N,,,N,,,,,,,4
MPH--12---,,,PHYSICS 12,,,,,N,,,N,,,,,,,4
MPREC12---,,,PRE-CALCULUS 12,,,,,N,,,N,,,,,,,4
ID,1078,Grade,11,,,,,,,,,,,,,,,
Course,,,,Description,,,Recommended,,,Alternate,,,,Alternate Courses,,,,Credit
MATPH12---,,,ANATOMY AND PHYSIOLOGY 12,,,,,N,,,N,,,,,,,4
MCALC12---,,,CALCULUS 12,,,,,N,,,N,,,,,,,4
MCH--12---,,,CHEMISTRY 12,,,,,N,,,N,,,,,,,4
MCLC-12--L,,,CAREER LIFE CONNECTIONS Linear,,,,,N,,,N,,,,,,,4
MCMCL12---,,,COMPARATIVE CULTURES 12,,,,,N,,,N,,,,,,,4
MENFP12---,,,ENGLISH FIRST PEOPLES 12,,,,,N,,,N,,,,,,,4
MPH--11---,,,PHYSICS 11,,,,,N,,,N,,,,,,,4
MPH--12---,,,PHYSICS 12,,,,,N,,,N,,,,,,,4
ID,1079,Grade,11,,,,,,,,,,,,,,,
Course,,,,Description,,,Recommended,,,Alternate,,,,Alternate Courses,,,,Credit
MCLC-12--L,,,CAREER LIFE CONNECTIONS Linear,,,,,N,,,N,,,,,,,4
MCMCL12---,,,COMPARATIVE CULTURES 12,,,,,N,,,Y,,,,,,,4
MENFP12---,,,ENGLISH FIRST PEOPLES 12,,,,,N,,,N,,,,,,,4
MFOOD12---,,,FOOD STUDIES 12,,,,,N,,,N,,,,,,,4
MINST12---,,,CONTEMPORARY INDIGENOUS STUDIES 12,,,,,N,,,Y,,,,,,,4
MPGEO12---,,,PHYSICAL GEOGRAPHY 12,,,,,N,,,Y,,,,,,,4
MSJ--12---,,,SOCIAL JUSTICE 12,,,,,N,,,N,,,,,,,4
YPA--2CX--,,,YOGA FOR MINDFULNESS 12,,,,,N,,,N,,,,,,,4
ID,1080,Grade,11,,,,,,,,,,,,,,,
Course,,,,Description,,,Recommended,,,Alternate,,,,Alternate Courses,,,,Credit
ACAL-12---,,,AP CALCULUS AB 12 external credential,,,,,N,,,N,,,,,,,4
APHM-12---,,,AP PHYSICS C (MECHANICS) 12 external credential,,,,,N,,,N,,,,,,,4
MCH--12---,,,CHEMISTRY 12,,,,,N,,,N,,,,,,,4
MCLC-12--L,,,CAREER LIFE CONNECTIONS Linear,,,,,N,,,N,,,,,,,4
MENST12C--,,,ENGLISH STUDIES 12 CHALLENGE,,,,,N,,,N,,,,,,,4
MFR--12---,,,FRENCH 12,,,,,N,,,N,,,,,,,4
MIMCB12--L,,,INSTRUMENTAL MUSIC 12: CONCERT BAND LINEAR,,,,,N,,,N,,,,,,,4
MIMG-12---,,,INSTRUMENTAL MUSIC 12: GUITAR,,,,,N,,,Y,,,,,,,4
MIMJB12--L,,,INSTRUMENTAL MUSIC 12: JAZZ BAND LINEAR,,,,,N,,,N,,,,,,,4
MPREC12H--,,,PRE-CALCULUS 12 HONOURS,,,,,N,,,N,,,,,,,4
MTAUT12---,,,AUTOMOTIVE TECHNOLOGY 12,,,,,N,,,N,,,,,,,4
MTROB12---,,,ROBOTICS 12,,,,,N,,,Y,,,,,,,4
MTROB12--L,,,ROBOTICS 12 LINEAR,,,,,N,,,N,,,,,,,4
YED--2DX-L,,,PEER TUTORING 12 LINEAR,,,,,N,,,N,,,,,,,4
ID,1081,Grade,11,,,,,,,,,,,,,,,
Course,,,,Description,,,Recommended,,,Alternate,,,,Alternate Courses,,,,Credit
MCH--12---,,,CHEMISTRY 12,,,,,N,,,N,,,,,,,4
MENST12---,,,ENGLISH STUDIES 12,,,,,N,,,N,,,,,,,4
MENT-12---,,,ENTREPRENEURSHIP 12,,,,,N,,,Y,,,,,,,4
MFR--12---,,,FRENCH 12,,,,,N,,,N,,,,,,,4
MPREC12---,,,PRE-CALCULUS 12,,,,,N,,,N,,,,,,,4
ID,1082,Grade,11,,,,,,,,,,,,,,,
Course,,,,Description,,,Recommended,,,Alternate,,,,Alternate Courses,,,,Credit
MATPH12---,,,ANATOMY AND PHYSIOLOGY 12,,,,,N,,,N,,,,,,,4
MENST12---,,,ENGLISH STUDIES 12,,,,,N,,,N,,,,,,,4
MPH--12---,,,PHYSICS 12,,,,,N,,,Y,,,,,,,4
MPREC12---,,,PRE-CALCULUS 12,,,,,N,,,N,,,,,,,4
MVAPH11---,,,PHOTOGRAPHY 11,,,,,N,,,Y,,,,,,,4
YPSYC1AX--,,,PSYCHOLOGY 11,,,,,N,,,N,,,,,,,4
ID,1083,Grade,11,,,,,,,,,,,,,,,
Course,,,,Description,,,Recommended,,,Alternate,,,,Alternate Courses,,,,Credit
MACLV12---,,,ACTIVE LIVING 12,,,,,N,,,N,,,,,,,4
MDMD-12D--,,,3D ANIMATION 12,,,,,N,,,N,,,,,,,4
MENFP12---,,,ENGLISH FIRST PEOPLES 12,,,,,N,,,N,,,,,,,4
MENT-12---,,,ENTREPRENEURSHIP 12,,,,,N,,,N,,,,,,,4
MFOM-11---,,,FOUNDATIONS OF MATHEMATICS 11,,,,,N,,,N,,,,,,,4
MLFSC11---,,,LIFE SCIENCES 11,,,,,N,,,N,,,,,,,4
MVAST12---,,,ART STUDIO 12,,,,,N,,,Y,,,,,,,4
MWH--12---,,,20th CENTURY WORLD HISTORY 12,,,,,N,,,N,,,,,,,4
YHRA-2AX--,,,CROSS TRAINING 12,,,,,N,,,N,,,,,,,4
YPSYC1AX--,,,PSYCHOLOGY 11,,,,,N,,,Y,,,,,,,4
ID,1084,Grade,11,,,,,,,,,,,,,,,
Course,,,,Description,,,Recommended,,,Alternate,,,,Alternate Courses,,,,Credit
ACAL-12---,,,AP CALCULUS AB 12 external credential,,,,,N,,,N,,,,,,,4
MCH--12---,,,CHEMISTRY 12,,,,,N,,,N,,,,,,,4
MCLC-12--L,,,CAREER LIFE CONNECTIONS Linear,,,,,N,,,N,,,,,,,4
MENST12---,,,ENGLISH STUDIES 12,,,,,N,,,N,,,,,,,4
MMACS11---,,,COMPUTER SCIENCE 11,,,,,N,,,N,,,,,,,4
MMACS12---,,,COMPUTER SCIENCE 12,,,,,N,,,N,,,,,,,4
MPH--12---,,,PHYSICS 12,,,,,N,,,N,,,,,,,4
MTXT-12---,,,TEXTILES 12,,,,,N,,,Y,,,,,,,4
MWWK-12---,,,WOODWORK 12,,,,,N,,,Y,,,,,,,4
YCPA-2AXE-,,,COMMUNITY LEADERSHIP 12,,,,,N,,,N,,,,,,,4
YED--2DX-L,,,PEER TUTORING 12 LINEAR,,,,,N,,,N,,,,,,,4
YLAW-2CX--,,,CRIMINOLOGY 12,,,,,N,,,N,,,,,,,4
YPSYC1AX--,,,PSYCHOLOGY 11,,,,,N,,,N,,,,,,,4
ID,1085,Grade,11,,,,,,,,,,,,,,,
Course,,,,Description,,,Recommended,,,Alternate,,,,Alternate Courses,,,,Credit
MATPH12---,,,ANATOMY AND PHYSIOLOGY 12,,,,,N,,,N,,,,,,,4
MCH--12---,,,CHEMISTRY 12,,,,,N,,,N,,,,,,,4
MCLC-12--L,,,CAREER LIFE CONNECTIONS Linear,,,,,N,,,N,,,,,,,4
MENST12---,,,ENGLISH STUDIES 12,,,,,N,,,N,,,,,,,4
MEVSC12C--,,,ENVIRONMENTAL SCIENCE 12 - CLIMATE CHANGE,,,,,N,,,N,,,,,,,4
MFOM-11---,,,FOUNDATIONS OF MATHEMATICS 11,,,,,N,,,N,,,,,,,4
MTDRF12---,,,DRAFTING 12,,,,,N,,,N,,,,,,,4
YPSYC1AX--,,,PSYCHOLOGY 11,,,,,N,,,N,,,,,,,4
ID,1086,Grade,11,,,,,,,,,,,,,,,
Course,,,,Description,,,Recommended,,,Alternate,,,,Alternate Courses,,,,Credit
APHM-12---,,,AP PHYSICS C (MECHANICS) 12 external credential,,,,,N,,,Y,,,,,,,4
MACLV12---,,,ACTIVE LIVING 12,,,,,N,,,N,,,,,,,4
MATPH12---,,,ANATOMY AND PHYSIOLOGY 12,,,,,N,,,N,,,,,,,4
MCH--12---,,,CHEMISTRY 12,,,,,N,,,N,,,,,,,4
MCLC-12--L,,,CAREER LIFE CONNECTIONS Linear,,,,,N,,,N,,,,,,,4
MENST12---,,,ENGLISH STUDIES 12,,,,,N,,,N,,,,,,,4
MPH--12---,,,PHYSICS 12,,,,,N,,,N,,,,,,,4
MPREC12---,,,PRE-CALCULUS 12,,,,,N,,,N,,,,,,,4
MWWK-12---,,,WOODWORK 12,,,,,N,,,Y,,,,,,,4
YED--2CX--,,,LEARNING STRATEGIES 12,,,,,N,,,N,,,,,,,4
YED--2CX--,,,LEARNING STRATEGIES 12,,,,,N,,,N,,,,,,,4
ID,1087,Grade,11,,,,,,,,,,,,,,,
Course,,,,Description,,,Recommended,,,Alternate,,,,Alternate Courses,,,,Credit
MCLC-12---,,,CAREER LIFE CONNECTIONS,,,,,N,,,N,,,,,,,4
MENST12---,,,ENGLISH STUDIES 12,,,,,N,,,N,,,,,,,4
MFOM-11---,,,FOUNDATIONS OF MATHEMATICS 11,,,,,N,,,N,,,,,,,4
MFOOD12---,,,FOOD STUDIES 12,,,,,N,,,N,,,,,,,4
MVAPH12---,,,PHOTOGRAPHY 12,,,,,N,,,N,,,,,,,4
ID,1088,Grade,11,,,,,,,,,,,,,,,
Course,,,,Description,,,Recommended,,,Alternate,,,,Alternate Courses,,,,Credit
MAC--11---,,,ACCOUNTING 11,,,,,N,,,Y,,,,,,,4
MACC-12---,,,ACCOUNTING 12,,,,,N,,,Y,,,,,,,4
MCLC-12--L,,,CAREER LIFE CONNECTIONS Linear,,,,,N,,,N,,,,,,,4
MENFP12---,,,ENGLISH FIRST PEOPLES 12,,,,,N,,,N,,,,,,,4
MEVSC12C--,,,ENVIRONMENTAL SCIENCE 12 - CLIMATE CHANGE,,,,,N,,,N,,,,,,,4
MFOOD12---,,,FOOD STUDIES 12,,,,,N,,,N,,,,,,,4
MLST-12---,,,LAW STUDIES 12,,,,,N,,,N,,,,,,,4
MSJ--12---,,,SOCIAL JUSTICE 12,,,,,N,,,N,,,,,,,4
MVAPH11---,,,PHOTOGRAPHY 11,,,,,N,,,N,,,,,,,4
MVAPH12---,,,PHOTOGRAPHY 12,,,,,N,,,Y,,,,,,,4
MWH--12---,,,20th CENTURY WORLD HISTORY 12,,,,,N,,,N,,,,,,,4
YED--2CX--,,,LEARNING STRATEGIES 12,,,,,N,,,N,,,,,,,4
ID,1089,Grade,11,,,,,,,,,,,,,,,
Course,,,,Description,,,Recommended,,,Alternate,,,,Alternate Courses,,,,Credit
ACSC-2A---,,,AP COMPUTER SCIENCE A 12,,,,,N,,,N,,,,,,,4
MATPH12---,,,ANATOMY AND PHYSIOLOGY 12,,,,,N,,,N,,,,,,,4
MBSP-11---,,,INTRODUCTORY SPANISH 11,,,,,N,,,N,,,,,,,4
MCLC-12--L,,,CAREER LIFE CONNECTIONS Linear,,,,,N,,,N,,,,,,,4
MCMCC12--L,,,CHORAL MUSIC 12: CONCERT CHOIR Linear,,,,,N,,,N,,,,,,,4
MDRM-12---,,,DRAMA 12,,,,,N,,,N,,,,,,,4
MENFP12---,,,ENGLISH FIRST PEOPLES 12,,,,,N,,,N,,,,,,,4
MLST-12---,,,LAW STUDIES 12,,,,,N,,,N,,,,,,,4
MPH--11---,,,PHYSICS 11,,,,,N,,,N,,,,,,,4
MPREC12---,,,PRE-CALCULUS 12,,,,,N,,,N,,,,,,,4
MTXT-12---,,,TEXTILES 12,,,,,N,,,Y,,,,,,,4
MVAST12---,,,ART STUDIO 12,,,,,N,,,Y,,,,,,,4
ID,1090,Grade,11,,,,,,,,,,,,,,,
Course,,,,Description,,,Recommended,,,Alternate,,,,Alternate Courses,,,,Credit
MATPH12---,,,ANATOMY AND PHYSIOLOGY 12,,,,,N,,,N,,,,,,,4
MCH--12---,,,CHEMISTRY 12,,,,,N,,,N,,,,,,,4
MCLC-12---,,,CAREER LIFE CONNECTIONS,,,,,N,,,N,,,,,,,4
MENST12---,,,ENGLISH STUDIES 12,,,,,N,,,N,,,,,,,4
MPREC12---,,,PRE-CALCULUS 12,,,,,N,,,N,,,,,,,4
MTAUT12---,,,AUTOMOTIVE TECHNOLOGY 12,,,,,N,,,Y,,,,,,,4
MWWK-12---,,,WOODWORK 12,,,,,N,,,Y,,,,,,,4
YPSYC1AX--,,,PSYCHOLOGY 11,,,,,N,,,Y,,,,,,,4
ID,1091,Grade,11,,,,,,,,,,,,,,,
Course,,,,Description,,,Recommended,,,Alternate,,,,Alternate Courses,,,,Credit
ACAL-12---,,,AP CALCULUS AB 12 external credential,,,,,N,,,N,,,,,,,4
ASTA-12---,,,AP STATISTICS 12,,,,,N,,,N,,,,,,,4
MACC-12---,,,ACCOUNTING 12,,,,,N,,,N,,,,,,,4
MCLC-12--L,,,CAREER LIFE CONNECTIONS Linear,,,,,N,,,N,,,,,,,4
MEC--12---,,,ECONOMICS 12,,,,,N,,,N,,,,,,,4
MECOM12---,,,E-COMMERCE 12,,,,,N,,,N,,,,,,,4
MENST12---,,,ENGLISH STUDIES 12,,,,,N,,,N,,,,,,,4
MPH--12---,,,PHYSICS 12,,,,,N,,,N,,,,,,,4
MPREC12---,,,PRE-CALCULUS 12,,,,,N,,,N,,,,,,,4
PBB--2H,,,CAMOSUN COL BUSINESS 12H,,,,,N,,,N,,,,,,,4
YLAW-2CX--,,,CRIMINOLOGY 12,,,,,N,,,Y,,,,,,,4
ID,1092,Grade,11,,,,,,,,,,,,,,,
Course,,,,Description,,,Recommended,,,Alternate,,,,Alternate Courses,,,,Credit
APHM-12---,,,AP PHYSICS C (MECHANICS) 12 external credential,,,,,N,,,N,,,,,,,4
MATPH12---,,,ANATOMY AND PHYSIOLOGY 12,,,,,N,,,N,,,,,,,4
MCALC12---,,,CALCULUS 12,,,,,N,,,N,,,,,,,4
MCH--12---,,,CHEMISTRY 12,,,,,N,,,N,,,,,,,4
MCLC-12--L,,,CAREER LIFE CONNECTIONS Linear,,,,,N,,,N,,,,,,,4
MDNC-12--L,,,DANCE 12: CHOREOGRAPHY Linear,,,,,N,,,N,,,,,,,4
MDNCM12--L,,,DANCE COMPANY 12 Linear,,,,,N,,,N,,,,,,,4
MEC--12---,,,ECONOMICS 12,,,,,N,,,N,,,,,,,4
MENFP12---,,,ENGLISH FIRST PEOPLES 12,,,,,N,,,N,,,,,,,4
MFOOD12---,,,FOOD STUDIES 12,,,,,N,,,Y,,,,,,,4
MMACS11---,,,COMPUTER SCIENCE 11,,,,,N,,,N,,,,,,,4
MMACS12---,,,COMPUTER SCIENCE 12,,,,,N,,,N,,,,,,,4
ID,1093,Grade,11,,,,,,,,,,,,,,,
Course,,,,Description,,,Recommended,,,Alternate,,,,Alternate Courses,,,,Credit
MACLV12---,,,ACTIVE LIVING 12,,,,,N,,,N,,,,,,,4
MCLC-12--L,,,CAREER LIFE CONNECTIONS Linear,,,,,N,,,N,,,,,,,4
MDRM-12---,,,DRAMA 12,,,,,N,,,N,,,,,,,4
MENFP12---,,,ENGLISH FIRST PEOPLES 12,,,,,N,,,N,,,,,,,4
MFOM-11---,,,FOUNDATIONS OF MATHEMATICS 11,,,,,N,,,N,,,,,,,4
MFOOD12---,,,FOOD STUDIES 12,,,,,N,,,N,,,,,,,4
MSJ--12---,,,SOCIAL JUSTICE 12,,,,,N,,,N,,,,,,,4
MTAUT12---,,,AUTOMOTIVE TECHNOLOGY 12,,,,,N,,,N,,,,,,,4
MTDRF12---,,,DRAFTING 12,,,,,N,,,N,,,,,,,4
MVAPH11---,,,PHOTOGRAPHY 11,,,,,N,,,Y,,,,,,,4
MVAST12---,,,ART STUDIO 12,,,,,N,,,Y,,,,,,,4
ID,1094,Grade,11,,,,,,,,,,,,,,,
Course,,,,Description,,,Recommended,,,Alternate,,,,Alternate Courses,,,,Credit
MATPH12---,,,ANATOMY AND PHYSIOLOGY 12,,,,,N,,,N,,,,,,,4
MCALC12---,,,CALCULUS 12,,,,,N,,,N,,,,,,,4
MCH--12---,,,CHEMISTRY 12,,,,,N,,,N,,,,,,,4
MCLC-12--L,,,CAREER LIFE CONNECTIONS Linear,,,,,N,,,N,,,,,,,4
MEC--12---,,,ECONOMICS 12,,,,,N,,,N,,,,,,,4
MENFP12---,,,ENGLISH FIRST PEOPLES 12,,,,,N,,,N,,,,,,,4
MPH--12---,,,PHYSICS 12,,,,,N,,,N,,,,,,,4
MTDRF12---,,,DRAFTING 12,,,,,N,,,N,,,,,,,4
YCPA-2AXE-,,,COMMUNITY LEADERSHIP 12,,,,,N,,,N,,,,,,,4
ID,1095,Grade,11,,,,,,,,,,,,,,,
Course,,,,Description,,,Recommended,,,Alternate,,,,Alternate Courses,,,,Credit
MACLV12---,,,ACTIVE LIVING 12,,,,,N,,,N,,,,,,,4
MCLC-12--L,,,CAREER LIFE CONNECTIONS Linear,,,,,N,,,N,,,,,,,4
MCMCL12---,,,COMPARATIVE CULTURES 12,,,,,N,,,Y,,,,,,,4
MECOM12---,,,E-COMMERCE 12,,,,,N,,,N,,,,,,,4
MENFP12--Y,,,ENGLISH FIRST PEOPLES 12 Year,,,,,N,,,N,,,,,,,4
MIMG-12---,,,INSTRUMENTAL MUSIC 12: GUITAR,,,,,N,,,N,,,,,,,4
MPREC12---,,,PRE-CALCULUS 12,,,,,N,,,N,,,,,,,4
MSJ--12---,,,SOCIAL JUSTICE 12,,,,,N,,,N,,,,,,,4
MVAST12---,,,ART STUDIO 12,,,,,N,,,Y,,,,,,,4
PBB--2H,,,CAMOSUN COL BUSINESS 12H,,,,,N,,,N,,,,,,,4
YESFL1CX--,,,ELL Academic Literacy 11,,,,,N,,,N,,,,,,,4
ID,1096,Grade,11,,,,,,,,,,,,,,,
Course,,,,Description,,,Recommended,,,Alternate,,,,Alternate Courses,,,,Credit
MACLV12---,,,ACTIVE LIVING 12,,,,,N,,,Y,,,,,,,4
MCLC-12--L,,,CAREER LIFE CONNECTIONS Linear,,,,,N,,,N,,,,,,,4
MENST12---,,,ENGLISH STUDIES 12,,,,,N,,,N,,,,,,,4
MEVSC12C--,,,ENVIRONMENTAL SCIENCE 12 - CLIMATE CHANGE,,,,,N,,,N,,,,,,,4
MFOM-11---,,,FOUNDATIONS OF MATHEMATICS 11,,,,,N,,,N,,,,,,,4
MFOOD12---,,,FOOD STUDIES 12,,,,,N,,,N,,,,,,,4
MODED12---,,,OUTDOOR EDUCATION 12,,,,,N,,,N,,,,,,,4
MTAUT12---,,,AUTOMOTIVE TECHNOLOGY 12,,,,,N,,,N,,,,,,,4
MTEAD12---,,,ENGINE AND DRIVETRAIN 12,,,,,N,,,Y,,,,,,,4
MTXT-12---,,,TEXTILES 12,,,,,N,,,N,,,,,,,4
YLAW-2CX--,,,CRIMINOLOGY 12,,,,,N,,,N,,,,,,,4
ID,1097,Grade,11,,,,,,,,,,,,,,,
Course,,,,Description,,,Recommended,,,Alternate,,,,Alternate Courses,,,,Credit
MATPH12---,,,ANATOMY AND PHYSIOLOGY 12,,,,,N,,,N,,,,,,,4
MCH--12---,,,CHEMISTRY 12,,,,,N,,,Y,,,,,,,4
MCLC-12--L,,,CAREER LIFE CONNECTIONS Linear,,,,,N,,,N,,,,,,,4
MENST12---,,,ENGLISH STUDIES 12,,,,,N,,,N,,,,,,,4
MEVSC12C--,,,ENVIRONMENTAL SCIENCE 12 - CLIMATE CHANGE,,,,,N,,,N,,,,,,,4
MFOOD12---,,,FOOD STUDIES 12,,,,,N,,,N,,,,,,,4
MODED12---,,,OUTDOOR EDUCATION 12,,,,,N,,,N,,,,,,,4
MPH--12---,,,PHYSICS 12,,,,,N,,,Y,,,,,,,4
MPREC12---,,,PRE-CALCULUS 12,,,,,N,,,N,,,,,,,4
MSJ--12---,,,SOCIAL JUSTICE 12,,,,,N,,,N,,,,,,,4
MVAPH11---,,,PHOTOGRAPHY 11,,,,,N,,,N,,,,,,,4
MVAPH12---,,,PHOTOGRAPHY 12,,,,,N,,,Y,,,,,,,4
YLRA-2AX-L,,,ATHLETIC LEADERSHIP 12 Linear,,,,,N,,,N,,,,,,,4
ID,1098,Grade,11,,,,,,,,,,,,,,,
Course,,,,Description,,,Recommended,,,Alternate,,,,Alternate Courses,,,,Credit
ASTA-12---,,,AP STATISTICS 12,,,,,N,,,N,,,,,,,4
MCALC12---,,,CALCULUS 12,,,,,N,,,N,,,,,,,4
MCLC-12--L,,,CAREER LIFE CONNECTIONS Linear,,,,,N,,,N,,,,,,,4
MECOM12---,,,E-COMMERCE 12,,,,,N,,,Y,,,,,,,4
MENST12---,,,ENGLISH STUDIES 12,,,,,N,,,N,,,,,,,4
MENT-12---,,,ENTREPRENEURSHIP 12,,,,,N,,,N,,,,,,,4
MLST-12---,,,LAW STUDIES 12,,,,,N,,,N,,,,,,,4
MMAP-11---,,,MARKETING AND PROMOTION 11,,,,,N,,,N,,,,,,,4
MPH--12---,,,PHYSICS 12,,,,,N,,,N,,,,,,,4
MPREC12---,,,PRE-CALCULUS 12,,,,,N,,,N,,,,,,,4
PBB--2H,,,CAMOSUN COL BUSINESS 12H,,,,,N,,,Y,,,,,,,4
YLRA-2AX-L,,,ATHLETIC LEADERSHIP 12 Linear,,,,,N,,,N,,,,,,,4
ID,1099,Grade,11,,,,,,,,,,,,,,,
Course,,,,Description,,,Recommended,,,Alternate,,,,Alternate Courses,,,,Credit
MATPH12---,,,ANATOMY AND PHYSIOLOGY 12,,,,,N,,,Y,,,,,,,4
MCALC12---,,,CALCULUS 12,,,,,N,,,N,,,,,,,4
MCH--11---,,,CHEMISTRY 11,,,,,N,,,N,,,,,,,4
MCH--12---,,,CHEMISTRY 12,,,,,N,,,N,,,,,,,4
MCLC-12--L,,,CAREER LIFE CONNECTIONS Linear,,,,,N,,,N,,,,,,,4
MEC--12---,,,ECONOMICS 12,,,,,N,,,N,,,,,,,4
MENFP12---,,,ENGLISH FIRST PEOPLES 12,,,,,N,,,N,,,,,,,4
MEVSC12C--,,,ENVIRONMENTAL SCIENCE 12 - CLIMATE CHANGE,,,,,N,,,N,,,,,,,4
MMACS12---,,,COMPUTER SCIENCE 12,,,,,N,,,N,,,,,,,4
MPH--11---,,,PHYSICS 11,,,,,N,,,Y,,,,,,,4
MPH--12---,,,PHYSICS 12,,,,,N,,,N,,,,,,,4
ID,1100,Grade,11,,,,,,,,,,,,,,,
Course,,,,Description,,,Recommended,,,Alternate,,,,Alternate Courses,,,,Credit
MCALC12---,,,CALCULUS 12,,,,,N,,,N,,,,,,,4
MCH--12---,,,CHEMISTRY 12,,,,,N,,,N,,,,,,,4
MCLC-12--L,,,CAREER LIFE CONNECTIONS Linear,,,,,N,,,N,,,,,,,4
MDMD-12D--,,,3D ANIMATION 12,,,,,N,,,N,,,,,,,4
MENST12C--,,,ENGLISH STUDIES 12 CHALLENGE,,,,,N,,,N,,,,,,,4
MPH--11---,,,PHYSICS 11,,,,,N,,,N,,,,,,,4
MPH--12---,,,PHYSICS 12,,,,,N,,,N,,,,,,,4
MPREC12---,,,PRE-CALCULUS 12,,,,,N,,,N,,,,,,,4
MWH--12---,,,20th CENTURY WORLD HISTORY 12,,,,,N,,,N,,,,,,,4
YCPA-2AXE-,,,COMMUNITY LEADERSHIP 12,,,,,N,,,N,,,,,,,4
ID,1101,Grade,11,,,,,,,,,,,,,,,
Course,,,,Description,,,Recommended,,,Alternate,,,,Alternate Courses,,,,Credit
APHM-12---,,,AP PHYSICS C (MECHANICS) 12 external credential,,,,,N,,,N,,,,,,,4
MATPH12---,,,ANATOMY AND PHYSIOLOGY 12,,,,,N,,,N,,,,,,,4
MCALC12---,,,CALCULUS 12,,,,,N,,,N,,,,,,,4
MCH--12---,,,CHEMISTRY 12,,,,,N,,,N,,,,,,,4
MCLC-12--L,,,CAREER LIFE CONNECTIONS Linear,,,,,N,,,N,,,,,,,4
MEC--12---,,,ECONOMICS 12,,,,,N,,,N,,,,,,,4
MENST12C--,,,ENGLISH STUDIES 12 CHALLENGE,,,,,N,,,N,,,,,,,4
MMAP-11---,,,MARKETING AND PROMOTION 11,,,,,N,,,N,,,,,,,4
ID,1102,Grade,11,,,,,,,,,,,,,,,
Course,,,,Description,,,Recommended,,,Alternate,,,,Alternate Courses,,,,Credit
MATPH12---,,,ANATOMY AND PHYSIOLOGY 12,,,,,N,,,N,,,,,,,4
MCLC-12--L,,,CAREER LIFE CONNECTIONS Linear,,,,,N,,,N,,,,,,,4
MENST12---,,,ENGLISH STUDIES 12,,,,,N,,,N,,,,,,,4
MFOOD12---,,,FOOD STUDIES 12,,,,,N,,,Y,,,,,,,4
MIMCB12--L,,,INSTRUMENTAL MUSIC 12: CONCERT BAND LINEAR,,,,,N,,,N,,,,,,,4
MIMJB12--L,,,INSTRUMENTAL MUSIC 12: JAZZ BAND LINEAR,,,,,N,,,N,,,,,,,4
MPREC12---,,,PRE-CALCULUS 12,,,,,N,,,N,,,,,,,4
MTAUT12---,,,AUTOMOTIVE TECHNOLOGY 12,,,,,N,,,N,,,,,,,4
MTXT-12---,,,TEXTILES 12,,,,,N,,,N,,,,,,,4
MVAPH11---,,,PHOTOGRAPHY 11,,,,,N,,,Y,,,,,,,4
MVAST12---,,,ART STUDIO 12,,,,,N,,,N,,,,,,,4
YPA--2CX--,,,YOGA FOR MINDFULNESS 12,,,,,N,,,Y,,,,,,,4
ID,1103,Grade,11,,,,,,,,,,,,,,,
Course,,,,Description,,,Recommended,,,Alternate,,,,Alternate Courses,,,,Credit
MATPH12---,,,ANATOMY AND PHYSIOLOGY 12,,,,,N,,,N,,,,,,,4
MCALC12---,,,CALCULUS 12,,,,,N,,,N,,,,,,,4
MCH--12---,,,CHEMISTRY 12,,,,,N,,,N,,,,,,,4
MCLC-12--L,,,CAREER LIFE CONNECTIONS Linear,,,,,N,,,N,,,,,,,4
MENST12C--,,,ENGLISH STUDIES 12 CHALLENGE,,,,,N,,,N,,,,,,,4
MPH--12---,,,PHYSICS 12,,,,,N,,,N,,,,,,,4
MPREC12---,,,PRE-CALCULUS 12,,,,,N,,,N,,,,,,,4
YED--2FX-L,,,SCHOLARSHIP PREPARATION 12 LINEAR,,,,,N,,,N,,,,,,,4
ID,1104,Grade,11,,,,,,,,,,,,,,,
Course,,,,Description,,,Recommended,,,Alternate,,,,Alternate Courses,,,,Credit
MATPH12---,,,ANATOMY AND PHYSIOLOGY 12,,,,,N,,,N,,,,,,,4
MCH--12---,,,CHEMISTRY 12,,,,,N,,,N,,,,,,,4
MCLC-12--L,,,CAREER LIFE CONNECTIONS Linear,,,,,N,,,N,,,,,,,4
MENFP12---,,,ENGLISH FIRST PEOPLES 12,,,,,N,,,N,,,,,,,4
MENT-12---,,,ENTREPRENEURSHIP 12,,,,,N,,,Y,,,,,,,4
MFOOD12---,,,FOOD STUDIES 12,,,,,N,,,N,,,,,,,4
MMAP-11---,,,MARKETING AND PROMOTION 11,,,,,N,,,N,,,,,,,4
MPH--11---,,,PHYSICS 11,,,,,N,,,N,,,,,,,4
MPREC12---,,,PRE-CALCULUS 12,,,,,N,,,N,,,,,,,4
YPA--2CX--,,,YOGA FOR MINDFULNESS 12,,,,,N,,,Y,,,,,,,4
ID,1105,Grade,11,,,,,,,,,,,,,,,
Course,,,,Description,,,Recommended,,,Alternate,,,,Alternate Courses,,,,Credit
MCALC12---,,,CALCULUS 12,,,,,N,,,N,,,,,,,4
MCH--12---,,,CHEMISTRY 12,,,,,N,,,N,,,,,,,4
MCLC-12--L,,,CAREER LIFE CONNECTIONS Linear,,,,,N,,,N,,,,,,,4
MENST12---,,,ENGLISH STUDIES 12,,,,,N,,,N,,,,,,,4
MFOOD12---,,,FOOD STUDIES 12,,,,,N,,,N,,,,,,,4
MODED12---,,,OUTDOOR EDUCATION 12,,,,,N,,,N,,,,,,,4
MPH--12---,,,PHYSICS 12,,,,,N,,,N,,,,,,,4
MPREC12H--,,,PRE-CALCULUS 12 HONOURS,,,,,N,,,N,,,,,,,4
MTXT-12---,,,TEXTILES 12,,,,,N,,,N,,,,,,,4
MVAPH12---,,,PHOTOGRAPHY 12,,,,,N,,,Y,,,,,,,4
MVAST12---,,,ART STUDIO 12,,,,,N,,,Y,,,,,,,4
YCPA-2AX-L,,,COMMUNITY LEADERSHIP 12 Linear,,,,,N,,,N,,,,,,,4
YED--2DX-L,,,PEER TUTORING 12 LINEAR,,,,,N,,,N,,,,,,,4
YED--2FX-L,,,SCHOLARSHIP PREPARATION 12 LINEAR,,,,,N,,,N,,,,,,,4
ID,1106,Grade,11,,,,,,,,,,,,,,,
Course,,,,Description,,,Recommended,,,Alternate,,,,Alternate Courses,,,,Credit
MATPH12---,,,ANATOMY AND PHYSIOLOGY 12,,,,,N,,,N,,,,,,,4
MCLC-12--L,,,CAREER LIFE CONNECTIONS Linear,,,,,N,,,N,,,,,,,4
MCTWR12---,,,CREATIVE WRITING 12,,,,,N,,,Y,,,,,,,4
MENST12---,,,ENGLISH STUDIES 12,,,,,N,,,N,,,,,,,4
MFOM-11---,,,FOUNDATIONS OF MATHEMATICS 11,,,,,N,,,N,,,,,,,4
MFOOD12---,,,FOOD STUDIES 12,,,,,N,,,N,,,,,,,4
MLFSC11---,,,LIFE SCIENCES 11,,,,,N,,,N,,,,,,,4
MSP--12---,,,SPANISH 12,,,,,N,,,N,,,,,,,4
MTXT-12---,,,TEXTILES 12,,,,,N,,,Y,,,,,,,4
MVAPH11---,,,PHOTOGRAPHY 11,,,,,N,,,N,,,,,,,4
MVAST12---,,,ART STUDIO 12,,,,,N,,,N,,,,,,,4
ID,1107,Grade,11,,,,,,,,,,,,,,,
Course,,,,Description,,,Recommended,,,Alternate,,,,Alternate Courses,,,,Credit
ACAL-12---,,,AP CALCULUS AB 12 external credential,,,,,N,,,N,,,,,,,4
APHM-12---,,,AP PHYSICS C (MECHANICS) 12 external credential,,,,,N,,,N,,,,,,,4
MACLV12---,,,ACTIVE LIVING 12,,,,,N,,,Y,,,,,,,4
MATPH12---,,,ANATOMY AND PHYSIOLOGY 12,,,,,N,,,N,,,,,,,4
MCH--12---,,,CHEMISTRY 12,,,,,N,,,N,,,,,,,4
MCLC-12--L,,,CAREER LIFE CONNECTIONS Linear,,,,,N,,,N,,,,,,,4
MENST12---,,,ENGLISH STUDIES 12,,,,,N,,,N,,,,,,,4
MODED12---,,,OUTDOOR EDUCATION 12,,,,,N,,,Y,,,,,,,4
MPREC12H--,,,PRE-CALCULUS 12 HONOURS,,,,,N,,,N,,,,,,,4
YED--2DX-L,,,PEER TUTORING 12 LINEAR,,,,,N,,,N,,,,,,,4
ID,1108,Grade,11,,,,,,,,,,,,,,,
Course,,,,Description,,,Recommended,,,Alternate,,,,Alternate Courses,,,,Credit
MCLC-12--L,,,CAREER LIFE CONNECTIONS Linear,,,,,N,,,N,,,,,,,4
MDMD-12D--,,,3D ANIMATION 12,,,,,N,,,N,,,,,,,4
MENFP12--Y,,,ENGLISH FIRST PEOPLES 12 Year,,,,,N,,,N,,,,,,,4
MENR-12---,,,ENGINEERING 12,,,,,N,,,Y,,,,,,,4
MEVSC12C--,,,ENVIRONMENTAL SCIENCE 12 - CLIMATE CHANGE,,,,,N,,,N,,,,,,,4
MINST12---,,,CONTEMPORARY INDIGENOUS STUDIES 12,,,,,N,,,N,,,,,,,4
MMACS12---,,,COMPUTER SCIENCE 12,,,,,N,,,Y,,,,,,,4
MPREC12---,,,PRE-CALCULUS 12,,,,,N,,,N,,,,,,,4
MSPLG11---,,,SPOKEN LANGUAGE 11,,,,,N,,,N,,,,,,,4
MVAST12---,,,ART STUDIO 12,,,,,N,,,N,,,,,,,4
ID,1109,Grade,11,,,,,,,,,,,,,,,
Course,,,,Description,,,Recommended,,,Alternate,,,,Alternate Courses,,,,Credit
MACC-12---,,,ACCOUNTING 12,,,,,N,,,N,,,,,,,4
MACLV12---,,,ACTIVE LIVING 12,,,,,N,,,Y,,,,,,,4
MCLC-12--L,,,CAREER LIFE CONNECTIONS Linear,,,,,N,,,N,,,,,,,4
MEC--12---,,,ECONOMICS 12,,,,,N,,,Y,,,,,,,4
MENFP12---,,,ENGLISH FIRST PEOPLES 12,,,,,N,,,N,,,,,,,4
MENT-12---,,,ENTREPRENEURSHIP 12,,,,,N,,,N,,,,,,,4
MFOM-11---,,,FOUNDATIONS OF MATHEMATICS 11,,,,,N,,,N,,,,,,,4
MFOOD12---,,,FOOD STUDIES 12,,,,,N,,,N,,,,,,,4
MTAUT12---,,,AUTOMOTIVE TECHNOLOGY 12,,,,,N,,,N,,,,,,,4
ID,1110,Grade,11,,,,,,,,,,,,,,,
Course,,,,Description,,,Recommended,,,Alternate,,,,Alternate Courses,,,,Credit
MEC--12---,,,ECONOMICS 12,,,,,N,,,Y,,,,,,,4
MENST12---,,,ENGLISH STUDIES 12,,,,,N,,,N,,,,,,,4
MFR--12---,,,FRENCH 12,,,,,N,,,N,,,,,,,4
MVAPH11---,,,PHOTOGRAPHY 11,,,,,N,,,N,,,,,,,4
MWH--12---,,,20th CENTURY WORLD HISTORY 12,,,,,N,,,N,,,,,,,4
ID,1111,Grade,11,,,,,,,,,,,,,,,
Course,,,,Description,,,Recommended,,,Alternate,,,,Alternate Courses,,,,Credit
MACC-12---,,,ACCOUNTING 12,,,,,N,,,N,,,,,,,4
MCLC-12--L,,,CAREER LIFE CONNECTIONS Linear,,,,,N,,,N,,,,,,,4
MENST12---,,,ENGLISH STUDIES 12,,,,,N,,,N,,,,,,,4
MENT-12---,,,ENTREPRENEURSHIP 12,,,,,N,,,N,,,,,,,4
MFOOD12---,,,FOOD STUDIES 12,,,,,N,,,N,,,,,,,4
MMEDD12---,,,MEDIA DESIGN 12,,,,,N,,,N,,,,,,,4
MPREC12---,,,PRE-CALCULUS 12,,,,,N,,,N,,,,,,,4
MTAUT12---,,,AUTOMOTIVE TECHNOLOGY 12,,,,,N,,,Y,,,,,,,4
MWH--12---,,,20th CENTURY WORLD HISTORY 12,,,,,N,,,N,,,,,,,4
YED--2CX--,,,LEARNING STRATEGIES 12,,,,,N,,,N,,,,,,,4
ID,1112,Grade,11,,,,,,,,,,,,,,,
Course,,,,Description,,,Recommended,,,Alternate,,,,Alternate Courses,,,,Credit
MCLC-12--L,,,CAREER LIFE CONNECTIONS Linear,,,,,N,,,N,,,,,,,4
MENFP12--Y,,,ENGLISH FIRST PEOPLES 12 Year,,,,,N,,,N,,,,,,,4
MEPSS11---,,,EXPLORATIONS IN SOCIAL STUDIES 11,,,,,N,,,N,,,,,,,4
MFOM-11---,,,FOUNDATIONS OF MATHEMATICS 11,,,,,N,,,N,,,,,,,4
MFOOD12---,,,FOOD STUDIES 12,,,,,N,,,N,,,,,,,4
MLST-12---,,,LAW STUDIES 12,,,,,N,,,N,,,,,,,4
MSJ--12---,,,SOCIAL JUSTICE 12,,,,,N,,,N,,,,,,,4
MSP--11---,,,SPANISH 11,,,,,N,,,N,,,,,,,4
YESFL1CX--,,,ELL Academic Literacy 11,,,,,N,,,N,,,,,,,4
ID,1113,Grade,11,,,,,,,,,,,,,,,
Course,,,,Description,,,Recommended,,,Alternate,,,,Alternate Courses,,,,Credit
MATPH12---,,,ANATOMY AND PHYSIOLOGY 12,,,,,N,,,N,,,,,,,4
MCH--12---,,,CHEMISTRY 12,,,,,N,,,N,,,,,,,4
MCLC-12--L,,,CAREER LIFE CONNECTIONS Linear,,,,,N,,,N,,,,,,,4
MCMPR11AI-,,,COMPUTER PROGRAMMING 11 AI and Games,,,,,N,,,Y,,,,,,,4
MCMPR12AI-,,,COMPUTER PROGRAMMING 12 AI and Games,,,,,N,,,Y,,,,,,,4
MENFP12---,,,ENGLISH FIRST PEOPLES 12,,,,,N,,,N,,,,,,,4
MLST-12---,,,LAW STUDIES 12,,,,,N,,,N,,,,,,,4
MPH--12---,,,PHYSICS 12,,,,,N,,,N,,,,,,,4
MPREC11---,,,PRE-CALCULUS 11,,,,,N,,,N,,,,,,,4
MPREC12---,,,PRE-CALCULUS 12,,,,,N,,,N,,,,,,,4
YPSYC1AX--,,,PSYCHOLOGY 11,,,,,N,,,N,,,,,,,4
ID,1114,Grade,11,,,,,,,,,,,,,,,
Course,,,,Description,,,Recommended,,,Alternate,,,,Alternate Courses,,,,Credit
AELC-12---,,,AP ENGLISH LITERATURE & COMPOSITION 12,,,,,N,,,N,,,,,,,4
MAC--11---,,,ACCOUNTING 11,,,,,N,,,Y,,,,,,,4
MATPH12---,,,ANATOMY AND PHYSIOLOGY 12,,,,,N,,,N,,,,,,,4
MCALC12---,,,CALCULUS 12,,,,,N,,,N,,,,,,,4
MCH--12---,,,CHEMISTRY 12,,,,,N,,,N,,,,,,,4
MCLC-12--L,,,CAREER LIFE CONNECTIONS Linear,,,,,N,,,N,,,,,,,4
MEC--12---,,,ECONOMICS 12,,,,,N,,,N,,,,,,,4
MLST-12---,,,LAW STUDIES 12,,,,,N,,,Y,,,,,,,4
MLTST12---,,,LITERARY STUDIES 12,,,,,N,,,N,,,,,,,4
MPH--12---,,,PHYSICS 12,,,,,N,,,N,,,,,,,4
MPREC12H--,,,PRE-CALCULUS 12 HONOURS,,,,,N,,,N,,,,,,,4
YCPA-2AX-L,,,COMMUNITY LEADERSHIP 12 Linear,,,,,N,,,N,,,,,,,4
YED--2FX-L,,,SCHOLARSHIP PREPARATION 12 LINEAR,,,,,N,,,N,,,,,,,4
ID,1115,Grade,11,,,,,,,,,,,,,,,
Course,,,,Description,,,Recommended,,,Alternate,,,,Alternate Courses,,,,Credit
MCALC12---,,,CALCULUS 12,,,,,N,,,N,,,,,,,4
MCLC-12--L,,,CAREER LIFE CONNECTIONS Linear,,,,,N,,,N,,,,,,,4
MEC--12---,,,ECONOMICS 12,,,,,N,,,N,,,,,,,4
MECOM12---,,,E-COMMERCE 12,,,,,N,,,N,,,,,,,4
MENST12---,,,ENGLISH STUDIES 12,,,,,N,,,N,,,,,,,4
MENT-12---,,,ENTREPRENEURSHIP 12,,,,,N,,,Y,,,,,,,4
MMACS12---,,,COMPUTER SCIENCE 12,,,,,N,,,Y,,,,,,,4
MPH--12---,,,PHYSICS 12,,,,,N,,,N,,,,,,,4
MPREC12---,,,PRE-CALCULUS 12,,,,,N,,,N,,,,,,,4
PBB--2H,,,CAMOSUN COL BUSINESS 12H,,,,,N,,,N,,,,,,,4
YED--2FX-L,,,SCHOLARSHIP PREPARATION 12 LINEAR,,,,,N,,,N,,,,,,,4
YLRA-2AX-L,,,ATHLETIC LEADERSHIP 12 Linear,,,,,N,,,N,,,,,,,4
YPSYC1AX--,,,PSYCHOLOGY 11,,,,,N,,,N,,,,,,,4
ID,1116,Grade,11,,,,,,,,,,,,,,,
Course,,,,Description,,,Recommended,,,Alternate,,,,Alternate Courses,,,,Credit
MCLC-12--L,,,CAREER LIFE CONNECTIONS Linear,,,,,N,,,N,,,,,,,4
MCMCL12---,,,COMPARATIVE CULTURES 12,,,,,N,,,N,,,,,,,4
MDNC-12--L,,,DANCE 12: CHOREOGRAPHY Linear,,,,,N,,,N,,,,,,,4
MDNCM12--L,,,DANCE COMPANY 12 Linear,,,,,N,,,N,,,,,,,4
MDNTP12---,,,DANCE TECHNIQUE AND PERFORMANCE 12,,,,,N,,,N,,,,,,,4
MENST12---,,,ENGLISH STUDIES 12,,,,,N,,,N,,,,,,,4
MEVSC12C--,,,ENVIRONMENTAL SCIENCE 12 - CLIMATE CHANGE,,,,,N,,,Y,,,,,,,4
MFR--12---,,,FRENCH 12,,,,,N,,,N,,,,,,,4
MWH--12---,,,20th CENTURY WORLD HISTORY 12,,,,,N,,,N,,,,,,,4
YPA--2CX--,,,YOGA FOR MINDFULNESS 12,,,,,N,,,Y,,,,,,,4
ID,1117,Grade,11,,,,,,,,,,,,,,,
Course,,,,Description,,,Recommended,,,Alternate,,,,Alternate Courses,,,,Credit
MATPH12---,,,ANATOMY AND PHYSIOLOGY 12,,,,,N,,,N,,,,,,,4
MCALC12---,,,CALCULUS 12,,,,,N,,,N,,,,,,,4
MCLC-12--L,,,CAREER LIFE CONNECTIONS Linear,,,,,N,,,N,,,,,,,4
MEC--12---,,,ECONOMICS 12,,,,,N,,,N,,,,,,,4
MENFP12---,,,ENGLISH FIRST PEOPLES 12,,,,,N,,,N,,,,,,,4
MFOOD12---,,,FOOD STUDIES 12,,,,,N,,,N,,,,,,,4
MODED12---,,,OUTDOOR EDUCATION 12,,,,,N,,,Y,,,,,,,4
MPGEO12---,,,PHYSICAL GEOGRAPHY 12,,,,,N,,,N,,,,,,,4
MPH--12---,,,PHYSICS 12,,,,,N,,,N,,,,,,,4
MTAUT12---,,,AUTOMOTIVE TECHNOLOGY 12,,,,,N,,,N,,,,,,,4
YLRA-2AX-L,,,ATHLETIC LEADERSHIP 12 Linear,,,,,N,,,N,,,,,,,4
ID,1118,Grade,11,,,,,,,,,,,,,,,
Course,,,,Description,,,Recommended,,,Alternate,,,,Alternate Courses,,,,Credit
MATPH12---,,,ANATOMY AND PHYSIOLOGY 12,,,,,N,,,N,,,,,,,4
MCLC-12--L,,,CAREER LIFE CONNECTIONS Linear,,,,,N,,,N,,,,,,,4
MCMCL12---,,,COMPARATIVE CULTURES 12,,,,,N,,,N,,,,,,,4
MENFP12---,,,ENGLISH FIRST PEOPLES 12,,,,,N,,,N,,,,,,,4
MFOOD12---,,,FOOD STUDIES 12,,,,,N,,,N,,,,,,,4
MLST-12---,,,LAW STUDIES 12,,,,,N,,,N,,,,,,,4
MODED12---,,,OUTDOOR EDUCATION 12,,,,,N,,,Y,,,,,,,4
MWH--12---,,,20th CENTURY WORLD HISTORY 12,,,,,N,,,N,,,,,,,4
YCPA-2AX-L,,,COMMUNITY LEADERSHIP 12 Linear,,,,,N,,,N,,,,,,,4
YED--2FX-L,,,SCHOLARSHIP PREPARATION 12 LINEAR,,,,,N,,,N,,,,,,,4
ID,1119,Grade,11,,,,,,,,,,,,,,,
Course,,,,Description,,,Recommended,,,Alternate,,,,Alternate Courses,,,,Credit
MACLV12G--,,,ACTIVE LIVING 12 Girls,,,,,N,,,N,,,,,,,4
MCLC-12--L,,,CAREER LIFE CONNECTIONS Linear,,,,,N,,,N,,,,,,,4
MENFP12--Y,,,ENGLISH FIRST PEOPLES 12 Year,,,,,N,,,N,,,,,,,4
MSPLG11---,,,SPOKEN LANGUAGE 11,,,,,N,,,N,,,,,,,4
MTXT-12---,,,TEXTILES 12,,,,,N,,,N,,,,,,,4
MWPM-11---,,,WORKPLACE MATHEMATICS 11,,,,,N,,,N,,,,,,,4
YED--2CX--,,,LEARNING STRATEGIES 12,,,,,N,,,N,,,,,,,4
YPA--2CX--,,,YOGA FOR MINDFULNESS 12,,,,,N,,,N,,,,,,,4
ID,1120,Grade,11,,,,,,,,,,,,,,,
Course,,,,Description,,,Recommended,,,Alternate,,,,Alternate Courses,,,,Credit
MACLV12---,,,ACTIVE LIVING 12,,,,,N,,,Y,,,,,,,4
MCLC-12--L,,,CAREER LIFE CONNECTIONS Linear,,,,,N,,,N,,,,,,,4
MCLE-10---,,,CAREER LIFE EDUCATION 10,,,,,N,,,N,,,,,,,4
MENFP12---,,,ENGLISH FIRST PEOPLES 12,,,,,N,,,N,,,,,,,4
MEPSS11---,,,EXPLORATIONS IN SOCIAL STUDIES 11,,,,,N,,,N,,,,,,,4
MEVSC11---,,,ENVIRONMENTAL SCIENCE 11,,,,,N,,,N,,,,,,,4
MFOOD12---,,,FOOD STUDIES 12,,,,,N,,,N,,,,,,,4
MTAUT12---,,,AUTOMOTIVE TECHNOLOGY 12,,,,,N,,,N,,,,,,,4
MWPM-11---,,,WORKPLACE MATHEMATICS 11,,,,,N,,,N,,,,,,,4
YLAW-2CX--,,,CRIMINOLOGY 12,,,,,N,,,Y,,,,,,,4
ID,1121,Grade,11,,,,,,,,,,,,,,,
Course,,,,Description,,,Recommended,,,Alternate,,,,Alternate Courses,,,,Credit
MATPH12---,,,ANATOMY AND PHYSIOLOGY 12,,,,,N,,,N,,,,,,,4
MCH--12---,,,CHEMISTRY 12,,,,,N,,,N,,,,,,,4
MCLC-12--L,,,CAREER LIFE CONNECTIONS Linear,,,,,N,,,N,,,,,,,4
MDNCN12---,,,DANCE CONDITIONING 12,,,,,N,,,Y,,,,,,,4
MENFP12--Y,,,ENGLISH FIRST PEOPLES 12 Year,,,,,N,,,N,,,,,,,4
MLFSC11---,,,LIFE SCIENCES 11,,,,,N,,,N,,,,,,,4
MPREC12---,,,PRE-CALCULUS 12,,,,,N,,,N,,,,,,,4
MSJ--12---,,,SOCIAL JUSTICE 12,,,,,N,,,N,,,,,,,4
YESFL1CX--,,,ELL Academic Literacy 11,,,,,N,,,N,,,,,,,4
YPSYC1AX--,,,PSYCHOLOGY 11,,,,,N,,,N,,,,,,,4
ID,1122,Grade,11,,,,,,,,,,,,,,,
Course,,,,Description,,,Recommended,,,Alternate,,,,Alternate Courses,,,,Credit
ACAL-12---,,,AP CALCULUS AB 12 external credential,,,,,N,,,N,,,,,,,4
APHM-12---,,,AP PHYSICS C (MECHANICS) 12 external credential,,,,,N,,,N,,,,,,,4
MCH--12---,,,CHEMISTRY 12,,,,,N,,,N,,,,,,,4
MCLC-12--L,,,CAREER LIFE CONNECTIONS Linear,,,,,N,,,N,,,,,,,4
MEC--12---,,,ECONOMICS 12,,,,,N,,,Y,,,,,,,4
MENST12C--,,,ENGLISH STUDIES 12 CHALLENGE,,,,,N,,,N,,,,,,,4
MENT-12---,,,ENTREPRENEURSHIP 12,,,,,N,,,N,,,,,,,4
MFOOD12---,,,FOOD STUDIES 12,,,,,N,,,Y,,,,,,,4
MLST-12---,,,LAW STUDIES 12,,,,,N,,,N,,,,,,,4
MPREC12H--,,,PRE-CALCULUS 12 HONOURS,,,,,N,,,N,,,,,,,4
YED--2DX-L,,,PEER TUTORING 12 LINEAR,,,,,N,,,N,,,,,,,4
YED--2FX-L,,,SCHOLARSHIP PREPARATION 12 LINEAR,,,,,N,,,N,,,,,,,4
ID,1123,Grade,11,,,,,,,,,,,,,,,
Course,,,,Description,,,Recommended,,,Alternate,,,,Alternate Courses,,,,Credit
MATPH12---,,,ANATOMY AND PHYSIOLOGY 12,,,,,N,,,N,,,,,,,4
MCH--11---,,,CHEMISTRY 11,,,,,N,,,N,,,,,,,4
MCH--12---,,,CHEMISTRY 12,,,,,N,,,N,,,,,,,4
MCLC-12--L,,,CAREER LIFE CONNECTIONS Linear,,,,,N,,,N,,,,,,,4
MCMCL12---,,,COMPARATIVE CULTURES 12,,,,,N,,,Y,,,,,,,4
MEC--12---,,,ECONOMICS 12,,,,,N,,,N,,,,,,,4
MENFP12---,,,ENGLISH FIRST PEOPLES 12,,,,,N,,,N,,,,,,,4
MIMG-12---,,,INSTRUMENTAL MUSIC 12: GUITAR,,,,,N,,,N,,,,,,,4
MLFSC11---,,,LIFE SCIENCES 11,,,,,N,,,N,,,,,,,4
MLST-12---,,,LAW STUDIES 12,,,,,N,,,N,,,,,,,4
MPREC12---,,,PRE-CALCULUS 12,,,,,N,,,N,,,,,,,4
YLRA-2AX-L,,,ATHLETIC LEADERSHIP 12 Linear,,,,,N,,,N,,,,,,,4
ID,1124,Grade,11,,,,,,,,,,,,,,,
Course,,,,Description,,,Recommended,,,Alternate,,,,Alternate Courses,,,,Credit
MATPH12---,,,ANATOMY AND PHYSIOLOGY 12,,,,,N,,,N,,,,,,,4
MCALC12---,,,CALCULUS 12,,,,,N,,,N,,,,,,,4
MCH--12---,,,CHEMISTRY 12,,,,,N,,,N,,,,,,,4
MCLC-12--L,,,CAREER LIFE CONNECTIONS Linear,,,,,N,,,N,,,,,,,4
MENST12---,,,ENGLISH STUDIES 12,,,,,N,,,N,,,,,,,4
MLFSC11---,,,LIFE SCIENCES 11,,,,,N,,,N,,,,,,,4
MODED12---,,,OUTDOOR EDUCATION 12,,,,,N,,,N,,,,,,,4
MPH--12---,,,PHYSICS 12,,,,,N,,,N,,,,,,,4
MPREC12---,,,PRE-CALCULUS 12,,,,,N,,,N,,,,,,,4
MVAPH12---,,,PHOTOGRAPHY 12,,,,,N,,,Y,,,,,,,4
ID,1125,Grade,11,,,,,,,,,,,,,,,
Course,,,,Description,,,Recommended,,,Alternate,,,,Alternate Courses,,,,Credit
MATPH12---,,,ANATOMY AND PHYSIOLOGY 12,,,,,N,,,N,,,,,,,4
MCALC12---,,,CALCULUS 12,,,,,N,,,N,,,,,,,4
MCH--12---,,,CHEMISTRY 12,,,,,N,,,N,,,,,,,4
MCLC-12--L,,,CAREER LIFE CONNECTIONS Linear,,,,,N,,,N,,,,,,,4
MENFP12---,,,ENGLISH FIRST PEOPLES 12,,,,,N,,,N,,,,,,,4
MPH--12---,,,PHYSICS 12,,,,,N,,,N,,,,,,,4
MPREC12---,,,PRE-CALCULUS 12,,,,,N,,,N,,,,,,,4
ID,1126,Grade,11,,,,,,,,,,,,,,,
Course,,,,Description,,,Recommended,,,Alternate,,,,Alternate Courses,,,,Credit
MATPH12---,,,ANATOMY AND PHYSIOLOGY 12,,,,,N,,,N,,,,,,,4
MCMCL12---,,,COMPARATIVE CULTURES 12,,,,,N,,,Y,,,,,,,4
MCMPS11---,,,COMPOSITION 11,,,,,N,,,Y,,,,,,,4
MENST12---,,,ENGLISH STUDIES 12,,,,,N,,,N,,,,,,,4
MFOOD12---,,,FOOD STUDIES 12,,,,,N,,,N,,,,,,,4
MLFSC11---,,,LIFE SCIENCES 11,,,,,N,,,N,,,,,,,4
MTXT-12---,,,TEXTILES 12,,,,,N,,,N,,,,,,,4
MVAPH11---,,,PHOTOGRAPHY 11,,,,,N,,,N,,,,,,,4
MWH--12---,,,20th CENTURY WORLD HISTORY 12,,,,,N,,,N,,,,,,,4
YPSYC1AX--,,,PSYCHOLOGY 11,,,,,N,,,N,,,,,,,4
ID,1127,Grade,11,,,,,,,,,,,,,,,
Course,,,,Description,,,Recommended,,,Alternate,,,,Alternate Courses,,,,Credit
AELC-12---,,,AP ENGLISH LITERATURE & COMPOSITION 12,,,,,N,,,N,,,,,,,4
MACC-12---,,,ACCOUNTING 12,,,,,N,,,Y,,,,,,,4
MATPH12---,,,ANATOMY AND PHYSIOLOGY 12,,,,,N,,,N,,,,,,,4
MCALC12---,,,CALCULUS 12,,,,,N,,,N,,,,,,,4
MCH--12---,,,CHEMISTRY 12,,,,,N,,,N,,,,,,,4
MCLC-12--L,,,CAREER LIFE CONNECTIONS Linear,,,,,N,,,N,,,,,,,4
MFOOD12---,,,FOOD STUDIES 12,,,,,N,,,Y,,,,,,,4
MLST-12---,,,LAW STUDIES 12,,,,,N,,,Y,,,,,,,4
MLTST12---,,,LITERARY STUDIES 12,,,,,N,,,N,,,,,,,4
MPH--12---,,,PHYSICS 12,,,,,N,,,N,,,,,,,4
MPREC12---,,,PRE-CALCULUS 12,,,,,N,,,N,,,,,,,4
MVAST12---,,,ART STUDIO 12,,,,,N,,,N,,,,,,,4
YED--2DX-L,,,PEER TUTORING 12 LINEAR,,,,,N,,,N,,,,,,,4
ID,1128,Grade,11,,,,,,,,,,,,,,,
Course,,,,Description,,,Recommended,,,Alternate,,,,Alternate Courses,,,,Credit
MATPH12---,,,ANATOMY AND PHYSIOLOGY 12,,,,,N,,,N,,,,,,,4
MCH--12---,,,CHEMISTRY 12,,,,,N,,,N,,,,,,,4
MCLC-12--L,,,CAREER LIFE CONNECTIONS Linear,,,,,N,,,N,,,,,,,4
MENST12---,,,ENGLISH STUDIES 12,,,,,N,,,N,,,,,,,4
MEVSC12C--,,,ENVIRONMENTAL SCIENCE 12 - CLIMATE CHANGE,,,,,N,,,Y,,,,,,,4
MFOOD12---,,,FOOD STUDIES 12,,,,,N,,,N,,,,,,,4
MLFSC11---,,,LIFE SCIENCES 11,,,,,N,,,N,,,,,,,4
MPH--12---,,,PHYSICS 12,,,,,N,,,N,,,,,,,4
MPREC12---,,,PRE-CALCULUS 12,,,,,N,,,N,,,,,,,4
MSJ--12---,,,SOCIAL JUSTICE 12,,,,,N,,,N,,,,,,,4
YLAW-2CX--,,,CRIMINOLOGY 12,,,,,N,,,Y,,,,,,,4
ID,1129,Grade,11,,,,,,,,,,,,,,,
Course,,,,Description,,,Recommended,,,Alternate,,,,Alternate Courses,,,,Credit
MACLV12G--,,,ACTIVE LIVING 12 Girls,,,,,N,,,N,,,,,,,4
MATPH12---,,,ANATOMY AND PHYSIOLOGY 12,,,,,N,,,N,,,,,,,4
MCMCC12--L,,,CHORAL MUSIC 12: CONCERT CHOIR Linear,,,,,N,,,N,,,,,,,4
MDCF-12---,,,DANCE FOUNDATIONS 12,,,,,N,,,Y,,,,,,,4
MENST12---,,,ENGLISH STUDIES 12,,,,,N,,,N,,,,,,,4
MMAP-11---,,,MARKETING AND PROMOTION 11,,,,,N,,,Y,,,,,,,4
MPGEO12---,,,PHYSICAL GEOGRAPHY 12,,,,,N,,,N,,,,,,,4
MPH--12---,,,PHYSICS 12,,,,,N,,,N,,,,,,,4
MPREC12---,,,PRE-CALCULUS 12,,,,,N,,,N,,,,,,,4
MWH--12---,,,20th CENTURY WORLD HISTORY 12,,,,,N,,,N,,,,,,,4
YCPA-2AX-L,,,COMMUNITY LEADERSHIP 12 Linear,,,,,N,,,N,,,,,,,4
YPSYC1AX--,,,PSYCHOLOGY 11,,,,,N,,,N,,,,,,,4
ID,1130,Grade,11,,,,,,,,,,,,,,,
Course,,,,Description,,,Recommended,,,Alternate,,,,Alternate Courses,,,,Credit
AELC-12---,,,AP ENGLISH LITERATURE & COMPOSITION 12,,,,,N,,,N,,,,,,,4
MACLV12---,,,ACTIVE LIVING 12,,,,,N,,,Y,,,,,,,4
MCALC12---,,,CALCULUS 12,,,,,N,,,N,,,,,,,4
MCH--12---,,,CHEMISTRY 12,,,,,N,,,N,,,,,,,4
MCLC-12--L,,,CAREER LIFE CONNECTIONS Linear,,,,,N,,,N,,,,,,,4
MFOOD12---,,,FOOD STUDIES 12,,,,,N,,,Y,,,,,,,4
MLTST12---,,,LITERARY STUDIES 12,,,,,N,,,N,,,,,,,4
MPGEO12---,,,PHYSICAL GEOGRAPHY 12,,,,,N,,,N,,,,,,,4
MPH--12---,,,PHYSICS 12,,,,,N,,,N,,,,,,,4
MPREC12---,,,PRE-CALCULUS 12,,,,,N,,,N,,,,,,,4
YED--2FX-L,,,SCHOLARSHIP PREPARATION 12 LINEAR,,,,,N,,,N,,,,,,,4
ID,1131,Grade,11,,,,,,,,,,,,,,,
Course,,,,Description,,,Recommended,,,Alternate,,,,Alternate Courses,,,,Credit
MATPH12---,,,ANATOMY AND PHYSIOLOGY 12,,,,,N,,,N,,,,,,,4
MCALC12---,,,CALCULUS 12,,,,,N,,,N,,,,,,,4
MCLC-12--L,,,CAREER LIFE CONNECTIONS Linear,,,,,N,,,N,,,,,,,4
MDMD-12D--,,,3D ANIMATION 12,,,,,N,,,Y,,,,,,,4
MENST12---,,,ENGLISH STUDIES 12,,,,,N,,,N,,,,,,,4
MLST-12---,,,LAW STUDIES 12,,,,,N,,,N,,,,,,,4
MMACS11---,,,COMPUTER SCIENCE 11,,,,,N,,,N,,,,,,,4
MPREC12---,,,PRE-CALCULUS 12,,,,,N,,,N,,,,,,,4
MVAPH11---,,,PHOTOGRAPHY 11,,,,,N,,,Y,,,,,,,4
ID,1132,Grade,11,,,,,,,,,,,,,,,
Course,,,,Description,,,Recommended,,,Alternate,,,,Alternate Courses,,,,Credit
ACAL-12---,,,AP CALCULUS AB 12 external credential,,,,,N,,,N,,,,,,,4
MCALC12---,,,CALCULUS 12,,,,,N,,,Y,,,,,,,4
MCLC-12--L,,,CAREER LIFE CONNECTIONS Linear,,,,,N,,,N,,,,,,,4
MEC--12---,,,ECONOMICS 12,,,,,N,,,N,,,,,,,4
MENST12C--,,,ENGLISH STUDIES 12 CHALLENGE,,,,,N,,,N,,,,,,,4
MENT-12---,,,ENTREPRENEURSHIP 12,,,,,N,,,N,,,,,,,4
MLST-12---,,,LAW STUDIES 12,,,,,N,,,N,,,,,,,4
MPH--12---,,,PHYSICS 12,,,,,N,,,N,,,,,,,4
MPREC12---,,,PRE-CALCULUS 12,,,,,N,,,Y,,,,,,,4
MPREC12H--,,,PRE-CALCULUS 12 HONOURS,,,,,N,,,N,,,,,,,4
YCPA-2AX-L,,,COMMUNITY LEADERSHIP 12 Linear,,,,,N,,,N,,,,,,,4
YED--2FX-L,,,SCHOLARSHIP PREPARATION 12 LINEAR,,,,,N,,,N,,,,,,,4
ID,1133,Grade,11,,,,,,,,,,,,,,,
Course,,,,Description,,,Recommended,,,Alternate,,,,Alternate Courses,,,,Credit
ACAL-12---,,,AP CALCULUS AB 12 external credential,,,,,N,,,N,,,,,,,4
AELC-12---,,,AP ENGLISH LITERATURE & COMPOSITION 12,,,,,N,,,N,,,,,,,4
MCH--12---,,,CHEMISTRY 12,,,,,N,,,Y,,,,,,,4
MCLC-12--L,,,CAREER LIFE CONNECTIONS Linear,,,,,N,,,N,,,,,,,4
MDRM-12---,,,DRAMA 12,,,,,N,,,Y,,,,,,,4
MFOOD12---,,,FOOD STUDIES 12,,,,,N,,,N,,,,,,,4
MIMCB12--L,,,INSTRUMENTAL MUSIC 12: CONCERT BAND LINEAR,,,,,N,,,N,,,,,,,4
MIMJB12--L,,,INSTRUMENTAL MUSIC 12: JAZZ BAND LINEAR,,,,,N,,,N,,,,,,,4
MLTST12---,,,LITERARY STUDIES 12,,,,,N,,,N,,,,,,,4
MMUOR12S-L,,,INSTRUMENTAL MUSIC: ORCHESTRA 12 Strings Linear,,,,,N,,,N,,,,,,,4
MPH--12---,,,PHYSICS 12,,,,,N,,,N,,,,,,,4
MPREC12H--,,,PRE-CALCULUS 12 HONOURS,,,,,N,,,N,,,,,,,4
YLAW-2CX--,,,CRIMINOLOGY 12,,,,,N,,,Y,,,,,,,4
ID,1134,Grade,11,,,,,,,,,,,,,,,
Course,,,,Description,,,Recommended,,,Alternate,,,,Alternate Courses,,,,Credit
APHM-12---,,,AP PHYSICS C (MECHANICS) 12 external credential,,,,,N,,,N,,,,,,,4
MCALC12---,,,CALCULUS 12,,,,,N,,,Y,,,,,,,4
MCALC12---,,,CALCULUS 12,,,,,N,,,N,,,,,,,4
MCH--12---,,,CHEMISTRY 12,,,,,N,,,N,,,,,,,4
MCLC-12--L,,,CAREER LIFE CONNECTIONS Linear,,,,,N,,,N,,,,,,,4
MENR-12---,,,ENGINEERING 12,,,,,N,,,N,,,,,,,4
MENST12---,,,ENGLISH STUDIES 12,,,,,N,,,N,,,,,,,4
MPH--12---,,,PHYSICS 12,,,,,N,,,Y,,,,,,,4
MPREC12---,,,PRE-CALCULUS 12,,,,,N,,,N,,,,,,,4
MTROB12---,,,ROBOTICS 12,,,,,N,,,N,,,,,,,4
MTROB12--L,,,ROBOTICS 12 LINEAR,,,,,N,,,N,,,,,,,4
YED--2FX-L,,,SCHOLARSHIP PREPARATION 12 LINEAR,,,,,N,,,N,,,,,,,4
ID,1135,Grade,11,,,,,,,,,,,,,,,
Course,,,,Description,,,Recommended,,,Alternate,,,,Alternate Courses,,,,Credit
MCLC-12--L,,,CAREER LIFE CONNECTIONS Linear,,,,,N,,,N,,,,,,,4
MCMPR11AI-,,,COMPUTER PROGRAMMING 11 AI and Games,,,,,N,,,N,,,,,,,4
MENST12---,,,ENGLISH STUDIES 12,,,,,N,,,N,,,,,,,4
MFOOD12---,,,FOOD STUDIES 12,,,,,N,,,N,,,,,,,4
MMACS11---,,,COMPUTER SCIENCE 11,,,,,N,,,Y,,,,,,,4
MTAUT12---,,,AUTOMOTIVE TECHNOLOGY 12,,,,,N,,,N,,,,,,,4
MTEAD12---,,,ENGINE AND DRIVETRAIN 12,,,,,N,,,N,,,,,,,4
MWWK-12---,,,WOODWORK 12,,,,,N,,,N,,,,,,,4
ID,1136,Grade,11,,,,,,,,,,,,,,,
Course,,,,Description,,,Recommended,,,Alternate,,,,Alternate Courses,,,,Credit
MATPH12---,,,ANATOMY AND PHYSIOLOGY 12,,,,,N,,,N,,,,,,,4
MCLC-12--L,,,CAREER LIFE CONNECTIONS Linear,,,,,N,,,N,,,,,,,4
MCMCL12---,,,COMPARATIVE CULTURES 12,,,,,N,,,N,,,,,,,4
MEC--12---,,,ECONOMICS 12,,,,,N,,,N,,,,,,,4
MENFP12---,,,ENGLISH FIRST PEOPLES 12,,,,,N,,,N,,,,,,,4
MMEDD12---,,,MEDIA DESIGN 12,,,,,N,,,Y,,,,,,,4
MPREC12---,,,PRE-CALCULUS 12,,,,,N,,,N,,,,,,,4
MSJ--12---,,,SOCIAL JUSTICE 12,,,,,N,,,N,,,,,,,4
MVAPH12---,,,PHOTOGRAPHY 12,,,,,N,,,N,,,,,,,4
MWH--12---,,,20th CENTURY WORLD HISTORY 12,,,,,N,,,N,,,,,,,4
YCPA-2AXE-,,,COMMUNITY LEADERSHIP 12,,,,,N,,,N,,,,,,,4
YED--2FX-L,,,SCHOLARSHIP PREPARATION 12 LINEAR,,,,,N,,,N,,,,,,,4
ID,1137,Grade,11,,,,,,,,,,,,,,,
Course,,,,Description,,,Recommended,,,Alternate,,,,Alternate Courses,,,,Credit
MACC-12---,,,ACCOUNTING 12,,,,,N,,,N,,,,,,,4
MCALC12---,,,CALCULUS 12,,,,,N,,,N,,,,,,,4
MCLC-12--L,,,CAREER LIFE CONNECTIONS Linear,,,,,N,,,N,,,,,,,4
MEC--12---,,,ECONOMICS 12,,,,,N,,,N,,,,,,,4
MECOM12---,,,E-COMMERCE 12,,,,,N,,,N,,,,,,,4
MENFP12---,,,ENGLISH FIRST PEOPLES 12,,,,,N,,,N,,,,,,,4
MENT-12---,,,ENTREPRENEURSHIP 12,,,,,N,,,Y,,,,,,,4
MIMG-12---,,,INSTRUMENTAL MUSIC 12: GUITAR,,,,,N,,,Y,,,,,,,4
MLST-12---,,,LAW STUDIES 12,,,,,N,,,N,,,,,,,4
MPREC12---,,,PRE-CALCULUS 12,,,,,N,,,N,,,,,,,4
MWWK-12---,,,WOODWORK 12,,,,,N,,,Y,,,,,,,4
PBB--2H,,,CAMOSUN COL BUSINESS 12H,,,,,N,,,N,,,,,,,4
YLRA-2AX-L,,,ATHLETIC LEADERSHIP 12 Linear,,,,,N,,,N,,,,,,,4
ID,1138,Grade,11,,,,,,,,,,,,,,,
Course,,,,Description,,,Recommended,,,Alternate,,,,Alternate Courses,,,,Credit
MCALC12---,,,CALCULUS 12,,,,,N,,,N,,,,,,,4
MCH--12---,,,CHEMISTRY 12,,,,,N,,,N,,,,,,,4
MCLC-12--L,,,CAREER LIFE CONNECTIONS Linear,,,,,N,,,N,,,,,,,4
MENST12---,,,ENGLISH STUDIES 12,,,,,N,,,N,,,,,,,4
MLST-12---,,,LAW STUDIES 12,,,,,N,,,N,,,,,,,4
MPH--11---,,,PHYSICS 11,,,,,N,,,N,,,,,,,4
MPH--12---,,,PHYSICS 12,,,,,N,,,N,,,,,,,4
MPREC12---,,,PRE-CALCULUS 12,,,,,N,,,N,,,,,,,4
MSJ--12---,,,SOCIAL JUSTICE 12,,,,,N,,,N,,,,,,,4
YCPA-2AX-L,,,COMMUNITY LEADERSHIP 12 Linear,,,,,N,,,N,,,,,,,4
YLAW-2CX--,,,CRIMINOLOGY 12,,,,,N,,,Y,,,,,,,4
YPSYC1AX--,,,PSYCHOLOGY 11,,,,,N,,,Y,,,,,,,4
ID,1139,Grade,11,,,,,,,,,,,,,,,
Course,,,,Description,,,Recommended,,,Alternate,,,,Alternate Courses,,,,Credit
AELC-12---,,,AP ENGLISH LITERATURE & COMPOSITION 12,,,,,N,,,N,,,,,,,4
APHM-12---,,,AP PHYSICS C (MECHANICS) 12 external credential,,,,,N,,,N,,,,,,,4
MCALC12---,,,CALCULUS 12,,,,,N,,,N,,,,,,,4
MCH--12---,,,CHEMISTRY 12,,,,,N,,,N,,,,,,,4
MCLC-12--L,,,CAREER LIFE CONNECTIONS Linear,,,,,N,,,N,,,,,,,4
MENR-12---,,,ENGINEERING 12,,,,,N,,,N,,,,,,,4
MFOOD12---,,,FOOD STUDIES 12,,,,,N,,,Y,,,,,,,4
MGRPR12--L,,,GRAPHIC PRODUCTION 12 LINEAR,,,,,N,,,N,,,,,,,4
MLTST12---,,,LITERARY STUDIES 12,,,,,N,,,N,,,,,,,4
MPREC12H--,,,PRE-CALCULUS 12 HONOURS,,,,,N,,,N,,,,,,,4
MTXT-12---,,,TEXTILES 12,,,,,N,,,Y,,,,,,,4
MVAST12---,,,ART STUDIO 12,,,,,N,,,Y,,,,,,,4
YLRA-2AX-L,,,ATHLETIC LEADERSHIP 12 Linear,,,,,N,,,N,,,,,,,4
ID,1140,Grade,11,,,,,,,,,,,,,,,
Course,,,,Description,,,Recommended,,,Alternate,,,,Alternate Courses,,,,Credit
MACLV12---,,,ACTIVE LIVING 12,,,,,N,,,N,,,,,,,4
MCLC-12--L,,,CAREER LIFE CONNECTIONS Linear,,,,,N,,,N,,,,,,,4
MDRM-12---,,,DRAMA 12,,,,,N,,,N,,,,,,,4
MENFP12---,,,ENGLISH FIRST PEOPLES 12,,,,,N,,,N,,,,,,,4
MFOOD12---,,,FOOD STUDIES 12,,,,,N,,,N,,,,,,,4
MIMCB12--L,,,INSTRUMENTAL MUSIC 12: CONCERT BAND LINEAR,,,,,N,,,N,,,,,,,4
MIMJB12--L,,,INSTRUMENTAL MUSIC 12: JAZZ BAND LINEAR,,,,,N,,,N,,,,,,,4
YHRA-2AX--,,,CROSS TRAINING 12,,,,,N,,,N,,,,,,,4
ID,1141,Grade,11,,,,,,,,,,,,,,,
Course,,,,Description,,,Recommended,,,Alternate,,,,Alternate Courses,,,,Credit
ACAL-12---,,,AP CALCULUS AB 12 external credential,,,,,N,,,N,,,,,,,4
MACC-12---,,,ACCOUNTING 12,,,,,N,,,Y,,,,,,,4
MCLC-12--L,,,CAREER LIFE CONNECTIONS Linear,,,,,N,,,N,,,,,,,4
MEC--12---,,,ECONOMICS 12,,,,,N,,,N,,,,,,,4
MENST12C--,,,ENGLISH STUDIES 12 CHALLENGE,,,,,N,,,N,,,,,,,4
MEVSC12C--,,,ENVIRONMENTAL SCIENCE 12 - CLIMATE CHANGE,,,,,N,,,N,,,,,,,4
MIMCB12--L,,,INSTRUMENTAL MUSIC 12: CONCERT BAND LINEAR,,,,,N,,,N,,,,,,,4
MLST-12---,,,LAW STUDIES 12,,,,,N,,,Y,,,,,,,4
MPREC12---,,,PRE-CALCULUS 12,,,,,N,,,N,,,,,,,4
MSP--12---,,,SPANISH 12,,,,,N,,,N,,,,,,,4
YCPA-2AXE-,,,COMMUNITY LEADERSHIP 12,,,,,N,,,N,,,,,,,4
YED--2FX-L,,,SCHOLARSHIP PREPARATION 12 LINEAR,,,,,N,,,N,,,,,,,4
ID,1142,Grade,11,,,,,,,,,,,,,,,
Course,,,,Description,,,Recommended,,,Alternate,,,,Alternate Courses,,,,Credit
MAC--11---,,,ACCOUNTING 11,,,,,N,,,N,,,,,,,4
MACC-12---,,,ACCOUNTING 12,,,,,N,,,N,,,,,,,4
MATPH12---,,,ANATOMY AND PHYSIOLOGY 12,,,,,N,,,N,,,,,,,4
MCLC-12--L,,,CAREER LIFE CONNECTIONS Linear,,,,,N,,,N,,,,,,,4
MECOM12---,,,E-COMMERCE 12,,,,,N,,,N,,,,,,,4
MENFP12---,,,ENGLISH FIRST PEOPLES 12,,,,,N,,,N,,,,,,,4
MPREC11---,,,PRE-CALCULUS 11,,,,,N,,,N,,,,,,,4
MPREC12---,,,PRE-CALCULUS 12,,,,,N,,,N,,,,,,,4
PBB--2H,,,CAMOSUN COL BUSINESS 12H,,,,,N,,,N,,,,,,,4
ID,1143,Grade,11,,,,,,,,,,,,,,,
Course,,,,Description,,,Recommended,,,Alternate,,,,Alternate Courses,,,,Credit
MACLV12---,,,ACTIVE LIVING 12,,,,,N,,,N,,,,,,,4
MCLC-12--L,,,CAREER LIFE CONNECTIONS Linear,,,,,N,,,N,,,,,,,4
MENST12---,,,ENGLISH STUDIES 12,,,,,N,,,N,,,,,,,4
MFOOD12---,,,FOOD STUDIES 12,,,,,N,,,N,,,,,,,4
MTAUT12---,,,AUTOMOTIVE TECHNOLOGY 12,,,,,N,,,N,,,,,,,4
MTEAD12---,,,ENGINE AND DRIVETRAIN 12,,,,,N,,,N,,,,,,,4
MTROB12---,,,ROBOTICS 12,,,,,N,,,N,,,,,,,4
YHRA-2AX--,,,CROSS TRAINING 12,,,,,N,,,N,,,,,,,4
ID,1144,Grade,11,,,,,,,,,,,,,,,
Course,,,,Description,,,Recommended,,,Alternate,,,,Alternate Courses,,,,Credit
ACAL-12---,,,AP CALCULUS AB 12 external credential,,,,,N,,,N,,,,,,,4
MCH--12---,,,CHEMISTRY 12,,,,,N,,,N,,,,,,,4
MCLC-12--L,,,CAREER LIFE CONNECTIONS Linear,,,,,N,,,N,,,,,,,4
MENFP12---,,,ENGLISH FIRST PEOPLES 12,,,,,N,,,N,,,,,,,4
MENR-12---,,,ENGINEERING 12,,,,,N,,,N,,,,,,,4
MPH--12---,,,PHYSICS 12,,,,,N,,,N,,,,,,,4
MPREC12---,,,PRE-CALCULUS 12,,,,,N,,,N,,,,,,,4
MTDRF12---,,,DRAFTING 12,,,,,N,,,N,,,,,,,4
ID,1145,Grade,11,,,,,,,,,,,,,,,
Course,,,,Description,,,Recommended,,,Alternate,,,,Alternate Courses,,,,Credit
MATPH12---,,,ANATOMY AND PHYSIOLOGY 12,,,,,N,,,N,,,,,,,4
MCALC12---,,,CALCULUS 12,,,,,N,,,N,,,,,,,4
MCH--11---,,,CHEMISTRY 11,,,,,N,,,N,,,,,,,4
MCH--12---,,,CHEMISTRY 12,,,,,N,,,N,,,,,,,4
MCLC-12--L,,,CAREER LIFE CONNECTIONS Linear,,,,,N,,,N,,,,,,,4
MENFP12---,,,ENGLISH FIRST PEOPLES 12,,,,,N,,,N,,,,,,,4
MEVSC12C--,,,ENVIRONMENTAL SCIENCE 12 - CLIMATE CHANGE,,,,,N,,,N,,,,,,,4
MODED12---,,,OUTDOOR EDUCATION 12,,,,,N,,,Y,,,,,,,4
MPGEO12---,,,PHYSICAL GEOGRAPHY 12,,,,,N,,,N,,,,,,,4
MPH--12---,,,PHYSICS 12,,,,,N,,,N,,,,,,,4
ID,1146,Grade,11,,,,,,,,,,,,,,,
Course,,,,Description,,,Recommended,,,Alternate,,,,Alternate Courses,,,,Credit
MCLC-12--L,,,CAREER LIFE CONNECTIONS Linear,,,,,N,,,N,,,,,,,4
MDCF-12---,,,DANCE FOUNDATIONS 12,,,,,N,,,N,,,,,,,4
MDNC-12--L,,,DANCE 12: CHOREOGRAPHY Linear,,,,,N,,,N,,,,,,,4
MDNCM12--L,,,DANCE COMPANY 12 Linear,,,,,N,,,N,,,,,,,4
MDNTP12---,,,DANCE TECHNIQUE AND PERFORMANCE 12,,,,,N,,,Y,,,,,,,4
MDRM-12---,,,DRAMA 12,,,,,N,,,N,,,,,,,4
MENFP12---,,,ENGLISH FIRST PEOPLES 12,,,,,N,,,N,,,,,,,4
MEVSC11---,,,ENVIRONMENTAL SCIENCE 11,,,,,N,,,N,,,,,,,4
MFOOD12---,,,FOOD STUDIES 12,,,,,N,,,N,,,,,,,4
MSJ--12---,,,SOCIAL JUSTICE 12,,,,,N,,,N,,,,,,,4
MTXT-12---,,,TEXTILES 12,,,,,N,,,Y,,,,,,,4
YED--2CX--,,,LEARNING STRATEGIES 12,,,,,N,,,N,,,,,,,4
ID,1147,Grade,11,,,,,,,,,,,,,,,
Course,,,,Description,,,Recommended,,,Alternate,,,,Alternate Courses,,,,Credit
MATPH12---,,,ANATOMY AND PHYSIOLOGY 12,,,,,N,,,N,,,,,,,4
MCLC-12--L,,,CAREER LIFE CONNECTIONS Linear,,,,,N,,,N,,,,,,,4
MCMCL12---,,,COMPARATIVE CULTURES 12,,,,,N,,,N,,,,,,,4
MDRM-12---,,,DRAMA 12,,,,,N,,,Y,,,,,,,4
MENST12---,,,ENGLISH STUDIES 12,,,,,N,,,N,,,,,,,4
MEVSC12C--,,,ENVIRONMENTAL SCIENCE 12 - CLIMATE CHANGE,,,,,N,,,N,,,,,,,4
MTAUT12---,,,AUTOMOTIVE TECHNOLOGY 12,,,,,N,,,N,,,,,,,4
MTEAD12---,,,ENGINE AND DRIVETRAIN 12,,,,,N,,,N,,,,,,,4
MTXT-12---,,,TEXTILES 12,,,,,N,,,N,,,,,,,4
MWH--12---,,,20th CENTURY WORLD HISTORY 12,,,,,N,,,N,,,,,,,4
YED--2FX-L,,,SCHOLARSHIP PREPARATION 12 LINEAR,,,,,N,,,N,,,,,,,4
ID,1148,Grade,11,,,,,,,,,,,,,,,
Course,,,,Description,,,Recommended,,,Alternate,,,,Alternate Courses,,,,Credit
MCALC12---,,,CALCULUS 12,,,,,N,,,N,,,,,,,4
MCH--12---,,,CHEMISTRY 12,,,,,N,,,N,,,,,,,4
MCLC-12--L,,,CAREER LIFE CONNECTIONS Linear,,,,,N,,,N,,,,,,,4
MDNC-12--L,,,DANCE 12: CHOREOGRAPHY Linear,,,,,N,,,N,,,,,,,4
MDNCM12--L,,,DANCE COMPANY 12 Linear,,,,,N,,,N,,,,,,,4
MDNCN12---,,,DANCE CONDITIONING 12,,,,,N,,,N,,,,,,,4
MDNTP12---,,,DANCE TECHNIQUE AND PERFORMANCE 12,,,,,N,,,Y,,,,,,,4
MENFP12---,,,ENGLISH FIRST PEOPLES 12,,,,,N,,,N,,,,,,,4
MFOOD12---,,,FOOD STUDIES 12,,,,,N,,,Y,,,,,,,4
MINST12---,,,CONTEMPORARY INDIGENOUS STUDIES 12,,,,,N,,,N,,,,,,,4
MPREC12---,,,PRE-CALCULUS 12,,,,,N,,,N,,,,,,,4
MSJ--12---,,,SOCIAL JUSTICE 12,,,,,N,,,N,,,,,,,4
MTAUT12---,,,AUTOMOTIVE TECHNOLOGY 12,,,,,N,,,N,,,,,,,4
YED--2DX-L,,,PEER TUTORING 12 LINEAR,,,,,N,,,N,,,,,,,4
YED--2FX-L,,,SCHOLARSHIP PREPARATION 12 LINEAR,,,,,N,,,N,,,,,,,4
ID,1149,Grade,11,,,,,,,,,,,,,,,
Course,,,,Description,,,Recommended,,,Alternate,,,,Alternate Courses,,,,Credit
MATPH12---,,,ANATOMY AND PHYSIOLOGY 12,,,,,N,,,N,,,,,,,4
MCH--12---,,,CHEMISTRY 12,,,,,N,,,N,,,,,,,4
MCLC-12--L,,,CAREER LIFE CONNECTIONS Linear,,,,,N,,,N,,,,,,,4
MENST12---,,,ENGLISH STUDIES 12,,,,,N,,,N,,,,,,,4
MFOOD12---,,,FOOD STUDIES 12,,,,,N,,,N,,,,,,,4
MSJ--12---,,,SOCIAL JUSTICE 12,,,,,N,,,N,,,,,,,4
MTXT-12---,,,TEXTILES 12,,,,,N,,,Y,,,,,,,4
YED--2FX-L,,,SCHOLARSHIP PREPARATION 12 LINEAR,,,,,N,,,N,,,,,,,4
YPSYC1AX--,,,PSYCHOLOGY 11,,,,,N,,,N,,,,,,,4
ID,1150,Grade,11,,,,,,,,,,,,,,,
Course,,,,Description,,,Recommended,,,Alternate,,,,Alternate Courses,,,,Credit
MCALC12---,,,CALCULUS 12,,,,,N,,,N,,,,,,,4
MCH--11---,,,CHEMISTRY 11,,,,,N,,,N,,,,,,,4
MCH--12---,,,CHEMISTRY 12,,,,,N,,,N,,,,,,,4
MCLC-12--L,,,CAREER LIFE CONNECTIONS Linear,,,,,N,,,N,,,,,,,4
MFOOD12---,,,FOOD STUDIES 12,,,,,N,,,N,,,,,,,4
MLST-12---,,,LAW STUDIES 12,,,,,N,,,N,,,,,,,4
MODED12---,,,OUTDOOR EDUCATION 12,,,,,N,,,Y,,,,,,,4
MPREC12---,,,PRE-CALCULUS 12,,,,,N,,,N,,,,,,,4
MVAST12---,,,ART STUDIO 12,,,,,N,,,N,,,,,,,4
YPSYC1AX--,,,PSYCHOLOGY 11,,,,,N,,,Y,,,,,,,4
ID,1151,Grade,11,,,,,,,,,,,,,,,
Course,,,,Description,,,Recommended,,,Alternate,,,,Alternate Courses,,,,Credit
MACLV12G--,,,ACTIVE LIVING 12 Girls,,,,,N,,,N,,,,,,,4
MATPH12---,,,ANATOMY AND PHYSIOLOGY 12,,,,,N,,,N,,,,,,,4
MBSP-11---,,,INTRODUCTORY SPANISH 11,,,,,N,,,N,,,,,,,4
MCLC-12---,,,CAREER LIFE CONNECTIONS,,,,,N,,,N,,,,,,,4
MENFP12---,,,ENGLISH FIRST PEOPLES 12,,,,,N,,,N,,,,,,,4
MLFSC11---,,,LIFE SCIENCES 11,,,,,N,,,Y,,,,,,,4
MSP--10---,,,SPANISH 10,,,,,N,,,Y,,,,,,,4
MSP--11---,,,SPANISH 11,,,,,N,,,Y,,,,,,,4
MSP--12---,,,SPANISH 12,,,,,N,,,Y,,,,,,,4
MTXT-12---,,,TEXTILES 12,,,,,N,,,Y,,,,,,,4
YPA--2CX--,,,YOGA FOR MINDFULNESS 12,,,,,N,,,Y,,,,,,,4
ID,1152,Grade,11,,,,,,,,,,,,,,,
Course,,,,Description,,,Recommended,,,Alternate,,,,Alternate Courses,,,,Credit
MATPH12---,,,ANATOMY AND PHYSIOLOGY 12,,,,,N,,,N,,,,,,,4
MCLC-12--L,,,CAREER LIFE CONNECTIONS Linear,,,,,N,,,N,,,,,,,4
MENFP12---,,,ENGLISH FIRST PEOPLES 12,,,,,N,,,N,,,,,,,4
MFOOD12---,,,FOOD STUDIES 12,,,,,N,,,Y,,,,,,,4
MLST-12---,,,LAW STUDIES 12,,,,,N,,,N,,,,,,,4
MPREC12---,,,PRE-CALCULUS 12,,,,,N,,,N,,,,,,,4
MTAUT12---,,,AUTOMOTIVE TECHNOLOGY 12,,,,,N,,,N,,,,,,,4
MWWK-12---,,,WOODWORK 12,,,,,N,,,Y,,,,,,,4
YED--2CX--,,,LEARNING STRATEGIES 12,,,,,N,,,N,,,,,,,4
YLAW-2CX--,,,CRIMINOLOGY 12,,,,,N,,,N,,,,,,,4
ID,1153,Grade,11,,,,,,,,,,,,,,,
Course,,,,Description,,,Recommended,,,Alternate,,,,Alternate Courses,,,,Credit
MCLC-12--L,,,CAREER LIFE CONNECTIONS Linear,,,,,N,,,N,,,,,,,4
MEC--12---,,,ECONOMICS 12,,,,,N,,,N,,,,,,,4
MENST12---,,,ENGLISH STUDIES 12,,,,,N,,,N,,,,,,,4
MEVSC12C--,,,ENVIRONMENTAL SCIENCE 12 - CLIMATE CHANGE,,,,,N,,,N,,,,,,,4
MFOOD12---,,,FOOD STUDIES 12,,,,,N,,,Y,,,,,,,4
MIMCB12--L,,,INSTRUMENTAL MUSIC 12: CONCERT BAND LINEAR,,,,,N,,,N,,,,,,,4
MPREC11---,,,PRE-CALCULUS 11,,,,,N,,,N,,,,,,,4
MPREC12---,,,PRE-CALCULUS 12,,,,,N,,,N,,,,,,,4
YLRA-2AX-L,,,ATHLETIC LEADERSHIP 12 Linear,,,,,N,,,N,,,,,,,4
ID,1154,Grade,11,,,,,,,,,,,,,,,
Course,,,,Description,,,Recommended,,,Alternate,,,,Alternate Courses,,,,Credit
MACC-12---,,,ACCOUNTING 12,,,,,N,,,N,,,,,,,4
MCALC12---,,,CALCULUS 12,,,,,N,,,N,,,,,,,4
MCLC-12--L,,,CAREER LIFE CONNECTIONS Linear,,,,,N,,,N,,,,,,,4
MENST12---,,,ENGLISH STUDIES 12,,,,,N,,,N,,,,,,,4
MPGEO12---,,,PHYSICAL GEOGRAPHY 12,,,,,N,,,N,,,,,,,4
MPREC12---,,,PRE-CALCULUS 12,,,,,N,,,N,,,,,,,4
MWH--12---,,,20th CENTURY WORLD HISTORY 12,,,,,N,,,N,,,,,,,4
ID,1155,Grade,11,,,,,,,,,,,,,,,
Course,,,,Description,,,Recommended,,,Alternate,,,,Alternate Courses,,,,Credit
MCLC-12--L,,,CAREER LIFE CONNECTIONS Linear,,,,,N,,,N,,,,,,,4
MDNC-12--L,,,DANCE 12: CHOREOGRAPHY Linear,,,,,N,,,N,,,,,,,4
MDNCM12--L,,,DANCE COMPANY 12 Linear,,,,,N,,,N,,,,,,,4
MDNTP12---,,,DANCE TECHNIQUE AND PERFORMANCE 12,,,,,N,,,N,,,,,,,4
MENFP12---,,,ENGLISH FIRST PEOPLES 12,,,,,N,,,N,,,,,,,4
MINST12---,,,CONTEMPORARY INDIGENOUS STUDIES 12,,,,,N,,,N,,,,,,,4
MPREC12---,,,PRE-CALCULUS 12,,,,,N,,,Y,,,,,,,4
MSJ--12---,,,SOCIAL JUSTICE 12,,,,,N,,,N,,,,,,,4
MSP--12---,,,SPANISH 12,,,,,N,,,N,,,,,,,4
YLAW-2CX--,,,CRIMINOLOGY 12,,,,,N,,,N,,,,,,,4
YPSYC1AX--,,,PSYCHOLOGY 11,,,,,N,,,N,,,,,,,4
ID,1156,Grade,11,,,,,,,,,,,,,,,
Course,,,,Description,,,Recommended,,,Alternate,,,,Alternate Courses,,,,Credit
MBSP-11---,,,INTRODUCTORY SPANISH 11,,,,,N,,,Y,,,,,,,4
MCLC-12--L,,,CAREER LIFE CONNECTIONS Linear,,,,,N,,,N,,,,,,,4
MCMCL12---,,,COMPARATIVE CULTURES 12,,,,,N,,,N,,,,,,,4
MDCF-12---,,,DANCE FOUNDATIONS 12,,,,,N,,,N,,,,,,,4
MDNC-12--L,,,DANCE 12: CHOREOGRAPHY Linear,,,,,N,,,N,,,,,,,4
MDNCM12--L,,,DANCE COMPANY 12 Linear,,,,,N,,,N,,,,,,,4
MENST12---,,,ENGLISH STUDIES 12,,,,,N,,,N,,,,,,,4
MFOOD12---,,,FOOD STUDIES 12,,,,,N,,,N,,,,,,,4
MLST-12---,,,LAW STUDIES 12,,,,,N,,,N,,,,,,,4
MSJ--12---,,,SOCIAL JUSTICE 12,,,,,N,,,N,,,,,,,4
MTAUT12---,,,AUTOMOTIVE TECHNOLOGY 12,,,,,N,,,Y,,,,,,,4
MTXT-12---,,,TEXTILES 12,,,,,N,,,N,,,,,,,4
YPA--2CX--,,,YOGA FOR MINDFULNESS 12,,,,,N,,,N,,,,,,,4
ID,1157,Grade,11,,,,,,,,,,,,,,,
Course,,,,Description,,,Recommended,,,Alternate,,,,Alternate Courses,,,,Credit
AELC-12---,,,AP ENGLISH LITERATURE & COMPOSITION 12,,,,,N,,,N,,,,,,,4
MCALC12---,,,CALCULUS 12,,,,,N,,,N,,,,,,,4
MCH--12---,,,CHEMISTRY 12,,,,,N,,,N,,,,,,,4
MCLC-12--L,,,CAREER LIFE CONNECTIONS Linear,,,,,N,,,N,,,,,,,4
MFOOD12---,,,FOOD STUDIES 12,,,,,N,,,Y,,,,,,,4
MLTST12---,,,LITERARY STUDIES 12,,,,,N,,,N,,,,,,,4
MPH--12---,,,PHYSICS 12,,,,,N,,,N,,,,,,,4
MPREC12---,,,PRE-CALCULUS 12,,,,,N,,,N,,,,,,,4
MTAUT12---,,,AUTOMOTIVE TECHNOLOGY 12,,,,,N,,,N,,,,,,,4
MTXT-12---,,,TEXTILES 12,,,,,N,,,Y,,,,,,,4
YCPA-2AX-L,,,COMMUNITY LEADERSHIP 12 Linear,,,,,N,,,N,,,,,,,4
YED--2DX-L,,,PEER TUTORING 12 LINEAR,,,,,N,,,N,,,,,,,4
YED--2FX-L,,,SCHOLARSHIP PREPARATION 12 LINEAR,,,,,N,,,N,,,,,,,4
ID,1158,Grade,11,,,,,,,,,,,,,,,
Course,,,,Description,,,Recommended,,,Alternate,,,,Alternate Courses,,,,Credit
AELC-12---,,,AP ENGLISH LITERATURE & COMPOSITION 12,,,,,N,,,N,,,,,,,4
MCLC-12--L,,,CAREER LIFE CONNECTIONS Linear,,,,,N,,,N,,,,,,,4
MFOOD12---,,,FOOD STUDIES 12,,,,,N,,,Y,,,,,,,4
MIMCB12--L,,,INSTRUMENTAL MUSIC 12: CONCERT BAND LINEAR,,,,,N,,,N,,,,,,,4
MIMJB12--L,,,INSTRUMENTAL MUSIC 12: JAZZ BAND LINEAR,,,,,N,,,N,,,,,,,4
MLTST12---,,,LITERARY STUDIES 12,,,,,N,,,N,,,,,,,4
MMEDD12---,,,MEDIA DESIGN 12,,,,,N,,,N,,,,,,,4
MPGEO12---,,,PHYSICAL GEOGRAPHY 12,,,,,N,,,N,,,,,,,4
MSJ--12---,,,SOCIAL JUSTICE 12,,,,,N,,,N,,,,,,,4
MTDRF12---,,,DRAFTING 12,,,,,N,,,Y,,,,,,,4
MVAST12---,,,ART STUDIO 12,,,,,N,,,N,,,,,,,4
YED--2FX-L,,,SCHOLARSHIP PREPARATION 12 LINEAR,,,,,N,,,N,,,,,,,4
YLRA-2AX-L,,,ATHLETIC LEADERSHIP 12 Linear,,,,,N,,,N,,,,,,,4
ID,1159,Grade,11,,,,,,,,,,,,,,,
Course,,,,Description,,,Recommended,,,Alternate,,,,Alternate Courses,,,,Credit
MDMD-12D--,,,3D ANIMATION 12,,,,,N,,,N,,,,,,,4
MDRM-12---,,,DRAMA 12,,,,,N,,,N,,,,,,,4
MENFP12---,,,ENGLISH FIRST PEOPLES 12,,,,,N,,,N,,,,,,,4
MFOOD12---,,,FOOD STUDIES 12,,,,,N,,,N,,,,,,,4
MTROB12---,,,ROBOTICS 12,,,,,N,,,N,,,,,,,4
MWPM-11---,,,WORKPLACE MATHEMATICS 11,,,,,N,,,N,,,,,,,4
ID,1160,Grade,11,,,,,,,,,,,,,,,
Course,,,,Description,,,Recommended,,,Alternate,,,,Alternate Courses,,,,Credit
MATPH12---,,,ANATOMY AND PHYSIOLOGY 12,,,,,N,,,N,,,,,,,4
MCH--12---,,,CHEMISTRY 12,,,,,N,,,N,,,,,,,4
MCLC-12--L,,,CAREER LIFE CONNECTIONS Linear,,,,,N,,,N,,,,,,,4
MENFP12---,,,ENGLISH FIRST PEOPLES 12,,,,,N,,,N,,,,,,,4
MEVSC11---,,,ENVIRONMENTAL SCIENCE 11,,,,,N,,,Y,,,,,,,4
MPH--11---,,,PHYSICS 11,,,,,N,,,N,,,,,,,4
MPREC12---,,,PRE-CALCULUS 12,,,,,N,,,N,,,,,,,4
MTAUT12---,,,AUTOMOTIVE TECHNOLOGY 12,,,,,N,,,N,,,,,,,4
MWWK-12---,,,WOODWORK 12,,,,,N,,,N,,,,,,,4
YED--2CX--,,,LEARNING STRATEGIES 12,,,,,N,,,Y,,,,,,,4
ID,1161,Grade,11,,,,,,,,,,,,,,,
Course,,,,Description,,,Recommended,,,Alternate,,,,Alternate Courses,,,,Credit
MACLV12---,,,ACTIVE LIVING 12,,,,,N,,,N,,,,,,,4
MCLC-12--L,,,CAREER LIFE CONNECTIONS Linear,,,,,N,,,N,,,,,,,4
MCLE-10---,,,CAREER LIFE EDUCATION 10,,,,,N,,,N,,,,,,,4
MCMPS11---,,,COMPOSITION 11,,,,,N,,,N,,,,,,,4
MEC--12---,,,ECONOMICS 12,,,,,N,,,Y,,,,,,,4
MENFP12---,,,ENGLISH FIRST PEOPLES 12,,,,,N,,,N,,,,,,,4
MEPSS11---,,,EXPLORATIONS IN SOCIAL STUDIES 11,,,,,N,,,N,,,,,,,4
MFOM-11---,,,FOUNDATIONS OF MATHEMATICS 11,,,,,N,,,N,,,,,,,4
MLFSC11---,,,LIFE SCIENCES 11,,,,,N,,,N,,,,,,,4
MSP--12---,,,SPANISH 12,,,,,N,,,N,,,,,,,4
YLAW-2CX--,,,CRIMINOLOGY 12,,,,,N,,,Y,,,,,,,4
ID,1162,Grade,11,,,,,,,,,,,,,,,
Course,,,,Description,,,Recommended,,,Alternate,,,,Alternate Courses,,,,Credit
MACLV12---,,,ACTIVE LIVING 12,,,,,N,,,N,,,,,,,4
MCLC-12--L,,,CAREER LIFE CONNECTIONS Linear,,,,,N,,,N,,,,,,,4
MCMCL12---,,,COMPARATIVE CULTURES 12,,,,,N,,,N,,,,,,,4
MECOM12---,,,E-COMMERCE 12,,,,,N,,,N,,,,,,,4
MENST12---,,,ENGLISH STUDIES 12,,,,,N,,,N,,,,,,,4
MENT-12---,,,ENTREPRENEURSHIP 12,,,,,N,,,N,,,,,,,4
MPREC12---,,,PRE-CALCULUS 12,,,,,N,,,N,,,,,,,4
MWH--12---,,,20th CENTURY WORLD HISTORY 12,,,,,N,,,N,,,,,,,4
PBB--2H,,,CAMOSUN COL BUSINESS 12H,,,,,N,,,N,,,,,,,4
ID,1163,Grade,11,,,,,,,,,,,,,,,
Course,,,,Description,,,Recommended,,,Alternate,,,,Alternate Courses,,,,Credit
MATPH12---,,,ANATOMY AND PHYSIOLOGY 12,,,,,N,,,N,,,,,,,4
MCALC12---,,,CALCULUS 12,,,,,N,,,N,,,,,,,4
MCH--12---,,,CHEMISTRY 12,,,,,N,,,N,,,,,,,4
MCLC-12--L,,,CAREER LIFE CONNECTIONS Linear,,,,,N,,,N,,,,,,,4
MENST12---,,,ENGLISH STUDIES 12,,,,,N,,,N,,,,,,,4
MPREC12---,,,PRE-CALCULUS 12,,,,,N,,,N,,,,,,,4
ID,1164,Grade,11,,,,,,,,,,,,,,,
Course,,,,Description,,,Recommended,,,Alternate,,,,Alternate Courses,,,,Credit
MCALC12---,,,CALCULUS 12,,,,,N,,,N,,,,,,,4
MCH--12---,,,CHEMISTRY 12,,,,,N,,,N,,,,,,,4
MCLC-12--L,,,CAREER LIFE CONNECTIONS Linear,,,,,N,,,N,,,,,,,4
MEC--12---,,,ECONOMICS 12,,,,,N,,,N,,,,,,,4
MENR-12---,,,ENGINEERING 12,,,,,N,,,N,,,,,,,4
MENST12C--,,,ENGLISH STUDIES 12 CHALLENGE,,,,,N,,,N,,,,,,,4
MMUOR12S-L,,,INSTRUMENTAL MUSIC: ORCHESTRA 12 Strings Linear,,,,,N,,,N,,,,,,,4
MPH--12---,,,PHYSICS 12,,,,,N,,,N,,,,,,,4
MPREC12---,,,PRE-CALCULUS 12,,,,,N,,,N,,,,,,,4
MTAUT12---,,,AUTOMOTIVE TECHNOLOGY 12,,,,,N,,,N,,,,,,,4
MTDRF12---,,,DRAFTING 12,,,,,N,,,Y,,,,,,,4
MTEAD12---,,,ENGINE AND DRIVETRAIN 12,,,,,N,,,Y,,,,,,,4
ID,1165,Grade,11,,,,,,,,,,,,,,,
Course,,,,Description,,,Recommended,,,Alternate,,,,Alternate Courses,,,,Credit
MCLC-12---,,,CAREER LIFE CONNECTIONS,,,,,N,,,N,,,,,,,4
MENFP12---,,,ENGLISH FIRST PEOPLES 12,,,,,N,,,N,,,,,,,4
MFOOD12---,,,FOOD STUDIES 12,,,,,N,,,N,,,,,,,4
MSJ--12---,,,SOCIAL JUSTICE 12,,,,,N,,,N,,,,,,,4
ID,1166,Grade,11,,,,,,,,,,,,,,,
Course,,,,Description,,,Recommended,,,Alternate,,,,Alternate Courses,,,,Credit
ACAL-12---,,,AP CALCULUS AB 12 external credential,,,,,N,,,N,,,,,,,4
APHM-12---,,,AP PHYSICS C (MECHANICS) 12 external credential,,,,,N,,,N,,,,,,,4
MCH--12---,,,CHEMISTRY 12,,,,,N,,,N,,,,,,,4
MCLC-12--L,,,CAREER LIFE CONNECTIONS Linear,,,,,N,,,N,,,,,,,4
MENST12---,,,ENGLISH STUDIES 12,,,,,N,,,N,,,,,,,4
MMACS11---,,,COMPUTER SCIENCE 11,,,,,N,,,N,,,,,,,4
MODED12---,,,OUTDOOR EDUCATION 12,,,,,N,,,N,,,,,,,4
MTAUT12---,,,AUTOMOTIVE TECHNOLOGY 12,,,,,N,,,N,,,,,,,4
MTDRF12---,,,DRAFTING 12,,,,,N,,,N,,,,,,,4
MTEAD12---,,,ENGINE AND DRIVETRAIN 12,,,,,N,,,Y,,,,,,,4
MTROB12---,,,ROBOTICS 12,,,,,N,,,Y,,,,,,,4
YED--2FX-L,,,SCHOLARSHIP PREPARATION 12 LINEAR,,,,,N,,,N,,,,,,,4
ID,1167,Grade,11,,,,,,,,,,,,,,,
Course,,,,Description,,,Recommended,,,Alternate,,,,Alternate Courses,,,,Credit
MACLV12---,,,ACTIVE LIVING 12,,,,,N,,,N,,,,,,,4
MCLC-12--L,,,CAREER LIFE CONNECTIONS Linear,,,,,N,,,N,,,,,,,4
MCMCL12---,,,COMPARATIVE CULTURES 12,,,,,N,,,Y,,,,,,,4
MENST12---,,,ENGLISH STUDIES 12,,,,,N,,,N,,,,,,,4
MFOOD12---,,,FOOD STUDIES 12,,,,,N,,,N,,,,,,,4
MWEX-2A--L,,,WORK EXPERIENCE 12A LINEAR,,,,,N,,,N,,,,,,,4
MWEX-2B--L,,,WORK EXPERIENCE 12B LINEAR,,,,,N,,,N,,,,,,,4
YED--2CX--,,,LEARNING STRATEGIES 12,,,,,N,,,N,,,,,,,4
YLAW-2CX--,,,CRIMINOLOGY 12,,,,,N,,,N,,,,,,,4
YPSYC1AX--,,,PSYCHOLOGY 11,,,,,N,,,N,,,,,,,4
ID,1168,Grade,11,,,,,,,,,,,,,,,
Course,,,,Description,,,Recommended,,,Alternate,,,,Alternate Courses,,,,Credit
MCALC12---,,,CALCULUS 12,,,,,N,,,N,,,,,,,4
MCH--12---,,,CHEMISTRY 12,,,,,N,,,N,,,,,,,4
MCLC-12--L,,,CAREER LIFE CONNECTIONS Linear,,,,,N,,,N,,,,,,,4
MENST12---,,,ENGLISH STUDIES 12,,,,,N,,,N,,,,,,,4
MFOOD12---,,,FOOD STUDIES 12,,,,,N,,,N,,,,,,,4
MPH--12---,,,PHYSICS 12,,,,,N,,,N,,,,,,,4
MPREC12---,,,PRE-CALCULUS 12,,,,,N,,,N,,,,,,,4
ID,1169,Grade,11,,,,,,,,,,,,,,,
Course,,,,Description,,,Recommended,,,Alternate,,,,Alternate Courses,,,,Credit
APHM-12---,,,AP PHYSICS C (MECHANICS) 12 external credential,,,,,N,,,N,,,,,,,4
MACC-12---,,,ACCOUNTING 12,,,,,N,,,N,,,,,,,4
MACLV12---,,,ACTIVE LIVING 12,,,,,N,,,Y,,,,,,,4
MCH--12---,,,CHEMISTRY 12,,,,,N,,,N,,,,,,,4
MCLC-12--L,,,CAREER LIFE CONNECTIONS Linear,,,,,N,,,N,,,,,,,4
MCMPR11AI-,,,COMPUTER PROGRAMMING 11 AI and Games,,,,,N,,,Y,,,,,,,4
MDMD-12D--,,,3D ANIMATION 12,,,,,N,,,N,,,,,,,4
MENFP12---,,,ENGLISH FIRST PEOPLES 12,,,,,N,,,N,,,,,,,4
MENR-12---,,,ENGINEERING 12,,,,,N,,,Y,,,,,,,4
MFOOD12---,,,FOOD STUDIES 12,,,,,N,,,Y,,,,,,,4
MMACS12---,,,COMPUTER SCIENCE 12,,,,,N,,,N,,,,,,,4
YED--2DX-L,,,PEER TUTORING 12 LINEAR,,,,,N,,,N,,,,,,,4
ID,1170,Grade,11,,,,,,,,,,,,,,,
Course,,,,Description,,,Recommended,,,Alternate,,,,Alternate Courses,,,,Credit
MCH--12---,,,CHEMISTRY 12,,,,,N,,,N,,,,,,,4
MCLC-12--L,,,CAREER LIFE CONNECTIONS Linear,,,,,N,,,N,,,,,,,4
MCMPR11AI-,,,COMPUTER PROGRAMMING 11 AI and Games,,,,,N,,,Y,,,,,,,4
MENR-12---,,,ENGINEERING 12,,,,,N,,,N,,,,,,,4
MENST12---,,,ENGLISH STUDIES 12,,,,,N,,,N,,,,,,,4
MTDRF12---,,,DRAFTING 12,,,,,N,,,N,,,,,,,4
MTROB12---,,,ROBOTICS 12,,,,,N,,,N,,,,,,,4
YLAW-2CX--,,,CRIMINOLOGY 12,,,,,N,,,N,,,,,,,4
ID,1171,Grade,11,,,,,,,,,,,,,,,
Course,,,,Description,,,Recommended,,,Alternate,,,,Alternate Courses,,,,Credit
MCH--11---,,,CHEMISTRY 11,,,,,N,,,N,,,,,,,4
MCLC-12--L,,,CAREER LIFE CONNECTIONS Linear,,,,,N,,,N,,,,,,,4
MCMCC12--L,,,CHORAL MUSIC 12: CONCERT CHOIR Linear,,,,,N,,,N,,,,,,,4
MCMPS11---,,,COMPOSITION 11,,,,,N,,,N,,,,,,,4
MDRM-12---,,,DRAMA 12,,,,,N,,,N,,,,,,,4
MENST12---,,,ENGLISH STUDIES 12,,,,,N,,,N,,,,,,,4
MINST12---,,,CONTEMPORARY INDIGENOUS STUDIES 12,,,,,N,,,N,,,,,,,4
MLFSC11---,,,LIFE SCIENCES 11,,,,,N,,,N,,,,,,,4
MPREC11---,,,PRE-CALCULUS 11,,,,,N,,,N,,,,,,,4
YED--2CX--,,,LEARNING STRATEGIES 12,,,,,N,,,N,,,,,,,4
ID,1172,Grade,11,,,,,,,,,,,,,,,
Course,,,,Description,,,Recommended,,,Alternate,,,,Alternate Courses,,,,Credit
AELC-12---,,,AP ENGLISH LITERATURE & COMPOSITION 12,,,,,N,,,N,,,,,,,4
MCALC12---,,,CALCULUS 12,,,,,N,,,N,,,,,,,4
MCH--12---,,,CHEMISTRY 12,,,,,N,,,N,,,,,,,4
MCLC-12--L,,,CAREER LIFE CONNECTIONS Linear,,,,,N,,,N,,,,,,,4
MDRM-12---,,,DRAMA 12,,,,,N,,,Y,,,,,,,4
MEVSC12C--,,,ENVIRONMENTAL SCIENCE 12 - CLIMATE CHANGE,,,,,N,,,N,,,,,,,4
MLTST12---,,,LITERARY STUDIES 12,,,,,N,,,N,,,,,,,4
MMEDD12---,,,MEDIA DESIGN 12,,,,,N,,,Y,,,,,,,4
MPH--11---,,,PHYSICS 11,,,,,N,,,N,,,,,,,4
MPH--12---,,,PHYSICS 12,,,,,N,,,Y,,,,,,,4
MPREC12---,,,PRE-CALCULUS 12,,,,,N,,,N,,,,,,,4
MTXT-12---,,,TEXTILES 12,,,,,N,,,N,,,,,,,4
ID,1173,Grade,11,,,,,,,,,,,,,,,
Course,,,,Description,,,Recommended,,,Alternate,,,,Alternate Courses,,,,Credit
MAC--11---,,,ACCOUNTING 11,,,,,N,,,N,,,,,,,4
MACLV12---,,,ACTIVE LIVING 12,,,,,N,,,N,,,,,,,4
MCALC12---,,,CALCULUS 12,,,,,N,,,N,,,,,,,4
MCH--12---,,,CHEMISTRY 12,,,,,N,,,N,,,,,,,4
MCLC-12--L,,,CAREER LIFE CONNECTIONS Linear,,,,,N,,,N,,,,,,,4
MENFP12---,,,ENGLISH FIRST PEOPLES 12,,,,,N,,,N,,,,,,,4
MLST-12---,,,LAW STUDIES 12,,,,,N,,,Y,,,,,,,4
MMAP-11---,,,MARKETING AND PROMOTION 11,,,,,N,,,Y,,,,,,,4
MPH--12---,,,PHYSICS 12,,,,,N,,,N,,,,,,,4
MPREC12---,,,PRE-CALCULUS 12,,,,,N,,,N,,,,,,,4
MTAUT12---,,,AUTOMOTIVE TECHNOLOGY 12,,,,,N,,,N,,,,,,,4
YED--2FX-L,,,SCHOLARSHIP PREPARATION 12 LINEAR,,,,,N,,,N,,,,,,,4
ID,1174,Grade,11,,,,,,,,,,,,,,,
Course,,,,Description,,,Recommended,,,Alternate,,,,Alternate Courses,,,,Credit
MCALC12---,,,CALCULUS 12,,,,,N,,,N,,,,,,,4
MCMCL12---,,,COMPARATIVE CULTURES 12,,,,,N,,,Y,,,,,,,4
MENR-12---,,,ENGINEERING 12,,,,,N,,,N,,,,,,,4
MENST12---,,,ENGLISH STUDIES 12,,,,,N,,,N,,,,,,,4
MPH--11---,,,PHYSICS 11,,,,,N,,,N,,,,,,,4
MPH--12---,,,PHYSICS 12,,,,,N,,,N,,,,,,,4
MPREC12---,,,PRE-CALCULUS 12,,,,,N,,,N,,,,,,,4
MSJ--12---,,,SOCIAL JUSTICE 12,,,,,N,,,N,,,,,,,4
MWH--12---,,,20th CENTURY WORLD HISTORY 12,,,,,N,,,N,,,,,,,4
ID,1175,Grade,11,,,,,,,,,,,,,,,
Course,,,,Description,,,Recommended,,,Alternate,,,,Alternate Courses,,,,Credit
MATPH12---,,,ANATOMY AND PHYSIOLOGY 12,,,,,N,,,Y,,,,,,,4
MENST12---,,,ENGLISH STUDIES 12,,,,,N,,,N,,,,,,,4
MVAPH11---,,,PHOTOGRAPHY 11,,,,,N,,,N,,,,,,,4
MVAST12---,,,ART STUDIO 12,,,,,N,,,N,,,,,,,4
MWH--12---,,,20th CENTURY WORLD HISTORY 12,,,,,N,,,N,,,,,,,4
ID,1176,Grade,11,,,,,,,,,,,,,,,
Course,,,,Description,,,Recommended,,,Alternate,,,,Alternate Courses,,,,Credit
MATPH12---,,,ANATOMY AND PHYSIOLOGY 12,,,,,N,,,N,,,,,,,4
MCALC12---,,,CALCULUS 12,,,,,N,,,N,,,,,,,4
MCH--12---,,,CHEMISTRY 12,,,,,N,,,N,,,,,,,4
MCLC-12--L,,,CAREER LIFE CONNECTIONS Linear,,,,,N,,,N,,,,,,,4
MENFP12---,,,ENGLISH FIRST PEOPLES 12,,,,,N,,,N,,,,,,,4
MLST-12---,,,LAW STUDIES 12,,,,,N,,,N,,,,,,,4
MPH--12---,,,PHYSICS 12,,,,,N,,,N,,,,,,,4
MPREC12---,,,PRE-CALCULUS 12,,,,,N,,,N,,,,,,,4
YCPA-2AX-L,,,COMMUNITY LEADERSHIP 12 Linear,,,,,N,,,N,,,,,,,4
ID,1177,Grade,11,,,,,,,,,,,,,,,
Course,,,,Description,,,Recommended,,,Alternate,,,,Alternate Courses,,,,Credit
MCH--12---,,,CHEMISTRY 12,,,,,N,,,N,,,,,,,4
MCLC-12--L,,,CAREER LIFE CONNECTIONS Linear,,,,,N,,,N,,,,,,,4
MCMCL12---,,,COMPARATIVE CULTURES 12,,,,,N,,,N,,,,,,,4
MEC--12---,,,ECONOMICS 12,,,,,N,,,N,,,,,,,4
MENST12---,,,ENGLISH STUDIES 12,,,,,N,,,N,,,,,,,4
MLST-12---,,,LAW STUDIES 12,,,,,N,,,N,,,,,,,4
MPREC12---,,,PRE-CALCULUS 12,,,,,N,,,N,,,,,,,4
MSJ--12---,,,SOCIAL JUSTICE 12,,,,,N,,,N,,,,,,,4
MWH--12---,,,20th CENTURY WORLD HISTORY 12,,,,,N,,,Y,,,,,,,4
YCPA-2AX-L,,,COMMUNITY LEADERSHIP 12 Linear,,,,,N,,,N,,,,,,,4
ID,1178,Grade,11,,,,,,,,,,,,,,,
Course,,,,Description,,,Recommended,,,Alternate,,,,Alternate Courses,,,,Credit
MATPH12---,,,ANATOMY AND PHYSIOLOGY 12,,,,,N,,,N,,,,,,,4
MCALC12---,,,CALCULUS 12,,,,,N,,,N,,,,,,,4
MCH--12---,,,CHEMISTRY 12,,,,,N,,,N,,,,,,,4
MCLC-12--L,,,CAREER LIFE CONNECTIONS Linear,,,,,N,,,N,,,,,,,4
MENST12---,,,ENGLISH STUDIES 12,,,,,N,,,N,,,,,,,4
MPH--12---,,,PHYSICS 12,,,,,N,,,N,,,,,,,4
MPREC12---,,,PRE-CALCULUS 12,,,,,N,,,N,,,,,,,4
MTXT-12---,,,TEXTILES 12,,,,,N,,,N,,,,,,,4
ID,1179,Grade,11,,,,,,,,,,,,,,,
Course,,,,Description,,,Recommended,,,Alternate,,,,Alternate Courses,,,,Credit
MACLV12G--,,,ACTIVE LIVING 12 Girls,,,,,N,,,Y,,,,,,,4
MCLC-12--L,,,CAREER LIFE CONNECTIONS Linear,,,,,N,,,N,,,,,,,4
MCMCL12---,,,COMPARATIVE CULTURES 12,,,,,N,,,N,,,,,,,4
MDNCM12--L,,,DANCE COMPANY 12 Linear,,,,,N,,,N,,,,,,,4
MDNTP12---,,,DANCE TECHNIQUE AND PERFORMANCE 12,,,,,N,,,N,,,,,,,4
MEC--12---,,,ECONOMICS 12,,,,,N,,,N,,,,,,,4
MENFP12---,,,ENGLISH FIRST PEOPLES 12,,,,,N,,,N,,,,,,,4
MFOM-11---,,,FOUNDATIONS OF MATHEMATICS 11,,,,,N,,,N,,,,,,,4
MFOOD12---,,,FOOD STUDIES 12,,,,,N,,,N,,,,,,,4
MTXT-12---,,,TEXTILES 12,,,,,N,,,Y,,,,,,,4
YCPA-2AX-L,,,COMMUNITY LEADERSHIP 12 Linear,,,,,N,,,N,,,,,,,4
YPSYC1AX--,,,PSYCHOLOGY 11,,,,,N,,,N,,,,,,,4
ID,1180,Grade,11,,,,,,,,,,,,,,,
Course,,,,Description,,,Recommended,,,Alternate,,,,Alternate Courses,,,,Credit
MCH--12---,,,CHEMISTRY 12,,,,,N,,,Y,,,,,,,4
MENST12---,,,ENGLISH STUDIES 12,,,,,N,,,N,,,,,,,4
MENT-12---,,,ENTREPRENEURSHIP 12,,,,,N,,,Y,,,,,,,4
MPH--12---,,,PHYSICS 12,,,,,N,,,N,,,,,,,4
MPREC12---,,,PRE-CALCULUS 12,,,,,N,,,N,,,,,,,4
MSP--12---,,,SPANISH 12,,,,,N,,,N,,,,,,,4
ID,1181,Grade,11,,,,,,,,,,,,,,,
Course,,,,Description,,,Recommended,,,Alternate,,,,Alternate Courses,,,,Credit
MCLC-12--L,,,CAREER LIFE CONNECTIONS Linear,,,,,N,,,N,,,,,,,4
MDRM-12---,,,DRAMA 12,,,,,N,,,N,,,,,,,4
MENST12---,,,ENGLISH STUDIES 12,,,,,N,,,N,,,,,,,4
MEVSC11---,,,ENVIRONMENTAL SCIENCE 11,,,,,N,,,N,,,,,,,4
MFOM-11---,,,FOUNDATIONS OF MATHEMATICS 11,,,,,N,,,N,,,,,,,4
MINST12---,,,CONTEMPORARY INDIGENOUS STUDIES 12,,,,,N,,,N,,,,,,,4
MVAST12---,,,ART STUDIO 12,,,,,N,,,N,,,,,,,4
MWH--12---,,,20th CENTURY WORLD HISTORY 12,,,,,N,,,N,,,,,,,4
YPSYC1AX--,,,PSYCHOLOGY 11,,,,,N,,,N,,,,,,,4
ID,1182,Grade,11,,,,,,,,,,,,,,,
Course,,,,Description,,,Recommended,,,Alternate,,,,Alternate Courses,,,,Credit
MCALC12---,,,CALCULUS 12,,,,,N,,,N,,,,,,,4
MCH--12---,,,CHEMISTRY 12,,,,,N,,,N,,,,,,,4
MCLC-12--L,,,CAREER LIFE CONNECTIONS Linear,,,,,N,,,N,,,,,,,4
MDRM-12---,,,DRAMA 12,,,,,N,,,Y,,,,,,,4
MENR-12---,,,ENGINEERING 12,,,,,N,,,Y,,,,,,,4
MENST12---,,,ENGLISH STUDIES 12,,,,,N,,,N,,,,,,,4
MFOOD12---,,,FOOD STUDIES 12,,,,,N,,,Y,,,,,,,4
MIMCB12--L,,,INSTRUMENTAL MUSIC 12: CONCERT BAND LINEAR,,,,,N,,,N,,,,,,,4
MPH--11---,,,PHYSICS 11,,,,,N,,,N,,,,,,,4
MPREC12---,,,PRE-CALCULUS 12,,,,,N,,,N,,,,,,,4
MTAUT12---,,,AUTOMOTIVE TECHNOLOGY 12,,,,,N,,,Y,,,,,,,4
ID,1183,Grade,11,,,,,,,,,,,,,,,
Course,,,,Description,,,Recommended,,,Alternate,,,,Alternate Courses,,,,Credit
MCALC12---,,,CALCULUS 12,,,,,N,,,N,,,,,,,4
MCH--12---,,,CHEMISTRY 12,,,,,N,,,N,,,,,,,4
MCLC-12--L,,,CAREER LIFE CONNECTIONS Linear,,,,,N,,,N,,,,,,,4
MCMCC12--L,,,CHORAL MUSIC 12: CONCERT CHOIR Linear,,,,,N,,,N,,,,,,,4
MDNC-12--L,,,DANCE 12: CHOREOGRAPHY Linear,,,,,N,,,N,,,,,,,4
MDNCM12--L,,,DANCE COMPANY 12 Linear,,,,,N,,,N,,,,,,,4
MDNCN12---,,,DANCE CONDITIONING 12,,,,,N,,,N,,,,,,,4
MENST12---,,,ENGLISH STUDIES 12,,,,,N,,,N,,,,,,,4
MPREC12---,,,PRE-CALCULUS 12,,,,,N,,,N,,,,,,,4
YPA--2CX--,,,YOGA FOR MINDFULNESS 12,,,,,N,,,N,,,,,,,4
YPSYC1AX--,,,PSYCHOLOGY 11,,,,,N,,,Y,,,,,,,4
ID,1184,Grade,11,,,,,,,,,,,,,,,
Course,,,,Description,,,Recommended,,,Alternate,,,,Alternate Courses,,,,Credit
MCLC-12--L,,,CAREER LIFE CONNECTIONS Linear,,,,,N,,,N,,,,,,,4
MENST12---,,,ENGLISH STUDIES 12,,,,,N,,,N,,,,,,,4
MEPSS11---,,,EXPLORATIONS IN SOCIAL STUDIES 11,,,,,N,,,N,,,,,,,4
MEVSC11---,,,ENVIRONMENTAL SCIENCE 11,,,,,N,,,N,,,,,,,4
MTAUT12---,,,AUTOMOTIVE TECHNOLOGY 12,,,,,N,,,N,,,,,,,4
YHRA-2AX--,,,CROSS TRAINING 12,,,,,N,,,N,,,,,,,4
ID,1185,Grade,11,,,,,,,,,,,,,,,
Course,,,,Description,,,Recommended,,,Alternate,,,,Alternate Courses,,,,Credit
MCMPS11---,,,COMPOSITION 11,,,,,N,,,N,,,,,,,4
MDCF-11---,,,DANCE FOUNDATIONS 11,,,,,N,,,N,,,,,,,4
MFOOD11---,,,FOOD STUDIES 11,,,,,N,,,N,,,,,,,4
MPREC11---,,,PRE-CALCULUS 11,,,,,N,,,N,,,,,,,4
MTXT-11---,,,TEXTILES 11,,,,,N,,,Y,,,,,,,4
MVAST11---,,,ART STUDIO 11,,,,,N,,,Y,,,,,,,4
ID,1186,Grade,11,,,,,,,,,,,,,,,
Course,,,,Description,,,Recommended,,,Alternate,,,,Alternate Courses,,,,Credit
MCLC-12--L,,,CAREER LIFE CONNECTIONS Linear,,,,,N,,,N,,,,,,,4
MDRM-12---,,,DRAMA 12,,,,,N,,,N,,,,,,,4
MENFP12---,,,ENGLISH FIRST PEOPLES 12,,,,,N,,,N,,,,,,,4
MEVSC12C--,,,ENVIRONMENTAL SCIENCE 12 - CLIMATE CHANGE,,,,,N,,,N,,,,,,,4
MFOOD12---,,,FOOD STUDIES 12,,,,,N,,,N,,,,,,,4
MPH--11---,,,PHYSICS 11,,,,,N,,,N,,,,,,,4
MPREC12---,,,PRE-CALCULUS 12,,,,,N,,,N,,,,,,,4
MTDRF12---,,,DRAFTING 12,,,,,N,,,N,,,,,,,4
MWH--12---,,,20th CENTURY WORLD HISTORY 12,,,,,N,,,N,,,,,,,4
MWWK-12---,,,WOODWORK 12,,,,,N,,,Y,,,,,,,4
ID,1187,Grade,11,,,,,,,,,,,,,,,
Course,,,,Description,,,Recommended,,,Alternate,,,,Alternate Courses,,,,Credit
MCLC-12---,,,CAREER LIFE CONNECTIONS,,,,,N,,,N,,,,,,,4
MENFP12---,,,ENGLISH FIRST PEOPLES 12,,,,,N,,,N,,,,,,,4
MEPSS11---,,,EXPLORATIONS IN SOCIAL STUDIES 11,,,,,N,,,N,,,,,,,4
MFOOD12---,,,FOOD STUDIES 12,,,,,N,,,N,,,,,,,4
MIMG-12---,,,INSTRUMENTAL MUSIC 12: GUITAR,,,,,N,,,N,,,,,,,4
ID,1188,Grade,11,,,,,,,,,,,,,,,
Course,,,,Description,,,Recommended,,,Alternate,,,,Alternate Courses,,,,Credit
MCALC12---,,,CALCULUS 12,,,,,N,,,N,,,,,,,4
MCH--12---,,,CHEMISTRY 12,,,,,N,,,N,,,,,,,4
MCLC-12--L,,,CAREER LIFE CONNECTIONS Linear,,,,,N,,,N,,,,,,,4
MENFP12---,,,ENGLISH FIRST PEOPLES 12,,,,,N,,,N,,,,,,,4
MLST-12---,,,LAW STUDIES 12,,,,,N,,,N,,,,,,,4
MPH--12---,,,PHYSICS 12,,,,,N,,,N,,,,,,,4
MPREC12---,,,PRE-CALCULUS 12,,,,,N,,,N,,,,,,,4
ID,1189,Grade,11,,,,,,,,,,,,,,,
Course,,,,Description,,,Recommended,,,Alternate,,,,Alternate Courses,,,,Credit
MCH--12---,,,CHEMISTRY 12,,,,,N,,,N,,,,,,,4
MCLC-12--L,,,CAREER LIFE CONNECTIONS Linear,,,,,N,,,N,,,,,,,4
MENST12---,,,ENGLISH STUDIES 12,,,,,N,,,N,,,,,,,4
MLST-12---,,,LAW STUDIES 12,,,,,N,,,N,,,,,,,4
MPREC12---,,,PRE-CALCULUS 12,,,,,N,,,N,,,,,,,4
MTAUT12---,,,AUTOMOTIVE TECHNOLOGY 12,,,,,N,,,N,,,,,,,4
MTEAD12---,,,ENGINE AND DRIVETRAIN 12,,,,,N,,,N,,,,,,,4
MWEX-2A--L,,,WORK EXPERIENCE 12A LINEAR,,,,,N,,,N,,,,,,,4
MWH--12---,,,20th CENTURY WORLD HISTORY 12,,,,,N,,,N,,,,,,,4
YED--2FX-L,,,SCHOLARSHIP PREPARATION 12 LINEAR,,,,,N,,,N,,,,,,,4
YPSYC1AX--,,,PSYCHOLOGY 11,,,,,N,,,N,,,,,,,4
ID,1190,Grade,11,,,,,,,,,,,,,,,
Course,,,,Description,,,Recommended,,,Alternate,,,,Alternate Courses,,,,Credit
MACLV12---,,,ACTIVE LIVING 12,,,,,N,,,N,,,,,,,4
MATPH12---,,,ANATOMY AND PHYSIOLOGY 12,,,,,N,,,N,,,,,,,4
MCLC-12--L,,,CAREER LIFE CONNECTIONS Linear,,,,,N,,,N,,,,,,,4
MCMCL12---,,,COMPARATIVE CULTURES 12,,,,,N,,,Y,,,,,,,4
MENST12---,,,ENGLISH STUDIES 12,,,,,N,,,N,,,,,,,4
MEVSC12C--,,,ENVIRONMENTAL SCIENCE 12 - CLIMATE CHANGE,,,,,N,,,N,,,,,,,4
MFOOD12---,,,FOOD STUDIES 12,,,,,N,,,N,,,,,,,4
MPREC12---,,,PRE-CALCULUS 12,,,,,N,,,N,,,,,,,4
MWH--12---,,,20th CENTURY WORLD HISTORY 12,,,,,N,,,N,,,,,,,4
YLAW-2CX--,,,CRIMINOLOGY 12,,,,,N,,,N,,,,,,,4
ID,1191,Grade,11,,,,,,,,,,,,,,,
Course,,,,Description,,,Recommended,,,Alternate,,,,Alternate Courses,,,,Credit
MCLC-12--L,,,CAREER LIFE CONNECTIONS Linear,,,,,N,,,N,,,,,,,4
MCLE-10---,,,CAREER LIFE EDUCATION 10,,,,,N,,,N,,,,,,,4
MENFP12---,,,ENGLISH FIRST PEOPLES 12,,,,,N,,,N,,,,,,,4
MEVSC11---,,,ENVIRONMENTAL SCIENCE 11,,,,,N,,,N,,,,,,,4
MIMCB12--L,,,INSTRUMENTAL MUSIC 12: CONCERT BAND LINEAR,,,,,N,,,N,,,,,,,4
MIMJB12--L,,,INSTRUMENTAL MUSIC 12: JAZZ BAND LINEAR,,,,,N,,,N,,,,,,,4
MLST-12---,,,LAW STUDIES 12,,,,,N,,,N,,,,,,,4
MTAUT12---,,,AUTOMOTIVE TECHNOLOGY 12,,,,,N,,,N,,,,,,,4
MVAPH11---,,,PHOTOGRAPHY 11,,,,,N,,,N,,,,,,,4
ID,1192,Grade,11,,,,,,,,,,,,,,,
Course,,,,Description,,,Recommended,,,Alternate,,,,Alternate Courses,,,,Credit
MBSP-11---,,,INTRODUCTORY SPANISH 11,,,,,N,,,N,,,,,,,4
MCLC-12--L,,,CAREER LIFE CONNECTIONS Linear,,,,,N,,,N,,,,,,,4
MDRM-12---,,,DRAMA 12,,,,,N,,,N,,,,,,,4
MENST12---,,,ENGLISH STUDIES 12,,,,,N,,,N,,,,,,,4
MFOOD12---,,,FOOD STUDIES 12,,,,,N,,,N,,,,,,,4
MVAST12---,,,ART STUDIO 12,,,,,N,,,N,,,,,,,4
YPSYC1AX--,,,PSYCHOLOGY 11,,,,,N,,,N,,,,,,,4
ID,1193,Grade,11,,,,,,,,,,,,,,,
Course,,,,Description,,,Recommended,,,Alternate,,,,Alternate Courses,,,,Credit
MATPH12---,,,ANATOMY AND PHYSIOLOGY 12,,,,,N,,,N,,,,,,,4
MCALC12---,,,CALCULUS 12,,,,,N,,,N,,,,,,,4
MCH--12---,,,CHEMISTRY 12,,,,,N,,,N,,,,,,,4
MCLC-12--L,,,CAREER LIFE CONNECTIONS Linear,,,,,N,,,N,,,,,,,4
MENST12---,,,ENGLISH STUDIES 12,,,,,N,,,N,,,,,,,4
MFOOD12---,,,FOOD STUDIES 12,,,,,N,,,N,,,,,,,4
MODED12---,,,OUTDOOR EDUCATION 12,,,,,N,,,Y,,,,,,,4
MPH--11---,,,PHYSICS 11,,,,,N,,,N,,,,,,,4
MPREC12---,,,PRE-CALCULUS 12,,,,,N,,,N,,,,,,,4
MSJ--12---,,,SOCIAL JUSTICE 12,,,,,N,,,N,,,,,,,4
YED--2FX-L,,,SCHOLARSHIP PREPARATION 12 LINEAR,,,,,N,,,N,,,,,,,4
YLAW-2CX--,,,CRIMINOLOGY 12,,,,,N,,,Y,,,,,,,4
YLRA-2AX-L,,,ATHLETIC LEADERSHIP 12 Linear,,,,,N,,,N,,,,,,,4
ID,1194,Grade,11,,,,,,,,,,,,,,,
Course,,,,Description,,,Recommended,,,Alternate,,,,Alternate Courses,,,,Credit
MATPH12---,,,ANATOMY AND PHYSIOLOGY 12,,,,,N,,,N,,,,,,,4
MENR-12---,,,ENGINEERING 12,,,,,N,,,N,,,,,,,4
MENST12---,,,ENGLISH STUDIES 12,,,,,N,,,N,,,,,,,4
MMACS11---,,,COMPUTER SCIENCE 11,,,,,N,,,Y,,,,,,,4
MPREC12---,,,PRE-CALCULUS 12,,,,,N,,,N,,,,,,,4
ID,1195,Grade,11,,,,,,,,,,,,,,,
Course,,,,Description,,,Recommended,,,Alternate,,,,Alternate Courses,,,,Credit
MCLC-12--L,,,CAREER LIFE CONNECTIONS Linear,,,,,N,,,N,,,,,,,4
MCMCL12---,,,COMPARATIVE CULTURES 12,,,,,N,,,N,,,,,,,4
MDNCN12---,,,DANCE CONDITIONING 12,,,,,N,,,N,,,,,,,4
MEC--12---,,,ECONOMICS 12,,,,,N,,,Y,,,,,,,4
MENFP12--Y,,,ENGLISH FIRST PEOPLES 12 Year,,,,,N,,,N,,,,,,,4
MPGEO12---,,,PHYSICAL GEOGRAPHY 12,,,,,N,,,Y,,,,,,,4
MPREC12---,,,PRE-CALCULUS 12,,,,,N,,,N,,,,,,,4
MSJ--12---,,,SOCIAL JUSTICE 12,,,,,N,,,N,,,,,,,4
MWH--12---,,,20th CENTURY WORLD HISTORY 12,,,,,N,,,N,,,,,,,4
YESFL1CX--,,,ELL Academic Literacy 11,,,,,N,,,N,,,,,,,4
YLAW-2CX--,,,CRIMINOLOGY 12,,,,,N,,,N,,,,,,,4
ID,1196,Grade,11,,,,,,,,,,,,,,,
Course,,,,Description,,,Recommended,,,Alternate,,,,Alternate Courses,,,,Credit
MCLC-12--L,,,CAREER LIFE CONNECTIONS Linear,,,,,N,,,N,,,,,,,4
MCMPR12AI-,,,COMPUTER PROGRAMMING 12 AI and Games,,,,,N,,,N,,,,,,,4
MENFP12--Y,,,ENGLISH FIRST PEOPLES 12 Year,,,,,N,,,N,,,,,,,4
MENR-12---,,,ENGINEERING 12,,,,,N,,,N,,,,,,,4
MLST-12---,,,LAW STUDIES 12,,,,,N,,,N,,,,,,,4
MMEDD12---,,,MEDIA DESIGN 12,,,,,N,,,N,,,,,,,4
MPH--12---,,,PHYSICS 12,,,,,N,,,N,,,,,,,4
MPREC12---,,,PRE-CALCULUS 12,,,,,N,,,N,,,,,,,4
YCPA-2AX-L,,,COMMUNITY LEADERSHIP 12 Linear,,,,,N,,,N,,,,,,,4
YED--2FX-L,,,SCHOLARSHIP PREPARATION 12 LINEAR,,,,,N,,,N,,,,,,,4
YESFL1CX--,,,ELL Academic Literacy 11,,,,,N,,,N,,,,,,,4
ID,1197,Grade,11,,,,,,,,,,,,,,,
Course,,,,Description,,,Recommended,,,Alternate,,,,Alternate Courses,,,,Credit
MATPH12---,,,ANATOMY AND PHYSIOLOGY 12,,,,,N,,,N,,,,,,,4
MCALC12---,,,CALCULUS 12,,,,,N,,,N,,,,,,,4
MCH--12---,,,CHEMISTRY 12,,,,,N,,,N,,,,,,,4
MCLC-12--L,,,CAREER LIFE CONNECTIONS Linear,,,,,N,,,N,,,,,,,4
MDNC-12--L,,,DANCE 12: CHOREOGRAPHY Linear,,,,,N,,,N,,,,,,,4
MDNCM12--L,,,DANCE COMPANY 12 Linear,,,,,N,,,N,,,,,,,4
MDNTP12---,,,DANCE TECHNIQUE AND PERFORMANCE 12,,,,,N,,,N,,,,,,,4
MENFP12---,,,ENGLISH FIRST PEOPLES 12,,,,,N,,,N,,,,,,,4
MFOOD12---,,,FOOD STUDIES 12,,,,,N,,,N,,,,,,,4
MPH--12---,,,PHYSICS 12,,,,,N,,,N,,,,,,,4
MPREC12---,,,PRE-CALCULUS 12,,,,,N,,,N,,,,,,,4
MTXT-12---,,,TEXTILES 12,,,,,N,,,Y,,,,,,,4
YPA--2CX--,,,YOGA FOR MINDFULNESS 12,,,,,N,,,Y,,,,,,,4
ID,1198,Grade,11,,,,,,,,,,,,,,,
Course,,,,Description,,,Recommended,,,Alternate,,,,Alternate Courses,,,,Credit
MATPH12---,,,ANATOMY AND PHYSIOLOGY 12,,,,,N,,,N,,,,,,,4
MCLC-12--L,,,CAREER LIFE CONNECTIONS Linear,,,,,N,,,N,,,,,,,4
MDNC-12--L,,,DANCE 12: CHOREOGRAPHY Linear,,,,,N,,,N,,,,,,,4
MDNCM12--L,,,DANCE COMPANY 12 Linear,,,,,N,,,N,,,,,,,4
MDNCN12---,,,DANCE CONDITIONING 12,,,,,N,,,N,,,,,,,4
MENST12---,,,ENGLISH STUDIES 12,,,,,N,,,N,,,,,,,4
MEVSC12C--,,,ENVIRONMENTAL SCIENCE 12 - CLIMATE CHANGE,,,,,N,,,N,,,,,,,4
MSJ--12---,,,SOCIAL JUSTICE 12,,,,,N,,,N,,,,,,,4
YPA--2CX--,,,YOGA FOR MINDFULNESS 12,,,,,N,,,N,,,,,,,4
ID,1199,Grade,11,,,,,,,,,,,,,,,
Course,,,,Description,,,Recommended,,,Alternate,,,,Alternate Courses,,,,Credit
MACLV12---,,,ACTIVE LIVING 12,,,,,N,,,Y,,,,,,,4
MCH--12---,,,CHEMISTRY 12,,,,,N,,,N,,,,,,,4
MCLC-12--L,,,CAREER LIFE CONNECTIONS Linear,,,,,N,,,N,,,,,,,4
MEC--12---,,,ECONOMICS 12,,,,,N,,,N,,,,,,,4
MECOM12---,,,E-COMMERCE 12,,,,,N,,,N,,,,,,,4
MENFP12---,,,ENGLISH FIRST PEOPLES 12,,,,,N,,,N,,,,,,,4
MINST12---,,,CONTEMPORARY INDIGENOUS STUDIES 12,,,,,N,,,Y,,,,,,,4
MPREC12---,,,PRE-CALCULUS 12,,,,,N,,,N,,,,,,,4
MTAUT12---,,,AUTOMOTIVE TECHNOLOGY 12,,,,,N,,,N,,,,,,,4
PBB--2H,,,CAMOSUN COL BUSINESS 12H,,,,,N,,,N,,,,,,,4
YLAW-2CX--,,,CRIMINOLOGY 12,,,,,N,,,N,,,,,,,4
ID,1200,Grade,11,,,,,,,,,,,,,,,
Course,,,,Description,,,Recommended,,,Alternate,,,,Alternate Courses,,,,Credit
ASTA-12---,,,AP STATISTICS 12,,,,,N,,,N,,,,,,,4
MACC-12---,,,ACCOUNTING 12,,,,,N,,,N,,,,,,,4
MBSP-11---,,,INTRODUCTORY SPANISH 11,,,,,N,,,N,,,,,,,4
MCH--12---,,,CHEMISTRY 12,,,,,N,,,N,,,,,,,4
MCLC-12--L,,,CAREER LIFE CONNECTIONS Linear,,,,,N,,,N,,,,,,,4
MENST12---,,,ENGLISH STUDIES 12,,,,,N,,,N,,,,,,,4
MPH--12---,,,PHYSICS 12,,,,,N,,,N,,,,,,,4
MVAPH12---,,,PHOTOGRAPHY 12,,,,,N,,,Y,,,,,,,4
YED--2FX-L,,,SCHOLARSHIP PREPARATION 12 LINEAR,,,,,N,,,N,,,,,,,4
ID,1201,Grade,11,,,,,,,,,,,,,,,
Course,,,,Description,,,Recommended,,,Alternate,,,,Alternate Courses,,,,Credit
MACC-12---,,,ACCOUNTING 12,,,,,N,,,Y,,,,,,,4
MACLV12---,,,ACTIVE LIVING 12,,,,,N,,,N,,,,,,,4
MATPH12---,,,ANATOMY AND PHYSIOLOGY 12,,,,,N,,,N,,,,,,,4
MCH--11---,,,CHEMISTRY 11,,,,,N,,,N,,,,,,,4
MCLC-12--L,,,CAREER LIFE CONNECTIONS Linear,,,,,N,,,N,,,,,,,4
MEC--12---,,,ECONOMICS 12,,,,,N,,,Y,,,,,,,4
MENFP12---,,,ENGLISH FIRST PEOPLES 12,,,,,N,,,N,,,,,,,4
MPH--12---,,,PHYSICS 12,,,,,N,,,N,,,,,,,4
MPREC12---,,,PRE-CALCULUS 12,,,,,N,,,N,,,,,,,4
ID,1202,Grade,11,,,,,,,,,,,,,,,
Course,,,,Description,,,Recommended,,,Alternate,,,,Alternate Courses,,,,Credit
MATPH12---,,,ANATOMY AND PHYSIOLOGY 12,,,,,N,,,N,,,,,,,4
MBSP-11---,,,INTRODUCTORY SPANISH 11,,,,,N,,,N,,,,,,,4
MCH--11---,,,CHEMISTRY 11,,,,,N,,,N,,,,,,,4
MCH--12---,,,CHEMISTRY 12,,,,,N,,,N,,,,,,,4
MCLC-12--L,,,CAREER LIFE CONNECTIONS Linear,,,,,N,,,N,,,,,,,4
MENST12---,,,ENGLISH STUDIES 12,,,,,N,,,N,,,,,,,4
MPREC12---,,,PRE-CALCULUS 12,,,,,N,,,N,,,,,,,4
MSP--11---,,,SPANISH 11,,,,,N,,,N,,,,,,,4
MSP--12---,,,SPANISH 12,,,,,N,,,Y,,,,,,,4
MTXT-12---,,,TEXTILES 12,,,,,N,,,N,,,,,,,4
MVAST12---,,,ART STUDIO 12,,,,,N,,,Y,,,,,,,4
ID,1203,Grade,11,,,,,,,,,,,,,,,
Course,,,,Description,,,Recommended,,,Alternate,,,,Alternate Courses,,,,Credit
MCLC-12--L,,,CAREER LIFE CONNECTIONS Linear,,,,,N,,,N,,,,,,,4
MCMCL12---,,,COMPARATIVE CULTURES 12,,,,,N,,,N,,,,,,,4
MDMD-12D--,,,3D ANIMATION 12,,,,,N,,,Y,,,,,,,4
MDRM-12---,,,DRAMA 12,,,,,N,,,N,,,,,,,4
MENST12---,,,ENGLISH STUDIES 12,,,,,N,,,N,,,,,,,4
MFOM-11---,,,FOUNDATIONS OF MATHEMATICS 11,,,,,N,,,N,,,,,,,4
MFOOD12---,,,FOOD STUDIES 12,,,,,N,,,Y,,,,,,,4
MLST-12---,,,LAW STUDIES 12,,,,,N,,,N,,,,,,,4
MTXT-12---,,,TEXTILES 12,,,,,N,,,N,,,,,,,4
MWH--12---,,,20th CENTURY WORLD HISTORY 12,,,,,N,,,N,,,,,,,4
MWPM-11---,,,WORKPLACE MATHEMATICS 11,,,,,N,,,N,,,,,,,4
ID,1204,Grade,11,,,,,,,,,,,,,,,
Course,,,,Description,,,Recommended,,,Alternate,,,,Alternate Courses,,,,Credit
MATPH12---,,,ANATOMY AND PHYSIOLOGY 12,,,,,N,,,N,,,,,,,4
MCH--12---,,,CHEMISTRY 12,,,,,N,,,N,,,,,,,4
MCLC-12--L,,,CAREER LIFE CONNECTIONS Linear,,,,,N,,,N,,,,,,,4
MDRM-12---,,,DRAMA 12,,,,,N,,,Y,,,,,,,4
MENFP12---,,,ENGLISH FIRST PEOPLES 12,,,,,N,,,N,,,,,,,4
MFOOD12---,,,FOOD STUDIES 12,,,,,N,,,N,,,,,,,4
MIMCB12--L,,,INSTRUMENTAL MUSIC 12: CONCERT BAND LINEAR,,,,,N,,,N,,,,,,,4
MIMJB12--L,,,INSTRUMENTAL MUSIC 12: JAZZ BAND LINEAR,,,,,N,,,N,,,,,,,4
MODED12---,,,OUTDOOR EDUCATION 12,,,,,N,,,N,,,,,,,4
MPREC12---,,,PRE-CALCULUS 12,,,,,N,,,N,,,,,,,4
MTDRF12---,,,DRAFTING 12,,,,,N,,,Y,,,,,,,4
YCPA-2AX-L,,,COMMUNITY LEADERSHIP 12 Linear,,,,,N,,,N,,,,,,,4
YED--2FX-L,,,SCHOLARSHIP PREPARATION 12 LINEAR,,,,,N,,,N,,,,,,,4
ID,1205,Grade,11,,,,,,,,,,,,,,,
Course,,,,Description,,,Recommended,,,Alternate,,,,Alternate Courses,,,,Credit
MCALC12---,,,CALCULUS 12,,,,,N,,,N,,,,,,,4
MCLC-12--L,,,CAREER LIFE CONNECTIONS Linear,,,,,N,,,N,,,,,,,4
MCMPR11AI-,,,COMPUTER PROGRAMMING 11 AI and Games,,,,,N,,,N,,,,,,,4
MENFP12---,,,ENGLISH FIRST PEOPLES 12,,,,,N,,,N,,,,,,,4
MENR-12---,,,ENGINEERING 12,,,,,N,,,N,,,,,,,4
MGRPR12--L,,,GRAPHIC PRODUCTION 12 LINEAR,,,,,N,,,N,,,,,,,4
MMACS12---,,,COMPUTER SCIENCE 12,,,,,N,,,N,,,,,,,4
MPH--12---,,,PHYSICS 12,,,,,N,,,N,,,,,,,4
MPREC12---,,,PRE-CALCULUS 12,,,,,N,,,N,,,,,,,4
MTDRF12---,,,DRAFTING 12,,,,,N,,,N,,,,,,,4
MTROB12--L,,,ROBOTICS 12 LINEAR,,,,,N,,,N,,,,,,,4
MVAST12---,,,ART STUDIO 12,,,,,N,,,Y,,,,,,,4
ID,1206,Grade,11,,,,,,,,,,,,,,,
Course,,,,Description,,,Recommended,,,Alternate,,,,Alternate Courses,,,,Credit
ACSC-2A---,,,AP COMPUTER SCIENCE A 12,,,,,N,,,N,,,,,,,4
APHM-12---,,,AP PHYSICS C (MECHANICS) 12 external credential,,,,,N,,,N,,,,,,,4
MATPH12---,,,ANATOMY AND PHYSIOLOGY 12,,,,,N,,,N,,,,,,,4
MCALC12---,,,CALCULUS 12,,,,,N,,,N,,,,,,,4
MCH--12---,,,CHEMISTRY 12,,,,,N,,,N,,,,,,,4
MCLC-12--L,,,CAREER LIFE CONNECTIONS Linear,,,,,N,,,N,,,,,,,4
MCMPR12AI-,,,COMPUTER PROGRAMMING 12 AI and Games,,,,,N,,,Y,,,,,,,4
MEC--12---,,,ECONOMICS 12,,,,,N,,,N,,,,,,,4
MENST12C--,,,ENGLISH STUDIES 12 CHALLENGE,,,,,N,,,N,,,,,,,4
MPREC12H--,,,PRE-CALCULUS 12 HONOURS,,,,,N,,,N,,,,,,,4
YED--2FX-L,,,SCHOLARSHIP PREPARATION 12 LINEAR,,,,,N,,,N,,,,,,,4
YPSYC1AX--,,,PSYCHOLOGY 11,,,,,N,,,Y,,,,,,,4
ID,1207,Grade,11,,,,,,,,,,,,,,,
Course,,,,Description,,,Recommended,,,Alternate,,,,Alternate Courses,,,,Credit
MCLC-12--L,,,CAREER LIFE CONNECTIONS Linear,,,,,N,,,N,,,,,,,4
MCMCL12---,,,COMPARATIVE CULTURES 12,,,,,N,,,N,,,,,,,4
MDNTP12---,,,DANCE TECHNIQUE AND PERFORMANCE 12,,,,,N,,,N,,,,,,,4
MENST12---,,,ENGLISH STUDIES 12,,,,,N,,,N,,,,,,,4
MFR--12---,,,FRENCH 12,,,,,N,,,N,,,,,,,4
MLST-12---,,,LAW STUDIES 12,,,,,N,,,N,,,,,,,4
MPREC12H--,,,PRE-CALCULUS 12 HONOURS,,,,,N,,,N,,,,,,,4
MSP--12---,,,SPANISH 12,,,,,N,,,N,,,,,,,4
YLAW-2CX--,,,CRIMINOLOGY 12,,,,,N,,,N,,,,,,,4
ID,1208,Grade,11,,,,,,,,,,,,,,,
Course,,,,Description,,,Recommended,,,Alternate,,,,Alternate Courses,,,,Credit
ACAL-12---,,,AP CALCULUS AB 12 external credential,,,,,N,,,N,,,,,,,4
APHM-12---,,,AP PHYSICS C (MECHANICS) 12 external credential,,,,,N,,,Y,,,,,,,4
MCALC12---,,,CALCULUS 12,,,,,N,,,Y,,,,,,,4
MCH--12---,,,CHEMISTRY 12,,,,,N,,,N,,,,,,,4
MCLC-12--L,,,CAREER LIFE CONNECTIONS Linear,,,,,N,,,N,,,,,,,4
MEC--12---,,,ECONOMICS 12,,,,,N,,,N,,,,,,,4
MENST12C--,,,ENGLISH STUDIES 12 CHALLENGE,,,,,N,,,N,,,,,,,4
MLST-12---,,,LAW STUDIES 12,,,,,N,,,N,,,,,,,4
MMUOR12S-L,,,INSTRUMENTAL MUSIC: ORCHESTRA 12 Strings Linear,,,,,N,,,N,,,,,,,4
MPH--12---,,,PHYSICS 12,,,,,N,,,N,,,,,,,4
MPREC12H--,,,PRE-CALCULUS 12 HONOURS,,,,,N,,,N,,,,,,,4
MTDRF12---,,,DRAFTING 12,,,,,N,,,N,,,,,,,4
MTROB12--L,,,ROBOTICS 12 LINEAR,,,,,N,,,N,,,,,,,4
YED--2DX-L,,,PEER TUTORING 12 LINEAR,,,,,N,,,N,,,,,,,4
ID,1209,Grade,11,,,,,,,,,,,,,,,
Course,,,,Description,,,Recommended,,,Alternate,,,,Alternate Courses,,,,Credit
AELC-12---,,,AP ENGLISH LITERATURE & COMPOSITION 12,,,,,N,,,N,,,,,,,4
MATPH12---,,,ANATOMY AND PHYSIOLOGY 12,,,,,N,,,N,,,,,,,4
MCALC12---,,,CALCULUS 12,,,,,N,,,N,,,,,,,4
MCH--12---,,,CHEMISTRY 12,,,,,N,,,N,,,,,,,4
MCLC-12--L,,,CAREER LIFE CONNECTIONS Linear,,,,,N,,,N,,,,,,,4
MCMCC12--L,,,CHORAL MUSIC 12: CONCERT CHOIR Linear,,,,,N,,,N,,,,,,,4
MEC--12---,,,ECONOMICS 12,,,,,N,,,Y,,,,,,,4
MEVSC12C--,,,ENVIRONMENTAL SCIENCE 12 - CLIMATE CHANGE,,,,,N,,,Y,,,,,,,4
MIMCB12--L,,,INSTRUMENTAL MUSIC 12: CONCERT BAND LINEAR,,,,,N,,,N,,,,,,,4
MIMJB12--L,,,INSTRUMENTAL MUSIC 12: JAZZ BAND LINEAR,,,,,N,,,N,,,,,,,4
MLTST12---,,,LITERARY STUDIES 12,,,,,N,,,N,,,,,,,4
MPREC12---,,,PRE-CALCULUS 12,,,,,N,,,N,,,,,,,4
ID,1210,Grade,11,,,,,,,,,,,,,,,
Course,,,,Description,,,Recommended,,,Alternate,,,,Alternate Courses,,,,Credit
MACLV12G--,,,ACTIVE LIVING 12 Girls,,,,,N,,,N,,,,,,,4
MBSP-11---,,,INTRODUCTORY SPANISH 11,,,,,N,,,N,,,,,,,4
MCALC12---,,,CALCULUS 12,,,,,N,,,Y,,,,,,,4
MCLC-12--L,,,CAREER LIFE CONNECTIONS Linear,,,,,N,,,N,,,,,,,4
MDCF-12---,,,DANCE FOUNDATIONS 12,,,,,N,,,N,,,,,,,4
MDNC-12--L,,,DANCE 12: CHOREOGRAPHY Linear,,,,,N,,,N,,,,,,,4
MDNCM12--L,,,DANCE COMPANY 12 Linear,,,,,N,,,N,,,,,,,4
MEC--12---,,,ECONOMICS 12,,,,,N,,,Y,,,,,,,4
MENFP12---,,,ENGLISH FIRST PEOPLES 12,,,,,N,,,N,,,,,,,4
MENT-12---,,,ENTREPRENEURSHIP 12,,,,,N,,,N,,,,,,,4
MEVSC12C--,,,ENVIRONMENTAL SCIENCE 12 - CLIMATE CHANGE,,,,,N,,,N,,,,,,,4
MPREC12---,,,PRE-CALCULUS 12,,,,,N,,,N,,,,,,,4
YCPA-2AX-L,,,COMMUNITY LEADERSHIP 12 Linear,,,,,N,,,N,,,,,,,4
ID,1211,Grade,11,,,,,,,,,,,,,,,
Course,,,,Description,,,Recommended,,,Alternate,,,,Alternate Courses,,,,Credit
MATPH12---,,,ANATOMY AND PHYSIOLOGY 12,,,,,N,,,N,,,,,,,4
MCALC12---,,,CALCULUS 12,,,,,N,,,N,,,,,,,4
MCH--12---,,,CHEMISTRY 12,,,,,N,,,N,,,,,,,4
MCLC-12--L,,,CAREER LIFE CONNECTIONS Linear,,,,,N,,,N,,,,,,,4
MENR-12---,,,ENGINEERING 12,,,,,N,,,N,,,,,,,4
MENST12C--,,,ENGLISH STUDIES 12 CHALLENGE,,,,,N,,,N,,,,,,,4
MLFSC11---,,,LIFE SCIENCES 11,,,,,N,,,N,,,,,,,4
MMACS12---,,,COMPUTER SCIENCE 12,,,,,N,,,N,,,,,,,4
MPH--12---,,,PHYSICS 12,,,,,N,,,N,,,,,,,4
MTDRF12---,,,DRAFTING 12,,,,,N,,,Y,,,,,,,4
ID,1212,Grade,11,,,,,,,,,,,,,,,
Course,,,,Description,,,Recommended,,,Alternate,,,,Alternate Courses,,,,Credit
MACLV12---,,,ACTIVE LIVING 12,,,,,N,,,N,,,,,,,4
MCLC-12--L,,,CAREER LIFE CONNECTIONS Linear,,,,,N,,,N,,,,,,,4
MENFP12---,,,ENGLISH FIRST PEOPLES 12,,,,,N,,,N,,,,,,,4
MEVSC12C--,,,ENVIRONMENTAL SCIENCE 12 - CLIMATE CHANGE,,,,,N,,,Y,,,,,,,4
MFOM-11---,,,FOUNDATIONS OF MATHEMATICS 11,,,,,N,,,N,,,,,,,4
MFOOD12---,,,FOOD STUDIES 12,,,,,N,,,N,,,,,,,4
MTAUT12---,,,AUTOMOTIVE TECHNOLOGY 12,,,,,N,,,N,,,,,,,4
MTDRF12---,,,DRAFTING 12,,,,,N,,,Y,,,,,,,4
YHRA-2AX--,,,CROSS TRAINING 12,,,,,N,,,N,,,,,,,4
YLAW-2CX--,,,CRIMINOLOGY 12,,,,,N,,,N,,,,,,,4
YPSYC1AX--,,,PSYCHOLOGY 11,,,,,N,,,N,,,,,,,4
ID,1213,Grade,11,,,,,,,,,,,,,,,
Course,,,,Description,,,Recommended,,,Alternate,,,,Alternate Courses,,,,Credit
MACLV12---,,,ACTIVE LIVING 12,,,,,N,,,Y,,,,,,,4
MCALC12---,,,CALCULUS 12,,,,,N,,,N,,,,,,,4
MCH--11---,,,CHEMISTRY 11,,,,,N,,,N,,,,,,,4
MCH--12---,,,CHEMISTRY 12,,,,,N,,,N,,,,,,,4
MCLC-12--L,,,CAREER LIFE CONNECTIONS Linear,,,,,N,,,N,,,,,,,4
MENFP12---,,,ENGLISH FIRST PEOPLES 12,,,,,N,,,N,,,,,,,4
MENR-12---,,,ENGINEERING 12,,,,,N,,,N,,,,,,,4
MPH--12---,,,PHYSICS 12,,,,,N,,,N,,,,,,,4
MTAUT12---,,,AUTOMOTIVE TECHNOLOGY 12,,,,,N,,,N,,,,,,,4
MTDRF12---,,,DRAFTING 12,,,,,N,,,Y,,,,,,,4
MTEAD12---,,,ENGINE AND DRIVETRAIN 12,,,,,N,,,N,,,,,,,4
MTROB12--L,,,ROBOTICS 12 LINEAR,,,,,N,,,N,,,,,,,4
ID,1214,Grade,11,,,,,,,,,,,,,,,
Course,,,,Description,,,Recommended,,,Alternate,,,,Alternate Courses,,,,Credit
AELC-12---,,,AP ENGLISH LITERATURE & COMPOSITION 12,,,,,N,,,N,,,,,,,4
MATPH12---,,,ANATOMY AND PHYSIOLOGY 12,,,,,N,,,N,,,,,,,4
MCALC12---,,,CALCULUS 12,,,,,N,,,N,,,,,,,4
MCH--12---,,,CHEMISTRY 12,,,,,N,,,N,,,,,,,4
MCLC-12--L,,,CAREER LIFE CONNECTIONS Linear,,,,,N,,,N,,,,,,,4
MEC--12---,,,ECONOMICS 12,,,,,N,,,Y,,,,,,,4
MIMCB12--L,,,INSTRUMENTAL MUSIC 12: CONCERT BAND LINEAR,,,,,N,,,N,,,,,,,4
MIMJB12--L,,,INSTRUMENTAL MUSIC 12: JAZZ BAND LINEAR,,,,,N,,,N,,,,,,,4
MLST-12---,,,LAW STUDIES 12,,,,,N,,,N,,,,,,,4
MLTST12---,,,LITERARY STUDIES 12,,,,,N,,,N,,,,,,,4
MPH--12---,,,PHYSICS 12,,,,,N,,,Y,,,,,,,4
MPREC12---,,,PRE-CALCULUS 12,,,,,N,,,N,,,,,,,4
YED--2FX-L,,,SCHOLARSHIP PREPARATION 12 LINEAR,,,,,N,,,N,,,,,,,4
ID,1215,Grade,11,,,,,,,,,,,,,,,
Course,,,,Description,,,Recommended,,,Alternate,,,,Alternate Courses,,,,Credit
MATPH12---,,,ANATOMY AND PHYSIOLOGY 12,,,,,N,,,N,,,,,,,4
MCH--12---,,,CHEMISTRY 12,,,,,N,,,N,,,,,,,4
MCLC-12--L,,,CAREER LIFE CONNECTIONS Linear,,,,,N,,,N,,,,,,,4
MENFP12---,,,ENGLISH FIRST PEOPLES 12,,,,,N,,,N,,,,,,,4
MENST12---,,,ENGLISH STUDIES 12,,,,,N,,,N,,,,,,,4
MTXT-12---,,,TEXTILES 12,,,,,N,,,Y,,,,,,,4
YED--2FX-L,,,SCHOLARSHIP PREPARATION 12 LINEAR,,,,,N,,,N,,,,,,,4
YPSYC1AX--,,,PSYCHOLOGY 11,,,,,N,,,N,,,,,,,4
ID,1216,Grade,11,,,,,,,,,,,,,,,
Course,,,,Description,,,Recommended,,,Alternate,,,,Alternate Courses,,,,Credit
ACAL-12---,,,AP CALCULUS AB 12 external credential,,,,,N,,,N,,,,,,,4
MAC--11---,,,ACCOUNTING 11,,,,,N,,,N,,,,,,,4
MCALC12---,,,CALCULUS 12,,,,,N,,,Y,,,,,,,4
MCH--12---,,,CHEMISTRY 12,,,,,N,,,N,,,,,,,4
MCLC-12--L,,,CAREER LIFE CONNECTIONS Linear,,,,,N,,,N,,,,,,,4
MENST12---,,,ENGLISH STUDIES 12,,,,,N,,,N,,,,,,,4
MLST-12---,,,LAW STUDIES 12,,,,,N,,,Y,,,,,,,4
MPH--12---,,,PHYSICS 12,,,,,N,,,N,,,,,,,4
MPREC12H--,,,PRE-CALCULUS 12 HONOURS,,,,,N,,,N,,,,,,,4
ID,1217,Grade,11,,,,,,,,,,,,,,,
Course,,,,Description,,,Recommended,,,Alternate,,,,Alternate Courses,,,,Credit
APHM-12---,,,AP PHYSICS C (MECHANICS) 12 external credential,,,,,N,,,N,,,,,,,4
ASTA-12---,,,AP STATISTICS 12,,,,,N,,,N,,,,,,,4
MCALC12---,,,CALCULUS 12,,,,,N,,,N,,,,,,,4
MCH--12---,,,CHEMISTRY 12,,,,,N,,,N,,,,,,,4
MCLC-12--L,,,CAREER LIFE CONNECTIONS Linear,,,,,N,,,N,,,,,,,4
MCMPR12AI-,,,COMPUTER PROGRAMMING 12 AI and Games,,,,,N,,,Y,,,,,,,4
MENST12---,,,ENGLISH STUDIES 12,,,,,N,,,N,,,,,,,4
MFOOD12---,,,FOOD STUDIES 12,,,,,N,,,Y,,,,,,,4
MLST-12---,,,LAW STUDIES 12,,,,,N,,,Y,,,,,,,4
MPREC12---,,,PRE-CALCULUS 12,,,,,N,,,N,,,,,,,4
MTROB12---,,,ROBOTICS 12,,,,,N,,,N,,,,,,,4
MTROB12--L,,,ROBOTICS 12 LINEAR,,,,,N,,,N,,,,,,,4
YED--2FX-L,,,SCHOLARSHIP PREPARATION 12 LINEAR,,,,,N,,,N,,,,,,,4
ID,1218,Grade,11,,,,,,,,,,,,,,,
Course,,,,Description,,,Recommended,,,Alternate,,,,Alternate Courses,,,,Credit
MFR--12---,,,FRENCH 12,,,,,N,,,N,,,,,,,4
MLFSC11---,,,LIFE SCIENCES 11,,,,,N,,,N,,,,,,,4
MODED12---,,,OUTDOOR EDUCATION 12,,,,,N,,,N,,,,,,,4
MSJ--12---,,,SOCIAL JUSTICE 12,,,,,N,,,Y,,,,,,,4
MVAPH11---,,,PHOTOGRAPHY 11,,,,,N,,,Y,,,,,,,4
YPSYC1AX--,,,PSYCHOLOGY 11,,,,,N,,,N,,,,,,,4
ID,1219,Grade,11,,,,,,,,,,,,,,,
Course,,,,Description,,,Recommended,,,Alternate,,,,Alternate Courses,,,,Credit
AELC-12---,,,AP ENGLISH LITERATURE & COMPOSITION 12,,,,,N,,,N,,,,,,,4
MATPH12---,,,ANATOMY AND PHYSIOLOGY 12,,,,,N,,,N,,,,,,,4
MCH--12---,,,CHEMISTRY 12,,,,,N,,,N,,,,,,,4
MCLC-12--L,,,CAREER LIFE CONNECTIONS Linear,,,,,N,,,N,,,,,,,4
MCMCL12---,,,COMPARATIVE CULTURES 12,,,,,N,,,N,,,,,,,4
MLTST12---,,,LITERARY STUDIES 12,,,,,N,,,N,,,,,,,4
MPH--11---,,,PHYSICS 11,,,,,N,,,Y,,,,,,,4
MPREC12---,,,PRE-CALCULUS 12,,,,,N,,,N,,,,,,,4
MSP--12---,,,SPANISH 12,,,,,N,,,N,,,,,,,4
YLAW-2CX--,,,CRIMINOLOGY 12,,,,,N,,,Y,,,,,,,4
YPSYC1AX--,,,PSYCHOLOGY 11,,,,,N,,,N,,,,,,,4
ID,1220,Grade,11,,,,,,,,,,,,,,,
Course,,,,Description,,,Recommended,,,Alternate,,,,Alternate Courses,,,,Credit
MATPH12---,,,ANATOMY AND PHYSIOLOGY 12,,,,,N,,,N,,,,,,,4
MCALC12---,,,CALCULUS 12,,,,,N,,,N,,,,,,,4
MCH--12---,,,CHEMISTRY 12,,,,,N,,,N,,,,,,,4
MCLC-12--L,,,CAREER LIFE CONNECTIONS Linear,,,,,N,,,N,,,,,,,4
MCMCC12--L,,,CHORAL MUSIC 12: CONCERT CHOIR Linear,,,,,N,,,N,,,,,,,4
MENFP12---,,,ENGLISH FIRST PEOPLES 12,,,,,N,,,N,,,,,,,4
MFOOD12---,,,FOOD STUDIES 12,,,,,N,,,N,,,,,,,4
MIMG-12---,,,INSTRUMENTAL MUSIC 12: GUITAR,,,,,N,,,N,,,,,,,4
MMEDD12---,,,MEDIA DESIGN 12,,,,,N,,,Y,,,,,,,4
MPH--12---,,,PHYSICS 12,,,,,N,,,N,,,,,,,4
YLAW-2CX--,,,CRIMINOLOGY 12,,,,,N,,,Y,,,,,,,4
ID,1221,Grade,11,,,,,,,,,,,,,,,
Course,,,,Description,,,Recommended,,,Alternate,,,,Alternate Courses,,,,Credit
ACAL-12---,,,AP CALCULUS AB 12 external credential,,,,,N,,,N,,,,,,,4
MACLV12G--,,,ACTIVE LIVING 12 Girls,,,,,N,,,Y,,,,,,,4
MCH--12---,,,CHEMISTRY 12,,,,,N,,,N,,,,,,,4
MCLC-12--L,,,CAREER LIFE CONNECTIONS Linear,,,,,N,,,N,,,,,,,4
MENST12C--,,,ENGLISH STUDIES 12 CHALLENGE,,,,,N,,,N,,,,,,,4
MFOOD12---,,,FOOD STUDIES 12,,,,,N,,,N,,,,,,,4
MMUOR12S-L,,,INSTRUMENTAL MUSIC: ORCHESTRA 12 Strings Linear,,,,,N,,,N,,,,,,,4
MPH--12---,,,PHYSICS 12,,,,,N,,,N,,,,,,,4
MPREC12H--,,,PRE-CALCULUS 12 HONOURS,,,,,N,,,N,,,,,,,4
MTDRF12---,,,DRAFTING 12,,,,,N,,,N,,,,,,,4
MTXT-12---,,,TEXTILES 12,,,,,N,,,N,,,,,,,4
ID,1222,Grade,11,,,,,,,,,,,,,,,
Course,,,,Description,,,Recommended,,,Alternate,,,,Alternate Courses,,,,Credit
APHM-12---,,,AP PHYSICS C (MECHANICS) 12 external credential,,,,,N,,,N,,,,,,,4
MCALC12---,,,CALCULUS 12,,,,,N,,,N,,,,,,,4
MCH--11---,,,CHEMISTRY 11,,,,,N,,,N,,,,,,,4
MCH--12---,,,CHEMISTRY 12,,,,,N,,,Y,,,,,,,4
MCLC-12--L,,,CAREER LIFE CONNECTIONS Linear,,,,,N,,,N,,,,,,,4
MDMD-12D--,,,3D ANIMATION 12,,,,,N,,,N,,,,,,,4
MENST12---,,,ENGLISH STUDIES 12,,,,,N,,,N,,,,,,,4
MMEDD12---,,,MEDIA DESIGN 12,,,,,N,,,N,,,,,,,4
MMUOR12S-L,,,INSTRUMENTAL MUSIC: ORCHESTRA 12 Strings Linear,,,,,N,,,N,,,,,,,4
MPH--12---,,,PHYSICS 12,,,,,N,,,Y,,,,,,,4
MPREC12---,,,PRE-CALCULUS 12,,,,,N,,,N,,,,,,,4
YCPA-2AX-L,,,COMMUNITY LEADERSHIP 12 Linear,,,,,N,,,N,,,,,,,4
YLAW-2CX--,,,CRIMINOLOGY 12,,,,,N,,,N,,,,,,,4
ID,1223,Grade,11,,,,,,,,,,,,,,,
Course,,,,Description,,,Recommended,,,Alternate,,,,Alternate Courses,,,,Credit
MATPH12---,,,ANATOMY AND PHYSIOLOGY 12,,,,,N,,,N,,,,,,,4
MCALC12---,,,CALCULUS 12,,,,,N,,,N,,,,,,,4
MCH--12---,,,CHEMISTRY 12,,,,,N,,,N,,,,,,,4
MCLC-12--L,,,CAREER LIFE CONNECTIONS Linear,,,,,N,,,N,,,,,,,4
MDRM-12---,,,DRAMA 12,,,,,N,,,N,,,,,,,4
MENST12---,,,ENGLISH STUDIES 12,,,,,N,,,N,,,,,,,4
MFOOD12---,,,FOOD STUDIES 12,,,,,N,,,N,,,,,,,4
MPGEO12---,,,PHYSICAL GEOGRAPHY 12,,,,,N,,,N,,,,,,,4
MPREC12---,,,PRE-CALCULUS 12,,,,,N,,,N,,,,,,,4
YPA--2CX--,,,YOGA FOR MINDFULNESS 12,,,,,N,,,Y,,,,,,,4
ID,1224,Grade,11,,,,,,,,,,,,,,,
Course,,,,Description,,,Recommended,,,Alternate,,,,Alternate Courses,,,,Credit
MATPH12---,,,ANATOMY AND PHYSIOLOGY 12,,,,,N,,,N,,,,,,,4
MCALC12---,,,CALCULUS 12,,,,,N,,,N,,,,,,,4
MCH--12---,,,CHEMISTRY 12,,,,,N,,,N,,,,,,,4
MCLC-12--L,,,CAREER LIFE CONNECTIONS Linear,,,,,N,,,N,,,,,,,4
MDNC-12--L,,,DANCE 12: CHOREOGRAPHY Linear,,,,,N,,,N,,,,,,,4
MDNCM12--L,,,DANCE COMPANY 12 Linear,,,,,N,,,N,,,,,,,4
MDNCN12---,,,DANCE CONDITIONING 12,,,,,N,,,Y,,,,,,,4
MENST12---,,,ENGLISH STUDIES 12,,,,,N,,,N,,,,,,,4
MPH--12---,,,PHYSICS 12,,,,,N,,,N,,,,,,,4
MPREC12---,,,PRE-CALCULUS 12,,,,,N,,,N,,,,,,,4
MSP--12---,,,SPANISH 12,,,,,N,,,N,,,,,,,4
MTXT-12---,,,TEXTILES 12,,,,,N,,,Y,,,,,,,4
MVAST12---,,,ART STUDIO 12,,,,,N,,,N,,,,,,,4
YED--2FX-L,,,SCHOLARSHIP PREPARATION 12 LINEAR,,,,,N,,,N,,,,,,,4
ID,1225,Grade,11,,,,,,,,,,,,,,,
Course,,,,Description,,,Recommended,,,Alternate,,,,Alternate Courses,,,,Credit
MATPH12---,,,ANATOMY AND PHYSIOLOGY 12,,,,,N,,,N,,,,,,,4
MCLC-12--L,,,CAREER LIFE CONNECTIONS Linear,,,,,N,,,N,,,,,,,4
MDNC-12--L,,,DANCE 12: CHOREOGRAPHY Linear,,,,,N,,,N,,,,,,,4
MDNCM12--L,,,DANCE COMPANY 12 Linear,,,,,N,,,N,,,,,,,4
MDNTP12---,,,DANCE TECHNIQUE AND PERFORMANCE 12,,,,,N,,,N,,,,,,,4
MENFP12--Y,,,ENGLISH FIRST PEOPLES 12 Year,,,,,N,,,N,,,,,,,4
MFOOD12---,,,FOOD STUDIES 12,,,,,N,,,N,,,,,,,4
MVAST12---,,,ART STUDIO 12,,,,,N,,,N,,,,,,,4
YESFL1CX--,,,ELL Academic Literacy 11,,,,,N,,,N,,,,,,,4
ID,1226,Grade,11,,,,,,,,,,,,,,,
Course,,,,Description,,,Recommended,,,Alternate,,,,Alternate Courses,,,,Credit
AELC-12---,,,AP ENGLISH LITERATURE & COMPOSITION 12,,,,,N,,,N,,,,,,,4
ASTA-12---,,,AP STATISTICS 12,,,,,N,,,N,,,,,,,4
MCALC12---,,,CALCULUS 12,,,,,N,,,N,,,,,,,4
MCLC-12--L,,,CAREER LIFE CONNECTIONS Linear,,,,,N,,,N,,,,,,,4
MFR--12---,,,FRENCH 12,,,,,N,,,Y,,,,,,,4
MLFSC11---,,,LIFE SCIENCES 11,,,,,N,,,N,,,,,,,4
MLTST12---,,,LITERARY STUDIES 12,,,,,N,,,N,,,,,,,4
MPH--12---,,,PHYSICS 12,,,,,N,,,N,,,,,,,4
MPREC12---,,,PRE-CALCULUS 12,,,,,N,,,N,,,,,,,4
YLAW-2CX--,,,CRIMINOLOGY 12,,,,,N,,,Y,,,,,,,4
ID,1227,Grade,11,,,,,,,,,,,,,,,
Course,,,,Description,,,Recommended,,,Alternate,,,,Alternate Courses,,,,Credit
MACLV12G--,,,ACTIVE LIVING 12 Girls,,,,,N,,,Y,,,,,,,4
MDRM-12---,,,DRAMA 12,,,,,N,,,Y,,,,,,,4
MENST12---,,,ENGLISH STUDIES 12,,,,,N,,,N,,,,,,,4
MLFSC11---,,,LIFE SCIENCES 11,,,,,N,,,N,,,,,,,4
MPREC11---,,,PRE-CALCULUS 11,,,,,N,,,N,,,,,,,4
MVAST12---,,,ART STUDIO 12,,,,,N,,,N,,,,,,,4
ID,1228,Grade,11,,,,,,,,,,,,,,,
Course,,,,Description,,,Recommended,,,Alternate,,,,Alternate Courses,,,,Credit
AELC-12---,,,AP ENGLISH LITERATURE & COMPOSITION 12,,,,,N,,,N,,,,,,,4
MATPH12---,,,ANATOMY AND PHYSIOLOGY 12,,,,,N,,,Y,,,,,,,4
MCALC12---,,,CALCULUS 12,,,,,N,,,N,,,,,,,4
MCH--12---,,,CHEMISTRY 12,,,,,N,,,N,,,,,,,4
MCLC-12--L,,,CAREER LIFE CONNECTIONS Linear,,,,,N,,,N,,,,,,,4
MLFSC11---,,,LIFE SCIENCES 11,,,,,N,,,Y,,,,,,,4
MLTST12---,,,LITERARY STUDIES 12,,,,,N,,,N,,,,,,,4
MPH--12---,,,PHYSICS 12,,,,,N,,,N,,,,,,,4
MPREC12H--,,,PRE-CALCULUS 12 HONOURS,,,,,N,,,N,,,,,,,4
MTAUT12---,,,AUTOMOTIVE TECHNOLOGY 12,,,,,N,,,N,,,,,,,4
MTDRF12---,,,DRAFTING 12,,,,,N,,,Y,,,,,,,4
YCPA-2AX-L,,,COMMUNITY LEADERSHIP 12 Linear,,,,,N,,,N,,,,,,,4
YED--2DX-L,,,PEER TUTORING 12 LINEAR,,,,,N,,,N,,,,,,,4
YED--2FX-L,,,SCHOLARSHIP PREPARATION 12 LINEAR,,,,,N,,,N,,,,,,,4
YPSYC1AX--,,,PSYCHOLOGY 11,,,,,N,,,N,,,,,,,4
ID,1229,Grade,11,,,,,,,,,,,,,,,
Course,,,,Description,,,Recommended,,,Alternate,,,,Alternate Courses,,,,Credit
MATPH12---,,,ANATOMY AND PHYSIOLOGY 12,,,,,N,,,N,,,,,,,4
MCH--12---,,,CHEMISTRY 12,,,,,N,,,N,,,,,,,4
MCLC-12--L,,,CAREER LIFE CONNECTIONS Linear,,,,,N,,,N,,,,,,,4
MENST12---,,,ENGLISH STUDIES 12,,,,,N,,,N,,,,,,,4
MPH--12---,,,PHYSICS 12,,,,,N,,,N,,,,,,,4
MPREC12---,,,PRE-CALCULUS 12,,,,,N,,,N,,,,,,,4
MSP--12---,,,SPANISH 12,,,,,N,,,N,,,,,,,4
MVAPH12---,,,PHOTOGRAPHY 12,,,,,N,,,Y,,,,,,,4
ID,1230,Grade,11,,,,,,,,,,,,,,,
Course,,,,Description,,,Recommended,,,Alternate,,,,Alternate Courses,,,,Credit
MCLC-12--L,,,CAREER LIFE CONNECTIONS Linear,,,,,N,,,N,,,,,,,4
MENST12---,,,ENGLISH STUDIES 12,,,,,N,,,N,,,,,,,4
MFOOD12---,,,FOOD STUDIES 12,,,,,N,,,N,,,,,,,4
MLST-12---,,,LAW STUDIES 12,,,,,N,,,N,,,,,,,4
MSJ--12---,,,SOCIAL JUSTICE 12,,,,,N,,,N,,,,,,,4
MVAPH11---,,,PHOTOGRAPHY 11,,,,,N,,,N,,,,,,,4
YED--2CX--,,,LEARNING STRATEGIES 12,,,,,N,,,N,,,,,,,4
ID,1231,Grade,11,,,,,,,,,,,,,,,
Course,,,,Description,,,Recommended,,,Alternate,,,,Alternate Courses,,,,Credit
MATPH12---,,,ANATOMY AND PHYSIOLOGY 12,,,,,N,,,N,,,,,,,4
MCH--12---,,,CHEMISTRY 12,,,,,N,,,N,,,,,,,4
MCLC-12--L,,,CAREER LIFE CONNECTIONS Linear,,,,,N,,,N,,,,,,,4
MCMCL12---,,,COMPARATIVE CULTURES 12,,,,,N,,,N,,,,,,,4
MDNC-12--L,,,DANCE 12: CHOREOGRAPHY Linear,,,,,N,,,N,,,,,,,4
MDNCM12--L,,,DANCE COMPANY 12 Linear,,,,,N,,,N,,,,,,,4
MDNCN12---,,,DANCE CONDITIONING 12,,,,,N,,,Y,,,,,,,4
MDNTP12---,,,DANCE TECHNIQUE AND PERFORMANCE 12,,,,,N,,,N,,,,,,,4
MENST12---,,,ENGLISH STUDIES 12,,,,,N,,,N,,,,,,,4
MFOM-11---,,,FOUNDATIONS OF MATHEMATICS 11,,,,,N,,,N,,,,,,,4
MTXT-12---,,,TEXTILES 12,,,,,N,,,N,,,,,,,4
ID,1232,Grade,11,,,,,,,,,,,,,,,
Course,,,,Description,,,Recommended,,,Alternate,,,,Alternate Courses,,,,Credit
MCH--11---,,,CHEMISTRY 11,,,,,N,,,Y,,,,,,,4
MCLC-12---,,,CAREER LIFE CONNECTIONS,,,,,N,,,N,,,,,,,4
MDRM-12---,,,DRAMA 12,,,,,N,,,Y,,,,,,,4
MENST12---,,,ENGLISH STUDIES 12,,,,,N,,,N,,,,,,,4
MFOM-11---,,,FOUNDATIONS OF MATHEMATICS 11,,,,,N,,,N,,,,,,,4
MFOOD12---,,,FOOD STUDIES 12,,,,,N,,,N,,,,,,,4
YED--2CX--,,,LEARNING STRATEGIES 12,,,,,N,,,N,,,,,,,4
ID,1233,Grade,11,,,,,,,,,,,,,,,
Course,,,,Description,,,Recommended,,,Alternate,,,,Alternate Courses,,,,Credit
MACLV12---,,,ACTIVE LIVING 12,,,,,N,,,N,,,,,,,4
MCLC-12--L,,,CAREER LIFE CONNECTIONS Linear,,,,,N,,,N,,,,,,,4
MENFP12---,,,ENGLISH FIRST PEOPLES 12,,,,,N,,,N,,,,,,,4
MENR-12---,,,ENGINEERING 12,,,,,N,,,Y,,,,,,,4
MENT-12---,,,ENTREPRENEURSHIP 12,,,,,N,,,Y,,,,,,,4
MPH--11---,,,PHYSICS 11,,,,,N,,,N,,,,,,,4
MPH--12---,,,PHYSICS 12,,,,,N,,,N,,,,,,,4
MPREC12---,,,PRE-CALCULUS 12,,,,,N,,,N,,,,,,,4
MTDRF12---,,,DRAFTING 12,,,,,N,,,N,,,,,,,4
MWWK-12---,,,WOODWORK 12,,,,,N,,,N,,,,,,,4
YHRA-2AX--,,,CROSS TRAINING 12,,,,,N,,,N,,,,,,,4
ID,1234,Grade,11,,,,,,,,,,,,,,,
Course,,,,Description,,,Recommended,,,Alternate,,,,Alternate Courses,,,,Credit
MCALC12---,,,CALCULUS 12,,,,,N,,,N,,,,,,,4
MCH--12---,,,CHEMISTRY 12,,,,,N,,,N,,,,,,,4
MCLC-12--L,,,CAREER LIFE CONNECTIONS Linear,,,,,N,,,N,,,,,,,4
MENFP12---,,,ENGLISH FIRST PEOPLES 12,,,,,N,,,N,,,,,,,4
MMACS11---,,,COMPUTER SCIENCE 11,,,,,N,,,N,,,,,,,4
MPH--12---,,,PHYSICS 12,,,,,N,,,N,,,,,,,4
MPREC12H--,,,PRE-CALCULUS 12 HONOURS,,,,,N,,,N,,,,,,,4
MWH--12---,,,20th CENTURY WORLD HISTORY 12,,,,,N,,,N,,,,,,,4
ID,1235,Grade,11,,,,,,,,,,,,,,,
Course,,,,Description,,,Recommended,,,Alternate,,,,Alternate Courses,,,,Credit
AELC-12---,,,AP ENGLISH LITERATURE & COMPOSITION 12,,,,,N,,,N,,,,,,,4
MACLV12G--,,,ACTIVE LIVING 12 Girls,,,,,N,,,Y,,,,,,,4
MCH--12---,,,CHEMISTRY 12,,,,,N,,,N,,,,,,,4
MCLC-12--L,,,CAREER LIFE CONNECTIONS Linear,,,,,N,,,N,,,,,,,4
MDRM-12---,,,DRAMA 12,,,,,N,,,N,,,,,,,4
MLTST12---,,,LITERARY STUDIES 12,,,,,N,,,N,,,,,,,4
MPH--12---,,,PHYSICS 12,,,,,N,,,N,,,,,,,4
MPREC12---,,,PRE-CALCULUS 12,,,,,N,,,N,,,,,,,4
MSJ--12---,,,SOCIAL JUSTICE 12,,,,,N,,,N,,,,,,,4
MTXT-12---,,,TEXTILES 12,,,,,N,,,Y,,,,,,,4
YED--2FX-L,,,SCHOLARSHIP PREPARATION 12 LINEAR,,,,,N,,,N,,,,,,,4
YLAW-2CX--,,,CRIMINOLOGY 12,,,,,N,,,N,,,,,,,4
ID,1236,Grade,11,,,,,,,,,,,,,,,
Course,,,,Description,,,Recommended,,,Alternate,,,,Alternate Courses,,,,Credit
MATPH12---,,,ANATOMY AND PHYSIOLOGY 12,,,,,N,,,N,,,,,,,4
MCLC-12--L,,,CAREER LIFE CONNECTIONS Linear,,,,,N,,,N,,,,,,,4
MDNC-12--L,,,DANCE 12: CHOREOGRAPHY Linear,,,,,N,,,N,,,,,,,4
MDNCM12--L,,,DANCE COMPANY 12 Linear,,,,,N,,,N,,,,,,,4
MDNCN12---,,,DANCE CONDITIONING 12,,,,,N,,,N,,,,,,,4
MENST12---,,,ENGLISH STUDIES 12,,,,,N,,,N,,,,,,,4
MPREC12---,,,PRE-CALCULUS 12,,,,,N,,,N,,,,,,,4
MTXT-12---,,,TEXTILES 12,,,,,N,,,N,,,,,,,4
YLRA-2AX-L,,,ATHLETIC LEADERSHIP 12 Linear,,,,,N,,,N,,,,,,,4
ID,1237,Grade,11,,,,,,,,,,,,,,,
Course,,,,Description,,,Recommended,,,Alternate,,,,Alternate Courses,,,,Credit
MCALC12---,,,CALCULUS 12,,,,,N,,,N,,,,,,,4
MCH--12---,,,CHEMISTRY 12,,,,,N,,,N,,,,,,,4
MCLC-12--L,,,CAREER LIFE CONNECTIONS Linear,,,,,N,,,N,,,,,,,4
MEC--12---,,,ECONOMICS 12,,,,,N,,,N,,,,,,,4
MENST12C--,,,ENGLISH STUDIES 12 CHALLENGE,,,,,N,,,N,,,,,,,4
MPH--12---,,,PHYSICS 12,,,,,N,,,N,,,,,,,4
MPREC12---,,,PRE-CALCULUS 12,,,,,N,,,N,,,,,,,4
MTAUT12---,,,AUTOMOTIVE TECHNOLOGY 12,,,,,N,,,N,,,,,,,4
MVAPH11---,,,PHOTOGRAPHY 11,,,,,N,,,N,,,,,,,4
YLRA-2AX-L,,,ATHLETIC LEADERSHIP 12 Linear,,,,,N,,,N,,,,,,,4
ID,1238,Grade,11,,,,,,,,,,,,,,,
Course,,,,Description,,,Recommended,,,Alternate,,,,Alternate Courses,,,,Credit
MCALC12---,,,CALCULUS 12,,,,,N,,,N,,,,,,,4
MCH--12---,,,CHEMISTRY 12,,,,,N,,,N,,,,,,,4
MCLC-12--L,,,CAREER LIFE CONNECTIONS Linear,,,,,N,,,N,,,,,,,4
MENR-12---,,,ENGINEERING 12,,,,,N,,,N,,,,,,,4
MENST12---,,,ENGLISH STUDIES 12,,,,,N,,,N,,,,,,,4
MPGEO12---,,,PHYSICAL GEOGRAPHY 12,,,,,N,,,N,,,,,,,4
MTAUT12---,,,AUTOMOTIVE TECHNOLOGY 12,,,,,N,,,N,,,,,,,4
MTROB12--L,,,ROBOTICS 12 LINEAR,,,,,N,,,N,,,,,,,4
ID,1239,Grade,11,,,,,,,,,,,,,,,
Course,,,,Description,,,Recommended,,,Alternate,,,,Alternate Courses,,,,Credit
ACAL-12---,,,AP CALCULUS AB 12 external credential,,,,,N,,,N,,,,,,,4
ACSC-2A---,,,AP COMPUTER SCIENCE A 12,,,,,N,,,N,,,,,,,4
APHM-12---,,,AP PHYSICS C (MECHANICS) 12 external credential,,,,,N,,,N,,,,,,,4
ASTA-12---,,,AP STATISTICS 12,,,,,N,,,N,,,,,,,4
MAC--11---,,,ACCOUNTING 11,,,,,N,,,N,,,,,,,4
MATPH12---,,,ANATOMY AND PHYSIOLOGY 12,,,,,N,,,Y,,,,,,,4
MCH--12---,,,CHEMISTRY 12,,,,,N,,,N,,,,,,,4
MCLC-12--L,,,CAREER LIFE CONNECTIONS Linear,,,,,N,,,N,,,,,,,4
MENST12C--,,,ENGLISH STUDIES 12 CHALLENGE,,,,,N,,,N,,,,,,,4
MGRPR12--L,,,GRAPHIC PRODUCTION 12 LINEAR,,,,,N,,,N,,,,,,,4
MIMG-12---,,,INSTRUMENTAL MUSIC 12: GUITAR,,,,,N,,,Y,,,,,,,4
MPREC12H--,,,PRE-CALCULUS 12 HONOURS,,,,,N,,,N,,,,,,,4
YED--2DX-L,,,PEER TUTORING 12 LINEAR,,,,,N,,,N,,,,,,,4
YED--2FX-L,,,SCHOLARSHIP PREPARATION 12 LINEAR,,,,,N,,,N,,,,,,,4
YLRA-2AX-L,,,ATHLETIC LEADERSHIP 12 Linear,,,,,N,,,N,,,,,,,4
ID,1240,Grade,11,,,,,,,,,,,,,,,
Course,,,,Description,,,Recommended,,,Alternate,,,,Alternate Courses,,,,Credit
MAC--11---,,,ACCOUNTING 11,,,,,N,,,N,,,,,,,4
MCLC-12--L,,,CAREER LIFE CONNECTIONS Linear,,,,,N,,,N,,,,,,,4
MCMCL12---,,,COMPARATIVE CULTURES 12,,,,,N,,,N,,,,,,,4
MDRM-12---,,,DRAMA 12,,,,,N,,,N,,,,,,,4
MEC--12---,,,ECONOMICS 12,,,,,N,,,N,,,,,,,4
MENFP12---,,,ENGLISH FIRST PEOPLES 12,,,,,N,,,N,,,,,,,4
MFOOD12---,,,FOOD STUDIES 12,,,,,N,,,Y,,,,,,,4
MIMG-12---,,,INSTRUMENTAL MUSIC 12: GUITAR,,,,,N,,,Y,,,,,,,4
MLST-12---,,,LAW STUDIES 12,,,,,N,,,N,,,,,,,4
MPREC12---,,,PRE-CALCULUS 12,,,,,N,,,N,,,,,,,4
YLAW-2CX--,,,CRIMINOLOGY 12,,,,,N,,,N,,,,,,,4
ID,1241,Grade,11,,,,,,,,,,,,,,,
Course,,,,Description,,,Recommended,,,Alternate,,,,Alternate Courses,,,,Credit
AELC-12---,,,AP ENGLISH LITERATURE & COMPOSITION 12,,,,,N,,,N,,,,,,,4
MATPH12---,,,ANATOMY AND PHYSIOLOGY 12,,,,,N,,,N,,,,,,,4
MCALC12---,,,CALCULUS 12,,,,,N,,,N,,,,,,,4
MCH--12---,,,CHEMISTRY 12,,,,,N,,,N,,,,,,,4
MCLC-12--L,,,CAREER LIFE CONNECTIONS Linear,,,,,N,,,N,,,,,,,4
MEC--12---,,,ECONOMICS 12,,,,,N,,,Y,,,,,,,4
MIMJB12--L,,,INSTRUMENTAL MUSIC 12: JAZZ BAND LINEAR,,,,,N,,,N,,,,,,,4
MLTST12---,,,LITERARY STUDIES 12,,,,,N,,,N,,,,,,,4
MMUOR12S-L,,,INSTRUMENTAL MUSIC: ORCHESTRA 12 Strings Linear,,,,,N,,,N,,,,,,,4
MPH--12---,,,PHYSICS 12,,,,,N,,,Y,,,,,,,4
MPREC12H--,,,PRE-CALCULUS 12 HONOURS,,,,,N,,,N,,,,,,,4
MWH--12---,,,20th CENTURY WORLD HISTORY 12,,,,,N,,,N,,,,,,,4
YCPA-2AX-L,,,COMMUNITY LEADERSHIP 12 Linear,,,,,N,,,N,,,,,,,4
YPSYC1AX--,,,PSYCHOLOGY 11,,,,,N,,,N,,,,,,,4
ID,1242,Grade,11,,,,,,,,,,,,,,,
Course,,,,Description,,,Recommended,,,Alternate,,,,Alternate Courses,,,,Credit
MCLC-12---,,,CAREER LIFE CONNECTIONS,,,,,N,,,N,,,,,,,4
MENST12---,,,ENGLISH STUDIES 12,,,,,N,,,N,,,,,,,4
MINST12---,,,CONTEMPORARY INDIGENOUS STUDIES 12,,,,,N,,,N,,,,,,,4
MLST-12---,,,LAW STUDIES 12,,,,,N,,,N,,,,,,,4
MWH--12---,,,20th CENTURY WORLD HISTORY 12,,,,,N,,,N,,,,,,,4
YLAW-2CX--,,,CRIMINOLOGY 12,,,,,N,,,Y,,,,,,,4
YPSYC1AX--,,,PSYCHOLOGY 11,,,,,N,,,Y,,,,,,,4
ID,1243,Grade,11,,,,,,,,,,,,,,,
Course,,,,Description,,,Recommended,,,Alternate,,,,Alternate Courses,,,,Credit
MCLC-12--L,,,CAREER LIFE CONNECTIONS Linear,,,,,N,,,N,,,,,,,4
MENFP12---,,,ENGLISH FIRST PEOPLES 12,,,,,N,,,N,,,,,,,4
MEPSS11---,,,EXPLORATIONS IN SOCIAL STUDIES 11,,,,,N,,,N,,,,,,,4
MFOOD12---,,,FOOD STUDIES 12,,,,,N,,,N,,,,,,,4
MTAUT12---,,,AUTOMOTIVE TECHNOLOGY 12,,,,,N,,,N,,,,,,,4
MWWK-12---,,,WOODWORK 12,,,,,N,,,N,,,,,,,4
YED--2CX--,,,LEARNING STRATEGIES 12,,,,,N,,,Y,,,,,,,4
YHRA-2AX--,,,CROSS TRAINING 12,,,,,N,,,Y,,,,,,,4
ID,1244,Grade,11,,,,,,,,,,,,,,,
Course,,,,Description,,,Recommended,,,Alternate,,,,Alternate Courses,,,,Credit
ASTA-12---,,,AP STATISTICS 12,,,,,N,,,N,,,,,,,4
MATPH12---,,,ANATOMY AND PHYSIOLOGY 12,,,,,N,,,N,,,,,,,4
MCH--12---,,,CHEMISTRY 12,,,,,N,,,N,,,,,,,4
MCLC-12--L,,,CAREER LIFE CONNECTIONS Linear,,,,,N,,,N,,,,,,,4
MEC--12---,,,ECONOMICS 12,,,,,N,,,Y,,,,,,,4
MENFP12---,,,ENGLISH FIRST PEOPLES 12,,,,,N,,,N,,,,,,,4
MLST-12---,,,LAW STUDIES 12,,,,,N,,,N,,,,,,,4
MODED12---,,,OUTDOOR EDUCATION 12,,,,,N,,,N,,,,,,,4
MPREC12H--,,,PRE-CALCULUS 12 HONOURS,,,,,N,,,N,,,,,,,4
MSJ--12---,,,SOCIAL JUSTICE 12,,,,,N,,,Y,,,,,,,4
ID,1245,Grade,11,,,,,,,,,,,,,,,
Course,,,,Description,,,Recommended,,,Alternate,,,,Alternate Courses,,,,Credit
MACLV12---,,,ACTIVE LIVING 12,,,,,N,,,N,,,,,,,4
MCLC-12--L,,,CAREER LIFE CONNECTIONS Linear,,,,,N,,,N,,,,,,,4
MCLE-10---,,,CAREER LIFE EDUCATION 10,,,,,N,,,N,,,,,,,4
MDMD-12D--,,,3D ANIMATION 12,,,,,N,,,Y,,,,,,,4
MENFP12---,,,ENGLISH FIRST PEOPLES 12,,,,,N,,,N,,,,,,,4
MFOOD12---,,,FOOD STUDIES 12,,,,,N,,,N,,,,,,,4
MMEDD12---,,,MEDIA DESIGN 12,,,,,N,,,N,,,,,,,4
MTAUT12---,,,AUTOMOTIVE TECHNOLOGY 12,,,,,N,,,N,,,,,,,4
MVAPH11---,,,PHOTOGRAPHY 11,,,,,N,,,N,,,,,,,4
MWWK-12---,,,WOODWORK 12,,,,,N,,,N,,,,,,,4
ID,1246,Grade,11,,,,,,,,,,,,,,,
Course,,,,Description,,,Recommended,,,Alternate,,,,Alternate Courses,,,,Credit
MACLV12---,,,ACTIVE LIVING 12,,,,,N,,,N,,,,,,,4
MCLC-12--L,,,CAREER LIFE CONNECTIONS Linear,,,,,N,,,N,,,,,,,4
MENFP12---,,,ENGLISH FIRST PEOPLES 12,,,,,N,,,N,,,,,,,4
MENT-12---,,,ENTREPRENEURSHIP 12,,,,,N,,,N,,,,,,,4
MFOOD12---,,,FOOD STUDIES 12,,,,,N,,,N,,,,,,,4
MSJ--12---,,,SOCIAL JUSTICE 12,,,,,N,,,N,,,,,,,4
MWEX-2A--L,,,WORK EXPERIENCE 12A LINEAR,,,,,N,,,N,,,,,,,4
MWEX-2B--L,,,WORK EXPERIENCE 12B LINEAR,,,,,N,,,N,,,,,,,4
MWPM-11---,,,WORKPLACE MATHEMATICS 11,,,,,N,,,N,,,,,,,4
YPA--2CX--,,,YOGA FOR MINDFULNESS 12,,,,,N,,,N,,,,,,,4
ID,1247,Grade,11,,,,,,,,,,,,,,,
Course,,,,Description,,,Recommended,,,Alternate,,,,Alternate Courses,,,,Credit
MAC--11---,,,ACCOUNTING 11,,,,,N,,,N,,,,,,,4
MACC-12---,,,ACCOUNTING 12,,,,,N,,,Y,,,,,,,4
MCLC-12--L,,,CAREER LIFE CONNECTIONS Linear,,,,,N,,,N,,,,,,,4
MEC--12---,,,ECONOMICS 12,,,,,N,,,N,,,,,,,4
MENST12---,,,ENGLISH STUDIES 12,,,,,N,,,N,,,,,,,4
MFOOD12---,,,FOOD STUDIES 12,,,,,N,,,Y,,,,,,,4
MINST12---,,,CONTEMPORARY INDIGENOUS STUDIES 12,,,,,N,,,N,,,,,,,4
MLST-12---,,,LAW STUDIES 12,,,,,N,,,N,,,,,,,4
MPREC12---,,,PRE-CALCULUS 12,,,,,N,,,N,,,,,,,4
MTAUT12---,,,AUTOMOTIVE TECHNOLOGY 12,,,,,N,,,N,,,,,,,4
YPSYC1AX--,,,PSYCHOLOGY 11,,,,,N,,,N,,,,,,,4
ID,1248,Grade,11,,,,,,,,,,,,,,,
Course,,,,Description,,,Recommended,,,Alternate,,,,Alternate Courses,,,,Credit
MACLV12---,,,ACTIVE LIVING 12,,,,,N,,,N,,,,,,,4
MCLC-12--L,,,CAREER LIFE CONNECTIONS Linear,,,,,N,,,N,,,,,,,4
MCMPS11---,,,COMPOSITION 11,,,,,N,,,N,,,,,,,4
MENST12---,,,ENGLISH STUDIES 12,,,,,N,,,N,,,,,,,4
MPGEO12---,,,PHYSICAL GEOGRAPHY 12,,,,,N,,,N,,,,,,,4
MTAUT12---,,,AUTOMOTIVE TECHNOLOGY 12,,,,,N,,,N,,,,,,,4
YED--2CX--,,,LEARNING STRATEGIES 12,,,,,N,,,N,,,,,,,4
YHRA-2AX--,,,CROSS TRAINING 12,,,,,N,,,N,,,,,,,4
ID,1249,Grade,11,,,,,,,,,,,,,,,
Course,,,,Description,,,Recommended,,,Alternate,,,,Alternate Courses,,,,Credit
MACLV12---,,,ACTIVE LIVING 12,,,,,N,,,N,,,,,,,4
MCLC-12--L,,,CAREER LIFE CONNECTIONS Linear,,,,,N,,,N,,,,,,,4
MCLE-10---,,,CAREER LIFE EDUCATION 10,,,,,N,,,N,,,,,,,4
MENFP12---,,,ENGLISH FIRST PEOPLES 12,,,,,N,,,N,,,,,,,4
MFOOD12---,,,FOOD STUDIES 12,,,,,N,,,N,,,,,,,4
MTAUT12---,,,AUTOMOTIVE TECHNOLOGY 12,,,,,N,,,N,,,,,,,4
MWWK-12---,,,WOODWORK 12,,,,,N,,,N,,,,,,,4
YED--2CX--,,,LEARNING STRATEGIES 12,,,,,N,,,N,,,,,,,4
ID,1250,Grade,11,,,,,,,,,,,,,,,
Course,,,,Description,,,Recommended,,,Alternate,,,,Alternate Courses,,,,Credit
MCLC-12--L,,,CAREER LIFE CONNECTIONS Linear,,,,,N,,,N,,,,,,,4
MCMCC12--L,,,CHORAL MUSIC 12: CONCERT CHOIR Linear,,,,,N,,,N,,,,,,,4
MDRM-12---,,,DRAMA 12,,,,,N,,,N,,,,,,,4
MENFP12--Y,,,ENGLISH FIRST PEOPLES 12 Year,,,,,N,,,N,,,,,,,4
MEVSC12C--,,,ENVIRONMENTAL SCIENCE 12 - CLIMATE CHANGE,,,,,N,,,N,,,,,,,4
MIMG-12---,,,INSTRUMENTAL MUSIC 12: GUITAR,,,,,N,,,N,,,,,,,4
MMEDD12---,,,MEDIA DESIGN 12,,,,,N,,,Y,,,,,,,4
MPREC12---,,,PRE-CALCULUS 12,,,,,N,,,N,,,,,,,4
MSPLG11---,,,SPOKEN LANGUAGE 11,,,,,N,,,N,,,,,,,4
MTXT-12---,,,TEXTILES 12,,,,,N,,,N,,,,,,,4
MVAST12---,,,ART STUDIO 12,,,,,N,,,Y,,,,,,,4
YED--2FX-L,,,SCHOLARSHIP PREPARATION 12 LINEAR,,,,,N,,,N,,,,,,,4
YLAW-2CX--,,,CRIMINOLOGY 12,,,,,N,,,N,,,,,,,4
ID,1251,Grade,11,,,,,,,,,,,,,,,
Course,,,,Description,,,Recommended,,,Alternate,,,,Alternate Courses,,,,Credit
MCLC-12--L,,,CAREER LIFE CONNECTIONS Linear,,,,,N,,,N,,,,,,,4
MENFP12---,,,ENGLISH FIRST PEOPLES 12,,,,,N,,,N,,,,,,,4
MEVSC12C--,,,ENVIRONMENTAL SCIENCE 12 - CLIMATE CHANGE,,,,,N,,,N,,,,,,,4
MIMCB12--L,,,INSTRUMENTAL MUSIC 12: CONCERT BAND LINEAR,,,,,N,,,N,,,,,,,4
MLFSC11---,,,LIFE SCIENCES 11,,,,,N,,,Y,,,,,,,4
MPH--11---,,,PHYSICS 11,,,,,N,,,N,,,,,,,4
MPH--12---,,,PHYSICS 12,,,,,N,,,N,,,,,,,4
MPREC12---,,,PRE-CALCULUS 12,,,,,N,,,N,,,,,,,4
MSJ--12---,,,SOCIAL JUSTICE 12,,,,,N,,,N,,,,,,,4
MTROB12---,,,ROBOTICS 12,,,,,N,,,Y,,,,,,,4
YED--2CX--,,,LEARNING STRATEGIES 12,,,,,N,,,N,,,,,,,4
ID,1252,Grade,11,,,,,,,,,,,,,,,
Course,,,,Description,,,Recommended,,,Alternate,,,,Alternate Courses,,,,Credit
MATPH12---,,,ANATOMY AND PHYSIOLOGY 12,,,,,N,,,N,,,,,,,4
MCH--12---,,,CHEMISTRY 12,,,,,N,,,N,,,,,,,4
MCLC-12--L,,,CAREER LIFE CONNECTIONS Linear,,,,,N,,,N,,,,,,,4
MENST12---,,,ENGLISH STUDIES 12,,,,,N,,,N,,,,,,,4
MFOOD12---,,,FOOD STUDIES 12,,,,,N,,,N,,,,,,,4
MLST-12---,,,LAW STUDIES 12,,,,,N,,,Y,,,,,,,4
MODED12---,,,OUTDOOR EDUCATION 12,,,,,N,,,N,,,,,,,4
MPREC12---,,,PRE-CALCULUS 12,,,,,N,,,N,,,,,,,4
MTAUT12---,,,AUTOMOTIVE TECHNOLOGY 12,,,,,N,,,N,,,,,,,4
MTXT-12---,,,TEXTILES 12,,,,,N,,,N,,,,,,,4
MVAPH12---,,,PHOTOGRAPHY 12,,,,,N,,,Y,,,,,,,4
YLRA-2AX-L,,,ATHLETIC LEADERSHIP 12 Linear,,,,,N,,,N,,,,,,,4
ID,1253,Grade,11,,,,,,,,,,,,,,,
Course,,,,Description,,,Recommended,,,Alternate,,,,Alternate Courses,,,,Credit
MATPH12---,,,ANATOMY AND PHYSIOLOGY 12,,,,,N,,,Y,,,,,,,4
MCALC12---,,,CALCULUS 12,,,,,N,,,N,,,,,,,4
MCH--12---,,,CHEMISTRY 12,,,,,N,,,N,,,,,,,4
MCLC-12--L,,,CAREER LIFE CONNECTIONS Linear,,,,,N,,,N,,,,,,,4
MENR-12---,,,ENGINEERING 12,,,,,N,,,N,,,,,,,4
MENST12C--,,,ENGLISH STUDIES 12 CHALLENGE,,,,,N,,,N,,,,,,,4
MPH--12---,,,PHYSICS 12,,,,,N,,,N,,,,,,,4
MPREC12---,,,PRE-CALCULUS 12,,,,,N,,,N,,,,,,,4
YHRA-2AX--,,,CROSS TRAINING 12,,,,,N,,,N,,,,,,,4
ID,1254,Grade,11,,,,,,,,,,,,,,,
Course,,,,Description,,,Recommended,,,Alternate,,,,Alternate Courses,,,,Credit
ACAL-12---,,,AP CALCULUS AB 12 external credential,,,,,N,,,N,,,,,,,4
APHM-12---,,,AP PHYSICS C (MECHANICS) 12 external credential,,,,,N,,,N,,,,,,,4
ASTA-12---,,,AP STATISTICS 12,,,,,N,,,N,,,,,,,4
MCH--12---,,,CHEMISTRY 12,,,,,N,,,N,,,,,,,4
MCLC-12--L,,,CAREER LIFE CONNECTIONS Linear,,,,,N,,,N,,,,,,,4
MDMD-12D--,,,3D ANIMATION 12,,,,,N,,,N,,,,,,,4
MEC--12---,,,ECONOMICS 12,,,,,N,,,N,,,,,,,4
MENST12---,,,ENGLISH STUDIES 12,,,,,N,,,N,,,,,,,4
MFOOD12---,,,FOOD STUDIES 12,,,,,N,,,N,,,,,,,4
ID,1255,Grade,11,,,,,,,,,,,,,,,
Course,,,,Description,,,Recommended,,,Alternate,,,,Alternate Courses,,,,Credit
MENFP12---,,,ENGLISH FIRST PEOPLES 12,,,,,N,,,N,,,,,,,4
MFOM-11---,,,FOUNDATIONS OF MATHEMATICS 11,,,,,N,,,N,,,,,,,4
ID,1256,Grade,11,,,,,,,,,,,,,,,
Course,,,,Description,,,Recommended,,,Alternate,,,,Alternate Courses,,,,Credit
MATPH12---,,,ANATOMY AND PHYSIOLOGY 12,,,,,N,,,N,,,,,,,4
MCALC12---,,,CALCULUS 12,,,,,N,,,N,,,,,,,4
MCH--12---,,,CHEMISTRY 12,,,,,N,,,N,,,,,,,4
MCLC-12--L,,,CAREER LIFE CONNECTIONS Linear,,,,,N,,,N,,,,,,,4
MENST12C--,,,ENGLISH STUDIES 12 CHALLENGE,,,,,N,,,N,,,,,,,4
MPH--12---,,,PHYSICS 12,,,,,N,,,N,,,,,,,4
MPREC12---,,,PRE-CALCULUS 12,,,,,N,,,N,,,,,,,4
MTDRF12---,,,DRAFTING 12,,,,,N,,,N,,,,,,,4
MTXT-12---,,,TEXTILES 12,,,,,N,,,Y,,,,,,,4
MVAST12---,,,ART STUDIO 12,,,,,N,,,Y,,,,,,,4
YCPA-2AX-L,,,COMMUNITY LEADERSHIP 12 Linear,,,,,N,,,N,,,,,,,4
YED--2FX-L,,,SCHOLARSHIP PREPARATION 12 LINEAR,,,,,N,,,N,,,,,,,4
YPSYC1AX--,,,PSYCHOLOGY 11,,,,,N,,,N,,,,,,,4
ID,1257,Grade,11,,,,,,,,,,,,,,,
Course,,,,Description,,,Recommended,,,Alternate,,,,Alternate Courses,,,,Credit
ACAL-12---,,,AP CALCULUS AB 12 external credential,,,,,N,,,N,,,,,,,4
ACSC-2A---,,,AP COMPUTER SCIENCE A 12,,,,,N,,,N,,,,,,,4
APHM-12---,,,AP PHYSICS C (MECHANICS) 12 external credential,,,,,N,,,N,,,,,,,4
MATPH12---,,,ANATOMY AND PHYSIOLOGY 12,,,,,N,,,Y,,,,,,,4
MCH--12---,,,CHEMISTRY 12,,,,,N,,,N,,,,,,,4
MCLC-12--L,,,CAREER LIFE CONNECTIONS Linear,,,,,N,,,N,,,,,,,4
MEC--12---,,,ECONOMICS 12,,,,,N,,,N,,,,,,,4
MENST12C--,,,ENGLISH STUDIES 12 CHALLENGE,,,,,N,,,N,,,,,,,4
MLFSC11---,,,LIFE SCIENCES 11,,,,,N,,,Y,,,,,,,4
MLST-12---,,,LAW STUDIES 12,,,,,N,,,N,,,,,,,4
MPREC12H--,,,PRE-CALCULUS 12 HONOURS,,,,,N,,,N,,,,,,,4
YED--2DX-L,,,PEER TUTORING 12 LINEAR,,,,,N,,,N,,,,,,,4
YED--2FX-L,,,SCHOLARSHIP PREPARATION 12 LINEAR,,,,,N,,,N,,,,,,,4
ID,1258,Grade,11,,,,,,,,,,,,,,,
Course,,,,Description,,,Recommended,,,Alternate,,,,Alternate Courses,,,,Credit
MATPH12---,,,ANATOMY AND PHYSIOLOGY 12,,,,,N,,,N,,,,,,,4
MCALC12---,,,CALCULUS 12,,,,,N,,,N,,,,,,,4
MCLC-12--L,,,CAREER LIFE CONNECTIONS Linear,,,,,N,,,N,,,,,,,4
MCMCL12---,,,COMPARATIVE CULTURES 12,,,,,N,,,N,,,,,,,4
MEC--12---,,,ECONOMICS 12,,,,,N,,,N,,,,,,,4
MENST12C--,,,ENGLISH STUDIES 12 CHALLENGE,,,,,N,,,N,,,,,,,4
MFOOD12---,,,FOOD STUDIES 12,,,,,N,,,N,,,,,,,4
MODED12---,,,OUTDOOR EDUCATION 12,,,,,N,,,Y,,,,,,,4
MPGEO12---,,,PHYSICAL GEOGRAPHY 12,,,,,N,,,N,,,,,,,4
MPH--12---,,,PHYSICS 12,,,,,N,,,N,,,,,,,4
MWH--12---,,,20th CENTURY WORLD HISTORY 12,,,,,N,,,Y,,,,,,,4
YLRA-2AX-L,,,ATHLETIC LEADERSHIP 12 Linear,,,,,N,,,N,,,,,,,4
ID,1259,Grade,11,,,,,,,,,,,,,,,
Course,,,,Description,,,Recommended,,,Alternate,,,,Alternate Courses,,,,Credit
ACAL-12---,,,AP CALCULUS AB 12 external credential,,,,,N,,,N,,,,,,,4
APHM-12---,,,AP PHYSICS C (MECHANICS) 12 external credential,,,,,N,,,N,,,,,,,4
ASTA-12---,,,AP STATISTICS 12,,,,,N,,,N,,,,,,,4
MAC--11---,,,ACCOUNTING 11,,,,,N,,,Y,,,,,,,4
MCH--12---,,,CHEMISTRY 12,,,,,N,,,N,,,,,,,4
MCLC-12--L,,,CAREER LIFE CONNECTIONS Linear,,,,,N,,,N,,,,,,,4
MENST12C--,,,ENGLISH STUDIES 12 CHALLENGE,,,,,N,,,N,,,,,,,4
MPREC12H--,,,PRE-CALCULUS 12 HONOURS,,,,,N,,,N,,,,,,,4
MTXT-12---,,,TEXTILES 12,,,,,N,,,N,,,,,,,4
YED--2DX-L,,,PEER TUTORING 12 LINEAR,,,,,N,,,N,,,,,,,4
YED--2FX-L,,,SCHOLARSHIP PREPARATION 12 LINEAR,,,,,N,,,N,,,,,,,4
ID,1260,Grade,11,,,,,,,,,,,,,,,
Course,,,,Description,,,Recommended,,,Alternate,,,,Alternate Courses,,,,Credit
ACAL-12---,,,AP CALCULUS AB 12 external credential,,,,,N,,,N,,,,,,,4
AELC-12---,,,AP ENGLISH LITERATURE & COMPOSITION 12,,,,,N,,,N,,,,,,,4
MATPH12---,,,ANATOMY AND PHYSIOLOGY 12,,,,,N,,,N,,,,,,,4
MCH--12---,,,CHEMISTRY 12,,,,,N,,,N,,,,,,,4
MCLC-12--L,,,CAREER LIFE CONNECTIONS Linear,,,,,N,,,N,,,,,,,4
MIMG-12---,,,INSTRUMENTAL MUSIC 12: GUITAR,,,,,N,,,Y,,,,,,,4
MLTST12---,,,LITERARY STUDIES 12,,,,,N,,,N,,,,,,,4
MPH--11---,,,PHYSICS 11,,,,,N,,,N,,,,,,,4
MPH--12---,,,PHYSICS 12,,,,,N,,,Y,,,,,,,4
MPREC12H--,,,PRE-CALCULUS 12 HONOURS,,,,,N,,,N,,,,,,,4
MWH--12---,,,20th CENTURY WORLD HISTORY 12,,,,,N,,,N,,,,,,,4
YED--2DX-L,,,PEER TUTORING 12 LINEAR,,,,,N,,,N,,,,,,,4
ID,1261,Grade,11,,,,,,,,,,,,,,,
Course,,,,Description,,,Recommended,,,Alternate,,,,Alternate Courses,,,,Credit
MACLV12---,,,ACTIVE LIVING 12,,,,,N,,,N,,,,,,,4
MCALC12---,,,CALCULUS 12,,,,,N,,,N,,,,,,,4
MCH--12---,,,CHEMISTRY 12,,,,,N,,,Y,,,,,,,4
MCLC-12--L,,,CAREER LIFE CONNECTIONS Linear,,,,,N,,,N,,,,,,,4
MENFP12--Y,,,ENGLISH FIRST PEOPLES 12 Year,,,,,N,,,N,,,,,,,4
MINST12---,,,CONTEMPORARY INDIGENOUS STUDIES 12,,,,,N,,,N,,,,,,,4
MLST-12---,,,LAW STUDIES 12,,,,,N,,,Y,,,,,,,4
MPH--12---,,,PHYSICS 12,,,,,N,,,N,,,,,,,4
MPREC12---,,,PRE-CALCULUS 12,,,,,N,,,N,,,,,,,4
MSJ--12---,,,SOCIAL JUSTICE 12,,,,,N,,,N,,,,,,,4
MSPLG11---,,,SPOKEN LANGUAGE 11,,,,,N,,,N,,,,,,,4
ID,1262,Grade,11,,,,,,,,,,,,,,,
Course,,,,Description,,,Recommended,,,Alternate,,,,Alternate Courses,,,,Credit
MATPH12---,,,ANATOMY AND PHYSIOLOGY 12,,,,,N,,,N,,,,,,,4
MCLC-12--L,,,CAREER LIFE CONNECTIONS Linear,,,,,N,,,N,,,,,,,4
MDMD-12D--,,,3D ANIMATION 12,,,,,N,,,N,,,,,,,4
MENST12---,,,ENGLISH STUDIES 12,,,,,N,,,N,,,,,,,4
MFOM-11---,,,FOUNDATIONS OF MATHEMATICS 11,,,,,N,,,N,,,,,,,4
MMACS11---,,,COMPUTER SCIENCE 11,,,,,N,,,N,,,,,,,4
MPREC11---,,,PRE-CALCULUS 11,,,,,N,,,N,,,,,,,4
MTAUT12---,,,AUTOMOTIVE TECHNOLOGY 12,,,,,N,,,N,,,,,,,4
MWH--12---,,,20th CENTURY WORLD HISTORY 12,,,,,N,,,N,,,,,,,4
YLAW-2CX--,,,CRIMINOLOGY 12,,,,,N,,,Y,,,,,,,4
ID,1263,Grade,11,,,,,,,,,,,,,,,
Course,,,,Description,,,Recommended,,,Alternate,,,,Alternate Courses,,,,Credit
AELC-12---,,,AP ENGLISH LITERATURE & COMPOSITION 12,,,,,N,,,N,,,,,,,4
MATPH12---,,,ANATOMY AND PHYSIOLOGY 12,,,,,N,,,N,,,,,,,4
MCALC12---,,,CALCULUS 12,,,,,N,,,N,,,,,,,4
MCH--12---,,,CHEMISTRY 12,,,,,N,,,N,,,,,,,4
MCLC-12--L,,,CAREER LIFE CONNECTIONS Linear,,,,,N,,,N,,,,,,,4
MIMCB12--L,,,INSTRUMENTAL MUSIC 12: CONCERT BAND LINEAR,,,,,N,,,N,,,,,,,4
MIMJB12--L,,,INSTRUMENTAL MUSIC 12: JAZZ BAND LINEAR,,,,,N,,,N,,,,,,,4
MLTST12---,,,LITERARY STUDIES 12,,,,,N,,,N,,,,,,,4
MPREC12---,,,PRE-CALCULUS 12,,,,,N,,,N,,,,,,,4
YCPA-2AX-L,,,COMMUNITY LEADERSHIP 12 Linear,,,,,N,,,N,,,,,,,4
YED--2FX-L,,,SCHOLARSHIP PREPARATION 12 LINEAR,,,,,N,,,N,,,,,,,4
YPSYC1AX--,,,PSYCHOLOGY 11,,,,,N,,,Y,,,,,,,4
ID,1264,Grade,11,,,,,,,,,,,,,,,
Course,,,,Description,,,Recommended,,,Alternate,,,,Alternate Courses,,,,Credit
ACAL-12---,,,AP CALCULUS AB 12 external credential,,,,,N,,,N,,,,,,,4
ACSC-2A---,,,AP COMPUTER SCIENCE A 12,,,,,N,,,N,,,,,,,4
MATPH12---,,,ANATOMY AND PHYSIOLOGY 12,,,,,N,,,Y,,,,,,,4
MCALC12---,,,CALCULUS 12,,,,,N,,,Y,,,,,,,4
MCH--12---,,,CHEMISTRY 12,,,,,N,,,N,,,,,,,4
MCLC-12--L,,,CAREER LIFE CONNECTIONS Linear,,,,,N,,,N,,,,,,,4
MENST12C--,,,ENGLISH STUDIES 12 CHALLENGE,,,,,N,,,N,,,,,,,4
MPH--12---,,,PHYSICS 12,,,,,N,,,N,,,,,,,4
MPREC12H--,,,PRE-CALCULUS 12 HONOURS,,,,,N,,,N,,,,,,,4
ID,1265,Grade,11,,,,,,,,,,,,,,,
Course,,,,Description,,,Recommended,,,Alternate,,,,Alternate Courses,,,,Credit
MACLV12---,,,ACTIVE LIVING 12,,,,,N,,,N,,,,,,,4
MCLC-12--L,,,CAREER LIFE CONNECTIONS Linear,,,,,N,,,N,,,,,,,4
MDRM-12---,,,DRAMA 12,,,,,N,,,N,,,,,,,4
MENST12---,,,ENGLISH STUDIES 12,,,,,N,,,N,,,,,,,4
MFOOD12---,,,FOOD STUDIES 12,,,,,N,,,N,,,,,,,4
MINST12---,,,CONTEMPORARY INDIGENOUS STUDIES 12,,,,,N,,,N,,,,,,,4
MPREC12---,,,PRE-CALCULUS 12,,,,,N,,,N,,,,,,,4
MTAUT12---,,,AUTOMOTIVE TECHNOLOGY 12,,,,,N,,,N,,,,,,,4
ID,1266,Grade,11,,,,,,,,,,,,,,,
Course,,,,Description,,,Recommended,,,Alternate,,,,Alternate Courses,,,,Credit
MCALC12---,,,CALCULUS 12,,,,,N,,,N,,,,,,,4
MCH--12---,,,CHEMISTRY 12,,,,,N,,,N,,,,,,,4
MCLC-12--L,,,CAREER LIFE CONNECTIONS Linear,,,,,N,,,N,,,,,,,4
MENFP12---,,,ENGLISH FIRST PEOPLES 12,,,,,N,,,N,,,,,,,4
MENR-12---,,,ENGINEERING 12,,,,,N,,,N,,,,,,,4
MEVSC12C--,,,ENVIRONMENTAL SCIENCE 12 - CLIMATE CHANGE,,,,,N,,,N,,,,,,,4
MFOOD12---,,,FOOD STUDIES 12,,,,,N,,,N,,,,,,,4
MODED12---,,,OUTDOOR EDUCATION 12,,,,,N,,,N,,,,,,,4
MPH--12---,,,PHYSICS 12,,,,,N,,,N,,,,,,,4
MTROB12--L,,,ROBOTICS 12 LINEAR,,,,,N,,,N,,,,,,,4
ID,1267,Grade,11,,,,,,,,,,,,,,,
Course,,,,Description,,,Recommended,,,Alternate,,,,Alternate Courses,,,,Credit
MCLC-12--L,,,CAREER LIFE CONNECTIONS Linear,,,,,N,,,N,,,,,,,4
MDMD-12D--,,,3D ANIMATION 12,,,,,N,,,N,,,,,,,4
MENFP12---,,,ENGLISH FIRST PEOPLES 12,,,,,N,,,N,,,,,,,4
MLST-12---,,,LAW STUDIES 12,,,,,N,,,N,,,,,,,4
MMEDD12---,,,MEDIA DESIGN 12,,,,,N,,,N,,,,,,,4
MTXT-12---,,,TEXTILES 12,,,,,N,,,Y,,,,,,,4
MVAPH11---,,,PHOTOGRAPHY 11,,,,,N,,,N,,,,,,,4
MVAPH12---,,,PHOTOGRAPHY 12,,,,,N,,,N,,,,,,,4
MVAST12---,,,ART STUDIO 12,,,,,N,,,N,,,,,,,4
MWH--12---,,,20th CENTURY WORLD HISTORY 12,,,,,N,,,N,,,,,,,4
ID,1268,Grade,11,,,,,,,,,,,,,,,
Course,,,,Description,,,Recommended,,,Alternate,,,,Alternate Courses,,,,Credit
MCALC12---,,,CALCULUS 12,,,,,N,,,N,,,,,,,4
MCLC-12--L,,,CAREER LIFE CONNECTIONS Linear,,,,,N,,,N,,,,,,,4
MECOM12---,,,E-COMMERCE 12,,,,,N,,,N,,,,,,,4
MENST12---,,,ENGLISH STUDIES 12,,,,,N,,,N,,,,,,,4
MPH--11---,,,PHYSICS 11,,,,,N,,,N,,,,,,,4
MPH--12---,,,PHYSICS 12,,,,,N,,,N,,,,,,,4
PBB--2H,,,CAMOSUN COL BUSINESS 12H,,,,,N,,,N,,,,,,,4
YED--2FX-L,,,SCHOLARSHIP PREPARATION 12 LINEAR,,,,,N,,,N,,,,,,,4
ID,1269,Grade,11,,,,,,,,,,,,,,,
Course,,,,Description,,,Recommended,,,Alternate,,,,Alternate Courses,,,,Credit
MATPH12---,,,ANATOMY AND PHYSIOLOGY 12,,,,,N,,,N,,,,,,,4
MCALC12---,,,CALCULUS 12,,,,,N,,,N,,,,,,,4
MCH--11---,,,CHEMISTRY 11,,,,,N,,,N,,,,,,,4
MCH--12---,,,CHEMISTRY 12,,,,,N,,,N,,,,,,,4
MCLC-12--L,,,CAREER LIFE CONNECTIONS Linear,,,,,N,,,N,,,,,,,4
MENFP12--Y,,,ENGLISH FIRST PEOPLES 12 Year,,,,,N,,,N,,,,,,,4
MIMG-12---,,,INSTRUMENTAL MUSIC 12: GUITAR,,,,,N,,,Y,,,,,,,4
MPH--12---,,,PHYSICS 12,,,,,N,,,N,,,,,,,4
MPREC12---,,,PRE-CALCULUS 12,,,,,N,,,N,,,,,,,4
YCPA-2AXE-,,,COMMUNITY LEADERSHIP 12,,,,,N,,,N,,,,,,,4
YESFL1CX--,,,ELL Academic Literacy 11,,,,,N,,,N,,,,,,,4
ID,1270,Grade,11,,,,,,,,,,,,,,,
Course,,,,Description,,,Recommended,,,Alternate,,,,Alternate Courses,,,,Credit
MCALC12---,,,CALCULUS 12,,,,,N,,,N,,,,,,,4
MCLC-12--L,,,CAREER LIFE CONNECTIONS Linear,,,,,N,,,N,,,,,,,4
MDRM-12---,,,DRAMA 12,,,,,N,,,N,,,,,,,4
MEC--12---,,,ECONOMICS 12,,,,,N,,,N,,,,,,,4
MENFP12--Y,,,ENGLISH FIRST PEOPLES 12 Year,,,,,N,,,N,,,,,,,4
MENT-12---,,,ENTREPRENEURSHIP 12,,,,,N,,,N,,,,,,,4
MFOOD12---,,,FOOD STUDIES 12,,,,,N,,,Y,,,,,,,4
MLST-12---,,,LAW STUDIES 12,,,,,N,,,Y,,,,,,,4
MPREC12---,,,PRE-CALCULUS 12,,,,,N,,,N,,,,,,,4
MWH--12---,,,20th CENTURY WORLD HISTORY 12,,,,,N,,,N,,,,,,,4
YESFL1CX--,,,ELL Academic Literacy 11,,,,,N,,,N,,,,,,,4
ID,1271,Grade,11,,,,,,,,,,,,,,,
Course,,,,Description,,,Recommended,,,Alternate,,,,Alternate Courses,,,,Credit
MACLV12---,,,ACTIVE LIVING 12,,,,,N,,,N,,,,,,,4
MATPH12---,,,ANATOMY AND PHYSIOLOGY 12,,,,,N,,,N,,,,,,,4
MCH--12---,,,CHEMISTRY 12,,,,,N,,,N,,,,,,,4
MCLC-12--L,,,CAREER LIFE CONNECTIONS Linear,,,,,N,,,N,,,,,,,4
MENFP12---,,,ENGLISH FIRST PEOPLES 12,,,,,N,,,N,,,,,,,4
MFOOD12---,,,FOOD STUDIES 12,,,,,N,,,Y,,,,,,,4
MPH--12---,,,PHYSICS 12,,,,,N,,,N,,,,,,,4
MPREC12---,,,PRE-CALCULUS 12,,,,,N,,,N,,,,,,,4
MSJ--12---,,,SOCIAL JUSTICE 12,,,,,N,,,Y,,,,,,,4
MTDRF12---,,,DRAFTING 12,,,,,N,,,N,,,,,,,4
MWH--12---,,,20th CENTURY WORLD HISTORY 12,,,,,N,,,N,,,,,,,4
ID,1272,Grade,11,,,,,,,,,,,,,,,
Course,,,,Description,,,Recommended,,,Alternate,,,,Alternate Courses,,,,Credit
ACAL-12---,,,AP CALCULUS AB 12 external credential,,,,,N,,,N,,,,,,,4
MCALC12---,,,CALCULUS 12,,,,,N,,,Y,,,,,,,4
MCH--12---,,,CHEMISTRY 12,,,,,N,,,N,,,,,,,4
MCLC-12--L,,,CAREER LIFE CONNECTIONS Linear,,,,,N,,,N,,,,,,,4
MENST12C--,,,ENGLISH STUDIES 12 CHALLENGE,,,,,N,,,N,,,,,,,4
MIMCB12--L,,,INSTRUMENTAL MUSIC 12: CONCERT BAND LINEAR,,,,,N,,,N,,,,,,,4
MPH--11---,,,PHYSICS 11,,,,,N,,,N,,,,,,,4
MPH--12---,,,PHYSICS 12,,,,,N,,,N,,,,,,,4
MPREC12H--,,,PRE-CALCULUS 12 HONOURS,,,,,N,,,N,,,,,,,4
YCPA-2AX-L,,,COMMUNITY LEADERSHIP 12 Linear,,,,,N,,,N,,,,,,,4
YED--2FX-L,,,SCHOLARSHIP PREPARATION 12 LINEAR,,,,,N,,,N,,,,,,,4
YLAW-2CX--,,,CRIMINOLOGY 12,,,,,N,,,Y,,,,,,,4
ID,1273,Grade,11,,,,,,,,,,,,,,,
Course,,,,Description,,,Recommended,,,Alternate,,,,Alternate Courses,,,,Credit
MATPH12---,,,ANATOMY AND PHYSIOLOGY 12,,,,,N,,,N,,,,,,,4
MCALC12---,,,CALCULUS 12,,,,,N,,,N,,,,,,,4
MCH--11---,,,CHEMISTRY 11,,,,,N,,,N,,,,,,,4
MCLC-12--L,,,CAREER LIFE CONNECTIONS Linear,,,,,N,,,N,,,,,,,4
MENFP12--Y,,,ENGLISH FIRST PEOPLES 12 Year,,,,,N,,,N,,,,,,,4
MGRPR12--L,,,GRAPHIC PRODUCTION 12 LINEAR,,,,,N,,,N,,,,,,,4
MMACS12---,,,COMPUTER SCIENCE 12,,,,,N,,,Y,,,,,,,4
MPH--11---,,,PHYSICS 11,,,,,N,,,N,,,,,,,4
MPREC12---,,,PRE-CALCULUS 12,,,,,N,,,N,,,,,,,4
MTXT-12---,,,TEXTILES 12,,,,,N,,,Y,,,,,,,4
YESFL1CX--,,,ELL Academic Literacy 11,,,,,N,,,N,,,,,,,4
YPSYC1AX--,,,PSYCHOLOGY 11,,,,,N,,,N,,,,,,,4
ID,1274,Grade,11,,,,,,,,,,,,,,,
Course,,,,Description,,,Recommended,,,Alternate,,,,Alternate Courses,,,,Credit
MENST12---,,,ENGLISH STUDIES 12,,,,,N,,,N,,,,,,,4
MFOM-11---,,,FOUNDATIONS OF MATHEMATICS 11,,,,,N,,,N,,,,,,,4
MLST-12---,,,LAW STUDIES 12,,,,,N,,,Y,,,,,,,4
YLAW-2CX--,,,CRIMINOLOGY 12,,,,,N,,,N,,,,,,,4
YPSYC1AX--,,,PSYCHOLOGY 11,,,,,N,,,N,,,,,,,4
ID,1275,Grade,11,,,,,,,,,,,,,,,
Course,,,,Description,,,Recommended,,,Alternate,,,,Alternate Courses,,,,Credit
MCLC-12--L,,,CAREER LIFE CONNECTIONS Linear,,,,,N,,,N,,,,,,,4
MCMCL12---,,,COMPARATIVE CULTURES 12,,,,,N,,,N,,,,,,,4
MDNC-12--L,,,DANCE 12: CHOREOGRAPHY Linear,,,,,N,,,N,,,,,,,4
MDNCM12--L,,,DANCE COMPANY 12 Linear,,,,,N,,,N,,,,,,,4
MDNCN12---,,,DANCE CONDITIONING 12,,,,,N,,,Y,,,,,,,4
MDNTP12---,,,DANCE TECHNIQUE AND PERFORMANCE 12,,,,,N,,,N,,,,,,,4
MENFP12---,,,ENGLISH FIRST PEOPLES 12,,,,,N,,,N,,,,,,,4
MEVSC12C--,,,ENVIRONMENTAL SCIENCE 12 - CLIMATE CHANGE,,,,,N,,,N,,,,,,,4
MFR--12---,,,FRENCH 12,,,,,N,,,N,,,,,,,4
MLFSC11---,,,LIFE SCIENCES 11,,,,,N,,,N,,,,,,,4
MLST-12---,,,LAW STUDIES 12,,,,,N,,,N,,,,,,,4
MTXT-12---,,,TEXTILES 12,,,,,N,,,N,,,,,,,4
YPSYC1AX--,,,PSYCHOLOGY 11,,,,,N,,,Y,,,,,,,4
ID,1276,Grade,10,,,,,,,,,,,,,,,
Course,,,,Description,,,Recommended,,,Alternate,,,,Alternate Courses,,,,Credit
MCMCL12---,,,COMPARATIVE CULTURES 12,,,,,N,,,N,,,,,,,4
MCMPS11---,,,COMPOSITION 11,,,,,N,,,N,,,,,,,4
MFOOD11---,,,FOOD STUDIES 11,,,,,N,,,N,,,,,,,4
MLST-12---,,,LAW STUDIES 12,,,,,N,,,N,,,,,,,4
MPH--11---,,,PHYSICS 11,,,,,N,,,N,,,,,,,4
MPREC11---,,,PRE-CALCULUS 11,,,,,N,,,N,,,,,,,4
MTAUT11---,,,AUTOMOTIVE TECHNOLOGY 11,,,,,N,,,N,,,,,,,4
YLAW-2CX--,,,CRIMINOLOGY 12,,,,,N,,,N,,,,,,,4
ID,1277,Grade,10,,,,,,,,,,,,,,,
Course,,,,Description,,,Recommended,,,Alternate,,,,Alternate Courses,,,,Credit
ASTA-12---,,,AP STATISTICS 12,,,,,N,,,N,,,,,,,4
MCH--11---,,,CHEMISTRY 11,,,,,N,,,N,,,,,,,4
MCLE-10---,,,CAREER LIFE EDUCATION 10,,,,,N,,,N,,,,,,,4
MINST12C--,,,CONTEMPORARY INDIGENOUS STUDIES 12 CHALLENGE,,,,,N,,,N,,,,,,,4
MLTST11C--,,,LITERARY STUDIES 11 Challenge,,,,,N,,,N,,,,,,,4
MMACS12---,,,COMPUTER SCIENCE 12,,,,,N,,,N,,,,,,,4
MPH--11---,,,PHYSICS 11,,,,,N,,,N,,,,,,,4
MPREC11---,,,PRE-CALCULUS 11,,,,,N,,,N,,,,,,,4
MTROB11--L,,,ROBOTICS 11 LINEAR,,,,,N,,,N,,,,,,,4
YLRA-1AX-L,,,ATHLETIC LEADERSHIP 11 Linear,,,,,N,,,N,,,,,,,4
ID,1278,Grade,10,,,,,,,,,,,,,,,
Course,,,,Description,,,Recommended,,,Alternate,,,,Alternate Courses,,,,Credit
MCH--11---,,,CHEMISTRY 11,,,,,N,,,N,,,,,,,4
MCMPS11---,,,COMPOSITION 11,,,,,N,,,N,,,,,,,4
MFOOD11---,,,FOOD STUDIES 11,,,,,N,,,Y,,,,,,,4
MLFSC11---,,,LIFE SCIENCES 11,,,,,N,,,N,,,,,,,4
MPH--11---,,,PHYSICS 11,,,,,N,,,N,,,,,,,4
MPREC11---,,,PRE-CALCULUS 11,,,,,N,,,N,,,,,,,4
MSJ--12---,,,SOCIAL JUSTICE 12,,,,,N,,,N,,,,,,,4
MVAPH11---,,,PHOTOGRAPHY 11,,,,,N,,,Y,,,,,,,4
YLAW-2CX--,,,CRIMINOLOGY 12,,,,,N,,,N,,,,,,,4
YLRA-1AX-L,,,ATHLETIC LEADERSHIP 11 Linear,,,,,N,,,N,,,,,,,4
YPSYC1AX--,,,PSYCHOLOGY 11,,,,,N,,,N,,,,,,,4
ID,1279,Grade,10,,,,,,,,,,,,,,,
Course,,,,Description,,,Recommended,,,Alternate,,,,Alternate Courses,,,,Credit
MCLE-10--L,,,CAREER LIFE EDUCATION 10 Linear,,,,,N,,,N,,,,,,,4
MCMPR11AI-,,,COMPUTER PROGRAMMING 11 AI and Games,,,,,N,,,Y,,,,,,,4
MCMPS11---,,,COMPOSITION 11,,,,,N,,,N,,,,,,,4
MENR-11---,,,ENGINEERING 11,,,,,N,,,N,,,,,,,4
MIMCB11--L,,,INSTRUMENTAL MUSIC 11: CONCERT BAND LINEAR,,,,,N,,,N,,,,,,,4
MIMG-11---,,,INSTRUMENTAL MUSIC 11: GUITAR,,,,,N,,,Y,,,,,,,4
MINST12---,,,CONTEMPORARY INDIGENOUS STUDIES 12,,,,,N,,,N,,,,,,,4
MMACS11---,,,COMPUTER SCIENCE 11,,,,,N,,,N,,,,,,,4
MPH--11---,,,PHYSICS 11,,,,,N,,,N,,,,,,,4
MPREC11---,,,PRE-CALCULUS 11,,,,,N,,,N,,,,,,,4
MTROB11--L,,,ROBOTICS 11 LINEAR,,,,,N,,,N,,,,,,,4
ID,1280,Grade,10,,,,,,,,,,,,,,,
Course,,,,Description,,,Recommended,,,Alternate,,,,Alternate Courses,,,,Credit
MAC--11---,,,ACCOUNTING 11,,,,,N,,,N,,,,,,,4
MCLE-10---,,,CAREER LIFE EDUCATION 10,,,,,N,,,N,,,,,,,4
MCMPS11---,,,COMPOSITION 11,,,,,N,,,N,,,,,,,4
MENR-11---,,,ENGINEERING 11,,,,,N,,,N,,,,,,,4
MEPSS11---,,,EXPLORATIONS IN SOCIAL STUDIES 11,,,,,N,,,N,,,,,,,4
MFOOD11---,,,FOOD STUDIES 11,,,,,N,,,Y,,,,,,,4
MFR--10---,,,FRENCH 10,,,,,N,,,N,,,,,,,4
MMAP-11---,,,MARKETING AND PROMOTION 11,,,,,N,,,Y,,,,,,,4
MPH--11---,,,PHYSICS 11,,,,,N,,,N,,,,,,,4
MPREC11---,,,PRE-CALCULUS 11,,,,,N,,,N,,,,,,,4
YCPA-1AX-L,,,COMMUNITY LEADERSHIP 11 Linear,,,,,N,,,N,,,,,,,4
ID,1281,Grade,10,,,,,,,,,,,,,,,
Course,,,,Description,,,Recommended,,,Alternate,,,,Alternate Courses,,,,Credit
MCH--11---,,,CHEMISTRY 11,,,,,N,,,N,,,,,,,4
MCLE-10---,,,CAREER LIFE EDUCATION 10,,,,,N,,,N,,,,,,,4
MCMPS11---,,,COMPOSITION 11,,,,,N,,,N,,,,,,,4
MEPSS11---,,,EXPLORATIONS IN SOCIAL STUDIES 11,,,,,N,,,N,,,,,,,4
MFOOD11---,,,FOOD STUDIES 11,,,,,N,,,Y,,,,,,,4
MFR--10---,,,FRENCH 10,,,,,N,,,N,,,,,,,4
MLFSC11---,,,LIFE SCIENCES 11,,,,,N,,,N,,,,,,,4
MPREC11---,,,PRE-CALCULUS 11,,,,,N,,,N,,,,,,,4
MTXT-11---,,,TEXTILES 11,,,,,N,,,N,,,,,,,4
YCPA-1AX-L,,,COMMUNITY LEADERSHIP 11 Linear,,,,,N,,,N,,,,,,,4
YPSYC1AX--,,,PSYCHOLOGY 11,,,,,N,,,Y,,,,,,,4
ID,1282,Grade,10,,,,,,,,,,,,,,,
Course,,,,Description,,,Recommended,,,Alternate,,,,Alternate Courses,,,,Credit
MCH--11---,,,CHEMISTRY 11,,,,,N,,,N,,,,,,,4
MCMPS11---,,,COMPOSITION 11,,,,,N,,,N,,,,,,,4
MFOOD11---,,,FOOD STUDIES 11,,,,,N,,,Y,,,,,,,4
MLFSC11---,,,LIFE SCIENCES 11,,,,,N,,,N,,,,,,,4
MLST-12---,,,LAW STUDIES 12,,,,,N,,,N,,,,,,,4
MPREC11---,,,PRE-CALCULUS 11,,,,,N,,,N,,,,,,,4
MSP--11---,,,SPANISH 11,,,,,N,,,N,,,,,,,4
MTAUT11---,,,AUTOMOTIVE TECHNOLOGY 11,,,,,N,,,N,,,,,,,4
MTXT-11---,,,TEXTILES 11,,,,,N,,,N,,,,,,,4
MWEX-2A--L,,,WORK EXPERIENCE 12A LINEAR,,,,,N,,,N,,,,,,,4
MWWK-11---,,,WOODWORK 11,,,,,N,,,Y,,,,,,,4
YCPA-1AX-L,,,COMMUNITY LEADERSHIP 11 Linear,,,,,N,,,N,,,,,,,4
ID,1283,Grade,10,,,,,,,,,,,,,,,
Course,,,,Description,,,Recommended,,,Alternate,,,,Alternate Courses,,,,Credit
MCH--11---,,,CHEMISTRY 11,,,,,N,,,N,,,,,,,4
MCLE-10---,,,CAREER LIFE EDUCATION 10,,,,,N,,,N,,,,,,,4
MCMPS11---,,,COMPOSITION 11,,,,,N,,,N,,,,,,,4
MFOOD11---,,,FOOD STUDIES 11,,,,,N,,,Y,,,,,,,4
MINST12---,,,CONTEMPORARY INDIGENOUS STUDIES 12,,,,,N,,,N,,,,,,,4
MPH--11---,,,PHYSICS 11,,,,,N,,,N,,,,,,,4
MPREC11---,,,PRE-CALCULUS 11,,,,,N,,,N,,,,,,,4
MTDRF11---,,,DRAFTING 11,,,,,N,,,N,,,,,,,4
MTXT-11---,,,TEXTILES 11,,,,,N,,,Y,,,,,,,4
MVAST11---,,,ART STUDIO 11,,,,,N,,,N,,,,,,,4
ID,1284,Grade,10,,,,,,,,,,,,,,,
Course,,,,Description,,,Recommended,,,Alternate,,,,Alternate Courses,,,,Credit
MCH--11---,,,CHEMISTRY 11,,,,,N,,,N,,,,,,,4
MCMPS11---,,,COMPOSITION 11,,,,,N,,,N,,,,,,,4
MEPSS11---,,,EXPLORATIONS IN SOCIAL STUDIES 11,,,,,N,,,N,,,,,,,4
MFOOD11---,,,FOOD STUDIES 11,,,,,N,,,Y,,,,,,,4
MFR--11---,,,FRENCH 11,,,,,N,,,N,,,,,,,4
MINST12---,,,CONTEMPORARY INDIGENOUS STUDIES 12,,,,,N,,,N,,,,,,,4
MLFSC11---,,,LIFE SCIENCES 11,,,,,N,,,N,,,,,,,4
MPH--11---,,,PHYSICS 11,,,,,N,,,N,,,,,,,4
MPREC11---,,,PRE-CALCULUS 11,,,,,N,,,N,,,,,,,4
YCPA-1AXE-,,,COMMUNITY LEADERSHIP 11,,,,,N,,,N,,,,,,,4
YPSYC1AX--,,,PSYCHOLOGY 11,,,,,N,,,Y,,,,,,,4
ID,1285,Grade,10,,,,,,,,,,,,,,,
Course,,,,Description,,,Recommended,,,Alternate,,,,Alternate Courses,,,,Credit
MCLE-10---,,,CAREER LIFE EDUCATION 10,,,,,N,,,N,,,,,,,4
MCMPS11---,,,COMPOSITION 11,,,,,N,,,N,,,,,,,4
MEVSC11---,,,ENVIRONMENTAL SCIENCE 11,,,,,N,,,N,,,,,,,4
MLST-12---,,,LAW STUDIES 12,,,,,N,,,N,,,,,,,4
MTXT-11---,,,TEXTILES 11,,,,,N,,,N,,,,,,,4
MWEX-2A--L,,,WORK EXPERIENCE 12A LINEAR,,,,,N,,,N,,,,,,,4
MWPM-11---,,,WORKPLACE MATHEMATICS 11,,,,,N,,,N,,,,,,,4
YLAW-2CX--,,,CRIMINOLOGY 12,,,,,N,,,N,,,,,,,4
YPA--1CX--,,,YOGA FOR MINDFULNESS 11,,,,,N,,,N,,,,,,,4
YPSYC1AX--,,,PSYCHOLOGY 11,,,,,N,,,Y,,,,,,,4
ID,1286,Grade,10,,,,,,,,,,,,,,,
Course,,,,Description,,,Recommended,,,Alternate,,,,Alternate Courses,,,,Credit
MEPSS11---,,,EXPLORATIONS IN SOCIAL STUDIES 11,,,,,N,,,N,,,,,,,4
MLFSC11---,,,LIFE SCIENCES 11,,,,,N,,,N,,,,,,,4
MMAP-11---,,,MARKETING AND PROMOTION 11,,,,,N,,,Y,,,,,,,4
MMEDD11---,,,MEDIA DESIGN 11,,,,,N,,,N,,,,,,,4
MPREC11---,,,PRE-CALCULUS 11,,,,,N,,,N,,,,,,,4
YLAW-2CX--,,,CRIMINOLOGY 12,,,,,N,,,Y,,,,,,,4
ID,1287,Grade,10,,,,,,,,,,,,,,,
Course,,,,Description,,,Recommended,,,Alternate,,,,Alternate Courses,,,,Credit
ASTA-12---,,,AP STATISTICS 12,,,,,N,,,N,,,,,,,4
MCH--11---,,,CHEMISTRY 11,,,,,N,,,N,,,,,,,4
MINST12C--,,,CONTEMPORARY INDIGENOUS STUDIES 12 CHALLENGE,,,,,N,,,N,,,,,,,4
MLTST11C--,,,LITERARY STUDIES 11 Challenge,,,,,N,,,N,,,,,,,4
MPH--11---,,,PHYSICS 11,,,,,N,,,N,,,,,,,4
MPREC11---,,,PRE-CALCULUS 11,,,,,N,,,N,,,,,,,4
MTDRF11---,,,DRAFTING 11,,,,,N,,,Y,,,,,,,4
YLAW-2CX--,,,CRIMINOLOGY 12,,,,,N,,,N,,,,,,,4
YPSYC1AX--,,,PSYCHOLOGY 11,,,,,N,,,N,,,,,,,4
ID,1288,Grade,10,,,,,,,,,,,,,,,
Course,,,,Description,,,Recommended,,,Alternate,,,,Alternate Courses,,,,Credit
MACLV11G--,,,ACTIVE LIVING 11 Girls,,,,,N,,,N,,,,,,,4
MCMPS11---,,,COMPOSITION 11,,,,,N,,,N,,,,,,,4
MDRM-11---,,,DRAMA 11,,,,,N,,,N,,,,,,,4
MEPSS11---,,,EXPLORATIONS IN SOCIAL STUDIES 11,,,,,N,,,N,,,,,,,4
MEVSC11---,,,ENVIRONMENTAL SCIENCE 11,,,,,N,,,N,,,,,,,4
MFOOD11---,,,FOOD STUDIES 11,,,,,N,,,N,,,,,,,4
MFR--11---,,,FRENCH 11,,,,,N,,,N,,,,,,,4
MPREC11---,,,PRE-CALCULUS 11,,,,,N,,,N,,,,,,,4
MVAPH11---,,,PHOTOGRAPHY 11,,,,,N,,,Y,,,,,,,4
ID,1289,Grade,10,,,,,,,,,,,,,,,
Course,,,,Description,,,Recommended,,,Alternate,,,,Alternate Courses,,,,Credit
MCMPS11---,,,COMPOSITION 11,,,,,N,,,N,,,,,,,4
MEPSS11---,,,EXPLORATIONS IN SOCIAL STUDIES 11,,,,,N,,,N,,,,,,,4
MFOM-11---,,,FOUNDATIONS OF MATHEMATICS 11,,,,,N,,,N,,,,,,,4
MLFSC11---,,,LIFE SCIENCES 11,,,,,N,,,N,,,,,,,4
ID,1290,Grade,10,,,,,,,,,,,,,,,
Course,,,,Description,,,Recommended,,,Alternate,,,,Alternate Courses,,,,Credit
MCMPS11---,,,COMPOSITION 11,,,,,N,,,N,,,,,,,4
MEPSS11---,,,EXPLORATIONS IN SOCIAL STUDIES 11,,,,,N,,,N,,,,,,,4
MFOM-11---,,,FOUNDATIONS OF MATHEMATICS 11,,,,,N,,,N,,,,,,,4
MLFSC11---,,,LIFE SCIENCES 11,,,,,N,,,N,,,,,,,4
ID,1291,Grade,10,,,,,,,,,,,,,,,
Course,,,,Description,,,Recommended,,,Alternate,,,,Alternate Courses,,,,Credit
MCLE-10---,,,CAREER LIFE EDUCATION 10,,,,,N,,,N,,,,,,,4
MCMPS11---,,,COMPOSITION 11,,,,,N,,,N,,,,,,,4
MEVSC11---,,,ENVIRONMENTAL SCIENCE 11,,,,,N,,,N,,,,,,,4
MFOM-11---,,,FOUNDATIONS OF MATHEMATICS 11,,,,,N,,,N,,,,,,,4
MIMG-11---,,,INSTRUMENTAL MUSIC 11: GUITAR,,,,,N,,,N,,,,,,,4
MLST-12---,,,LAW STUDIES 12,,,,,N,,,N,,,,,,,4
MTAUT11---,,,AUTOMOTIVE TECHNOLOGY 11,,,,,N,,,N,,,,,,,4
MWH--12---,,,20th CENTURY WORLD HISTORY 12,,,,,N,,,Y,,,,,,,4
YLAW-2CX--,,,CRIMINOLOGY 12,,,,,N,,,N,,,,,,,4
ID,1292,Grade,10,,,,,,,,,,,,,,,
Course,,,,Description,,,Recommended,,,Alternate,,,,Alternate Courses,,,,Credit
MCMPS11---,,,COMPOSITION 11,,,,,N,,,N,,,,,,,4
MMEDD11---,,,MEDIA DESIGN 11,,,,,N,,,N,,,,,,,4
MPREC11---,,,PRE-CALCULUS 11,,,,,N,,,N,,,,,,,4
MVAST11---,,,ART STUDIO 11,,,,,N,,,Y,,,,,,,4
YHRA-1AX--,,,CROSS TRAINING 11,,,,,N,,,N,,,,,,,4
ID,1293,Grade,10,,,,,,,,,,,,,,,
Course,,,,Description,,,Recommended,,,Alternate,,,,Alternate Courses,,,,Credit
ASTA-12---,,,AP STATISTICS 12,,,,,N,,,N,,,,,,,4
MATPH12---,,,ANATOMY AND PHYSIOLOGY 12,,,,,N,,,Y,,,,,,,4
MCH--11---,,,CHEMISTRY 11,,,,,N,,,N,,,,,,,4
MEC--12---,,,ECONOMICS 12,,,,,N,,,N,,,,,,,4
MINST12C--,,,CONTEMPORARY INDIGENOUS STUDIES 12 CHALLENGE,,,,,N,,,N,,,,,,,4
MLTST11C--,,,LITERARY STUDIES 11 Challenge,,,,,N,,,N,,,,,,,4
MPH--11---,,,PHYSICS 11,,,,,N,,,N,,,,,,,4
MPREC11---,,,PRE-CALCULUS 11,,,,,N,,,N,,,,,,,4
YLAW-2CX--,,,CRIMINOLOGY 12,,,,,N,,,N,,,,,,,4
YLRA-1AX-L,,,ATHLETIC LEADERSHIP 11 Linear,,,,,N,,,N,,,,,,,4
YPSYC1AX--,,,PSYCHOLOGY 11,,,,,N,,,Y,,,,,,,4
ID,1294,Grade,10,,,,,,,,,,,,,,,
Course,,,,Description,,,Recommended,,,Alternate,,,,Alternate Courses,,,,Credit
MACLV11G--,,,ACTIVE LIVING 11 Girls,,,,,N,,,Y,,,,,,,4
MCH--11---,,,CHEMISTRY 11,,,,,N,,,N,,,,,,,4
MCMCL12---,,,COMPARATIVE CULTURES 12,,,,,N,,,N,,,,,,,4
MCMPS11---,,,COMPOSITION 11,,,,,N,,,N,,,,,,,4
MDCF-11---,,,DANCE FOUNDATIONS 11,,,,,N,,,Y,,,,,,,4
MLFSC11---,,,LIFE SCIENCES 11,,,,,N,,,N,,,,,,,4
MPH--11---,,,PHYSICS 11,,,,,N,,,N,,,,,,,4
MPREC11---,,,PRE-CALCULUS 11,,,,,N,,,N,,,,,,,4
YPA--1CX--,,,YOGA FOR MINDFULNESS 11,,,,,N,,,N,,,,,,,4
YPSYC1AX--,,,PSYCHOLOGY 11,,,,,N,,,N,,,,,,,4
ID,1295,Grade,10,,,,,,,,,,,,,,,
Course,,,,Description,,,Recommended,,,Alternate,,,,Alternate Courses,,,,Credit
MCH--11---,,,CHEMISTRY 11,,,,,N,,,N,,,,,,,4
MCLE-10--L,,,CAREER LIFE EDUCATION 10 Linear,,,,,N,,,N,,,,,,,4
MCMPS11---,,,COMPOSITION 11,,,,,N,,,N,,,,,,,4
MIMCB11--L,,,INSTRUMENTAL MUSIC 11: CONCERT BAND LINEAR,,,,,N,,,N,,,,,,,4
MIMJB11--L,,,INSTRUMENTAL MUSIC 11: JAZZ BAND LINEAR,,,,,N,,,N,,,,,,,4
MLST-12---,,,LAW STUDIES 12,,,,,N,,,N,,,,,,,4
MPH--11---,,,PHYSICS 11,,,,,N,,,N,,,,,,,4
MPREC11---,,,PRE-CALCULUS 11,,,,,N,,,N,,,,,,,4
MTXT-11---,,,TEXTILES 11,,,,,N,,,Y,,,,,,,4
YLAW-2CX--,,,CRIMINOLOGY 12,,,,,N,,,N,,,,,,,4
YPSYC1AX--,,,PSYCHOLOGY 11,,,,,N,,,Y,,,,,,,4
ID,1296,Grade,10,,,,,,,,,,,,,,,
Course,,,,Description,,,Recommended,,,Alternate,,,,Alternate Courses,,,,Credit
MACLV11FB-,,,ACTIVE LIVING 11 Football,,,,,N,,,N,,,,,,,4
MCLE-10--L,,,CAREER LIFE EDUCATION 10 Linear,,,,,N,,,N,,,,,,,4
MCMPS11---,,,COMPOSITION 11,,,,,N,,,N,,,,,,,4
MFOM-11---,,,FOUNDATIONS OF MATHEMATICS 11,,,,,N,,,N,,,,,,,4
MINST12---,,,CONTEMPORARY INDIGENOUS STUDIES 12,,,,,N,,,N,,,,,,,4
MLFSC11---,,,LIFE SCIENCES 11,,,,,N,,,N,,,,,,,4
MMACS11---,,,COMPUTER SCIENCE 11,,,,,N,,,Y,,,,,,,4
YED--1DX-L,,,LEARNING STRATEGIES 11 LINEAR,,,,,N,,,N,,,,,,,4
YHRA-1AX--,,,CROSS TRAINING 11,,,,,N,,,N,,,,,,,4
ID,1297,Grade,10,,,,,,,,,,,,,,,
Course,,,,Description,,,Recommended,,,Alternate,,,,Alternate Courses,,,,Credit
MCH--11---,,,CHEMISTRY 11,,,,,N,,,N,,,,,,,4
MCMCL12---,,,COMPARATIVE CULTURES 12,,,,,N,,,N,,,,,,,4
MCMPS11---,,,COMPOSITION 11,,,,,N,,,N,,,,,,,4
MENST12---,,,ENGLISH STUDIES 12,,,,,N,,,N,,,,,,,4
MEPSS11---,,,EXPLORATIONS IN SOCIAL STUDIES 11,,,,,N,,,N,,,,,,,4
MMEDD11---,,,MEDIA DESIGN 11,,,,,N,,,N,,,,,,,4
MPREC11---,,,PRE-CALCULUS 11,,,,,N,,,N,,,,,,,4
MPREC12---,,,PRE-CALCULUS 12,,,,,N,,,N,,,,,,,4
ID,1298,Grade,10,,,,,,,,,,,,,,,
Course,,,,Description,,,Recommended,,,Alternate,,,,Alternate Courses,,,,Credit
ASTA-12---,,,AP STATISTICS 12,,,,,N,,,N,,,,,,,4
MCH--11---,,,CHEMISTRY 11,,,,,N,,,N,,,,,,,4
MCLE-10---,,,CAREER LIFE EDUCATION 10,,,,,N,,,N,,,,,,,4
MINST12C--,,,CONTEMPORARY INDIGENOUS STUDIES 12 CHALLENGE,,,,,N,,,N,,,,,,,4
MLFSC11---,,,LIFE SCIENCES 11,,,,,N,,,N,,,,,,,4
MLST-12---,,,LAW STUDIES 12,,,,,N,,,Y,,,,,,,4
MLTST11C--,,,LITERARY STUDIES 11 Challenge,,,,,N,,,N,,,,,,,4
MMACS12---,,,COMPUTER SCIENCE 12,,,,,N,,,Y,,,,,,,4
MPH--11---,,,PHYSICS 11,,,,,N,,,N,,,,,,,4
MPREC12---,,,PRE-CALCULUS 12,,,,,N,,,Y,,,,,,,4
MPREC12---,,,PRE-CALCULUS 12,,,,,N,,,N,,,,,,,4
YPSYC1AX--,,,PSYCHOLOGY 11,,,,,N,,,Y,,,,,,,4
ID,1299,Grade,10,,,,,,,,,,,,,,,
Course,,,,Description,,,Recommended,,,Alternate,,,,Alternate Courses,,,,Credit
MCMPS11---,,,COMPOSITION 11,,,,,N,,,N,,,,,,,4
MDCF-11---,,,DANCE FOUNDATIONS 11,,,,,N,,,Y,,,,,,,4
MFOOD11---,,,FOOD STUDIES 11,,,,,N,,,Y,,,,,,,4
MFR--11---,,,FRENCH 11,,,,,N,,,N,,,,,,,4
MPREC11---,,,PRE-CALCULUS 11,,,,,N,,,N,,,,,,,4
YPSYC1AX--,,,PSYCHOLOGY 11,,,,,N,,,N,,,,,,,4
ID,1300,Grade,10,,,,,,,,,,,,,,,
Course,,,,Description,,,Recommended,,,Alternate,,,,Alternate Courses,,,,Credit
MCLE-10---,,,CAREER LIFE EDUCATION 10,,,,,N,,,N,,,,,,,4
MCMPS11---,,,COMPOSITION 11,,,,,N,,,N,,,,,,,4
MEPSS11---,,,EXPLORATIONS IN SOCIAL STUDIES 11,,,,,N,,,N,,,,,,,4
MFOOD11---,,,FOOD STUDIES 11,,,,,N,,,Y,,,,,,,4
MODED11---,,,OUTDOOR EDUCATION 11,,,,,N,,,N,,,,,,,4
MPH--11---,,,PHYSICS 11,,,,,N,,,N,,,,,,,4
MTAUT11---,,,AUTOMOTIVE TECHNOLOGY 11,,,,,N,,,N,,,,,,,4
MWPM-11---,,,WORKPLACE MATHEMATICS 11,,,,,N,,,N,,,,,,,4
MWWK-11---,,,WOODWORK 11,,,,,N,,,N,,,,,,,4
YED--1DX--,,,LEARNING STRATEGIES 11,,,,,N,,,Y,,,,,,,4
ID,1301,Grade,10,,,,,,,,,,,,,,,
Course,,,,Description,,,Recommended,,,Alternate,,,,Alternate Courses,,,,Credit
MCH--11---,,,CHEMISTRY 11,,,,,N,,,N,,,,,,,4
MCMPS11---,,,COMPOSITION 11,,,,,N,,,N,,,,,,,4
MDNC-11--L,,,DANCE 11: CHOREOGRAPHY Linear,,,,,N,,,N,,,,,,,4
MDNCM11--L,,,DANCE COMPANY 11 Linear,,,,,N,,,N,,,,,,,4
MLST-12---,,,LAW STUDIES 12,,,,,N,,,N,,,,,,,4
MPREC11---,,,PRE-CALCULUS 11,,,,,N,,,N,,,,,,,4
YED--1DX-L,,,LEARNING STRATEGIES 11 LINEAR,,,,,N,,,N,,,,,,,4
ID,1302,Grade,10,,,,,,,,,,,,,,,
Course,,,,Description,,,Recommended,,,Alternate,,,,Alternate Courses,,,,Credit
MCH--11---,,,CHEMISTRY 11,,,,,N,,,N,,,,,,,4
MCLE-10---,,,CAREER LIFE EDUCATION 10,,,,,N,,,N,,,,,,,4
MINST12C--,,,CONTEMPORARY INDIGENOUS STUDIES 12 CHALLENGE,,,,,N,,,N,,,,,,,4
MLFSC11---,,,LIFE SCIENCES 11,,,,,N,,,N,,,,,,,4
MLTST11C--,,,LITERARY STUDIES 11 Challenge,,,,,N,,,N,,,,,,,4
MMACS11---,,,COMPUTER SCIENCE 11,,,,,N,,,N,,,,,,,4
MPH--11---,,,PHYSICS 11,,,,,N,,,N,,,,,,,4
MPREC11---,,,PRE-CALCULUS 11,,,,,N,,,N,,,,,,,4
YLAW-2CX--,,,CRIMINOLOGY 12,,,,,N,,,Y,,,,,,,4
ID,1303,Grade,10,,,,,,,,,,,,,,,
Course,,,,Description,,,Recommended,,,Alternate,,,,Alternate Courses,,,,Credit
MACLV11FB-,,,ACTIVE LIVING 11 Football,,,,,N,,,N,,,,,,,4
MCLE-10---,,,CAREER LIFE EDUCATION 10,,,,,N,,,N,,,,,,,4
MCMPS11---,,,COMPOSITION 11,,,,,N,,,N,,,,,,,4
MEVSC11---,,,ENVIRONMENTAL SCIENCE 11,,,,,N,,,N,,,,,,,4
MFOOD11---,,,FOOD STUDIES 11,,,,,N,,,N,,,,,,,4
MGRPR11--L,,,GRAPHIC PRODUCTION 11 LINEAR,,,,,N,,,N,,,,,,,4
MLST-12---,,,LAW STUDIES 12,,,,,N,,,N,,,,,,,4
MTAUT11---,,,AUTOMOTIVE TECHNOLOGY 11,,,,,N,,,N,,,,,,,4
MVAPH11---,,,PHOTOGRAPHY 11,,,,,N,,,Y,,,,,,,4
MWEX-2A--L,,,WORK EXPERIENCE 12A LINEAR,,,,,N,,,N,,,,,,,4
MWPM-11---,,,WORKPLACE MATHEMATICS 11,,,,,N,,,N,,,,,,,4
MWWK-11---,,,WOODWORK 11,,,,,N,,,Y,,,,,,,4
YHRA-1AX--,,,CROSS TRAINING 11,,,,,N,,,N,,,,,,,4
YLRA-1AX-L,,,ATHLETIC LEADERSHIP 11 Linear,,,,,N,,,N,,,,,,,4
ID,1304,Grade,10,,,,,,,,,,,,,,,
Course,,,,Description,,,Recommended,,,Alternate,,,,Alternate Courses,,,,Credit
MACLV11FB-,,,ACTIVE LIVING 11 Football,,,,,N,,,N,,,,,,,4
MCLE-10---,,,CAREER LIFE EDUCATION 10,,,,,N,,,N,,,,,,,4
MCMPS11---,,,COMPOSITION 11,,,,,N,,,N,,,,,,,4
MEVSC11---,,,ENVIRONMENTAL SCIENCE 11,,,,,N,,,N,,,,,,,4
MFR--11---,,,FRENCH 11,,,,,N,,,N,,,,,,,4
MLST-12---,,,LAW STUDIES 12,,,,,N,,,N,,,,,,,4
MWPM-11---,,,WORKPLACE MATHEMATICS 11,,,,,N,,,N,,,,,,,4
YHRA-1AX--,,,CROSS TRAINING 11,,,,,N,,,N,,,,,,,4
ID,1305,Grade,10,,,,,,,,,,,,,,,
Course,,,,Description,,,Recommended,,,Alternate,,,,Alternate Courses,,,,Credit
MAC--11---,,,ACCOUNTING 11,,,,,N,,,Y,,,,,,,4
MACLV11---,,,ACTIVE LIVING 11,,,,,N,,,Y,,,,,,,4
MCMPS11---,,,COMPOSITION 11,,,,,N,,,N,,,,,,,4
MLFSC11---,,,LIFE SCIENCES 11,,,,,N,,,N,,,,,,,4
MMAP-11---,,,MARKETING AND PROMOTION 11,,,,,N,,,N,,,,,,,4
YLAW-2CX--,,,CRIMINOLOGY 12,,,,,N,,,N,,,,,,,4
ID,1306,Grade,10,,,,,,,,,,,,,,,
Course,,,,Description,,,Recommended,,,Alternate,,,,Alternate Courses,,,,Credit
MCH--11---,,,CHEMISTRY 11,,,,,N,,,N,,,,,,,4
MCMPS11---,,,COMPOSITION 11,,,,,N,,,N,,,,,,,4
MINST12---,,,CONTEMPORARY INDIGENOUS STUDIES 12,,,,,N,,,N,,,,,,,4
MPH--11---,,,PHYSICS 11,,,,,N,,,N,,,,,,,4
MPREC11---,,,PRE-CALCULUS 11,,,,,N,,,N,,,,,,,4
MTXT-11---,,,TEXTILES 11,,,,,N,,,N,,,,,,,4
YED--1DX--,,,LEARNING STRATEGIES 11,,,,,N,,,Y,,,,,,,4
YLAW-2CX--,,,CRIMINOLOGY 12,,,,,N,,,N,,,,,,,4
YPSYC1AX--,,,PSYCHOLOGY 11,,,,,N,,,N,,,,,,,4
ID,1307,Grade,10,,,,,,,,,,,,,,,
Course,,,,Description,,,Recommended,,,Alternate,,,,Alternate Courses,,,,Credit
MCH--11---,,,CHEMISTRY 11,,,,,N,,,N,,,,,,,4
MCLE-10---,,,CAREER LIFE EDUCATION 10,,,,,N,,,N,,,,,,,4
MCMPS11---,,,COMPOSITION 11,,,,,N,,,N,,,,,,,4
MDNC-11--L,,,DANCE 11: CHOREOGRAPHY Linear,,,,,N,,,N,,,,,,,4
MDNCM11--L,,,DANCE COMPANY 11 Linear,,,,,N,,,N,,,,,,,4
MDNTP11---,,,DANCE TECHNIQUE AND PERFORMANCE 11,,,,,N,,,N,,,,,,,4
MEPSS11---,,,EXPLORATIONS IN SOCIAL STUDIES 11,,,,,N,,,N,,,,,,,4
MLFSC11---,,,LIFE SCIENCES 11,,,,,N,,,Y,,,,,,,4
MMEDD11---,,,MEDIA DESIGN 11,,,,,N,,,N,,,,,,,4
MPREC11---,,,PRE-CALCULUS 11,,,,,N,,,N,,,,,,,4
MTXT-11---,,,TEXTILES 11,,,,,N,,,N,,,,,,,4
ID,1308,Grade,10,,,,,,,,,,,,,,,
Course,,,,Description,,,Recommended,,,Alternate,,,,Alternate Courses,,,,Credit
MCH--11---,,,CHEMISTRY 11,,,,,N,,,N,,,,,,,4
MCMPR11AI-,,,COMPUTER PROGRAMMING 11 AI and Games,,,,,N,,,Y,,,,,,,4
MFOOD11---,,,FOOD STUDIES 11,,,,,N,,,N,,,,,,,4
MINST12C--,,,CONTEMPORARY INDIGENOUS STUDIES 12 CHALLENGE,,,,,N,,,N,,,,,,,4
MLTST11C--,,,LITERARY STUDIES 11 Challenge,,,,,N,,,N,,,,,,,4
MMACS11---,,,COMPUTER SCIENCE 11,,,,,N,,,N,,,,,,,4
MPH--11---,,,PHYSICS 11,,,,,N,,,N,,,,,,,4
MPREC11---,,,PRE-CALCULUS 11,,,,,N,,,N,,,,,,,4
MTAUT11---,,,AUTOMOTIVE TECHNOLOGY 11,,,,,N,,,N,,,,,,,4
MVAPH11---,,,PHOTOGRAPHY 11,,,,,N,,,Y,,,,,,,4
ID,1309,Grade,10,,,,,,,,,,,,,,,
Course,,,,Description,,,Recommended,,,Alternate,,,,Alternate Courses,,,,Credit
MAC--11---,,,ACCOUNTING 11,,,,,N,,,N,,,,,,,4
MCH--11---,,,CHEMISTRY 11,,,,,N,,,N,,,,,,,4
MCMPS11---,,,COMPOSITION 11,,,,,N,,,N,,,,,,,4
MEPSS11---,,,EXPLORATIONS IN SOCIAL STUDIES 11,,,,,N,,,N,,,,,,,4
MMAP-11---,,,MARKETING AND PROMOTION 11,,,,,N,,,N,,,,,,,4
MMEDD11---,,,MEDIA DESIGN 11,,,,,N,,,N,,,,,,,4
MPREC11---,,,PRE-CALCULUS 11,,,,,N,,,N,,,,,,,4
MTXT-11---,,,TEXTILES 11,,,,,N,,,N,,,,,,,4
MVAST11---,,,ART STUDIO 11,,,,,N,,,Y,,,,,,,4
ID,1310,Grade,10,,,,,,,,,,,,,,,
Course,,,,Description,,,Recommended,,,Alternate,,,,Alternate Courses,,,,Credit
ASTA-12---,,,AP STATISTICS 12,,,,,N,,,N,,,,,,,4
MACC-12---,,,ACCOUNTING 12,,,,,N,,,Y,,,,,,,4
MCH--11---,,,CHEMISTRY 11,,,,,N,,,N,,,,,,,4
MCLE-10---,,,CAREER LIFE EDUCATION 10,,,,,N,,,N,,,,,,,4
MEC--12---,,,ECONOMICS 12,,,,,N,,,Y,,,,,,,4
MINST12C--,,,CONTEMPORARY INDIGENOUS STUDIES 12 CHALLENGE,,,,,N,,,N,,,,,,,4
MLFSC11---,,,LIFE SCIENCES 11,,,,,N,,,N,,,,,,,4
MLTST11C--,,,LITERARY STUDIES 11 Challenge,,,,,N,,,N,,,,,,,4
MPH--11---,,,PHYSICS 11,,,,,N,,,N,,,,,,,4
MPREC11H--,,,PRE-CALCULUS 11 HONOURS,,,,,N,,,N,,,,,,,4
YED--1EX-L,,,PEER TUTORING 11 LINEAR,,,,,N,,,N,,,,,,,4
ID,1311,Grade,10,,,,,,,,,,,,,,,
Course,,,,Description,,,Recommended,,,Alternate,,,,Alternate Courses,,,,Credit
MAC--11---,,,ACCOUNTING 11,,,,,N,,,N,,,,,,,4
MCH--11---,,,CHEMISTRY 11,,,,,N,,,N,,,,,,,4
MCLE-10---,,,CAREER LIFE EDUCATION 10,,,,,N,,,N,,,,,,,4
MCMPS11---,,,COMPOSITION 11,,,,,N,,,N,,,,,,,4
MEC--12---,,,ECONOMICS 12,,,,,N,,,N,,,,,,,4
MEPSS11---,,,EXPLORATIONS IN SOCIAL STUDIES 11,,,,,N,,,N,,,,,,,4
MEVSC11---,,,ENVIRONMENTAL SCIENCE 11,,,,,N,,,Y,,,,,,,4
MLFSC11---,,,LIFE SCIENCES 11,,,,,N,,,N,,,,,,,4
MPREC11---,,,PRE-CALCULUS 11,,,,,N,,,N,,,,,,,4
YPSYC1AX--,,,PSYCHOLOGY 11,,,,,N,,,Y,,,,,,,4
ID,1312,Grade,10,,,,,,,,,,,,,,,
Course,,,,Description,,,Recommended,,,Alternate,,,,Alternate Courses,,,,Credit
MACC-12---,,,ACCOUNTING 12,,,,,N,,,Y,,,,,,,4
MCH--11---,,,CHEMISTRY 11,,,,,N,,,N,,,,,,,4
MCLE-10---,,,CAREER LIFE EDUCATION 10,,,,,N,,,N,,,,,,,4
MCMPS11---,,,COMPOSITION 11,,,,,N,,,N,,,,,,,4
MFR--11---,,,FRENCH 11,,,,,N,,,N,,,,,,,4
MLST-12---,,,LAW STUDIES 12,,,,,N,,,N,,,,,,,4
MPH--11---,,,PHYSICS 11,,,,,N,,,N,,,,,,,4
MPREC11---,,,PRE-CALCULUS 11,,,,,N,,,N,,,,,,,4
MWEX-2A--L,,,WORK EXPERIENCE 12A LINEAR,,,,,N,,,N,,,,,,,4
YCPA-1AX-L,,,COMMUNITY LEADERSHIP 11 Linear,,,,,N,,,N,,,,,,,4
YLAW-2CX--,,,CRIMINOLOGY 12,,,,,N,,,N,,,,,,,4
YPSYC1AX--,,,PSYCHOLOGY 11,,,,,N,,,Y,,,,,,,4
ID,1313,Grade,10,,,,,,,,,,,,,,,
Course,,,,Description,,,Recommended,,,Alternate,,,,Alternate Courses,,,,Credit
ASTA-12---,,,AP STATISTICS 12,,,,,N,,,N,,,,,,,4
MCH--11---,,,CHEMISTRY 11,,,,,N,,,N,,,,,,,4
MCLE-10---,,,CAREER LIFE EDUCATION 10,,,,,N,,,N,,,,,,,4
MFR--11---,,,FRENCH 11,,,,,N,,,Y,,,,,,,4
MINST12C--,,,CONTEMPORARY INDIGENOUS STUDIES 12 CHALLENGE,,,,,N,,,N,,,,,,,4
MLFSC11---,,,LIFE SCIENCES 11,,,,,N,,,Y,,,,,,,4
MLTST11C--,,,LITERARY STUDIES 11 Challenge,,,,,N,,,N,,,,,,,4
MMACS12---,,,COMPUTER SCIENCE 12,,,,,N,,,N,,,,,,,4
MPH--11---,,,PHYSICS 11,,,,,N,,,N,,,,,,,4
MPREC11H--,,,PRE-CALCULUS 11 HONOURS,,,,,N,,,N,,,,,,,4
YCPA-1AX-L,,,COMMUNITY LEADERSHIP 11 Linear,,,,,N,,,N,,,,,,,4
YED--1EX-L,,,PEER TUTORING 11 LINEAR,,,,,N,,,N,,,,,,,4
ID,1314,Grade,10,,,,,,,,,,,,,,,
Course,,,,Description,,,Recommended,,,Alternate,,,,Alternate Courses,,,,Credit
ASTA-12---,,,AP STATISTICS 12,,,,,N,,,N,,,,,,,4
MACLV11---,,,ACTIVE LIVING 11,,,,,N,,,N,,,,,,,4
MCMPS11---,,,COMPOSITION 11,,,,,N,,,N,,,,,,,4
MLST-12---,,,LAW STUDIES 12,,,,,N,,,N,,,,,,,4
MPH--11---,,,PHYSICS 11,,,,,N,,,N,,,,,,,4
MPREC11---,,,PRE-CALCULUS 11,,,,,N,,,N,,,,,,,4
MPREC12---,,,PRE-CALCULUS 12,,,,,N,,,Y,,,,,,,4
MSP--11---,,,SPANISH 11,,,,,N,,,N,,,,,,,4
MWH--12---,,,20th CENTURY WORLD HISTORY 12,,,,,N,,,Y,,,,,,,4
YLAW-2CX--,,,CRIMINOLOGY 12,,,,,N,,,N,,,,,,,4
ID,1315,Grade,10,,,,,,,,,,,,,,,
Course,,,,Description,,,Recommended,,,Alternate,,,,Alternate Courses,,,,Credit
MCH--11---,,,CHEMISTRY 11,,,,,N,,,N,,,,,,,4
MCMPR11AI-,,,COMPUTER PROGRAMMING 11 AI and Games,,,,,N,,,N,,,,,,,4
MCMPS11---,,,COMPOSITION 11,,,,,N,,,N,,,,,,,4
MENR-11---,,,ENGINEERING 11,,,,,N,,,Y,,,,,,,4
MLFSC11---,,,LIFE SCIENCES 11,,,,,N,,,N,,,,,,,4
MLST-12---,,,LAW STUDIES 12,,,,,N,,,N,,,,,,,4
MPH--11---,,,PHYSICS 11,,,,,N,,,N,,,,,,,4
MPREC11---,,,PRE-CALCULUS 11,,,,,N,,,N,,,,,,,4
YCPA-1AX-L,,,COMMUNITY LEADERSHIP 11 Linear,,,,,N,,,N,,,,,,,4
YPSYC1AX--,,,PSYCHOLOGY 11,,,,,N,,,N,,,,,,,4
ID,1316,Grade,10,,,,,,,,,,,,,,,
Course,,,,Description,,,Recommended,,,Alternate,,,,Alternate Courses,,,,Credit
MACLV11FB-,,,ACTIVE LIVING 11 Football,,,,,N,,,N,,,,,,,4
MCH--11---,,,CHEMISTRY 11,,,,,N,,,N,,,,,,,4
MCMPS11---,,,COMPOSITION 11,,,,,N,,,N,,,,,,,4
MFOOD11---,,,FOOD STUDIES 11,,,,,N,,,N,,,,,,,4
MMAP-11---,,,MARKETING AND PROMOTION 11,,,,,N,,,N,,,,,,,4
MPREC11---,,,PRE-CALCULUS 11,,,,,N,,,N,,,,,,,4
MWH--12---,,,20th CENTURY WORLD HISTORY 12,,,,,N,,,N,,,,,,,4
YHRA-1AX--,,,CROSS TRAINING 11,,,,,N,,,N,,,,,,,4
YLAW-2CX--,,,CRIMINOLOGY 12,,,,,N,,,Y,,,,,,,4
YPSYC1AX--,,,PSYCHOLOGY 11,,,,,N,,,Y,,,,,,,4
ID,1317,Grade,10,,,,,,,,,,,,,,,
Course,,,,Description,,,Recommended,,,Alternate,,,,Alternate Courses,,,,Credit
MACLV11FB-,,,ACTIVE LIVING 11 Football,,,,,N,,,N,,,,,,,4
MCLE-10---,,,CAREER LIFE EDUCATION 10,,,,,N,,,N,,,,,,,4
MCMPS11---,,,COMPOSITION 11,,,,,N,,,N,,,,,,,4
MEVSC11---,,,ENVIRONMENTAL SCIENCE 11,,,,,N,,,N,,,,,,,4
MFOOD11---,,,FOOD STUDIES 11,,,,,N,,,N,,,,,,,4
MLST-12---,,,LAW STUDIES 12,,,,,N,,,N,,,,,,,4
MWPM-11---,,,WORKPLACE MATHEMATICS 11,,,,,N,,,N,,,,,,,4
YED--1DX--,,,LEARNING STRATEGIES 11,,,,,N,,,Y,,,,,,,4
YHRA-1AX--,,,CROSS TRAINING 11,,,,,N,,,N,,,,,,,4
ID,1318,Grade,10,,,,,,,,,,,,,,,
Course,,,,Description,,,Recommended,,,Alternate,,,,Alternate Courses,,,,Credit
MCLE-10---,,,CAREER LIFE EDUCATION 10,,,,,N,,,N,,,,,,,4
MCMPS11---,,,COMPOSITION 11,,,,,N,,,N,,,,,,,4
MLST-12---,,,LAW STUDIES 12,,,,,N,,,N,,,,,,,4
MODED11---,,,OUTDOOR EDUCATION 11,,,,,N,,,Y,,,,,,,4
MPH--11---,,,PHYSICS 11,,,,,N,,,N,,,,,,,4
MPREC11---,,,PRE-CALCULUS 11,,,,,N,,,N,,,,,,,4
MTAUT11---,,,AUTOMOTIVE TECHNOLOGY 11,,,,,N,,,N,,,,,,,4
MVAPH11---,,,PHOTOGRAPHY 11,,,,,N,,,N,,,,,,,4
MWWK-11---,,,WOODWORK 11,,,,,N,,,Y,,,,,,,4
YLAW-2CX--,,,CRIMINOLOGY 12,,,,,N,,,N,,,,,,,4
ID,1319,Grade,10,,,,,,,,,,,,,,,
Course,,,,Description,,,Recommended,,,Alternate,,,,Alternate Courses,,,,Credit
MACC-12---,,,ACCOUNTING 12,,,,,N,,,Y,,,,,,,4
MATPH12---,,,ANATOMY AND PHYSIOLOGY 12,,,,,N,,,N,,,,,,,4
MCH--11---,,,CHEMISTRY 11,,,,,N,,,N,,,,,,,4
MCLE-10---,,,CAREER LIFE EDUCATION 10,,,,,N,,,N,,,,,,,4
MCMPS11---,,,COMPOSITION 11,,,,,N,,,N,,,,,,,4
MLST-12---,,,LAW STUDIES 12,,,,,N,,,N,,,,,,,4
MMACS11---,,,COMPUTER SCIENCE 11,,,,,N,,,Y,,,,,,,4
MPH--11---,,,PHYSICS 11,,,,,N,,,N,,,,,,,4
MPREC11H--,,,PRE-CALCULUS 11 HONOURS,,,,,N,,,N,,,,,,,4
YED--1EX-L,,,PEER TUTORING 11 LINEAR,,,,,N,,,N,,,,,,,4
YPSYC1AX--,,,PSYCHOLOGY 11,,,,,N,,,N,,,,,,,4
ID,1320,Grade,10,,,,,,,,,,,,,,,
Course,,,,Description,,,Recommended,,,Alternate,,,,Alternate Courses,,,,Credit
MCLE-10---,,,CAREER LIFE EDUCATION 10,,,,,N,,,N,,,,,,,4
MCMPS11---,,,COMPOSITION 11,,,,,N,,,N,,,,,,,4
MEVSC11---,,,ENVIRONMENTAL SCIENCE 11,,,,,N,,,N,,,,,,,4
MFOOD11---,,,FOOD STUDIES 11,,,,,N,,,N,,,,,,,4
MODED11---,,,OUTDOOR EDUCATION 11,,,,,N,,,N,,,,,,,4
MPGEO12---,,,PHYSICAL GEOGRAPHY 12,,,,,N,,,N,,,,,,,4
MVAPH11---,,,PHOTOGRAPHY 11,,,,,N,,,Y,,,,,,,4
MWPM-11---,,,WORKPLACE MATHEMATICS 11,,,,,N,,,N,,,,,,,4
YLAW-2CX--,,,CRIMINOLOGY 12,,,,,N,,,N,,,,,,,4
ID,1321,Grade,10,,,,,,,,,,,,,,,
Course,,,,Description,,,Recommended,,,Alternate,,,,Alternate Courses,,,,Credit
MCH--11---,,,CHEMISTRY 11,,,,,N,,,N,,,,,,,4
MCLE-10--L,,,CAREER LIFE EDUCATION 10 Linear,,,,,N,,,N,,,,,,,4
MCMPS11---,,,COMPOSITION 11,,,,,N,,,N,,,,,,,4
MFOOD11---,,,FOOD STUDIES 11,,,,,N,,,N,,,,,,,4
MFR--11---,,,FRENCH 11,,,,,N,,,Y,,,,,,,4
MIMCB11--L,,,INSTRUMENTAL MUSIC 11: CONCERT BAND LINEAR,,,,,N,,,N,,,,,,,4
MIMJB11--L,,,INSTRUMENTAL MUSIC 11: JAZZ BAND LINEAR,,,,,N,,,N,,,,,,,4
MLFSC11---,,,LIFE SCIENCES 11,,,,,N,,,N,,,,,,,4
MPREC11---,,,PRE-CALCULUS 11,,,,,N,,,N,,,,,,,4
MSJ--12---,,,SOCIAL JUSTICE 12,,,,,N,,,N,,,,,,,4
MTXT-11---,,,TEXTILES 11,,,,,N,,,Y,,,,,,,4
ID,1322,Grade,10,,,,,,,,,,,,,,,
Course,,,,Description,,,Recommended,,,Alternate,,,,Alternate Courses,,,,Credit
MAC--11---,,,ACCOUNTING 11,,,,,N,,,N,,,,,,,4
MCLE-10---,,,CAREER LIFE EDUCATION 10,,,,,N,,,N,,,,,,,4
MCMCL12---,,,COMPARATIVE CULTURES 12,,,,,N,,,N,,,,,,,4
MCMPS11---,,,COMPOSITION 11,,,,,N,,,N,,,,,,,4
MFOOD11---,,,FOOD STUDIES 11,,,,,N,,,Y,,,,,,,4
MLST-12---,,,LAW STUDIES 12,,,,,N,,,Y,,,,,,,4
MPH--11---,,,PHYSICS 11,,,,,N,,,N,,,,,,,4
MPH--12---,,,PHYSICS 12,,,,,N,,,Y,,,,,,,4
MPREC11---,,,PRE-CALCULUS 11,,,,,N,,,N,,,,,,,4
MVAPH11---,,,PHOTOGRAPHY 11,,,,,N,,,N,,,,,,,4
MWEX-2A--L,,,WORK EXPERIENCE 12A LINEAR,,,,,N,,,N,,,,,,,4
YCPA-1AX-L,,,COMMUNITY LEADERSHIP 11 Linear,,,,,N,,,N,,,,,,,4
YPSYC1AX--,,,PSYCHOLOGY 11,,,,,N,,,N,,,,,,,4
ID,1323,Grade,10,,,,,,,,,,,,,,,
Course,,,,Description,,,Recommended,,,Alternate,,,,Alternate Courses,,,,Credit
MCH--11---,,,CHEMISTRY 11,,,,,N,,,N,,,,,,,4
MCLE-10---,,,CAREER LIFE EDUCATION 10,,,,,N,,,N,,,,,,,4
MCMPS11---,,,COMPOSITION 11,,,,,N,,,N,,,,,,,4
MGRPR11--L,,,GRAPHIC PRODUCTION 11 LINEAR,,,,,N,,,N,,,,,,,4
MLFSC11---,,,LIFE SCIENCES 11,,,,,N,,,N,,,,,,,4
MPGEO12---,,,PHYSICAL GEOGRAPHY 12,,,,,N,,,N,,,,,,,4
MPH--11---,,,PHYSICS 11,,,,,N,,,N,,,,,,,4
MPREC11H--,,,PRE-CALCULUS 11 HONOURS,,,,,N,,,N,,,,,,,4
MPREC12---,,,PRE-CALCULUS 12,,,,,N,,,Y,,,,,,,4
MTXT-11---,,,TEXTILES 11,,,,,N,,,Y,,,,,,,4
YCPA-1AX-L,,,COMMUNITY LEADERSHIP 11 Linear,,,,,N,,,N,,,,,,,4
YED--1EX-L,,,PEER TUTORING 11 LINEAR,,,,,N,,,N,,,,,,,4
YLAW-2CX--,,,CRIMINOLOGY 12,,,,,N,,,N,,,,,,,4
ID,1324,Grade,10,,,,,,,,,,,,,,,
Course,,,,Description,,,Recommended,,,Alternate,,,,Alternate Courses,,,,Credit
MATPH12---,,,ANATOMY AND PHYSIOLOGY 12,,,,,N,,,Y,,,,,,,4
MCH--11---,,,CHEMISTRY 11,,,,,N,,,N,,,,,,,4
MCLE-10--L,,,CAREER LIFE EDUCATION 10 Linear,,,,,N,,,N,,,,,,,4
MCMCC11--L,,,CHORAL MUSIC 11: CONCERT CHOIR Linear,,,,,N,,,N,,,,,,,4
MIMCB11--L,,,INSTRUMENTAL MUSIC 11: CONCERT BAND LINEAR,,,,,N,,,N,,,,,,,4
MINST12C--,,,CONTEMPORARY INDIGENOUS STUDIES 12 CHALLENGE,,,,,N,,,N,,,,,,,4
MLFSC11---,,,LIFE SCIENCES 11,,,,,N,,,N,,,,,,,4
MLTST11C--,,,LITERARY STUDIES 11 Challenge,,,,,N,,,N,,,,,,,4
MPH--11---,,,PHYSICS 11,,,,,N,,,N,,,,,,,4
MPREC11---,,,PRE-CALCULUS 11,,,,,N,,,N,,,,,,,4
MSP--11---,,,SPANISH 11,,,,,N,,,Y,,,,,,,4
YCPA-1AXE-,,,COMMUNITY LEADERSHIP 11,,,,,N,,,N,,,,,,,4
ID,1325,Grade,10,,,,,,,,,,,,,,,
Course,,,,Description,,,Recommended,,,Alternate,,,,Alternate Courses,,,,Credit
MCLE-10---,,,CAREER LIFE EDUCATION 10,,,,,N,,,N,,,,,,,4
MCMPS11---,,,COMPOSITION 11,,,,,N,,,N,,,,,,,4
MDNC-11--L,,,DANCE 11: CHOREOGRAPHY Linear,,,,,N,,,N,,,,,,,4
MDNCM11--L,,,DANCE COMPANY 11 Linear,,,,,N,,,N,,,,,,,4
MDNCN11---,,,DANCE CONDITIONING 11,,,,,N,,,Y,,,,,,,4
MDNTP11---,,,DANCE TECHNIQUE AND PERFORMANCE 11,,,,,N,,,N,,,,,,,4
MEPSS11---,,,EXPLORATIONS IN SOCIAL STUDIES 11,,,,,N,,,N,,,,,,,4
MLFSC11---,,,LIFE SCIENCES 11,,,,,N,,,N,,,,,,,4
MTXT-11---,,,TEXTILES 11,,,,,N,,,N,,,,,,,4
MWPM-11---,,,WORKPLACE MATHEMATICS 11,,,,,N,,,N,,,,,,,4
MWWK-11---,,,WOODWORK 11,,,,,N,,,Y,,,,,,,4
YLAW-2CX--,,,CRIMINOLOGY 12,,,,,N,,,N,,,,,,,4
ID,1326,Grade,10,,,,,,,,,,,,,,,
Course,,,,Description,,,Recommended,,,Alternate,,,,Alternate Courses,,,,Credit
MACLV11---,,,ACTIVE LIVING 11,,,,,N,,,N,,,,,,,4
MATPH12---,,,ANATOMY AND PHYSIOLOGY 12,,,,,N,,,Y,,,,,,,4
MCMPS11---,,,COMPOSITION 11,,,,,N,,,N,,,,,,,4
MEPSS11---,,,EXPLORATIONS IN SOCIAL STUDIES 11,,,,,N,,,N,,,,,,,4
MEVSC11---,,,ENVIRONMENTAL SCIENCE 11,,,,,N,,,N,,,,,,,4
MLST-12---,,,LAW STUDIES 12,,,,,N,,,N,,,,,,,4
MPREC11---,,,PRE-CALCULUS 11,,,,,N,,,N,,,,,,,4
MSP--11---,,,SPANISH 11,,,,,N,,,Y,,,,,,,4
MWWK-11---,,,WOODWORK 11,,,,,N,,,N,,,,,,,4
YLAW-2CX--,,,CRIMINOLOGY 12,,,,,N,,,N,,,,,,,4
YLRA-1AX-L,,,ATHLETIC LEADERSHIP 11 Linear,,,,,N,,,N,,,,,,,4
ID,1327,Grade,10,,,,,,,,,,,,,,,
Course,,,,Description,,,Recommended,,,Alternate,,,,Alternate Courses,,,,Credit
MCH--11---,,,CHEMISTRY 11,,,,,N,,,N,,,,,,,4
MCLE-10--L,,,CAREER LIFE EDUCATION 10 Linear,,,,,N,,,N,,,,,,,4
MCMCL12---,,,COMPARATIVE CULTURES 12,,,,,N,,,N,,,,,,,4
MCMPS11---,,,COMPOSITION 11,,,,,N,,,N,,,,,,,4
MDMD-12D--,,,3D ANIMATION 12,,,,,N,,,Y,,,,,,,4
MIMCB11--L,,,INSTRUMENTAL MUSIC 11: CONCERT BAND LINEAR,,,,,N,,,N,,,,,,,4
MIMJB11--L,,,INSTRUMENTAL MUSIC 11: JAZZ BAND LINEAR,,,,,N,,,N,,,,,,,4
MPH--11---,,,PHYSICS 11,,,,,N,,,N,,,,,,,4
MPREC11---,,,PRE-CALCULUS 11,,,,,N,,,N,,,,,,,4
MTDRF11---,,,DRAFTING 11,,,,,N,,,N,,,,,,,4
YPSYC1AX--,,,PSYCHOLOGY 11,,,,,N,,,Y,,,,,,,4
ID,1328,Grade,10,,,,,,,,,,,,,,,
Course,,,,Description,,,Recommended,,,Alternate,,,,Alternate Courses,,,,Credit
MACLV11---,,,ACTIVE LIVING 11,,,,,N,,,Y,,,,,,,4
MCLE-10---,,,CAREER LIFE EDUCATION 10,,,,,N,,,N,,,,,,,4
MCMPS11---,,,COMPOSITION 11,,,,,N,,,N,,,,,,,4
MEVSC11---,,,ENVIRONMENTAL SCIENCE 11,,,,,N,,,N,,,,,,,4
MFOOD11---,,,FOOD STUDIES 11,,,,,N,,,N,,,,,,,4
MLST-12---,,,LAW STUDIES 12,,,,,N,,,N,,,,,,,4
MVAPH11---,,,PHOTOGRAPHY 11,,,,,N,,,N,,,,,,,4
MWPM-10---,,,WORKPLACE MATHEMATICS 10,,,,,N,,,N,,,,,,,4
MWPM-11---,,,WORKPLACE MATHEMATICS 11,,,,,N,,,Y,,,,,,,4
YED--1DX--,,,LEARNING STRATEGIES 11,,,,,N,,,N,,,,,,,4
YLAW-2CX--,,,CRIMINOLOGY 12,,,,,N,,,Y,,,,,,,4
ID,1329,Grade,10,,,,,,,,,,,,,,,
Course,,,,Description,,,Recommended,,,Alternate,,,,Alternate Courses,,,,Credit
MCH--11---,,,CHEMISTRY 11,,,,,N,,,N,,,,,,,4
MCH--12---,,,CHEMISTRY 12,,,,,N,,,Y,,,,,,,4
MCMPS11---,,,COMPOSITION 11,,,,,N,,,N,,,,,,,4
MDNC-11--L,,,DANCE 11: CHOREOGRAPHY Linear,,,,,N,,,N,,,,,,,4
MDNCM11--L,,,DANCE COMPANY 11 Linear,,,,,N,,,N,,,,,,,4
MDNCN11---,,,DANCE CONDITIONING 11,,,,,N,,,N,,,,,,,4
MLFSC11---,,,LIFE SCIENCES 11,,,,,N,,,Y,,,,,,,4
MLST-12---,,,LAW STUDIES 12,,,,,N,,,N,,,,,,,4
MPREC11---,,,PRE-CALCULUS 11,,,,,N,,,N,,,,,,,4
MSJ--12---,,,SOCIAL JUSTICE 12,,,,,N,,,N,,,,,,,4
YCPA-1AX-L,,,COMMUNITY LEADERSHIP 11 Linear,,,,,N,,,N,,,,,,,4
YLAW-2CX--,,,CRIMINOLOGY 12,,,,,N,,,N,,,,,,,4
YPSYC1AX--,,,PSYCHOLOGY 11,,,,,N,,,N,,,,,,,4
ID,1330,Grade,10,,,,,,,,,,,,,,,
Course,,,,Description,,,Recommended,,,Alternate,,,,Alternate Courses,,,,Credit
MEFWR10---,,,EFP WRITING 10,,,,,N,,,N,,,,,,,2
MFOOD11---,,,FOOD STUDIES 11,,,,,N,,,N,,,,,,,4
MIMG-11---,,,INSTRUMENTAL MUSIC 11: GUITAR,,,,,N,,,N,,,,,,,4
MPHED10---,,,PHYSICAL AND HEALTH EDUCATION 10,,,,,N,,,N,,,,,,,4
MSC--10---,,,SCIENCE 10,,,,,N,,,N,,,,,,,4
MSS--10---,,,SOCIAL STUDIES 10,,,,,N,,,N,,,,,,,4
MTXT-12---,,,TEXTILES 12,,,,,N,,,N,,,,,,,4
MWPM-11---,,,WORKPLACE MATHEMATICS 11,,,,,N,,,N,,,,,,,4
ID,1331,Grade,10,,,,,,,,,,,,,,,
Course,,,,Description,,,Recommended,,,Alternate,,,,Alternate Courses,,,,Credit
MCH--11---,,,CHEMISTRY 11,,,,,N,,,N,,,,,,,4
MCLE-10---,,,CAREER LIFE EDUCATION 10,,,,,N,,,N,,,,,,,4
MCMCL12---,,,COMPARATIVE CULTURES 12,,,,,N,,,N,,,,,,,4
MCMPS11---,,,COMPOSITION 11,,,,,N,,,N,,,,,,,4
MEVSC11---,,,ENVIRONMENTAL SCIENCE 11,,,,,N,,,N,,,,,,,4
MLFSC11---,,,LIFE SCIENCES 11,,,,,N,,,N,,,,,,,4
MODED11---,,,OUTDOOR EDUCATION 11,,,,,N,,,N,,,,,,,4
MPREC11---,,,PRE-CALCULUS 11,,,,,N,,,N,,,,,,,4
ID,1332,Grade,10,,,,,,,,,,,,,,,
Course,,,,Description,,,Recommended,,,Alternate,,,,Alternate Courses,,,,Credit
MAC--11---,,,ACCOUNTING 11,,,,,N,,,N,,,,,,,4
MCH--11---,,,CHEMISTRY 11,,,,,N,,,N,,,,,,,4
MCH--12---,,,CHEMISTRY 12,,,,,N,,,N,,,,,,,4
MCLE-10---,,,CAREER LIFE EDUCATION 10,,,,,N,,,N,,,,,,,4
MGRPR11--L,,,GRAPHIC PRODUCTION 11 LINEAR,,,,,N,,,N,,,,,,,4
MINST12C--,,,CONTEMPORARY INDIGENOUS STUDIES 12 CHALLENGE,,,,,N,,,N,,,,,,,4
MLFSC11---,,,LIFE SCIENCES 11,,,,,N,,,Y,,,,,,,4
MLST-12---,,,LAW STUDIES 12,,,,,N,,,Y,,,,,,,4
MLTST11C--,,,LITERARY STUDIES 11 Challenge,,,,,N,,,N,,,,,,,4
MPH--11---,,,PHYSICS 11,,,,,N,,,N,,,,,,,4
MPREC11---,,,PRE-CALCULUS 11,,,,,N,,,N,,,,,,,4
YCPA-1AX-L,,,COMMUNITY LEADERSHIP 11 Linear,,,,,N,,,N,,,,,,,4
ID,1333,Grade,10,,,,,,,,,,,,,,,
Course,,,,Description,,,Recommended,,,Alternate,,,,Alternate Courses,,,,Credit
MACLV11G--,,,ACTIVE LIVING 11 Girls,,,,,N,,,N,,,,,,,4
MCMPS11---,,,COMPOSITION 11,,,,,N,,,N,,,,,,,4
MDCF-11---,,,DANCE FOUNDATIONS 11,,,,,N,,,Y,,,,,,,4
MLFSC11---,,,LIFE SCIENCES 11,,,,,N,,,N,,,,,,,4
YPA--1CX--,,,YOGA FOR MINDFULNESS 11,,,,,N,,,Y,,,,,,,4
YPSYC1AX--,,,PSYCHOLOGY 11,,,,,N,,,N,,,,,,,4
ID,1334,Grade,10,,,,,,,,,,,,,,,
Course,,,,Description,,,Recommended,,,Alternate,,,,Alternate Courses,,,,Credit
MCH--11---,,,CHEMISTRY 11,,,,,N,,,N,,,,,,,4
MCLE-10--L,,,CAREER LIFE EDUCATION 10 Linear,,,,,N,,,N,,,,,,,4
MCMCC11--L,,,CHORAL MUSIC 11: CONCERT CHOIR Linear,,,,,N,,,N,,,,,,,4
MCMPS11---,,,COMPOSITION 11,,,,,N,,,N,,,,,,,4
MDRM-11---,,,DRAMA 11,,,,,N,,,N,,,,,,,4
MIMCB11--L,,,INSTRUMENTAL MUSIC 11: CONCERT BAND LINEAR,,,,,N,,,N,,,,,,,4
MLFSC11---,,,LIFE SCIENCES 11,,,,,N,,,Y,,,,,,,4
MPREC11---,,,PRE-CALCULUS 11,,,,,N,,,N,,,,,,,4
MSJ--12---,,,SOCIAL JUSTICE 12,,,,,N,,,N,,,,,,,4
MSP--11---,,,SPANISH 11,,,,,N,,,N,,,,,,,4
MTXT-11---,,,TEXTILES 11,,,,,N,,,Y,,,,,,,4
YCPA-1AXE-,,,COMMUNITY LEADERSHIP 11,,,,,N,,,N,,,,,,,4
ID,1335,Grade,10,,,,,,,,,,,,,,,
Course,,,,Description,,,Recommended,,,Alternate,,,,Alternate Courses,,,,Credit
MACC-12---,,,ACCOUNTING 12,,,,,N,,,Y,,,,,,,4
MCH--11---,,,CHEMISTRY 11,,,,,N,,,N,,,,,,,4
MCLE-10--L,,,CAREER LIFE EDUCATION 10 Linear,,,,,N,,,N,,,,,,,4
MCMPS11---,,,COMPOSITION 11,,,,,N,,,N,,,,,,,4
MFOOD11---,,,FOOD STUDIES 11,,,,,N,,,Y,,,,,,,4
MIMCB11--L,,,INSTRUMENTAL MUSIC 11: CONCERT BAND LINEAR,,,,,N,,,N,,,,,,,4
MLST-12---,,,LAW STUDIES 12,,,,,N,,,N,,,,,,,4
MPH--11---,,,PHYSICS 11,,,,,N,,,N,,,,,,,4
MPREC11---,,,PRE-CALCULUS 11,,,,,N,,,N,,,,,,,4
MSP--11---,,,SPANISH 11,,,,,N,,,N,,,,,,,4
ID,1336,Grade,10,,,,,,,,,,,,,,,
Course,,,,Description,,,Recommended,,,Alternate,,,,Alternate Courses,,,,Credit
MATPH12---,,,ANATOMY AND PHYSIOLOGY 12,,,,,N,,,N,,,,,,,4
MCLE-10---,,,CAREER LIFE EDUCATION 10,,,,,N,,,N,,,,,,,4
MCMPS11---,,,COMPOSITION 11,,,,,N,,,N,,,,,,,4
MFOOD11---,,,FOOD STUDIES 11,,,,,N,,,N,,,,,,,4
MLST-12---,,,LAW STUDIES 12,,,,,N,,,N,,,,,,,4
MPH--11---,,,PHYSICS 11,,,,,N,,,N,,,,,,,4
MPREC11---,,,PRE-CALCULUS 11,,,,,N,,,N,,,,,,,4
YED--1DX--,,,LEARNING STRATEGIES 11,,,,,N,,,N,,,,,,,4
ID,1337,Grade,10,,,,,,,,,,,,,,,
Course,,,,Description,,,Recommended,,,Alternate,,,,Alternate Courses,,,,Credit
MACLV11FB-,,,ACTIVE LIVING 11 Football,,,,,N,,,N,,,,,,,4
MBSP-11---,,,INTRODUCTORY SPANISH 11,,,,,N,,,N,,,,,,,4
MCLE-10---,,,CAREER LIFE EDUCATION 10,,,,,N,,,N,,,,,,,4
MCMPS11---,,,COMPOSITION 11,,,,,N,,,N,,,,,,,4
MEPSS11---,,,EXPLORATIONS IN SOCIAL STUDIES 11,,,,,N,,,N,,,,,,,4
MEVSC11---,,,ENVIRONMENTAL SCIENCE 11,,,,,N,,,N,,,,,,,4
MWPM-11---,,,WORKPLACE MATHEMATICS 11,,,,,N,,,N,,,,,,,4
YHRA-1AX--,,,CROSS TRAINING 11,,,,,N,,,N,,,,,,,4
YPSYC1AX--,,,PSYCHOLOGY 11,,,,,N,,,N,,,,,,,4
ID,1338,Grade,10,,,,,,,,,,,,,,,
Course,,,,Description,,,Recommended,,,Alternate,,,,Alternate Courses,,,,Credit
MCH--11---,,,CHEMISTRY 11,,,,,N,,,N,,,,,,,4
MCMPS11---,,,COMPOSITION 11,,,,,N,,,N,,,,,,,4
MEC--12---,,,ECONOMICS 12,,,,,N,,,Y,,,,,,,4
MEPSS11---,,,EXPLORATIONS IN SOCIAL STUDIES 11,,,,,N,,,N,,,,,,,4
MLFSC11---,,,LIFE SCIENCES 11,,,,,N,,,N,,,,,,,4
MLST-12---,,,LAW STUDIES 12,,,,,N,,,Y,,,,,,,4
MPH--11---,,,PHYSICS 11,,,,,N,,,N,,,,,,,4
MPREC11---,,,PRE-CALCULUS 11,,,,,N,,,N,,,,,,,4
YCPA-1AX-L,,,COMMUNITY LEADERSHIP 11 Linear,,,,,N,,,N,,,,,,,4
YLAW-2CX--,,,CRIMINOLOGY 12,,,,,N,,,N,,,,,,,4
YPSYC1AX--,,,PSYCHOLOGY 11,,,,,N,,,N,,,,,,,4
ID,1339,Grade,10,,,,,,,,,,,,,,,
Course,,,,Description,,,Recommended,,,Alternate,,,,Alternate Courses,,,,Credit
MCLE-10---,,,CAREER LIFE EDUCATION 10,,,,,N,,,N,,,,,,,4
MCMPR11AI-,,,COMPUTER PROGRAMMING 11 AI and Games,,,,,N,,,Y,,,,,,,4
MCMPS11---,,,COMPOSITION 11,,,,,N,,,N,,,,,,,4
MDMD-12D--,,,3D ANIMATION 12,,,,,N,,,Y,,,,,,,4
MLST-12---,,,LAW STUDIES 12,,,,,N,,,N,,,,,,,4
MMACS12---,,,COMPUTER SCIENCE 12,,,,,N,,,N,,,,,,,4
MPH--11---,,,PHYSICS 11,,,,,N,,,N,,,,,,,4
MPREC11---,,,PRE-CALCULUS 11,,,,,N,,,N,,,,,,,4
MTDRF11---,,,DRAFTING 11,,,,,N,,,N,,,,,,,4
YLAW-2CX--,,,CRIMINOLOGY 12,,,,,N,,,N,,,,,,,4
ID,1340,Grade,10,,,,,,,,,,,,,,,
Course,,,,Description,,,Recommended,,,Alternate,,,,Alternate Courses,,,,Credit
MACLV11FB-,,,ACTIVE LIVING 11 Football,,,,,N,,,N,,,,,,,4
MCLE-10---,,,CAREER LIFE EDUCATION 10,,,,,N,,,N,,,,,,,4
MCMPS11---,,,COMPOSITION 11,,,,,N,,,N,,,,,,,4
MEVSC11---,,,ENVIRONMENTAL SCIENCE 11,,,,,N,,,N,,,,,,,4
MFOOD11---,,,FOOD STUDIES 11,,,,,N,,,N,,,,,,,4
MLST-12---,,,LAW STUDIES 12,,,,,N,,,N,,,,,,,4
MMACS11---,,,COMPUTER SCIENCE 11,,,,,N,,,Y,,,,,,,4
MPREC11---,,,PRE-CALCULUS 11,,,,,N,,,N,,,,,,,4
MVAPH11---,,,PHOTOGRAPHY 11,,,,,N,,,Y,,,,,,,4
YHRA-1AX--,,,CROSS TRAINING 11,,,,,N,,,N,,,,,,,4
ID,1341,Grade,10,,,,,,,,,,,,,,,
Course,,,,Description,,,Recommended,,,Alternate,,,,Alternate Courses,,,,Credit
MACLV12---,,,ACTIVE LIVING 12,,,,,N,,,N,,,,,,,4
MCLE-10---,,,CAREER LIFE EDUCATION 10,,,,,N,,,N,,,,,,,4
MCMPS11---,,,COMPOSITION 11,,,,,N,,,N,,,,,,,4
MEPSS11---,,,EXPLORATIONS IN SOCIAL STUDIES 11,,,,,N,,,N,,,,,,,4
MEVSC11---,,,ENVIRONMENTAL SCIENCE 11,,,,,N,,,Y,,,,,,,4
MPGEO12---,,,PHYSICAL GEOGRAPHY 12,,,,,N,,,N,,,,,,,4
MPH--11---,,,PHYSICS 11,,,,,N,,,N,,,,,,,4
MPREC11---,,,PRE-CALCULUS 11,,,,,N,,,N,,,,,,,4
MWH--12---,,,20th CENTURY WORLD HISTORY 12,,,,,N,,,N,,,,,,,4
ID,1342,Grade,10,,,,,,,,,,,,,,,
Course,,,,Description,,,Recommended,,,Alternate,,,,Alternate Courses,,,,Credit
MCMPS11---,,,COMPOSITION 11,,,,,N,,,N,,,,,,,4
MEPSS11---,,,EXPLORATIONS IN SOCIAL STUDIES 11,,,,,N,,,N,,,,,,,4
MEVSC11---,,,ENVIRONMENTAL SCIENCE 11,,,,,N,,,N,,,,,,,4
MFOM-11---,,,FOUNDATIONS OF MATHEMATICS 11,,,,,N,,,N,,,,,,,4
MMAP-11---,,,MARKETING AND PROMOTION 11,,,,,N,,,N,,,,,,,4
MTXT-11---,,,TEXTILES 11,,,,,N,,,N,,,,,,,4
MVAST11---,,,ART STUDIO 11,,,,,N,,,N,,,,,,,4
MWWK-11---,,,WOODWORK 11,,,,,N,,,Y,,,,,,,4
YED--1DX--,,,LEARNING STRATEGIES 11,,,,,N,,,N,,,,,,,4
YPA--1CX--,,,YOGA FOR MINDFULNESS 11,,,,,N,,,Y,,,,,,,4
YPSYC1AX--,,,PSYCHOLOGY 11,,,,,N,,,Y,,,,,,,4
ID,1343,Grade,10,,,,,,,,,,,,,,,
Course,,,,Description,,,Recommended,,,Alternate,,,,Alternate Courses,,,,Credit
MBSP-11---,,,INTRODUCTORY SPANISH 11,,,,,N,,,N,,,,,,,4
MCMPS11---,,,COMPOSITION 11,,,,,N,,,N,,,,,,,4
MDCF-11---,,,DANCE FOUNDATIONS 11,,,,,N,,,N,,,,,,,4
MFOM-11---,,,FOUNDATIONS OF MATHEMATICS 11,,,,,N,,,N,,,,,,,4
MVAPH11---,,,PHOTOGRAPHY 11,,,,,N,,,Y,,,,,,,4
MVAST11---,,,ART STUDIO 11,,,,,N,,,Y,,,,,,,4
ID,1344,Grade,10,,,,,,,,,,,,,,,
Course,,,,Description,,,Recommended,,,Alternate,,,,Alternate Courses,,,,Credit
MACLV11G--,,,ACTIVE LIVING 11 Girls,,,,,N,,,N,,,,,,,4
MCMPS11---,,,COMPOSITION 11,,,,,N,,,N,,,,,,,4
MFOOD11---,,,FOOD STUDIES 11,,,,,N,,,Y,,,,,,,4
MTXT-11---,,,TEXTILES 11,,,,,N,,,N,,,,,,,4
MVAST11---,,,ART STUDIO 11,,,,,N,,,N,,,,,,,4
MWWK-11---,,,WOODWORK 11,,,,,N,,,Y,,,,,,,4
ID,1345,Grade,10,,,,,,,,,,,,,,,
Course,,,,Description,,,Recommended,,,Alternate,,,,Alternate Courses,,,,Credit
MCH--11---,,,CHEMISTRY 11,,,,,N,,,N,,,,,,,4
MCLE-10---,,,CAREER LIFE EDUCATION 10,,,,,N,,,N,,,,,,,4
MINST12C--,,,CONTEMPORARY INDIGENOUS STUDIES 12 CHALLENGE,,,,,N,,,N,,,,,,,4
MLFSC11---,,,LIFE SCIENCES 11,,,,,N,,,Y,,,,,,,4
MLTST11C--,,,LITERARY STUDIES 11 Challenge,,,,,N,,,N,,,,,,,4
MMACS12---,,,COMPUTER SCIENCE 12,,,,,N,,,N,,,,,,,4
MPH--11---,,,PHYSICS 11,,,,,N,,,N,,,,,,,4
MPREC11---,,,PRE-CALCULUS 11,,,,,N,,,N,,,,,,,4
MSP--11---,,,SPANISH 11,,,,,N,,,N,,,,,,,4
MTDRF11---,,,DRAFTING 11,,,,,N,,,Y,,,,,,,4
ID,1346,Grade,10,,,,,,,,,,,,,,,
Course,,,,Description,,,Recommended,,,Alternate,,,,Alternate Courses,,,,Credit
MCH--11---,,,CHEMISTRY 11,,,,,N,,,N,,,,,,,4
MCH--12---,,,CHEMISTRY 12,,,,,N,,,Y,,,,,,,4
MCLE-10---,,,CAREER LIFE EDUCATION 10,,,,,N,,,N,,,,,,,4
MCMCL12---,,,COMPARATIVE CULTURES 12,,,,,N,,,N,,,,,,,4
MCMPS11---,,,COMPOSITION 11,,,,,N,,,N,,,,,,,4
MPH--11---,,,PHYSICS 11,,,,,N,,,N,,,,,,,4
MPREC11H--,,,PRE-CALCULUS 11 HONOURS,,,,,N,,,N,,,,,,,4
MSP--11---,,,SPANISH 11,,,,,N,,,Y,,,,,,,4
MTAUT11---,,,AUTOMOTIVE TECHNOLOGY 11,,,,,N,,,N,,,,,,,4
YLAW-2CX--,,,CRIMINOLOGY 12,,,,,N,,,N,,,,,,,4
ID,1347,Grade,10,,,,,,,,,,,,,,,
Course,,,,Description,,,Recommended,,,Alternate,,,,Alternate Courses,,,,Credit
MCMPS11---,,,COMPOSITION 11,,,,,N,,,N,,,,,,,4
MEPSS11---,,,EXPLORATIONS IN SOCIAL STUDIES 11,,,,,N,,,N,,,,,,,4
MFOM-11---,,,FOUNDATIONS OF MATHEMATICS 11,,,,,N,,,N,,,,,,,4
MLFSC11---,,,LIFE SCIENCES 11,,,,,N,,,N,,,,,,,4
ID,1348,Grade,10,,,,,,,,,,,,,,,
Course,,,,Description,,,Recommended,,,Alternate,,,,Alternate Courses,,,,Credit
MCMPS11---,,,COMPOSITION 11,,,,,N,,,N,,,,,,,4
MFOM-11---,,,FOUNDATIONS OF MATHEMATICS 11,,,,,N,,,N,,,,,,,4
MLFSC11---,,,LIFE SCIENCES 11,,,,,N,,,N,,,,,,,4
MTXT-11---,,,TEXTILES 11,,,,,N,,,N,,,,,,,4
YPSYC1AX--,,,PSYCHOLOGY 11,,,,,N,,,Y,,,,,,,4
ID,1349,Grade,10,,,,,,,,,,,,,,,
Course,,,,Description,,,Recommended,,,Alternate,,,,Alternate Courses,,,,Credit
MATPH12---,,,ANATOMY AND PHYSIOLOGY 12,,,,,N,,,N,,,,,,,4
MCH--11---,,,CHEMISTRY 11,,,,,N,,,N,,,,,,,4
MCLE-10---,,,CAREER LIFE EDUCATION 10,,,,,N,,,N,,,,,,,4
MCMPS11---,,,COMPOSITION 11,,,,,N,,,N,,,,,,,4
MFOOD11---,,,FOOD STUDIES 11,,,,,N,,,N,,,,,,,4
MLFSC11---,,,LIFE SCIENCES 11,,,,,N,,,Y,,,,,,,4
MLST-12---,,,LAW STUDIES 12,,,,,N,,,N,,,,,,,4
MPREC11---,,,PRE-CALCULUS 11,,,,,N,,,N,,,,,,,4
MWEX-2A--L,,,WORK EXPERIENCE 12A LINEAR,,,,,N,,,N,,,,,,,4
YLRA-1AX-L,,,ATHLETIC LEADERSHIP 11 Linear,,,,,N,,,N,,,,,,,4
YPSYC1AX--,,,PSYCHOLOGY 11,,,,,N,,,N,,,,,,,4
ID,1350,Grade,10,,,,,,,,,,,,,,,
Course,,,,Description,,,Recommended,,,Alternate,,,,Alternate Courses,,,,Credit
MACLV11---,,,ACTIVE LIVING 11,,,,,N,,,Y,,,,,,,4
MCH--11---,,,CHEMISTRY 11,,,,,N,,,N,,,,,,,4
MCLE-10---,,,CAREER LIFE EDUCATION 10,,,,,N,,,N,,,,,,,4
MCMCL12---,,,COMPARATIVE CULTURES 12,,,,,N,,,N,,,,,,,4
MCMPS11---,,,COMPOSITION 11,,,,,N,,,N,,,,,,,4
MENR-11---,,,ENGINEERING 11,,,,,N,,,Y,,,,,,,4
MFOOD11---,,,FOOD STUDIES 11,,,,,N,,,N,,,,,,,4
MLST-12---,,,LAW STUDIES 12,,,,,N,,,Y,,,,,,,4
MPH--11---,,,PHYSICS 11,,,,,N,,,N,,,,,,,4
MPREC11---,,,PRE-CALCULUS 11,,,,,N,,,N,,,,,,,4
YLAW-2CX--,,,CRIMINOLOGY 12,,,,,N,,,N,,,,,,,4
ID,1351,Grade,10,,,,,,,,,,,,,,,
Course,,,,Description,,,Recommended,,,Alternate,,,,Alternate Courses,,,,Credit
MATPH12---,,,ANATOMY AND PHYSIOLOGY 12,,,,,N,,,N,,,,,,,4
MCH--11---,,,CHEMISTRY 11,,,,,N,,,N,,,,,,,4
MCLE-10---,,,CAREER LIFE EDUCATION 10,,,,,N,,,N,,,,,,,4
MCMPS11---,,,COMPOSITION 11,,,,,N,,,N,,,,,,,4
MINST12---,,,CONTEMPORARY INDIGENOUS STUDIES 12,,,,,N,,,N,,,,,,,4
MPH--11---,,,PHYSICS 11,,,,,N,,,N,,,,,,,4
MPREC11---,,,PRE-CALCULUS 11,,,,,N,,,N,,,,,,,4
YPSYC1AX--,,,PSYCHOLOGY 11,,,,,N,,,N,,,,,,,4
ID,1352,Grade,10,,,,,,,,,,,,,,,
Course,,,,Description,,,Recommended,,,Alternate,,,,Alternate Courses,,,,Credit
MCMPS11---,,,COMPOSITION 11,,,,,N,,,N,,,,,,,4
MEPSS11---,,,EXPLORATIONS IN SOCIAL STUDIES 11,,,,,N,,,N,,,,,,,4
MFOM-11---,,,FOUNDATIONS OF MATHEMATICS 11,,,,,N,,,N,,,,,,,4
MLFSC11---,,,LIFE SCIENCES 11,,,,,N,,,N,,,,,,,4
ID,1353,Grade,10,,,,,,,,,,,,,,,
Course,,,,Description,,,Recommended,,,Alternate,,,,Alternate Courses,,,,Credit
MCLE-10---,,,CAREER LIFE EDUCATION 10,,,,,N,,,N,,,,,,,4
MDNC-11--L,,,DANCE 11: CHOREOGRAPHY Linear,,,,,N,,,N,,,,,,,4
MDNCM11--L,,,DANCE COMPANY 11 Linear,,,,,N,,,N,,,,,,,4
MFOM-11---,,,FOUNDATIONS OF MATHEMATICS 11,,,,,N,,,N,,,,,,,4
MINST12C--,,,CONTEMPORARY INDIGENOUS STUDIES 12 CHALLENGE,,,,,N,,,N,,,,,,,4
MLFSC11---,,,LIFE SCIENCES 11,,,,,N,,,N,,,,,,,4
MLTST11C--,,,LITERARY STUDIES 11 Challenge,,,,,N,,,N,,,,,,,4
MSP--10---,,,SPANISH 10,,,,,N,,,N,,,,,,,4
MSP--11---,,,SPANISH 11,,,,,N,,,N,,,,,,,4
YLAW-2CX--,,,CRIMINOLOGY 12,,,,,N,,,Y,,,,,,,4
YPSYC1AX--,,,PSYCHOLOGY 11,,,,,N,,,N,,,,,,,4
ID,1354,Grade,10,,,,,,,,,,,,,,,
Course,,,,Description,,,Recommended,,,Alternate,,,,Alternate Courses,,,,Credit
MCLE-10---,,,CAREER LIFE EDUCATION 10,,,,,N,,,N,,,,,,,4
MCMPS11---,,,COMPOSITION 11,,,,,N,,,N,,,,,,,4
MFOOD11---,,,FOOD STUDIES 11,,,,,N,,,N,,,,,,,4
MIMG-11---,,,INSTRUMENTAL MUSIC 11: GUITAR,,,,,N,,,Y,,,,,,,4
MLFSC11---,,,LIFE SCIENCES 11,,,,,N,,,N,,,,,,,4
MTXT-11---,,,TEXTILES 11,,,,,N,,,N,,,,,,,4
MWH--12---,,,20th CENTURY WORLD HISTORY 12,,,,,N,,,N,,,,,,,4
MWPM-11---,,,WORKPLACE MATHEMATICS 11,,,,,N,,,N,,,,,,,4
YCPA-1AXE-,,,COMMUNITY LEADERSHIP 11,,,,,N,,,N,,,,,,,4
YLAW-2CX--,,,CRIMINOLOGY 12,,,,,N,,,N,,,,,,,4
ID,1355,Grade,10,,,,,,,,,,,,,,,
Course,,,,Description,,,Recommended,,,Alternate,,,,Alternate Courses,,,,Credit
MCLE-10--L,,,CAREER LIFE EDUCATION 10 Linear,,,,,N,,,N,,,,,,,4
MCMCC11--L,,,CHORAL MUSIC 11: CONCERT CHOIR Linear,,,,,N,,,N,,,,,,,4
MCMPS11---,,,COMPOSITION 11,,,,,N,,,N,,,,,,,4
MFOOD11---,,,FOOD STUDIES 11,,,,,N,,,Y,,,,,,,4
MIMCB11--L,,,INSTRUMENTAL MUSIC 11: CONCERT BAND LINEAR,,,,,N,,,N,,,,,,,4
MLFSC11---,,,LIFE SCIENCES 11,,,,,N,,,N,,,,,,,4
MPREC11---,,,PRE-CALCULUS 11,,,,,N,,,N,,,,,,,4
MTXT-11---,,,TEXTILES 11,,,,,N,,,Y,,,,,,,4
MWH--12---,,,20th CENTURY WORLD HISTORY 12,,,,,N,,,N,,,,,,,4
YCPA-1AXE-,,,COMMUNITY LEADERSHIP 11,,,,,N,,,N,,,,,,,4
YLAW-2CX--,,,CRIMINOLOGY 12,,,,,N,,,N,,,,,,,4
YPSYC1AX--,,,PSYCHOLOGY 11,,,,,N,,,N,,,,,,,4
ID,1356,Grade,10,,,,,,,,,,,,,,,
Course,,,,Description,,,Recommended,,,Alternate,,,,Alternate Courses,,,,Credit
MACLV11G--,,,ACTIVE LIVING 11 Girls,,,,,N,,,N,,,,,,,4
MCMPS11---,,,COMPOSITION 11,,,,,N,,,Y,,,,,,,4
MIMG-11---,,,INSTRUMENTAL MUSIC 11: GUITAR,,,,,N,,,Y,,,,,,,4
MMAP-11---,,,MARKETING AND PROMOTION 11,,,,,N,,,N,,,,,,,4
MTXT-11---,,,TEXTILES 11,,,,,N,,,N,,,,,,,4
MVAST11---,,,ART STUDIO 11,,,,,N,,,N,,,,,,,4
ID,1357,Grade,10,,,,,,,,,,,,,,,
Course,,,,Description,,,Recommended,,,Alternate,,,,Alternate Courses,,,,Credit
ASTA-12---,,,AP STATISTICS 12,,,,,N,,,N,,,,,,,4
MACC-12---,,,ACCOUNTING 12,,,,,N,,,N,,,,,,,4
MCLE-10--L,,,CAREER LIFE EDUCATION 10 Linear,,,,,N,,,N,,,,,,,4
MIMCB11--L,,,INSTRUMENTAL MUSIC 11: CONCERT BAND LINEAR,,,,,N,,,N,,,,,,,4
MIMJB11--L,,,INSTRUMENTAL MUSIC 11: JAZZ BAND LINEAR,,,,,N,,,N,,,,,,,4
MINST12C--,,,CONTEMPORARY INDIGENOUS STUDIES 12 CHALLENGE,,,,,N,,,N,,,,,,,4
MLST-12---,,,LAW STUDIES 12,,,,,N,,,Y,,,,,,,4
MLTST11C--,,,LITERARY STUDIES 11 Challenge,,,,,N,,,N,,,,,,,4
MMACS11---,,,COMPUTER SCIENCE 11,,,,,N,,,Y,,,,,,,4
MPH--11---,,,PHYSICS 11,,,,,N,,,N,,,,,,,4
MPREC11H--,,,PRE-CALCULUS 11 HONOURS,,,,,N,,,N,,,,,,,4
ID,1358,Grade,10,,,,,,,,,,,,,,,
Course,,,,Description,,,Recommended,,,Alternate,,,,Alternate Courses,,,,Credit
ASTA-12---,,,AP STATISTICS 12,,,,,N,,,N,,,,,,,4
MAC--11---,,,ACCOUNTING 11,,,,,N,,,Y,,,,,,,4
MCH--11---,,,CHEMISTRY 11,,,,,N,,,N,,,,,,,4
MEC--12---,,,ECONOMICS 12,,,,,N,,,N,,,,,,,4
MINST12C--,,,CONTEMPORARY INDIGENOUS STUDIES 12 CHALLENGE,,,,,N,,,N,,,,,,,4
MLST-12---,,,LAW STUDIES 12,,,,,N,,,Y,,,,,,,4
MLTST11C--,,,LITERARY STUDIES 11 Challenge,,,,,N,,,N,,,,,,,4
MMACS12---,,,COMPUTER SCIENCE 12,,,,,N,,,N,,,,,,,4
MPH--11---,,,PHYSICS 11,,,,,N,,,N,,,,,,,4
MPREC11H--,,,PRE-CALCULUS 11 HONOURS,,,,,N,,,N,,,,,,,4
YED--1EX-L,,,PEER TUTORING 11 LINEAR,,,,,N,,,N,,,,,,,4
ID,1359,Grade,10,,,,,,,,,,,,,,,
Course,,,,Description,,,Recommended,,,Alternate,,,,Alternate Courses,,,,Credit
MATPH12---,,,ANATOMY AND PHYSIOLOGY 12,,,,,N,,,N,,,,,,,4
MCH--11---,,,CHEMISTRY 11,,,,,N,,,N,,,,,,,4
MCLE-10---,,,CAREER LIFE EDUCATION 10,,,,,N,,,N,,,,,,,4
MCMPS11---,,,COMPOSITION 11,,,,,N,,,N,,,,,,,4
MFR--12---,,,FRENCH 12,,,,,N,,,Y,,,,,,,4
MGRPR11--L,,,GRAPHIC PRODUCTION 11 LINEAR,,,,,N,,,N,,,,,,,4
MLFSC11---,,,LIFE SCIENCES 11,,,,,N,,,N,,,,,,,4
MLST-12---,,,LAW STUDIES 12,,,,,N,,,N,,,,,,,4
MMACS12---,,,COMPUTER SCIENCE 12,,,,,N,,,Y,,,,,,,4
MPH--11---,,,PHYSICS 11,,,,,N,,,N,,,,,,,4
MPREC11H--,,,PRE-CALCULUS 11 HONOURS,,,,,N,,,N,,,,,,,4
YCPA-1AX-L,,,COMMUNITY LEADERSHIP 11 Linear,,,,,N,,,N,,,,,,,4
ID,1360,Grade,10,,,,,,,,,,,,,,,
Course,,,,Description,,,Recommended,,,Alternate,,,,Alternate Courses,,,,Credit
MCLE-10---,,,CAREER LIFE EDUCATION 10,,,,,N,,,N,,,,,,,4
MCMPS11---,,,COMPOSITION 11,,,,,N,,,N,,,,,,,4
MDRM-11---,,,DRAMA 11,,,,,N,,,Y,,,,,,,4
MEPSS11---,,,EXPLORATIONS IN SOCIAL STUDIES 11,,,,,N,,,N,,,,,,,4
MEVSC11---,,,ENVIRONMENTAL SCIENCE 11,,,,,N,,,N,,,,,,,4
MEVSC12C--,,,ENVIRONMENTAL SCIENCE 12 - CLIMATE CHANGE,,,,,N,,,Y,,,,,,,4
MWPM-11---,,,WORKPLACE MATHEMATICS 11,,,,,N,,,N,,,,,,,4
YED--1DX--,,,LEARNING STRATEGIES 11,,,,,N,,,N,,,,,,,4
YLAW-2CX--,,,CRIMINOLOGY 12,,,,,N,,,N,,,,,,,4
YPSYC1AX--,,,PSYCHOLOGY 11,,,,,N,,,N,,,,,,,4
ID,1361,Grade,10,,,,,,,,,,,,,,,
Course,,,,Description,,,Recommended,,,Alternate,,,,Alternate Courses,,,,Credit
MDMD-12D--,,,3D ANIMATION 12,,,,,N,,,N,,,,,,,4
MDRM-11---,,,DRAMA 11,,,,,N,,,N,,,,,,,4
MMAP-11---,,,MARKETING AND PROMOTION 11,,,,,N,,,N,,,,,,,4
MMEDD11---,,,MEDIA DESIGN 11,,,,,N,,,Y,,,,,,,4
MVAPH11---,,,PHOTOGRAPHY 11,,,,,N,,,N,,,,,,,4
ID,1362,Grade,10,,,,,,,,,,,,,,,
Course,,,,Description,,,Recommended,,,Alternate,,,,Alternate Courses,,,,Credit
MCH--11---,,,CHEMISTRY 11,,,,,N,,,N,,,,,,,4
MCMPR11AI-,,,COMPUTER PROGRAMMING 11 AI and Games,,,,,N,,,N,,,,,,,4
MCMPS11---,,,COMPOSITION 11,,,,,N,,,N,,,,,,,4
MFOOD11---,,,FOOD STUDIES 11,,,,,N,,,N,,,,,,,4
MLST-12---,,,LAW STUDIES 12,,,,,N,,,N,,,,,,,4
MMACS11---,,,COMPUTER SCIENCE 11,,,,,N,,,N,,,,,,,4
MPH--11---,,,PHYSICS 11,,,,,N,,,N,,,,,,,4
MPREC12---,,,PRE-CALCULUS 12,,,,,N,,,N,,,,,,,4
ID,1363,Grade,10,,,,,,,,,,,,,,,
Course,,,,Description,,,Recommended,,,Alternate,,,,Alternate Courses,,,,Credit
MACLV11---,,,ACTIVE LIVING 11,,,,,N,,,N,,,,,,,4
MCLE-10---,,,CAREER LIFE EDUCATION 10,,,,,N,,,N,,,,,,,4
MCMPS11---,,,COMPOSITION 11,,,,,N,,,N,,,,,,,4
MEVSC11---,,,ENVIRONMENTAL SCIENCE 11,,,,,N,,,N,,,,,,,4
MFOOD11---,,,FOOD STUDIES 11,,,,,N,,,Y,,,,,,,4
MMAP-11---,,,MARKETING AND PROMOTION 11,,,,,N,,,Y,,,,,,,4
MSC--10---,,,SCIENCE 10,,,,,N,,,N,,,,,,,4
MWH--12---,,,20th CENTURY WORLD HISTORY 12,,,,,N,,,N,,,,,,,4
MWPM-11---,,,WORKPLACE MATHEMATICS 11,,,,,N,,,N,,,,,,,4
YED--1DX--,,,LEARNING STRATEGIES 11,,,,,N,,,N,,,,,,,4
YLAW-2CX--,,,CRIMINOLOGY 12,,,,,N,,,Y,,,,,,,4
ID,1364,Grade,10,,,,,,,,,,,,,,,
Course,,,,Description,,,Recommended,,,Alternate,,,,Alternate Courses,,,,Credit
MCH--11---,,,CHEMISTRY 11,,,,,N,,,N,,,,,,,4
MCLE-10--L,,,CAREER LIFE EDUCATION 10 Linear,,,,,N,,,N,,,,,,,4
MENR-11---,,,ENGINEERING 11,,,,,N,,,N,,,,,,,4
MIMCB11--L,,,INSTRUMENTAL MUSIC 11: CONCERT BAND LINEAR,,,,,N,,,N,,,,,,,4
MIMJB11--L,,,INSTRUMENTAL MUSIC 11: JAZZ BAND LINEAR,,,,,N,,,N,,,,,,,4
MINST12C--,,,CONTEMPORARY INDIGENOUS STUDIES 12 CHALLENGE,,,,,N,,,N,,,,,,,4
MLTST11C--,,,LITERARY STUDIES 11 Challenge,,,,,N,,,N,,,,,,,4
MPH--11---,,,PHYSICS 11,,,,,N,,,N,,,,,,,4
MPREC11---,,,PRE-CALCULUS 11,,,,,N,,,N,,,,,,,4
MTAUT11---,,,AUTOMOTIVE TECHNOLOGY 11,,,,,N,,,Y,,,,,,,4
MTROB11--L,,,ROBOTICS 11 LINEAR,,,,,N,,,N,,,,,,,4
YCPA-1AXE-,,,COMMUNITY LEADERSHIP 11,,,,,N,,,N,,,,,,,4
YLAW-2CX--,,,CRIMINOLOGY 12,,,,,N,,,Y,,,,,,,4
ID,1365,Grade,10,,,,,,,,,,,,,,,
Course,,,,Description,,,Recommended,,,Alternate,,,,Alternate Courses,,,,Credit
MDRM-11---,,,DRAMA 11,,,,,N,,,N,,,,,,,4
MINST12C--,,,CONTEMPORARY INDIGENOUS STUDIES 12 CHALLENGE,,,,,N,,,N,,,,,,,4
MLFSC11---,,,LIFE SCIENCES 11,,,,,N,,,N,,,,,,,4
MLTST11C--,,,LITERARY STUDIES 11 Challenge,,,,,N,,,N,,,,,,,4
MMACS11---,,,COMPUTER SCIENCE 11,,,,,N,,,Y,,,,,,,4
MMEDD11---,,,MEDIA DESIGN 11,,,,,N,,,N,,,,,,,4
MPREC11---,,,PRE-CALCULUS 11,,,,,N,,,N,,,,,,,4
MVAPH11---,,,PHOTOGRAPHY 11,,,,,N,,,N,,,,,,,4
YPSYC1AX--,,,PSYCHOLOGY 11,,,,,N,,,N,,,,,,,4
ID,1366,Grade,10,,,,,,,,,,,,,,,
Course,,,,Description,,,Recommended,,,Alternate,,,,Alternate Courses,,,,Credit
MAC--11---,,,ACCOUNTING 11,,,,,N,,,N,,,,,,,4
MACLV11G--,,,ACTIVE LIVING 11 Girls,,,,,N,,,N,,,,,,,4
MCH--11---,,,CHEMISTRY 11,,,,,N,,,N,,,,,,,4
MCMCL12---,,,COMPARATIVE CULTURES 12,,,,,N,,,N,,,,,,,4
MCMPS11---,,,COMPOSITION 11,,,,,N,,,N,,,,,,,4
MDRM-11---,,,DRAMA 11,,,,,N,,,Y,,,,,,,4
MEVSC11---,,,ENVIRONMENTAL SCIENCE 11,,,,,N,,,N,,,,,,,4
MMEDD11---,,,MEDIA DESIGN 11,,,,,N,,,Y,,,,,,,4
MPREC12---,,,PRE-CALCULUS 12,,,,,N,,,N,,,,,,,4
YPSYC1AX--,,,PSYCHOLOGY 11,,,,,N,,,N,,,,,,,4
ID,1367,Grade,10,,,,,,,,,,,,,,,
Course,,,,Description,,,Recommended,,,Alternate,,,,Alternate Courses,,,,Credit
MCMPS11---,,,COMPOSITION 11,,,,,N,,,N,,,,,,,4
MSP--11---,,,SPANISH 11,,,,,N,,,N,,,,,,,4
MVAPH11---,,,PHOTOGRAPHY 11,,,,,N,,,N,,,,,,,4
MVAST11---,,,ART STUDIO 11,,,,,N,,,N,,,,,,,4
YPSYC1AX--,,,PSYCHOLOGY 11,,,,,N,,,Y,,,,,,,4
ID,1368,Grade,10,,,,,,,,,,,,,,,
Course,,,,Description,,,Recommended,,,Alternate,,,,Alternate Courses,,,,Credit
MCLE-10---,,,CAREER LIFE EDUCATION 10,,,,,N,,,N,,,,,,,4
MCMPS11---,,,COMPOSITION 11,,,,,N,,,N,,,,,,,4
MEVSC11---,,,ENVIRONMENTAL SCIENCE 11,,,,,N,,,N,,,,,,,4
MFOM-11---,,,FOUNDATIONS OF MATHEMATICS 11,,,,,N,,,N,,,,,,,4
MFOOD11---,,,FOOD STUDIES 11,,,,,N,,,N,,,,,,,4
MFR--09---,,,FRENCH 9,,,,,N,,,N,,,,,,,0
MINST12---,,,CONTEMPORARY INDIGENOUS STUDIES 12,,,,,N,,,N,,,,,,,4
MLFSC11---,,,LIFE SCIENCES 11,,,,,N,,,N,,,,,,,4
ID,1369,Grade,10,,,,,,,,,,,,,,,
Course,,,,Description,,,Recommended,,,Alternate,,,,Alternate Courses,,,,Credit
MACLV11---,,,ACTIVE LIVING 11,,,,,N,,,N,,,,,,,4
MCLE-10---,,,CAREER LIFE EDUCATION 10,,,,,N,,,N,,,,,,,4
MCMPS11---,,,COMPOSITION 11,,,,,N,,,N,,,,,,,4
MEPSS11---,,,EXPLORATIONS IN SOCIAL STUDIES 11,,,,,N,,,N,,,,,,,4
MEVSC12C--,,,ENVIRONMENTAL SCIENCE 12 - CLIMATE CHANGE,,,,,N,,,N,,,,,,,4
MFOOD11---,,,FOOD STUDIES 11,,,,,N,,,N,,,,,,,4
MPREC11---,,,PRE-CALCULUS 11,,,,,N,,,N,,,,,,,4
MSP--11---,,,SPANISH 11,,,,,N,,,N,,,,,,,4
MTAUT11---,,,AUTOMOTIVE TECHNOLOGY 11,,,,,N,,,Y,,,,,,,4
MWWK-11---,,,WOODWORK 11,,,,,N,,,Y,,,,,,,4
ID,1370,Grade,10,,,,,,,,,,,,,,,
Course,,,,Description,,,Recommended,,,Alternate,,,,Alternate Courses,,,,Credit
MAC--11---,,,ACCOUNTING 11,,,,,N,,,N,,,,,,,4
MCMPS11---,,,COMPOSITION 11,,,,,N,,,N,,,,,,,4
MEVSC11---,,,ENVIRONMENTAL SCIENCE 11,,,,,N,,,Y,,,,,,,4
MFR--11---,,,FRENCH 11,,,,,N,,,N,,,,,,,4
MTXT-11---,,,TEXTILES 11,,,,,N,,,N,,,,,,,4
YPSYC1AX--,,,PSYCHOLOGY 11,,,,,N,,,Y,,,,,,,4
ID,1371,Grade,10,,,,,,,,,,,,,,,
Course,,,,Description,,,Recommended,,,Alternate,,,,Alternate Courses,,,,Credit
MACLV11---,,,ACTIVE LIVING 11,,,,,N,,,N,,,,,,,4
MCMPS11---,,,COMPOSITION 11,,,,,N,,,N,,,,,,,4
MDRM-11---,,,DRAMA 11,,,,,N,,,N,,,,,,,4
MENR-11---,,,ENGINEERING 11,,,,,N,,,N,,,,,,,4
MEVSC11---,,,ENVIRONMENTAL SCIENCE 11,,,,,N,,,N,,,,,,,4
MODED11---,,,OUTDOOR EDUCATION 11,,,,,N,,,N,,,,,,,4
MPREC11---,,,PRE-CALCULUS 11,,,,,N,,,N,,,,,,,4
MTDRF11---,,,DRAFTING 11,,,,,N,,,N,,,,,,,4
MWWK-11---,,,WOODWORK 11,,,,,N,,,Y,,,,,,,4
ID,1372,Grade,10,,,,,,,,,,,,,,,
Course,,,,Description,,,Recommended,,,Alternate,,,,Alternate Courses,,,,Credit
MCH--11---,,,CHEMISTRY 11,,,,,N,,,N,,,,,,,4
MCLE-10---,,,CAREER LIFE EDUCATION 10,,,,,N,,,N,,,,,,,4
MCMCL12---,,,COMPARATIVE CULTURES 12,,,,,N,,,Y,,,,,,,4
MCMPS11---,,,COMPOSITION 11,,,,,N,,,N,,,,,,,4
MFOOD11---,,,FOOD STUDIES 11,,,,,N,,,Y,,,,,,,4
MLST-12---,,,LAW STUDIES 12,,,,,N,,,N,,,,,,,4
MPREC11H--,,,PRE-CALCULUS 11 HONOURS,,,,,N,,,N,,,,,,,4
MSP--11---,,,SPANISH 11,,,,,N,,,N,,,,,,,4
MTDRF11---,,,DRAFTING 11,,,,,N,,,N,,,,,,,4
YLAW-2CX--,,,CRIMINOLOGY 12,,,,,N,,,N,,,,,,,4
ID,1373,Grade,10,,,,,,,,,,,,,,,
Course,,,,Description,,,Recommended,,,Alternate,,,,Alternate Courses,,,,Credit
MAC--11---,,,ACCOUNTING 11,,,,,N,,,Y,,,,,,,4
MACLV11---,,,ACTIVE LIVING 11,,,,,N,,,N,,,,,,,4
MCH--11---,,,CHEMISTRY 11,,,,,N,,,N,,,,,,,4
MCMPS11---,,,COMPOSITION 11,,,,,N,,,N,,,,,,,4
MFOOD11---,,,FOOD STUDIES 11,,,,,N,,,N,,,,,,,4
MINST12---,,,CONTEMPORARY INDIGENOUS STUDIES 12,,,,,N,,,N,,,,,,,4
MPH--11---,,,PHYSICS 11,,,,,N,,,N,,,,,,,4
MPREC12---,,,PRE-CALCULUS 12,,,,,N,,,N,,,,,,,4
MTAUT11---,,,AUTOMOTIVE TECHNOLOGY 11,,,,,N,,,N,,,,,,,4
YLAW-2CX--,,,CRIMINOLOGY 12,,,,,N,,,Y,,,,,,,4
ID,1374,Grade,10,,,,,,,,,,,,,,,
Course,,,,Description,,,Recommended,,,Alternate,,,,Alternate Courses,,,,Credit
MATPH12---,,,ANATOMY AND PHYSIOLOGY 12,,,,,N,,,N,,,,,,,4
MCH--11---,,,CHEMISTRY 11,,,,,N,,,N,,,,,,,4
MCH--12---,,,CHEMISTRY 12,,,,,N,,,N,,,,,,,4
MCMCL12---,,,COMPARATIVE CULTURES 12,,,,,N,,,N,,,,,,,4
MCMPS11---,,,COMPOSITION 11,,,,,N,,,N,,,,,,,4
MEVSC12C--,,,ENVIRONMENTAL SCIENCE 12 - CLIMATE CHANGE,,,,,N,,,Y,,,,,,,4
MLFSC11---,,,LIFE SCIENCES 11,,,,,N,,,N,,,,,,,4
MPH--11---,,,PHYSICS 11,,,,,N,,,N,,,,,,,4
MPH--12---,,,PHYSICS 12,,,,,N,,,Y,,,,,,,4
MPREC11H--,,,PRE-CALCULUS 11 HONOURS,,,,,N,,,N,,,,,,,4
MWEX-2B--L,,,WORK EXPERIENCE 12B LINEAR,,,,,N,,,N,,,,,,,4
YCPA-1AX-L,,,COMMUNITY LEADERSHIP 11 Linear,,,,,N,,,N,,,,,,,4
ID,1375,Grade,10,,,,,,,,,,,,,,,
Course,,,,Description,,,Recommended,,,Alternate,,,,Alternate Courses,,,,Credit
MACLV11G--,,,ACTIVE LIVING 11 Girls,,,,,N,,,N,,,,,,,4
MCMPS11---,,,COMPOSITION 11,,,,,N,,,N,,,,,,,4
MEVSC11---,,,ENVIRONMENTAL SCIENCE 11,,,,,N,,,N,,,,,,,4
MLFSC11---,,,LIFE SCIENCES 11,,,,,N,,,N,,,,,,,4
MPGEO12---,,,PHYSICAL GEOGRAPHY 12,,,,,N,,,Y,,,,,,,4
YPA--1CX--,,,YOGA FOR MINDFULNESS 11,,,,,N,,,Y,,,,,,,4
ID,1376,Grade,10,,,,,,,,,,,,,,,
Course,,,,Description,,,Recommended,,,Alternate,,,,Alternate Courses,,,,Credit
MATPH12---,,,ANATOMY AND PHYSIOLOGY 12,,,,,N,,,N,,,,,,,4
MCH--11---,,,CHEMISTRY 11,,,,,N,,,N,,,,,,,4
MCLE-10---,,,CAREER LIFE EDUCATION 10,,,,,N,,,N,,,,,,,4
MGRPR11--L,,,GRAPHIC PRODUCTION 11 LINEAR,,,,,N,,,N,,,,,,,4
MINST12C--,,,CONTEMPORARY INDIGENOUS STUDIES 12 CHALLENGE,,,,,N,,,N,,,,,,,4
MLFSC11---,,,LIFE SCIENCES 11,,,,,N,,,Y,,,,,,,4
MLTST11C--,,,LITERARY STUDIES 11 Challenge,,,,,N,,,N,,,,,,,4
MPH--11---,,,PHYSICS 11,,,,,N,,,N,,,,,,,4
MPREC11H--,,,PRE-CALCULUS 11 HONOURS,,,,,N,,,N,,,,,,,4
MTROB11---,,,ROBOTICS 11,,,,,N,,,N,,,,,,,4
ID,1377,Grade,10,,,,,,,,,,,,,,,
Course,,,,Description,,,Recommended,,,Alternate,,,,Alternate Courses,,,,Credit
MAC--11---,,,ACCOUNTING 11,,,,,N,,,N,,,,,,,4
MCLE-10---,,,CAREER LIFE EDUCATION 10,,,,,N,,,N,,,,,,,4
MCMPS11---,,,COMPOSITION 11,,,,,N,,,N,,,,,,,4
MEC--12---,,,ECONOMICS 12,,,,,N,,,Y,,,,,,,4
MEPSS11---,,,EXPLORATIONS IN SOCIAL STUDIES 11,,,,,N,,,N,,,,,,,4
MEVSC11---,,,ENVIRONMENTAL SCIENCE 11,,,,,N,,,Y,,,,,,,4
MLFSC11---,,,LIFE SCIENCES 11,,,,,N,,,N,,,,,,,4
MPREC11---,,,PRE-CALCULUS 11,,,,,N,,,N,,,,,,,4
MPREC12---,,,PRE-CALCULUS 12,,,,,N,,,N,,,,,,,4
MSC--10---,,,SCIENCE 10,,,,,N,,,N,,,,,,,4
ID,1378,Grade,10,,,,,,,,,,,,,,,
Course,,,,Description,,,Recommended,,,Alternate,,,,Alternate Courses,,,,Credit
MCH--11---,,,CHEMISTRY 11,,,,,N,,,N,,,,,,,4
MCMPS11---,,,COMPOSITION 11,,,,,N,,,N,,,,,,,4
MLFSC11---,,,LIFE SCIENCES 11,,,,,N,,,N,,,,,,,4
MLST-12---,,,LAW STUDIES 12,,,,,N,,,N,,,,,,,4
MMAP-11---,,,MARKETING AND PROMOTION 11,,,,,N,,,N,,,,,,,4
MPH--11---,,,PHYSICS 11,,,,,N,,,N,,,,,,,4
MPREC11---,,,PRE-CALCULUS 11,,,,,N,,,N,,,,,,,4
MPREC12---,,,PRE-CALCULUS 12,,,,,N,,,N,,,,,,,4
YLRA-1AX-L,,,ATHLETIC LEADERSHIP 11 Linear,,,,,N,,,N,,,,,,,4
ID,1379,Grade,10,,,,,,,,,,,,,,,
Course,,,,Description,,,Recommended,,,Alternate,,,,Alternate Courses,,,,Credit
MCLE-10---,,,CAREER LIFE EDUCATION 10,,,,,N,,,N,,,,,,,4
MCMPS11---,,,COMPOSITION 11,,,,,N,,,N,,,,,,,4
MEPSS11---,,,EXPLORATIONS IN SOCIAL STUDIES 11,,,,,N,,,N,,,,,,,4
MMAP-11---,,,MARKETING AND PROMOTION 11,,,,,N,,,N,,,,,,,4
MMEDD11---,,,MEDIA DESIGN 11,,,,,N,,,N,,,,,,,4
MPH--11---,,,PHYSICS 11,,,,,N,,,N,,,,,,,4
MPREC11---,,,PRE-CALCULUS 11,,,,,N,,,N,,,,,,,4
MVAST11---,,,ART STUDIO 11,,,,,N,,,N,,,,,,,4
ID,1380,Grade,10,,,,,,,,,,,,,,,
Course,,,,Description,,,Recommended,,,Alternate,,,,Alternate Courses,,,,Credit
MCLE-10---,,,CAREER LIFE EDUCATION 10,,,,,N,,,N,,,,,,,4
MCMPS10---,,,COMPOSITION 10,,,,,N,,,N,,,,,,,2
MCMPS11---,,,COMPOSITION 11,,,,,N,,,N,,,,,,,4
MDNCN11---,,,DANCE CONDITIONING 11,,,,,N,,,N,,,,,,,4
MDRM-11---,,,DRAMA 11,,,,,N,,,N,,,,,,,4
MEPSS11---,,,EXPLORATIONS IN SOCIAL STUDIES 11,,,,,N,,,Y,,,,,,,4
MEVSC11---,,,ENVIRONMENTAL SCIENCE 11,,,,,N,,,N,,,,,,,4
MTAUT11---,,,AUTOMOTIVE TECHNOLOGY 11,,,,,N,,,N,,,,,,,4
MWPM-11---,,,WORKPLACE MATHEMATICS 11,,,,,N,,,N,,,,,,,4
YPA--1CX--,,,YOGA FOR MINDFULNESS 11,,,,,N,,,Y,,,,,,,4
ID,1381,Grade,10,,,,,,,,,,,,,,,
Course,,,,Description,,,Recommended,,,Alternate,,,,Alternate Courses,,,,Credit
MATPH12---,,,ANATOMY AND PHYSIOLOGY 12,,,,,N,,,N,,,,,,,4
MCH--11---,,,CHEMISTRY 11,,,,,N,,,N,,,,,,,4
MCLE-10--L,,,CAREER LIFE EDUCATION 10 Linear,,,,,N,,,N,,,,,,,4
MCMPS11---,,,COMPOSITION 11,,,,,N,,,N,,,,,,,4
MIMCB11--L,,,INSTRUMENTAL MUSIC 11: CONCERT BAND LINEAR,,,,,N,,,N,,,,,,,4
MPH--11---,,,PHYSICS 11,,,,,N,,,N,,,,,,,4
MPREC12---,,,PRE-CALCULUS 12,,,,,N,,,N,,,,,,,4
MTAUT11---,,,AUTOMOTIVE TECHNOLOGY 11,,,,,N,,,Y,,,,,,,4
MWH--12---,,,20th CENTURY WORLD HISTORY 12,,,,,N,,,N,,,,,,,4
ID,1382,Grade,10,,,,,,,,,,,,,,,
Course,,,,Description,,,Recommended,,,Alternate,,,,Alternate Courses,,,,Credit
MACLV11---,,,ACTIVE LIVING 11,,,,,N,,,Y,,,,,,,4
MCLE-10--L,,,CAREER LIFE EDUCATION 10 Linear,,,,,N,,,N,,,,,,,4
MCMPS11---,,,COMPOSITION 11,,,,,N,,,N,,,,,,,4
MIMCB11--L,,,INSTRUMENTAL MUSIC 11: CONCERT BAND LINEAR,,,,,N,,,N,,,,,,,4
MIMG-11---,,,INSTRUMENTAL MUSIC 11: GUITAR,,,,,N,,,N,,,,,,,4
MIMJB11--L,,,INSTRUMENTAL MUSIC 11: JAZZ BAND LINEAR,,,,,N,,,N,,,,,,,4
MLST-12---,,,LAW STUDIES 12,,,,,N,,,N,,,,,,,4
MPH--11---,,,PHYSICS 11,,,,,N,,,N,,,,,,,4
MPREC11---,,,PRE-CALCULUS 11,,,,,N,,,N,,,,,,,4
MSP--11---,,,SPANISH 11,,,,,N,,,N,,,,,,,4
YLAW-2CX--,,,CRIMINOLOGY 12,,,,,N,,,Y,,,,,,,4
ID,1383,Grade,10,,,,,,,,,,,,,,,
Course,,,,Description,,,Recommended,,,Alternate,,,,Alternate Courses,,,,Credit
MCLE-10---,,,CAREER LIFE EDUCATION 10,,,,,N,,,N,,,,,,,4
MCMPS11---,,,COMPOSITION 11,,,,,N,,,N,,,,,,,4
MLST-12---,,,LAW STUDIES 12,,,,,N,,,N,,,,,,,4
MODED11---,,,OUTDOOR EDUCATION 11,,,,,N,,,Y,,,,,,,4
MPH--11---,,,PHYSICS 11,,,,,N,,,N,,,,,,,4
MPREC11---,,,PRE-CALCULUS 11,,,,,N,,,N,,,,,,,4
MSP--11---,,,SPANISH 11,,,,,N,,,N,,,,,,,4
MTAUT11---,,,AUTOMOTIVE TECHNOLOGY 11,,,,,N,,,N,,,,,,,4
YCPA-1AX-L,,,COMMUNITY LEADERSHIP 11 Linear,,,,,N,,,N,,,,,,,4
YLAW-2CX--,,,CRIMINOLOGY 12,,,,,N,,,Y,,,,,,,4
YPSYC1AX--,,,PSYCHOLOGY 11,,,,,N,,,N,,,,,,,4
ID,1384,Grade,10,,,,,,,,,,,,,,,
Course,,,,Description,,,Recommended,,,Alternate,,,,Alternate Courses,,,,Credit
MACLV11G--,,,ACTIVE LIVING 11 Girls,,,,,N,,,N,,,,,,,4
MCMCL12---,,,COMPARATIVE CULTURES 12,,,,,N,,,Y,,,,,,,4
MCMPS11---,,,COMPOSITION 11,,,,,N,,,N,,,,,,,4
MDRM-11---,,,DRAMA 11,,,,,N,,,N,,,,,,,4
MEPSS11---,,,EXPLORATIONS IN SOCIAL STUDIES 11,,,,,N,,,N,,,,,,,4
MFOOD11---,,,FOOD STUDIES 11,,,,,N,,,N,,,,,,,4
MLFSC11---,,,LIFE SCIENCES 11,,,,,N,,,N,,,,,,,4
MMAP-11---,,,MARKETING AND PROMOTION 11,,,,,N,,,Y,,,,,,,4
MSP--11---,,,SPANISH 11,,,,,N,,,N,,,,,,,4
MVAST11---,,,ART STUDIO 11,,,,,N,,,N,,,,,,,4
ID,1385,Grade,10,,,,,,,,,,,,,,,
Course,,,,Description,,,Recommended,,,Alternate,,,,Alternate Courses,,,,Credit
MACLV11---,,,ACTIVE LIVING 11,,,,,N,,,N,,,,,,,4
MCH--11---,,,CHEMISTRY 11,,,,,N,,,N,,,,,,,4
MCLE-10---,,,CAREER LIFE EDUCATION 10,,,,,N,,,N,,,,,,,4
MCMPS11---,,,COMPOSITION 11,,,,,N,,,N,,,,,,,4
MENR-11---,,,ENGINEERING 11,,,,,N,,,Y,,,,,,,4
MMACS11---,,,COMPUTER SCIENCE 11,,,,,N,,,N,,,,,,,4
MPH--11---,,,PHYSICS 11,,,,,N,,,N,,,,,,,4
MPREC11---,,,PRE-CALCULUS 11,,,,,N,,,N,,,,,,,4
MTROB11---,,,ROBOTICS 11,,,,,N,,,N,,,,,,,4
MWWK-11---,,,WOODWORK 11,,,,,N,,,Y,,,,,,,4
ID,1386,Grade,10,,,,,,,,,,,,,,,
Course,,,,Description,,,Recommended,,,Alternate,,,,Alternate Courses,,,,Credit
MACLV11---,,,ACTIVE LIVING 11,,,,,N,,,N,,,,,,,4
MCMPS11---,,,COMPOSITION 11,,,,,N,,,N,,,,,,,4
MEPSS11---,,,EXPLORATIONS IN SOCIAL STUDIES 11,,,,,N,,,N,,,,,,,4
MPREC11---,,,PRE-CALCULUS 11,,,,,N,,,N,,,,,,,4
ID,1387,Grade,10,,,,,,,,,,,,,,,
Course,,,,Description,,,Recommended,,,Alternate,,,,Alternate Courses,,,,Credit
MCMPS11---,,,COMPOSITION 11,,,,,N,,,N,,,,,,,4
MDCF-11---,,,DANCE FOUNDATIONS 11,,,,,N,,,Y,,,,,,,4
MDRM-11---,,,DRAMA 11,,,,,N,,,Y,,,,,,,4
MEPSS11---,,,EXPLORATIONS IN SOCIAL STUDIES 11,,,,,N,,,N,,,,,,,4
MFOM-11---,,,FOUNDATIONS OF MATHEMATICS 11,,,,,N,,,N,,,,,,,4
MLFSC11---,,,LIFE SCIENCES 11,,,,,N,,,N,,,,,,,4
ID,1388,Grade,10,,,,,,,,,,,,,,,
Course,,,,Description,,,Recommended,,,Alternate,,,,Alternate Courses,,,,Credit
MCH--12---,,,CHEMISTRY 12,,,,,N,,,N,,,,,,,4
MCMPS11---,,,COMPOSITION 11,,,,,N,,,N,,,,,,,4
MEPSS11---,,,EXPLORATIONS IN SOCIAL STUDIES 11,,,,,N,,,N,,,,,,,4
MIMG-11---,,,INSTRUMENTAL MUSIC 11: GUITAR,,,,,N,,,N,,,,,,,4
MLST-12---,,,LAW STUDIES 12,,,,,N,,,N,,,,,,,4
MPH--11---,,,PHYSICS 11,,,,,N,,,N,,,,,,,4
MPREC11---,,,PRE-CALCULUS 11,,,,,N,,,N,,,,,,,4
MTXT-11---,,,TEXTILES 11,,,,,N,,,N,,,,,,,4
MWWK-11---,,,WOODWORK 11,,,,,N,,,Y,,,,,,,4
YCPA-1AXE-,,,COMMUNITY LEADERSHIP 11,,,,,N,,,N,,,,,,,4
ID,1389,Grade,10,,,,,,,,,,,,,,,
Course,,,,Description,,,Recommended,,,Alternate,,,,Alternate Courses,,,,Credit
MCH--11---,,,CHEMISTRY 11,,,,,N,,,N,,,,,,,4
MCLE-10--L,,,CAREER LIFE EDUCATION 10 Linear,,,,,N,,,N,,,,,,,4
MCMPS11---,,,COMPOSITION 11,,,,,N,,,N,,,,,,,4
MIMCB11--L,,,INSTRUMENTAL MUSIC 11: CONCERT BAND LINEAR,,,,,N,,,N,,,,,,,4
MIMJB11--L,,,INSTRUMENTAL MUSIC 11: JAZZ BAND LINEAR,,,,,N,,,N,,,,,,,4
MLFSC11---,,,LIFE SCIENCES 11,,,,,N,,,N,,,,,,,4
MPREC11---,,,PRE-CALCULUS 11,,,,,N,,,N,,,,,,,4
MSP--11---,,,SPANISH 11,,,,,N,,,Y,,,,,,,4
MTAUT11---,,,AUTOMOTIVE TECHNOLOGY 11,,,,,N,,,N,,,,,,,4
MVAST11---,,,ART STUDIO 11,,,,,N,,,Y,,,,,,,4
MWH--12---,,,20th CENTURY WORLD HISTORY 12,,,,,N,,,N,,,,,,,4
ID,1390,Grade,10,,,,,,,,,,,,,,,
Course,,,,Description,,,Recommended,,,Alternate,,,,Alternate Courses,,,,Credit
MACLV11---,,,ACTIVE LIVING 11,,,,,N,,,N,,,,,,,4
MENST12---,,,ENGLISH STUDIES 12,,,,,N,,,N,,,,,,,4
MEVSC11---,,,ENVIRONMENTAL SCIENCE 11,,,,,N,,,N,,,,,,,4
MLST-12---,,,LAW STUDIES 12,,,,,N,,,N,,,,,,,4
MTAUT11---,,,AUTOMOTIVE TECHNOLOGY 11,,,,,N,,,N,,,,,,,4
MVAPH11---,,,PHOTOGRAPHY 11,,,,,N,,,N,,,,,,,4
MWPM-11---,,,WORKPLACE MATHEMATICS 11,,,,,N,,,N,,,,,,,4
YED--1DX--,,,LEARNING STRATEGIES 11,,,,,N,,,N,,,,,,,4
ID,1391,Grade,10,,,,,,,,,,,,,,,
Course,,,,Description,,,Recommended,,,Alternate,,,,Alternate Courses,,,,Credit
MCLE-10---,,,CAREER LIFE EDUCATION 10,,,,,N,,,N,,,,,,,4
MCMPS11---,,,COMPOSITION 11,,,,,N,,,N,,,,,,,4
MDNC-11--L,,,DANCE 11: CHOREOGRAPHY Linear,,,,,N,,,N,,,,,,,4
MDNCM11--L,,,DANCE COMPANY 11 Linear,,,,,N,,,N,,,,,,,4
MDNTP11---,,,DANCE TECHNIQUE AND PERFORMANCE 11,,,,,N,,,N,,,,,,,4
MEVSC11---,,,ENVIRONMENTAL SCIENCE 11,,,,,N,,,N,,,,,,,4
MFOOD11---,,,FOOD STUDIES 11,,,,,N,,,Y,,,,,,,4
MSJ--12---,,,SOCIAL JUSTICE 12,,,,,N,,,N,,,,,,,4
MSP--11---,,,SPANISH 11,,,,,N,,,N,,,,,,,4
MTXT-11---,,,TEXTILES 11,,,,,N,,,N,,,,,,,4
YED--1DX--,,,LEARNING STRATEGIES 11,,,,,N,,,N,,,,,,,4
ID,1392,Grade,10,,,,,,,,,,,,,,,
Course,,,,Description,,,Recommended,,,Alternate,,,,Alternate Courses,,,,Credit
MCH--11---,,,CHEMISTRY 11,,,,,N,,,N,,,,,,,4
MCLE-10--L,,,CAREER LIFE EDUCATION 10 Linear,,,,,N,,,N,,,,,,,4
MCMPS11---,,,COMPOSITION 11,,,,,N,,,N,,,,,,,4
MENR-11---,,,ENGINEERING 11,,,,,N,,,N,,,,,,,4
MIMCB11--L,,,INSTRUMENTAL MUSIC 11: CONCERT BAND LINEAR,,,,,N,,,N,,,,,,,4
MMACS11---,,,COMPUTER SCIENCE 11,,,,,N,,,Y,,,,,,,4
MPH--11---,,,PHYSICS 11,,,,,N,,,N,,,,,,,4
MPREC11---,,,PRE-CALCULUS 11,,,,,N,,,N,,,,,,,4
MPREC12---,,,PRE-CALCULUS 12,,,,,N,,,N,,,,,,,4
YCPA-1AX-L,,,COMMUNITY LEADERSHIP 11 Linear,,,,,N,,,N,,,,,,,4
ID,1393,Grade,10,,,,,,,,,,,,,,,
Course,,,,Description,,,Recommended,,,Alternate,,,,Alternate Courses,,,,Credit
MAC--11---,,,ACCOUNTING 11,,,,,N,,,N,,,,,,,4
MCLE-10---,,,CAREER LIFE EDUCATION 10,,,,,N,,,N,,,,,,,4
MCMCL12---,,,COMPARATIVE CULTURES 12,,,,,N,,,N,,,,,,,4
MCMPS11---,,,COMPOSITION 11,,,,,N,,,N,,,,,,,4
MEC--12---,,,ECONOMICS 12,,,,,N,,,Y,,,,,,,4
MEVSC11---,,,ENVIRONMENTAL SCIENCE 11,,,,,N,,,N,,,,,,,4
MLST-12---,,,LAW STUDIES 12,,,,,N,,,N,,,,,,,4
MPREC12---,,,PRE-CALCULUS 12,,,,,N,,,N,,,,,,,4
MWH--12---,,,20th CENTURY WORLD HISTORY 12,,,,,N,,,Y,,,,,,,4
YLAW-2CX--,,,CRIMINOLOGY 12,,,,,N,,,N,,,,,,,4
ID,1394,Grade,10,,,,,,,,,,,,,,,
Course,,,,Description,,,Recommended,,,Alternate,,,,Alternate Courses,,,,Credit
ASTA-12---,,,AP STATISTICS 12,,,,,N,,,N,,,,,,,4
MATPH12---,,,ANATOMY AND PHYSIOLOGY 12,,,,,N,,,Y,,,,,,,4
MCH--11---,,,CHEMISTRY 11,,,,,N,,,N,,,,,,,4
MINST12C--,,,CONTEMPORARY INDIGENOUS STUDIES 12 CHALLENGE,,,,,N,,,N,,,,,,,4
MLFSC11---,,,LIFE SCIENCES 11,,,,,N,,,N,,,,,,,4
MLST-12---,,,LAW STUDIES 12,,,,,N,,,N,,,,,,,4
MLTST11C--,,,LITERARY STUDIES 11 Challenge,,,,,N,,,N,,,,,,,4
MPH--11---,,,PHYSICS 11,,,,,N,,,N,,,,,,,4
MSP--11---,,,SPANISH 11,,,,,N,,,N,,,,,,,4
YCPA-1AXE-,,,COMMUNITY LEADERSHIP 11,,,,,N,,,N,,,,,,,4
YLAW-2CX--,,,CRIMINOLOGY 12,,,,,N,,,Y,,,,,,,4
ID,1395,Grade,10,,,,,,,,,,,,,,,
Course,,,,Description,,,Recommended,,,Alternate,,,,Alternate Courses,,,,Credit
MCLE-10---,,,CAREER LIFE EDUCATION 10,,,,,N,,,N,,,,,,,4
MCMPS11---,,,COMPOSITION 11,,,,,N,,,N,,,,,,,4
MEVSC11---,,,ENVIRONMENTAL SCIENCE 11,,,,,N,,,N,,,,,,,4
MFOM-11---,,,FOUNDATIONS OF MATHEMATICS 11,,,,,N,,,N,,,,,,,4
MINST12---,,,CONTEMPORARY INDIGENOUS STUDIES 12,,,,,N,,,N,,,,,,,4
MTXT-11---,,,TEXTILES 11,,,,,N,,,N,,,,,,,4
MVAPH11---,,,PHOTOGRAPHY 11,,,,,N,,,N,,,,,,,4
MVAST11---,,,ART STUDIO 11,,,,,N,,,Y,,,,,,,4
YPA--1CX--,,,YOGA FOR MINDFULNESS 11,,,,,N,,,Y,,,,,,,4
YPSYC1AX--,,,PSYCHOLOGY 11,,,,,N,,,N,,,,,,,4
ID,1396,Grade,10,,,,,,,,,,,,,,,
Course,,,,Description,,,Recommended,,,Alternate,,,,Alternate Courses,,,,Credit
MAC--11---,,,ACCOUNTING 11,,,,,N,,,Y,,,,,,,4
MCH--11---,,,CHEMISTRY 11,,,,,N,,,N,,,,,,,4
MCLE-10---,,,CAREER LIFE EDUCATION 10,,,,,N,,,N,,,,,,,4
MCMPS11---,,,COMPOSITION 11,,,,,N,,,N,,,,,,,4
MENR-11---,,,ENGINEERING 11,,,,,N,,,Y,,,,,,,4
MFOM-11---,,,FOUNDATIONS OF MATHEMATICS 11,,,,,N,,,N,,,,,,,4
MFR--11---,,,FRENCH 11,,,,,N,,,N,,,,,,,4
MTAUT11---,,,AUTOMOTIVE TECHNOLOGY 11,,,,,N,,,N,,,,,,,4
MWH--12---,,,20th CENTURY WORLD HISTORY 12,,,,,N,,,N,,,,,,,4
YLAW-2CX--,,,CRIMINOLOGY 12,,,,,N,,,N,,,,,,,4
ID,1397,Grade,10,,,,,,,,,,,,,,,
Course,,,,Description,,,Recommended,,,Alternate,,,,Alternate Courses,,,,Credit
MCH--11---,,,CHEMISTRY 11,,,,,N,,,Y,,,,,,,4
MCMPS11---,,,COMPOSITION 11,,,,,N,,,N,,,,,,,4
MDCF-11---,,,DANCE FOUNDATIONS 11,,,,,N,,,Y,,,,,,,4
MLFSC11---,,,LIFE SCIENCES 11,,,,,N,,,N,,,,,,,4
MPREC11---,,,PRE-CALCULUS 11,,,,,N,,,N,,,,,,,4
YPSYC1AX--,,,PSYCHOLOGY 11,,,,,N,,,N,,,,,,,4
ID,1398,Grade,10,,,,,,,,,,,,,,,
Course,,,,Description,,,Recommended,,,Alternate,,,,Alternate Courses,,,,Credit
MACLV11---,,,ACTIVE LIVING 11,,,,,N,,,N,,,,,,,4
MCMPR11AI-,,,COMPUTER PROGRAMMING 11 AI and Games,,,,,N,,,Y,,,,,,,4
MCMPS11---,,,COMPOSITION 11,,,,,N,,,N,,,,,,,4
MEVSC11---,,,ENVIRONMENTAL SCIENCE 11,,,,,N,,,N,,,,,,,4
MFOM-11---,,,FOUNDATIONS OF MATHEMATICS 11,,,,,N,,,Y,,,,,,,4
MFOOD11---,,,FOOD STUDIES 11,,,,,N,,,N,,,,,,,4
MMEDD11---,,,MEDIA DESIGN 11,,,,,N,,,Y,,,,,,,4
MSP--11---,,,SPANISH 11,,,,,N,,,N,,,,,,,4
MTPOW10---,,,ADST ?  POWER TECHNOLOGY 10,,,,,N,,,N,,,,,,,4
MTROB11---,,,ROBOTICS 11,,,,,N,,,Y,,,,,,,4
MTROB11---,,,ROBOTICS 11,,,,,N,,,Y,,,,,,,4
MWPM-11---,,,WORKPLACE MATHEMATICS 11,,,,,N,,,N,,,,,,,4
YPA--1CX--,,,YOGA FOR MINDFULNESS 11,,,,,N,,,N,,,,,,,4
ID,1399,Grade,10,,,,,,,,,,,,,,,
Course,,,,Description,,,Recommended,,,Alternate,,,,Alternate Courses,,,,Credit
MCH--11---,,,CHEMISTRY 11,,,,,N,,,N,,,,,,,4
MCMPS11---,,,COMPOSITION 11,,,,,N,,,N,,,,,,,4
MEC--12---,,,ECONOMICS 12,,,,,N,,,Y,,,,,,,4
MEVSC11---,,,ENVIRONMENTAL SCIENCE 11,,,,,N,,,N,,,,,,,4
MODED11---,,,OUTDOOR EDUCATION 11,,,,,N,,,N,,,,,,,4
MPGEO12---,,,PHYSICAL GEOGRAPHY 12,,,,,N,,,N,,,,,,,4
MPH--11---,,,PHYSICS 11,,,,,N,,,N,,,,,,,4
MPREC11---,,,PRE-CALCULUS 11,,,,,N,,,N,,,,,,,4
YLAW-2CX--,,,CRIMINOLOGY 12,,,,,N,,,Y,,,,,,,4
YPSYC1AX--,,,PSYCHOLOGY 11,,,,,N,,,N,,,,,,,4
ID,1400,Grade,10,,,,,,,,,,,,,,,
Course,,,,Description,,,Recommended,,,Alternate,,,,Alternate Courses,,,,Credit
MACLV11FB-,,,ACTIVE LIVING 11 Football,,,,,N,,,N,,,,,,,4
MCMPS11---,,,COMPOSITION 11,,,,,N,,,N,,,,,,,4
MENR-11---,,,ENGINEERING 11,,,,,N,,,N,,,,,,,4
MEPSS11---,,,EXPLORATIONS IN SOCIAL STUDIES 11,,,,,N,,,N,,,,,,,4
MMAP-11---,,,MARKETING AND PROMOTION 11,,,,,N,,,N,,,,,,,4
MPGEO12---,,,PHYSICAL GEOGRAPHY 12,,,,,N,,,N,,,,,,,4
MPREC11---,,,PRE-CALCULUS 11,,,,,N,,,N,,,,,,,4
YHRA-1AX--,,,CROSS TRAINING 11,,,,,N,,,N,,,,,,,4
ID,1401,Grade,10,,,,,,,,,,,,,,,
Course,,,,Description,,,Recommended,,,Alternate,,,,Alternate Courses,,,,Credit
MAC--11---,,,ACCOUNTING 11,,,,,N,,,N,,,,,,,4
MCLE-10--L,,,CAREER LIFE EDUCATION 10 Linear,,,,,N,,,N,,,,,,,4
MCMPS11---,,,COMPOSITION 11,,,,,N,,,N,,,,,,,4
MIMCB11--L,,,INSTRUMENTAL MUSIC 11: CONCERT BAND LINEAR,,,,,N,,,N,,,,,,,4
MINST12---,,,CONTEMPORARY INDIGENOUS STUDIES 12,,,,,N,,,N,,,,,,,4
MLFSC11---,,,LIFE SCIENCES 11,,,,,N,,,N,,,,,,,4
MLST-12---,,,LAW STUDIES 12,,,,,N,,,N,,,,,,,4
MPREC11---,,,PRE-CALCULUS 11,,,,,N,,,N,,,,,,,4
MTAUT11---,,,AUTOMOTIVE TECHNOLOGY 11,,,,,N,,,Y,,,,,,,4
MVAST11---,,,ART STUDIO 11,,,,,N,,,Y,,,,,,,4
YCPA-1AX-L,,,COMMUNITY LEADERSHIP 11 Linear,,,,,N,,,N,,,,,,,4
ID,1402,Grade,10,,,,,,,,,,,,,,,
Course,,,,Description,,,Recommended,,,Alternate,,,,Alternate Courses,,,,Credit
MCMPS11---,,,COMPOSITION 11,,,,,N,,,N,,,,,,,4
MFOOD11---,,,FOOD STUDIES 11,,,,,N,,,N,,,,,,,4
MPREC11---,,,PRE-CALCULUS 11,,,,,N,,,N,,,,,,,4
MSP--11---,,,SPANISH 11,,,,,N,,,N,,,,,,,4
YLAW-2CX--,,,CRIMINOLOGY 12,,,,,N,,,Y,,,,,,,4
ID,1403,Grade,10,,,,,,,,,,,,,,,
Course,,,,Description,,,Recommended,,,Alternate,,,,Alternate Courses,,,,Credit
MACLV11---,,,ACTIVE LIVING 11,,,,,N,,,N,,,,,,,4
MCLE-10---,,,CAREER LIFE EDUCATION 10,,,,,N,,,N,,,,,,,4
MENFP12--Y,,,ENGLISH FIRST PEOPLES 12 Year,,,,,N,,,N,,,,,,,4
MEPSS11---,,,EXPLORATIONS IN SOCIAL STUDIES 11,,,,,N,,,Y,,,,,,,4
MEVSC11---,,,ENVIRONMENTAL SCIENCE 11,,,,,N,,,N,,,,,,,4
MMEDD11---,,,MEDIA DESIGN 11,,,,,N,,,N,,,,,,,4
MSC--10---,,,SCIENCE 10,,,,,N,,,N,,,,,,,4
MSPLG11---,,,SPOKEN LANGUAGE 11,,,,,N,,,N,,,,,,,4
MWPM-11---,,,WORKPLACE MATHEMATICS 11,,,,,N,,,N,,,,,,,4
ID,1404,Grade,10,,,,,,,,,,,,,,,
Course,,,,Description,,,Recommended,,,Alternate,,,,Alternate Courses,,,,Credit
MACLV11FB-,,,ACTIVE LIVING 11 Football,,,,,N,,,N,,,,,,,4
MCMPS11---,,,COMPOSITION 11,,,,,N,,,N,,,,,,,4
MEVSC11---,,,ENVIRONMENTAL SCIENCE 11,,,,,N,,,N,,,,,,,4
MFOOD11---,,,FOOD STUDIES 11,,,,,N,,,N,,,,,,,4
MLST-12---,,,LAW STUDIES 12,,,,,N,,,N,,,,,,,4
MVAPH11---,,,PHOTOGRAPHY 11,,,,,N,,,N,,,,,,,4
MWPM-11---,,,WORKPLACE MATHEMATICS 11,,,,,N,,,N,,,,,,,4
YHRA-1AX--,,,CROSS TRAINING 11,,,,,N,,,N,,,,,,,4
YLAW-2CX--,,,CRIMINOLOGY 12,,,,,N,,,Y,,,,,,,4
ID,1405,Grade,10,,,,,,,,,,,,,,,
Course,,,,Description,,,Recommended,,,Alternate,,,,Alternate Courses,,,,Credit
MCMPS11---,,,COMPOSITION 11,,,,,N,,,N,,,,,,,4
MEPSS11---,,,EXPLORATIONS IN SOCIAL STUDIES 11,,,,,N,,,N,,,,,,,4
MFOM-11---,,,FOUNDATIONS OF MATHEMATICS 11,,,,,N,,,N,,,,,,,4
MLFSC11---,,,LIFE SCIENCES 11,,,,,N,,,N,,,,,,,4
ID,1406,Grade,10,,,,,,,,,,,,,,,
Course,,,,Description,,,Recommended,,,Alternate,,,,Alternate Courses,,,,Credit
MACC-12---,,,ACCOUNTING 12,,,,,N,,,N,,,,,,,4
MCH--11---,,,CHEMISTRY 11,,,,,N,,,N,,,,,,,4
MCMPS11---,,,COMPOSITION 11,,,,,N,,,N,,,,,,,4
MDNC-11--L,,,DANCE 11: CHOREOGRAPHY Linear,,,,,N,,,N,,,,,,,4
MDNCM11--L,,,DANCE COMPANY 11 Linear,,,,,N,,,N,,,,,,,4
MDNTP11---,,,DANCE TECHNIQUE AND PERFORMANCE 11,,,,,N,,,N,,,,,,,4
MFOOD11---,,,FOOD STUDIES 11,,,,,N,,,Y,,,,,,,4
MLST-12---,,,LAW STUDIES 12,,,,,N,,,Y,,,,,,,4
MPREC11---,,,PRE-CALCULUS 11,,,,,N,,,N,,,,,,,4
MSJ--12---,,,SOCIAL JUSTICE 12,,,,,N,,,N,,,,,,,4
YCPA-1AX-L,,,COMMUNITY LEADERSHIP 11 Linear,,,,,N,,,N,,,,,,,4
YPSYC1AX--,,,PSYCHOLOGY 11,,,,,N,,,N,,,,,,,4
ID,1407,Grade,10,,,,,,,,,,,,,,,
Course,,,,Description,,,Recommended,,,Alternate,,,,Alternate Courses,,,,Credit
MCH--11---,,,CHEMISTRY 11,,,,,N,,,N,,,,,,,4
MCLE-10--L,,,CAREER LIFE EDUCATION 10 Linear,,,,,N,,,N,,,,,,,4
MIMCB11--L,,,INSTRUMENTAL MUSIC 11: CONCERT BAND LINEAR,,,,,N,,,N,,,,,,,4
MIMJB11--L,,,INSTRUMENTAL MUSIC 11: JAZZ BAND LINEAR,,,,,N,,,N,,,,,,,4
MINST12C--,,,CONTEMPORARY INDIGENOUS STUDIES 12 CHALLENGE,,,,,N,,,N,,,,,,,4
MLTST11C--,,,LITERARY STUDIES 11 Challenge,,,,,N,,,N,,,,,,,4
MMACS12---,,,COMPUTER SCIENCE 12,,,,,N,,,N,,,,,,,4
MPH--11---,,,PHYSICS 11,,,,,N,,,N,,,,,,,4
MPREC11---,,,PRE-CALCULUS 11,,,,,N,,,N,,,,,,,4
MTDRF11---,,,DRAFTING 11,,,,,N,,,Y,,,,,,,4
YCPA-1AX-L,,,COMMUNITY LEADERSHIP 11 Linear,,,,,N,,,N,,,,,,,4
YPSYC1AX--,,,PSYCHOLOGY 11,,,,,N,,,Y,,,,,,,4
ID,1408,Grade,10,,,,,,,,,,,,,,,
Course,,,,Description,,,Recommended,,,Alternate,,,,Alternate Courses,,,,Credit
MATPH12---,,,ANATOMY AND PHYSIOLOGY 12,,,,,N,,,N,,,,,,,4
MCH--11---,,,CHEMISTRY 11,,,,,N,,,N,,,,,,,4
MCLE-10---,,,CAREER LIFE EDUCATION 10,,,,,N,,,N,,,,,,,4
MGRPR11--L,,,GRAPHIC PRODUCTION 11 LINEAR,,,,,N,,,N,,,,,,,4
MINST12C--,,,CONTEMPORARY INDIGENOUS STUDIES 12 CHALLENGE,,,,,N,,,N,,,,,,,4
MLST-12---,,,LAW STUDIES 12,,,,,N,,,Y,,,,,,,4
MLTST11C--,,,LITERARY STUDIES 11 Challenge,,,,,N,,,N,,,,,,,4
MMUOR11S-L,,,INSTRUMENTAL MUSIC: ORCHESTRA 11 Strings Linear,,,,,N,,,N,,,,,,,4
MPH--11---,,,PHYSICS 11,,,,,N,,,N,,,,,,,4
MPREC11---,,,PRE-CALCULUS 11,,,,,N,,,N,,,,,,,4
YCPA-1AX-L,,,COMMUNITY LEADERSHIP 11 Linear,,,,,N,,,N,,,,,,,4
YLAW-2CX--,,,CRIMINOLOGY 12,,,,,N,,,N,,,,,,,4
ID,1409,Grade,10,,,,,,,,,,,,,,,
Course,,,,Description,,,Recommended,,,Alternate,,,,Alternate Courses,,,,Credit
ACSC-2A---,,,AP COMPUTER SCIENCE A 12,,,,,N,,,N,,,,,,,4
MCH--11---,,,CHEMISTRY 11,,,,,N,,,N,,,,,,,4
MCLE-10---,,,CAREER LIFE EDUCATION 10,,,,,N,,,N,,,,,,,4
MFR--11---,,,FRENCH 11,,,,,N,,,N,,,,,,,4
MINST12C--,,,CONTEMPORARY INDIGENOUS STUDIES 12 CHALLENGE,,,,,N,,,N,,,,,,,4
MLTST11C--,,,LITERARY STUDIES 11 Challenge,,,,,N,,,N,,,,,,,4
MPH--11---,,,PHYSICS 11,,,,,N,,,N,,,,,,,4
MPH--12---,,,PHYSICS 12,,,,,N,,,Y,,,,,,,4
MPREC11H--,,,PRE-CALCULUS 11 HONOURS,,,,,N,,,N,,,,,,,4
MTDRF11---,,,DRAFTING 11,,,,,N,,,Y,,,,,,,4
ID,1410,Grade,10,,,,,,,,,,,,,,,
Course,,,,Description,,,Recommended,,,Alternate,,,,Alternate Courses,,,,Credit
MCLE-10---,,,CAREER LIFE EDUCATION 10,,,,,N,,,N,,,,,,,4
MCMPS11---,,,COMPOSITION 11,,,,,N,,,N,,,,,,,4
MEPSS11---,,,EXPLORATIONS IN SOCIAL STUDIES 11,,,,,N,,,N,,,,,,,4
MMEDD11---,,,MEDIA DESIGN 11,,,,,N,,,N,,,,,,,4
MPH--11---,,,PHYSICS 11,,,,,N,,,N,,,,,,,4
MPREC11H--,,,PRE-CALCULUS 11 HONOURS,,,,,N,,,N,,,,,,,4
MTXT-11---,,,TEXTILES 11,,,,,N,,,N,,,,,,,4
MVAST11---,,,ART STUDIO 11,,,,,N,,,N,,,,,,,4
YLAW-2CX--,,,CRIMINOLOGY 12,,,,,N,,,Y,,,,,,,4
ID,1411,Grade,10,,,,,,,,,,,,,,,
Course,,,,Description,,,Recommended,,,Alternate,,,,Alternate Courses,,,,Credit
MCH--11---,,,CHEMISTRY 11,,,,,N,,,N,,,,,,,4
MCLE-10--L,,,CAREER LIFE EDUCATION 10 Linear,,,,,N,,,N,,,,,,,4
MCMPS11---,,,COMPOSITION 11,,,,,N,,,N,,,,,,,4
MENR-11---,,,ENGINEERING 11,,,,,N,,,Y,,,,,,,4
MEPSS11---,,,EXPLORATIONS IN SOCIAL STUDIES 11,,,,,N,,,N,,,,,,,4
MIMCB11--L,,,INSTRUMENTAL MUSIC 11: CONCERT BAND LINEAR,,,,,N,,,N,,,,,,,4
MPH--11---,,,PHYSICS 11,,,,,N,,,N,,,,,,,4
MPREC11H--,,,PRE-CALCULUS 11 HONOURS,,,,,N,,,N,,,,,,,4
MTDRF11---,,,DRAFTING 11,,,,,N,,,N,,,,,,,4
MWWK-11---,,,WOODWORK 11,,,,,N,,,Y,,,,,,,4
ID,1412,Grade,10,,,,,,,,,,,,,,,
Course,,,,Description,,,Recommended,,,Alternate,,,,Alternate Courses,,,,Credit
MCMPS11---,,,COMPOSITION 11,,,,,N,,,N,,,,,,,4
MFR--11---,,,FRENCH 11,,,,,N,,,N,,,,,,,4
MLFSC11---,,,LIFE SCIENCES 11,,,,,N,,,N,,,,,,,4
MSP--11---,,,SPANISH 11,,,,,N,,,Y,,,,,,,4
YPSYC1AX--,,,PSYCHOLOGY 11,,,,,N,,,N,,,,,,,4
ID,1413,Grade,10,,,,,,,,,,,,,,,
Course,,,,Description,,,Recommended,,,Alternate,,,,Alternate Courses,,,,Credit
MCMPS10---,,,COMPOSITION 10,,,,,N,,,N,,,,,,,2
MDCF-11---,,,DANCE FOUNDATIONS 11,,,,,N,,,Y,,,,,,,4
MFOM-11---,,,FOUNDATIONS OF MATHEMATICS 11,,,,,N,,,N,,,,,,,4
MLFSC11---,,,LIFE SCIENCES 11,,,,,N,,,N,,,,,,,4
MMAP-11---,,,MARKETING AND PROMOTION 11,,,,,N,,,Y,,,,,,,4
MTXT-11---,,,TEXTILES 11,,,,,N,,,N,,,,,,,4
ID,1414,Grade,10,,,,,,,,,,,,,,,
Course,,,,Description,,,Recommended,,,Alternate,,,,Alternate Courses,,,,Credit
MCH--11---,,,CHEMISTRY 11,,,,,N,,,N,,,,,,,4
MCMPS11---,,,COMPOSITION 11,,,,,N,,,N,,,,,,,4
MENR-11---,,,ENGINEERING 11,,,,,N,,,N,,,,,,,4
MINST12---,,,CONTEMPORARY INDIGENOUS STUDIES 12,,,,,N,,,N,,,,,,,4
MODED11---,,,OUTDOOR EDUCATION 11,,,,,N,,,N,,,,,,,4
MPH--11---,,,PHYSICS 11,,,,,N,,,Y,,,,,,,4
MPREC11---,,,PRE-CALCULUS 11,,,,,N,,,N,,,,,,,4
MTROB11---,,,ROBOTICS 11,,,,,N,,,N,,,,,,,4
ID,1415,Grade,10,,,,,,,,,,,,,,,
Course,,,,Description,,,Recommended,,,Alternate,,,,Alternate Courses,,,,Credit
MAC--11---,,,ACCOUNTING 11,,,,,N,,,Y,,,,,,,4
MACLV11---,,,ACTIVE LIVING 11,,,,,N,,,N,,,,,,,4
MCLE-10---,,,CAREER LIFE EDUCATION 10,,,,,N,,,N,,,,,,,4
MCMPS10---,,,COMPOSITION 10,,,,,N,,,N,,,,,,,2
MMAP-11---,,,MARKETING AND PROMOTION 11,,,,,N,,,Y,,,,,,,4
MPH--11---,,,PHYSICS 11,,,,,N,,,N,,,,,,,4
MPREC11---,,,PRE-CALCULUS 11,,,,,N,,,N,,,,,,,4
MSS--10---,,,SOCIAL STUDIES 10,,,,,N,,,N,,,,,,,4
MVAST11---,,,ART STUDIO 11,,,,,N,,,N,,,,,,,4
YESFL0AX--,,,BEGINNERS ELL 10,,,,,N,,,N,,,,,,,4
ID,1416,Grade,10,,,,,,,,,,,,,,,
Course,,,,Description,,,Recommended,,,Alternate,,,,Alternate Courses,,,,Credit
MATPH12---,,,ANATOMY AND PHYSIOLOGY 12,,,,,N,,,N,,,,,,,4
MCLE-10---,,,CAREER LIFE EDUCATION 10,,,,,N,,,N,,,,,,,4
MCMPS11---,,,COMPOSITION 11,,,,,N,,,N,,,,,,,4
MEC--12---,,,ECONOMICS 12,,,,,N,,,N,,,,,,,4
MENR-11---,,,ENGINEERING 11,,,,,N,,,Y,,,,,,,4
MLST-12---,,,LAW STUDIES 12,,,,,N,,,N,,,,,,,4
MMACS12---,,,COMPUTER SCIENCE 12,,,,,N,,,N,,,,,,,4
MPREC11---,,,PRE-CALCULUS 11,,,,,N,,,N,,,,,,,4
MTAUT11---,,,AUTOMOTIVE TECHNOLOGY 11,,,,,N,,,N,,,,,,,4
MTROB11---,,,ROBOTICS 11,,,,,N,,,Y,,,,,,,4
ID,1417,Grade,10,,,,,,,,,,,,,,,
Course,,,,Description,,,Recommended,,,Alternate,,,,Alternate Courses,,,,Credit
MACLV11---,,,ACTIVE LIVING 11,,,,,N,,,N,,,,,,,4
MCH--11---,,,CHEMISTRY 11,,,,,N,,,N,,,,,,,4
MCLE-10---,,,CAREER LIFE EDUCATION 10,,,,,N,,,N,,,,,,,4
MCMPS11---,,,COMPOSITION 11,,,,,N,,,N,,,,,,,4
MFOOD11---,,,FOOD STUDIES 11,,,,,N,,,N,,,,,,,4
MINST12---,,,CONTEMPORARY INDIGENOUS STUDIES 12,,,,,N,,,N,,,,,,,4
MLFSC11---,,,LIFE SCIENCES 11,,,,,N,,,Y,,,,,,,4
MPREC11---,,,PRE-CALCULUS 11,,,,,N,,,N,,,,,,,4
MSP--11---,,,SPANISH 11,,,,,N,,,N,,,,,,,4
YPA--1CX--,,,YOGA FOR MINDFULNESS 11,,,,,N,,,N,,,,,,,4
ID,1418,Grade,10,,,,,,,,,,,,,,,
Course,,,,Description,,,Recommended,,,Alternate,,,,Alternate Courses,,,,Credit
MCMPS11---,,,COMPOSITION 11,,,,,N,,,N,,,,,,,4
MEPSS11---,,,EXPLORATIONS IN SOCIAL STUDIES 11,,,,,N,,,N,,,,,,,4
MLFSC11---,,,LIFE SCIENCES 11,,,,,N,,,N,,,,,,,4
MPREC11---,,,PRE-CALCULUS 11,,,,,N,,,N,,,,,,,4
ID,1419,Grade,10,,,,,,,,,,,,,,,
Course,,,,Description,,,Recommended,,,Alternate,,,,Alternate Courses,,,,Credit
MCMPS11---,,,COMPOSITION 11,,,,,N,,,N,,,,,,,4
MFOM-11---,,,FOUNDATIONS OF MATHEMATICS 11,,,,,N,,,N,,,,,,,4
MINST12---,,,CONTEMPORARY INDIGENOUS STUDIES 12,,,,,N,,,N,,,,,,,4
MLFSC11---,,,LIFE SCIENCES 11,,,,,N,,,N,,,,,,,4
MMEDD11---,,,MEDIA DESIGN 11,,,,,N,,,N,,,,,,,4
MVAPH11---,,,PHOTOGRAPHY 11,,,,,N,,,Y,,,,,,,4
MVAST11---,,,ART STUDIO 11,,,,,N,,,Y,,,,,,,4
YED--1DX--,,,LEARNING STRATEGIES 11,,,,,N,,,N,,,,,,,4
YLAW-2CX--,,,CRIMINOLOGY 12,,,,,N,,,N,,,,,,,4
YPSYC1AX--,,,PSYCHOLOGY 11,,,,,N,,,N,,,,,,,4
ID,1420,Grade,10,,,,,,,,,,,,,,,
Course,,,,Description,,,Recommended,,,Alternate,,,,Alternate Courses,,,,Credit
MCH--11---,,,CHEMISTRY 11,,,,,N,,,N,,,,,,,4
MCLE-10--L,,,CAREER LIFE EDUCATION 10 Linear,,,,,N,,,N,,,,,,,4
MIMCB11--L,,,INSTRUMENTAL MUSIC 11: CONCERT BAND LINEAR,,,,,N,,,N,,,,,,,4
MINST12C--,,,CONTEMPORARY INDIGENOUS STUDIES 12 CHALLENGE,,,,,N,,,N,,,,,,,4
MLST-12---,,,LAW STUDIES 12,,,,,N,,,N,,,,,,,4
MLTST11C--,,,LITERARY STUDIES 11 Challenge,,,,,N,,,N,,,,,,,4
MMUOR11S-L,,,INSTRUMENTAL MUSIC: ORCHESTRA 11 Strings Linear,,,,,N,,,N,,,,,,,4
MPH--11---,,,PHYSICS 11,,,,,N,,,N,,,,,,,4
MPREC11H--,,,PRE-CALCULUS 11 HONOURS,,,,,N,,,N,,,,,,,4
YLAW-2CX--,,,CRIMINOLOGY 12,,,,,N,,,Y,,,,,,,4
ID,1421,Grade,10,,,,,,,,,,,,,,,
Course,,,,Description,,,Recommended,,,Alternate,,,,Alternate Courses,,,,Credit
MACLV11G--,,,ACTIVE LIVING 11 Girls,,,,,N,,,Y,,,,,,,4
MCLE-10--L,,,CAREER LIFE EDUCATION 10 Linear,,,,,N,,,N,,,,,,,4
MCMPS11---,,,COMPOSITION 11,,,,,N,,,N,,,,,,,4
MEVSC11---,,,ENVIRONMENTAL SCIENCE 11,,,,,N,,,N,,,,,,,4
MFOOD11---,,,FOOD STUDIES 11,,,,,N,,,N,,,,,,,4
MINST12---,,,CONTEMPORARY INDIGENOUS STUDIES 12,,,,,N,,,N,,,,,,,4
MTXT-11---,,,TEXTILES 11,,,,,N,,,Y,,,,,,,4
MWPM-11---,,,WORKPLACE MATHEMATICS 11,,,,,N,,,N,,,,,,,4
YED--1DX-L,,,LEARNING STRATEGIES 11 LINEAR,,,,,N,,,N,,,,,,,4
YPA--1CX--,,,YOGA FOR MINDFULNESS 11,,,,,N,,,N,,,,,,,4
ID,1422,Grade,10,,,,,,,,,,,,,,,
Course,,,,Description,,,Recommended,,,Alternate,,,,Alternate Courses,,,,Credit
MCH--11---,,,CHEMISTRY 11,,,,,N,,,N,,,,,,,4
MCLE-10---,,,CAREER LIFE EDUCATION 10,,,,,N,,,N,,,,,,,4
MCMPS11---,,,COMPOSITION 11,,,,,N,,,N,,,,,,,4
MDNC-11--L,,,DANCE 11: CHOREOGRAPHY Linear,,,,,N,,,N,,,,,,,4
MDNCM11--L,,,DANCE COMPANY 11 Linear,,,,,N,,,N,,,,,,,4
MDNCN11---,,,DANCE CONDITIONING 11,,,,,N,,,Y,,,,,,,4
MDNTP11---,,,DANCE TECHNIQUE AND PERFORMANCE 11,,,,,N,,,N,,,,,,,4
MFOM-11---,,,FOUNDATIONS OF MATHEMATICS 11,,,,,N,,,N,,,,,,,4
MLFSC11---,,,LIFE SCIENCES 11,,,,,N,,,N,,,,,,,4
MSJ--12---,,,SOCIAL JUSTICE 12,,,,,N,,,N,,,,,,,4
MSP--12---,,,SPANISH 12,,,,,N,,,N,,,,,,,4
YCPA-1AX-L,,,COMMUNITY LEADERSHIP 11 Linear,,,,,N,,,N,,,,,,,4
YLAW-2CX--,,,CRIMINOLOGY 12,,,,,N,,,Y,,,,,,,4
ID,1423,Grade,10,,,,,,,,,,,,,,,
Course,,,,Description,,,Recommended,,,Alternate,,,,Alternate Courses,,,,Credit
MAC--11---,,,ACCOUNTING 11,,,,,N,,,Y,,,,,,,4
MACLV11G--,,,ACTIVE LIVING 11 Girls,,,,,N,,,N,,,,,,,4
MCMPS11---,,,COMPOSITION 11,,,,,N,,,N,,,,,,,4
MDRM-11---,,,DRAMA 11,,,,,N,,,N,,,,,,,4
MEPSS11---,,,EXPLORATIONS IN SOCIAL STUDIES 11,,,,,N,,,N,,,,,,,4
MFOM-11---,,,FOUNDATIONS OF MATHEMATICS 11,,,,,N,,,N,,,,,,,4
MLFSC11---,,,LIFE SCIENCES 11,,,,,N,,,N,,,,,,,4
MMAP-11---,,,MARKETING AND PROMOTION 11,,,,,N,,,N,,,,,,,4
YPSYC1AX--,,,PSYCHOLOGY 11,,,,,N,,,N,,,,,,,4
ID,1424,Grade,10,,,,,,,,,,,,,,,
Course,,,,Description,,,Recommended,,,Alternate,,,,Alternate Courses,,,,Credit
MAC--11---,,,ACCOUNTING 11,,,,,N,,,N,,,,,,,4
MACLV11---,,,ACTIVE LIVING 11,,,,,N,,,N,,,,,,,4
MCMPS11---,,,COMPOSITION 11,,,,,N,,,N,,,,,,,4
MEPSS11---,,,EXPLORATIONS IN SOCIAL STUDIES 11,,,,,N,,,N,,,,,,,4
MFOM-11---,,,FOUNDATIONS OF MATHEMATICS 11,,,,,N,,,N,,,,,,,4
MIMG-11---,,,INSTRUMENTAL MUSIC 11: GUITAR,,,,,N,,,N,,,,,,,4
MLFSC11---,,,LIFE SCIENCES 11,,,,,N,,,Y,,,,,,,4
MMAP-11---,,,MARKETING AND PROMOTION 11,,,,,N,,,N,,,,,,,4
MMEDD11---,,,MEDIA DESIGN 11,,,,,N,,,N,,,,,,,4
MTAUT11---,,,AUTOMOTIVE TECHNOLOGY 11,,,,,N,,,Y,,,,,,,4
ID,1425,Grade,10,,,,,,,,,,,,,,,
Course,,,,Description,,,Recommended,,,Alternate,,,,Alternate Courses,,,,Credit
MCMPS11---,,,COMPOSITION 11,,,,,N,,,N,,,,,,,4
MDNTP11---,,,DANCE TECHNIQUE AND PERFORMANCE 11,,,,,N,,,Y,,,,,,,4
MFR--11---,,,FRENCH 11,,,,,N,,,N,,,,,,,4
MTXT-11---,,,TEXTILES 11,,,,,N,,,N,,,,,,,4
YLAW-2CX--,,,CRIMINOLOGY 12,,,,,N,,,N,,,,,,,4
YPSYC1AX--,,,PSYCHOLOGY 11,,,,,N,,,Y,,,,,,,4
ID,1426,Grade,10,,,,,,,,,,,,,,,
Course,,,,Description,,,Recommended,,,Alternate,,,,Alternate Courses,,,,Credit
MCLE-10--L,,,CAREER LIFE EDUCATION 10 Linear,,,,,N,,,N,,,,,,,4
MCMPS11---,,,COMPOSITION 11,,,,,N,,,N,,,,,,,4
MDCF-11---,,,DANCE FOUNDATIONS 11,,,,,N,,,N,,,,,,,4
MDRM-11---,,,DRAMA 11,,,,,N,,,Y,,,,,,,4
MFOOD11---,,,FOOD STUDIES 11,,,,,N,,,N,,,,,,,4
MIMCB11--L,,,INSTRUMENTAL MUSIC 11: CONCERT BAND LINEAR,,,,,N,,,N,,,,,,,4
MMEDD11---,,,MEDIA DESIGN 11,,,,,N,,,N,,,,,,,4
MPREC11---,,,PRE-CALCULUS 11,,,,,N,,,N,,,,,,,4
MTXT-11---,,,TEXTILES 11,,,,,N,,,N,,,,,,,4
ID,1427,Grade,10,,,,,,,,,,,,,,,
Course,,,,Description,,,Recommended,,,Alternate,,,,Alternate Courses,,,,Credit
MACLV11G--,,,ACTIVE LIVING 11 Girls,,,,,N,,,N,,,,,,,4
MCMPS11---,,,COMPOSITION 11,,,,,N,,,N,,,,,,,4
MDMD-12D--,,,3D ANIMATION 12,,,,,N,,,Y,,,,,,,4
MDRM-11---,,,DRAMA 11,,,,,N,,,N,,,,,,,4
MLFSC11---,,,LIFE SCIENCES 11,,,,,N,,,N,,,,,,,4
MMAP-11---,,,MARKETING AND PROMOTION 11,,,,,N,,,Y,,,,,,,4
ID,1428,Grade,10,,,,,,,,,,,,,,,
Course,,,,Description,,,Recommended,,,Alternate,,,,Alternate Courses,,,,Credit
MCMPS11---,,,COMPOSITION 11,,,,,N,,,N,,,,,,,4
MEPSS11---,,,EXPLORATIONS IN SOCIAL STUDIES 11,,,,,N,,,N,,,,,,,4
MFOM-11---,,,FOUNDATIONS OF MATHEMATICS 11,,,,,N,,,N,,,,,,,4
MLFSC11---,,,LIFE SCIENCES 11,,,,,N,,,N,,,,,,,4
ID,1429,Grade,10,,,,,,,,,,,,,,,
Course,,,,Description,,,Recommended,,,Alternate,,,,Alternate Courses,,,,Credit
MACLV11---,,,ACTIVE LIVING 11,,,,,N,,,N,,,,,,,4
MCMPS11---,,,COMPOSITION 11,,,,,N,,,N,,,,,,,4
MDRM-11---,,,DRAMA 11,,,,,N,,,N,,,,,,,4
MEPSS11---,,,EXPLORATIONS IN SOCIAL STUDIES 11,,,,,N,,,N,,,,,,,4
MMAP-11---,,,MARKETING AND PROMOTION 11,,,,,N,,,Y,,,,,,,4
MMEDD11---,,,MEDIA DESIGN 11,,,,,N,,,N,,,,,,,4
MPH--11---,,,PHYSICS 11,,,,,N,,,N,,,,,,,4
MPREC11---,,,PRE-CALCULUS 11,,,,,N,,,N,,,,,,,4
MTROB11---,,,ROBOTICS 11,,,,,N,,,N,,,,,,,4
MWH--12---,,,20th CENTURY WORLD HISTORY 12,,,,,N,,,Y,,,,,,,4
ID,1430,Grade,10,,,,,,,,,,,,,,,
Course,,,,Description,,,Recommended,,,Alternate,,,,Alternate Courses,,,,Credit
MCH--11---,,,CHEMISTRY 11,,,,,N,,,N,,,,,,,4
MCMPS11---,,,COMPOSITION 11,,,,,N,,,N,,,,,,,4
MFR--11---,,,FRENCH 11,,,,,N,,,N,,,,,,,4
MLST-12---,,,LAW STUDIES 12,,,,,N,,,N,,,,,,,4
MPREC11---,,,PRE-CALCULUS 11,,,,,N,,,N,,,,,,,4
MTAUT11---,,,AUTOMOTIVE TECHNOLOGY 11,,,,,N,,,N,,,,,,,4
MWEX-2A--L,,,WORK EXPERIENCE 12A LINEAR,,,,,N,,,N,,,,,,,4
MWH--12---,,,20th CENTURY WORLD HISTORY 12,,,,,N,,,Y,,,,,,,4
YCPA-1AX-L,,,COMMUNITY LEADERSHIP 11 Linear,,,,,N,,,N,,,,,,,4
YLAW-2CX--,,,CRIMINOLOGY 12,,,,,N,,,N,,,,,,,4
YPSYC1AX--,,,PSYCHOLOGY 11,,,,,N,,,Y,,,,,,,4
ID,1431,Grade,10,,,,,,,,,,,,,,,
Course,,,,Description,,,Recommended,,,Alternate,,,,Alternate Courses,,,,Credit
MACLV11G--,,,ACTIVE LIVING 11 Girls,,,,,N,,,N,,,,,,,4
MDCF-11---,,,DANCE FOUNDATIONS 11,,,,,N,,,Y,,,,,,,4
MFOOD11---,,,FOOD STUDIES 11,,,,,N,,,N,,,,,,,4
MTXT-11---,,,TEXTILES 11,,,,,N,,,Y,,,,,,,4
MVAPH11---,,,PHOTOGRAPHY 11,,,,,N,,,N,,,,,,,4
YLAW-2CX--,,,CRIMINOLOGY 12,,,,,N,,,N,,,,,,,4
ID,1432,Grade,10,,,,,,,,,,,,,,,
Course,,,,Description,,,Recommended,,,Alternate,,,,Alternate Courses,,,,Credit
MCMPS11---,,,COMPOSITION 11,,,,,N,,,N,,,,,,,4
MEVSC11---,,,ENVIRONMENTAL SCIENCE 11,,,,,N,,,N,,,,,,,4
MFMP-10---,,,FOUNDATIONS OF MATH AND PRE-CALCULUS 10,,,,,N,,,N,,,,,,,4
MIMG-11---,,,INSTRUMENTAL MUSIC 11: GUITAR,,,,,N,,,Y,,,,,,,4
MPREC11---,,,PRE-CALCULUS 11,,,,,N,,,N,,,,,,,4
MSJ--12---,,,SOCIAL JUSTICE 12,,,,,N,,,N,,,,,,,4
MTXT-11---,,,TEXTILES 11,,,,,N,,,Y,,,,,,,4
YED--1DX--,,,LEARNING STRATEGIES 11,,,,,N,,,N,,,,,,,4
YLAW-2CX--,,,CRIMINOLOGY 12,,,,,N,,,N,,,,,,,4
YPSYC1AX--,,,PSYCHOLOGY 11,,,,,N,,,N,,,,,,,4
ID,1433,Grade,10,,,,,,,,,,,,,,,
Course,,,,Description,,,Recommended,,,Alternate,,,,Alternate Courses,,,,Credit
MCH--11---,,,CHEMISTRY 11,,,,,N,,,N,,,,,,,4
MDRM-11---,,,DRAMA 11,,,,,N,,,N,,,,,,,4
MEVSC11---,,,ENVIRONMENTAL SCIENCE 11,,,,,N,,,N,,,,,,,4
MEVSC12C--,,,ENVIRONMENTAL SCIENCE 12 - CLIMATE CHANGE,,,,,N,,,Y,,,,,,,4
MFOOD11---,,,FOOD STUDIES 11,,,,,N,,,Y,,,,,,,4
MINST12C--,,,CONTEMPORARY INDIGENOUS STUDIES 12 CHALLENGE,,,,,N,,,N,,,,,,,4
MLTST11C--,,,LITERARY STUDIES 11 Challenge,,,,,N,,,N,,,,,,,4
MODED11---,,,OUTDOOR EDUCATION 11,,,,,N,,,N,,,,,,,4
MPH--11---,,,PHYSICS 11,,,,,N,,,N,,,,,,,4
MPREC11H--,,,PRE-CALCULUS 11 HONOURS,,,,,N,,,N,,,,,,,4
YCPA-1AXE-,,,COMMUNITY LEADERSHIP 11,,,,,N,,,N,,,,,,,4
ID,1434,Grade,10,,,,,,,,,,,,,,,
Course,,,,Description,,,Recommended,,,Alternate,,,,Alternate Courses,,,,Credit
ASTA-12---,,,AP STATISTICS 12,,,,,N,,,N,,,,,,,4
MATPH12---,,,ANATOMY AND PHYSIOLOGY 12,,,,,N,,,Y,,,,,,,4
MCH--11---,,,CHEMISTRY 11,,,,,N,,,N,,,,,,,4
MCLE-10---,,,CAREER LIFE EDUCATION 10,,,,,N,,,N,,,,,,,4
MINST12C--,,,CONTEMPORARY INDIGENOUS STUDIES 12 CHALLENGE,,,,,N,,,N,,,,,,,4
MLTST11C--,,,LITERARY STUDIES 11 Challenge,,,,,N,,,N,,,,,,,4
MMACS12---,,,COMPUTER SCIENCE 12,,,,,N,,,N,,,,,,,4
MPGEO12---,,,PHYSICAL GEOGRAPHY 12,,,,,N,,,Y,,,,,,,4
MPH--11---,,,PHYSICS 11,,,,,N,,,N,,,,,,,4
MPREC11H--,,,PRE-CALCULUS 11 HONOURS,,,,,N,,,N,,,,,,,4
YED--1EX-L,,,PEER TUTORING 11 LINEAR,,,,,N,,,N,,,,,,,4
YLRA-1AX-L,,,ATHLETIC LEADERSHIP 11 Linear,,,,,N,,,N,,,,,,,4
ID,1435,Grade,10,,,,,,,,,,,,,,,
Course,,,,Description,,,Recommended,,,Alternate,,,,Alternate Courses,,,,Credit
MAC--11---,,,ACCOUNTING 11,,,,,N,,,Y,,,,,,,4
MCMPS11---,,,COMPOSITION 11,,,,,N,,,N,,,,,,,4
MENR-11---,,,ENGINEERING 11,,,,,N,,,N,,,,,,,4
MFOOD11---,,,FOOD STUDIES 11,,,,,N,,,N,,,,,,,4
MMAP-11---,,,MARKETING AND PROMOTION 11,,,,,N,,,N,,,,,,,4
MMEDD11---,,,MEDIA DESIGN 11,,,,,N,,,N,,,,,,,4
MODED11---,,,OUTDOOR EDUCATION 11,,,,,N,,,N,,,,,,,4
MPREC11---,,,PRE-CALCULUS 11,,,,,N,,,N,,,,,,,4
YLAW-2CX--,,,CRIMINOLOGY 12,,,,,N,,,N,,,,,,,4
ID,1436,Grade,10,,,,,,,,,,,,,,,
Course,,,,Description,,,Recommended,,,Alternate,,,,Alternate Courses,,,,Credit
ASTA-12---,,,AP STATISTICS 12,,,,,N,,,N,,,,,,,4
MCH--11---,,,CHEMISTRY 11,,,,,N,,,N,,,,,,,4
MINST12C--,,,CONTEMPORARY INDIGENOUS STUDIES 12 CHALLENGE,,,,,N,,,N,,,,,,,4
MLTST11C--,,,LITERARY STUDIES 11 Challenge,,,,,N,,,N,,,,,,,4
MMACS12---,,,COMPUTER SCIENCE 12,,,,,N,,,N,,,,,,,4
MPH--11---,,,PHYSICS 11,,,,,N,,,N,,,,,,,4
MPREC11---,,,PRE-CALCULUS 11,,,,,N,,,N,,,,,,,4
MSP--12---,,,SPANISH 12,,,,,N,,,N,,,,,,,4
MTROB11--L,,,ROBOTICS 11 LINEAR,,,,,N,,,N,,,,,,,4
YCPA-1AX-L,,,COMMUNITY LEADERSHIP 11 Linear,,,,,N,,,N,,,,,,,4
YED--1EX-L,,,PEER TUTORING 11 LINEAR,,,,,N,,,N,,,,,,,4
ID,1437,Grade,10,,,,,,,,,,,,,,,
Course,,,,Description,,,Recommended,,,Alternate,,,,Alternate Courses,,,,Credit
MACLV11---,,,ACTIVE LIVING 11,,,,,N,,,N,,,,,,,4
MCLE-10---,,,CAREER LIFE EDUCATION 10,,,,,N,,,N,,,,,,,4
MCMPS11---,,,COMPOSITION 11,,,,,N,,,N,,,,,,,4
MEPSS11---,,,EXPLORATIONS IN SOCIAL STUDIES 11,,,,,N,,,N,,,,,,,4
MFOM-11---,,,FOUNDATIONS OF MATHEMATICS 11,,,,,N,,,N,,,,,,,4
MFOOD11---,,,FOOD STUDIES 11,,,,,N,,,N,,,,,,,4
MLFSC11---,,,LIFE SCIENCES 11,,,,,N,,,N,,,,,,,4
MVAST11---,,,ART STUDIO 11,,,,,N,,,Y,,,,,,,4
MWWK-11---,,,WOODWORK 11,,,,,N,,,N,,,,,,,4
ID,1438,Grade,10,,,,,,,,,,,,,,,
Course,,,,Description,,,Recommended,,,Alternate,,,,Alternate Courses,,,,Credit
MACLV11---,,,ACTIVE LIVING 11,,,,,N,,,Y,,,,,,,4
MCLE-10---,,,CAREER LIFE EDUCATION 10,,,,,N,,,N,,,,,,,4
MCMPS11---,,,COMPOSITION 11,,,,,N,,,N,,,,,,,4
MEPSS11---,,,EXPLORATIONS IN SOCIAL STUDIES 11,,,,,N,,,N,,,,,,,4
MFOM-11---,,,FOUNDATIONS OF MATHEMATICS 11,,,,,N,,,N,,,,,,,4
MFOOD11---,,,FOOD STUDIES 11,,,,,N,,,N,,,,,,,4
MINST12---,,,CONTEMPORARY INDIGENOUS STUDIES 12,,,,,N,,,N,,,,,,,4
MLFSC11---,,,LIFE SCIENCES 11,,,,,N,,,N,,,,,,,4
MMAP-11---,,,MARKETING AND PROMOTION 11,,,,,N,,,N,,,,,,,4
MWH--12---,,,20th CENTURY WORLD HISTORY 12,,,,,N,,,Y,,,,,,,4
ID,1439,Grade,10,,,,,,,,,,,,,,,
Course,,,,Description,,,Recommended,,,Alternate,,,,Alternate Courses,,,,Credit
MACLV11---,,,ACTIVE LIVING 11,,,,,N,,,N,,,,,,,4
MATPH12---,,,ANATOMY AND PHYSIOLOGY 12,,,,,N,,,N,,,,,,,4
MCH--11---,,,CHEMISTRY 11,,,,,N,,,N,,,,,,,4
MCLE-10---,,,CAREER LIFE EDUCATION 10,,,,,N,,,N,,,,,,,4
MCMPS11---,,,COMPOSITION 11,,,,,N,,,N,,,,,,,4
MFOOD11---,,,FOOD STUDIES 11,,,,,N,,,Y,,,,,,,4
MLST-12---,,,LAW STUDIES 12,,,,,N,,,N,,,,,,,4
MPREC12---,,,PRE-CALCULUS 12,,,,,N,,,N,,,,,,,4
MVAST11---,,,ART STUDIO 11,,,,,N,,,N,,,,,,,4
YCPA-1AX-L,,,COMMUNITY LEADERSHIP 11 Linear,,,,,N,,,N,,,,,,,4
YPSYC1AX--,,,PSYCHOLOGY 11,,,,,N,,,Y,,,,,,,4
ID,1440,Grade,10,,,,,,,,,,,,,,,
Course,,,,Description,,,Recommended,,,Alternate,,,,Alternate Courses,,,,Credit
MCH--11---,,,CHEMISTRY 11,,,,,N,,,N,,,,,,,4
MCLE-10---,,,CAREER LIFE EDUCATION 10,,,,,N,,,N,,,,,,,4
MCMPS11---,,,COMPOSITION 11,,,,,N,,,N,,,,,,,4
MEPSS11---,,,EXPLORATIONS IN SOCIAL STUDIES 11,,,,,N,,,N,,,,,,,4
MEVSC11---,,,ENVIRONMENTAL SCIENCE 11,,,,,N,,,N,,,,,,,4
MODED11---,,,OUTDOOR EDUCATION 11,,,,,N,,,N,,,,,,,4
MPH--11---,,,PHYSICS 11,,,,,N,,,N,,,,,,,4
MPREC11H--,,,PRE-CALCULUS 11 HONOURS,,,,,N,,,N,,,,,,,4
ID,1441,Grade,10,,,,,,,,,,,,,,,
Course,,,,Description,,,Recommended,,,Alternate,,,,Alternate Courses,,,,Credit
MACLV11---,,,ACTIVE LIVING 11,,,,,N,,,Y,,,,,,,4
MCH--11---,,,CHEMISTRY 11,,,,,N,,,N,,,,,,,4
MCMCL12---,,,COMPARATIVE CULTURES 12,,,,,N,,,Y,,,,,,,4
MCMPS11---,,,COMPOSITION 11,,,,,N,,,N,,,,,,,4
MLST-12---,,,LAW STUDIES 12,,,,,N,,,N,,,,,,,4
MPH--11---,,,PHYSICS 11,,,,,N,,,N,,,,,,,4
MPREC11---,,,PRE-CALCULUS 11,,,,,N,,,N,,,,,,,4
MSJ--12---,,,SOCIAL JUSTICE 12,,,,,N,,,N,,,,,,,4
MWEX-2A--L,,,WORK EXPERIENCE 12A LINEAR,,,,,N,,,N,,,,,,,4
YCPA-1AX-L,,,COMMUNITY LEADERSHIP 11 Linear,,,,,N,,,N,,,,,,,4
YLAW-2CX--,,,CRIMINOLOGY 12,,,,,N,,,N,,,,,,,4
YLRA-1AX-L,,,ATHLETIC LEADERSHIP 11 Linear,,,,,N,,,N,,,,,,,4
YPSYC1AX--,,,PSYCHOLOGY 11,,,,,N,,,N,,,,,,,4
ID,1442,Grade,10,,,,,,,,,,,,,,,
Course,,,,Description,,,Recommended,,,Alternate,,,,Alternate Courses,,,,Credit
MCMPS11---,,,COMPOSITION 11,,,,,N,,,N,,,,,,,4
MLFSC11---,,,LIFE SCIENCES 11,,,,,N,,,N,,,,,,,4
MTXT-11---,,,TEXTILES 11,,,,,N,,,N,,,,,,,4
MVAPH11---,,,PHOTOGRAPHY 11,,,,,N,,,N,,,,,,,4
YPSYC1AX--,,,PSYCHOLOGY 11,,,,,N,,,Y,,,,,,,4
ID,1443,Grade,10,,,,,,,,,,,,,,,
Course,,,,Description,,,Recommended,,,Alternate,,,,Alternate Courses,,,,Credit
MATPH12---,,,ANATOMY AND PHYSIOLOGY 12,,,,,N,,,N,,,,,,,4
MCH--11---,,,CHEMISTRY 11,,,,,N,,,N,,,,,,,4
MCH--12---,,,CHEMISTRY 12,,,,,N,,,Y,,,,,,,4
MEVSC12C--,,,ENVIRONMENTAL SCIENCE 12 - CLIMATE CHANGE,,,,,N,,,Y,,,,,,,4
MINST12C--,,,CONTEMPORARY INDIGENOUS STUDIES 12 CHALLENGE,,,,,N,,,N,,,,,,,4
MLFSC11---,,,LIFE SCIENCES 11,,,,,N,,,N,,,,,,,4
MLTST11C--,,,LITERARY STUDIES 11 Challenge,,,,,N,,,N,,,,,,,4
MPH--11---,,,PHYSICS 11,,,,,N,,,N,,,,,,,4
MPREC11---,,,PRE-CALCULUS 11,,,,,N,,,N,,,,,,,4
YED--1EX-L,,,PEER TUTORING 11 LINEAR,,,,,N,,,N,,,,,,,4
YLRA-1AX-L,,,ATHLETIC LEADERSHIP 11 Linear,,,,,N,,,N,,,,,,,4
YPSYC1AX--,,,PSYCHOLOGY 11,,,,,N,,,N,,,,,,,4
ID,1444,Grade,10,,,,,,,,,,,,,,,
Course,,,,Description,,,Recommended,,,Alternate,,,,Alternate Courses,,,,Credit
MCMPS11---,,,COMPOSITION 11,,,,,N,,,N,,,,,,,4
MEPSS11---,,,EXPLORATIONS IN SOCIAL STUDIES 11,,,,,N,,,N,,,,,,,4
MFOM-11---,,,FOUNDATIONS OF MATHEMATICS 11,,,,,N,,,N,,,,,,,4
MLFSC11---,,,LIFE SCIENCES 11,,,,,N,,,N,,,,,,,4
ID,1445,Grade,10,,,,,,,,,,,,,,,
Course,,,,Description,,,Recommended,,,Alternate,,,,Alternate Courses,,,,Credit
MCMPS11---,,,COMPOSITION 11,,,,,N,,,N,,,,,,,4
MEPSS11---,,,EXPLORATIONS IN SOCIAL STUDIES 11,,,,,N,,,N,,,,,,,4
MFMP-10---,,,FOUNDATIONS OF MATH AND PRE-CALCULUS 10,,,,,N,,,Y,,,,,,,4
MFOM-11---,,,FOUNDATIONS OF MATHEMATICS 11,,,,,N,,,N,,,,,,,4
MLFSC11---,,,LIFE SCIENCES 11,,,,,N,,,N,,,,,,,4
MSS--10---,,,SOCIAL STUDIES 10,,,,,N,,,Y,,,,,,,4
ID,1446,Grade,10,,,,,,,,,,,,,,,
Course,,,,Description,,,Recommended,,,Alternate,,,,Alternate Courses,,,,Credit
MCLE-10---,,,CAREER LIFE EDUCATION 10,,,,,N,,,N,,,,,,,4
MCMPS11---,,,COMPOSITION 11,,,,,N,,,N,,,,,,,4
MEPSS11---,,,EXPLORATIONS IN SOCIAL STUDIES 11,,,,,N,,,N,,,,,,,4
MFOOD11---,,,FOOD STUDIES 11,,,,,N,,,N,,,,,,,4
MLFSC11---,,,LIFE SCIENCES 11,,,,,N,,,N,,,,,,,4
MTXT-11---,,,TEXTILES 11,,,,,N,,,N,,,,,,,4
MVAST11---,,,ART STUDIO 11,,,,,N,,,Y,,,,,,,4
MWPM-11---,,,WORKPLACE MATHEMATICS 11,,,,,N,,,N,,,,,,,4
MWWK-11---,,,WOODWORK 11,,,,,N,,,N,,,,,,,4
ID,1447,Grade,10,,,,,,,,,,,,,,,
Course,,,,Description,,,Recommended,,,Alternate,,,,Alternate Courses,,,,Credit
MCLE-10---,,,CAREER LIFE EDUCATION 10,,,,,N,,,N,,,,,,,4
MCMPS11---,,,COMPOSITION 11,,,,,N,,,N,,,,,,,4
MEVSC11---,,,ENVIRONMENTAL SCIENCE 11,,,,,N,,,N,,,,,,,4
MEVSC12C--,,,ENVIRONMENTAL SCIENCE 12 - CLIMATE CHANGE,,,,,N,,,Y,,,,,,,4
MLST-12---,,,LAW STUDIES 12,,,,,N,,,N,,,,,,,4
MPREC11---,,,PRE-CALCULUS 11,,,,,N,,,N,,,,,,,4
MVAST11---,,,ART STUDIO 11,,,,,N,,,Y,,,,,,,4
YLAW-2CX--,,,CRIMINOLOGY 12,,,,,N,,,N,,,,,,,4
YPA--1CX--,,,YOGA FOR MINDFULNESS 11,,,,,N,,,N,,,,,,,4
YPSYC1AX--,,,PSYCHOLOGY 11,,,,,N,,,N,,,,,,,4
ID,1448,Grade,10,,,,,,,,,,,,,,,
Course,,,,Description,,,Recommended,,,Alternate,,,,Alternate Courses,,,,Credit
MAC--11---,,,ACCOUNTING 11,,,,,N,,,N,,,,,,,4
MCLE-10---,,,CAREER LIFE EDUCATION 10,,,,,N,,,N,,,,,,,4
MCMPS11---,,,COMPOSITION 11,,,,,N,,,N,,,,,,,4
MENR-11---,,,ENGINEERING 11,,,,,N,,,N,,,,,,,4
MENT-12---,,,ENTREPRENEURSHIP 12,,,,,N,,,N,,,,,,,4
MLFSC11---,,,LIFE SCIENCES 11,,,,,N,,,N,,,,,,,4
MPREC11---,,,PRE-CALCULUS 11,,,,,N,,,N,,,,,,,4
MVAPH11---,,,PHOTOGRAPHY 11,,,,,N,,,Y,,,,,,,4
MVAST11---,,,ART STUDIO 11,,,,,N,,,N,,,,,,,4
ID,1449,Grade,10,,,,,,,,,,,,,,,
Course,,,,Description,,,Recommended,,,Alternate,,,,Alternate Courses,,,,Credit
MCMPS11---,,,COMPOSITION 11,,,,,N,,,N,,,,,,,4
MEPSS11---,,,EXPLORATIONS IN SOCIAL STUDIES 11,,,,,N,,,N,,,,,,,4
MFOM-11---,,,FOUNDATIONS OF MATHEMATICS 11,,,,,N,,,N,,,,,,,4
MLFSC11---,,,LIFE SCIENCES 11,,,,,N,,,N,,,,,,,4
ID,1450,Grade,10,,,,,,,,,,,,,,,
Course,,,,Description,,,Recommended,,,Alternate,,,,Alternate Courses,,,,Credit
MAC--11---,,,ACCOUNTING 11,,,,,N,,,Y,,,,,,,4
MCH--11---,,,CHEMISTRY 11,,,,,N,,,N,,,,,,,4
MCH--12---,,,CHEMISTRY 12,,,,,N,,,Y,,,,,,,4
MCLE-10---,,,CAREER LIFE EDUCATION 10,,,,,N,,,N,,,,,,,4
MCMPS11---,,,COMPOSITION 11,,,,,N,,,N,,,,,,,4
MDNCN11---,,,DANCE CONDITIONING 11,,,,,N,,,N,,,,,,,4
MLST-12---,,,LAW STUDIES 12,,,,,N,,,N,,,,,,,4
MPREC11---,,,PRE-CALCULUS 11,,,,,N,,,N,,,,,,,4
MSP--11---,,,SPANISH 11,,,,,N,,,N,,,,,,,4
YCPA-1AX-L,,,COMMUNITY LEADERSHIP 11 Linear,,,,,N,,,N,,,,,,,4
YLAW-2CX--,,,CRIMINOLOGY 12,,,,,N,,,N,,,,,,,4
ID,1451,Grade,10,,,,,,,,,,,,,,,
Course,,,,Description,,,Recommended,,,Alternate,,,,Alternate Courses,,,,Credit
MAC--11---,,,ACCOUNTING 11,,,,,N,,,Y,,,,,,,4
MATPH12---,,,ANATOMY AND PHYSIOLOGY 12,,,,,N,,,N,,,,,,,4
MCH--11---,,,CHEMISTRY 11,,,,,N,,,Y,,,,,,,4
MCLE-10---,,,CAREER LIFE EDUCATION 10,,,,,N,,,N,,,,,,,4
MCMPS11---,,,COMPOSITION 11,,,,,N,,,N,,,,,,,4
MLFSC11---,,,LIFE SCIENCES 11,,,,,N,,,N,,,,,,,4
MPGEO12---,,,PHYSICAL GEOGRAPHY 12,,,,,N,,,N,,,,,,,4
MPREC11---,,,PRE-CALCULUS 11,,,,,N,,,N,,,,,,,4
MSP--11---,,,SPANISH 11,,,,,N,,,N,,,,,,,4
YLRA-1AX-L,,,ATHLETIC LEADERSHIP 11 Linear,,,,,N,,,N,,,,,,,4
YPSYC1AX--,,,PSYCHOLOGY 11,,,,,N,,,N,,,,,,,4
ID,1452,Grade,10,,,,,,,,,,,,,,,
Course,,,,Description,,,Recommended,,,Alternate,,,,Alternate Courses,,,,Credit
MACLV11---,,,ACTIVE LIVING 11,,,,,N,,,N,,,,,,,4
MCH--11---,,,CHEMISTRY 11,,,,,N,,,N,,,,,,,4
MCMCL12---,,,COMPARATIVE CULTURES 12,,,,,N,,,N,,,,,,,4
MENFP12---,,,ENGLISH FIRST PEOPLES 12,,,,,N,,,N,,,,,,,4
MPH--11---,,,PHYSICS 11,,,,,N,,,N,,,,,,,4
MPREC11---,,,PRE-CALCULUS 11,,,,,N,,,N,,,,,,,4
MSJ--12---,,,SOCIAL JUSTICE 12,,,,,N,,,N,,,,,,,4
MVAPH11---,,,PHOTOGRAPHY 11,,,,,N,,,Y,,,,,,,4
MWWK-11---,,,WOODWORK 11,,,,,N,,,N,,,,,,,4
ID,1453,Grade,10,,,,,,,,,,,,,,,
Course,,,,Description,,,Recommended,,,Alternate,,,,Alternate Courses,,,,Credit
MCH--11---,,,CHEMISTRY 11,,,,,N,,,N,,,,,,,4
MCLE-10---,,,CAREER LIFE EDUCATION 10,,,,,N,,,N,,,,,,,4
MENR-11---,,,ENGINEERING 11,,,,,N,,,Y,,,,,,,4
MINST12C--,,,CONTEMPORARY INDIGENOUS STUDIES 12 CHALLENGE,,,,,N,,,N,,,,,,,4
MLFSC11---,,,LIFE SCIENCES 11,,,,,N,,,N,,,,,,,4
MLTST11C--,,,LITERARY STUDIES 11 Challenge,,,,,N,,,N,,,,,,,4
MMACS11---,,,COMPUTER SCIENCE 11,,,,,N,,,N,,,,,,,4
MPH--11---,,,PHYSICS 11,,,,,N,,,N,,,,,,,4
MPREC11---,,,PRE-CALCULUS 11,,,,,N,,,N,,,,,,,4
MTDRF11---,,,DRAFTING 11,,,,,N,,,Y,,,,,,,4
ID,1454,Grade,10,,,,,,,,,,,,,,,
Course,,,,Description,,,Recommended,,,Alternate,,,,Alternate Courses,,,,Credit
MACLV11FB-,,,ACTIVE LIVING 11 Football,,,,,N,,,N,,,,,,,4
MCLE-10---,,,CAREER LIFE EDUCATION 10,,,,,N,,,N,,,,,,,4
MCMPS11---,,,COMPOSITION 11,,,,,N,,,N,,,,,,,4
MDMD-12D--,,,3D ANIMATION 12,,,,,N,,,Y,,,,,,,4
MEVSC11---,,,ENVIRONMENTAL SCIENCE 11,,,,,N,,,N,,,,,,,4
MFOM-11---,,,FOUNDATIONS OF MATHEMATICS 11,,,,,N,,,N,,,,,,,4
MLST-12---,,,LAW STUDIES 12,,,,,N,,,N,,,,,,,4
MMACS12---,,,COMPUTER SCIENCE 12,,,,,N,,,N,,,,,,,4
MVAPH12---,,,PHOTOGRAPHY 12,,,,,N,,,Y,,,,,,,4
YHRA-1AX--,,,CROSS TRAINING 11,,,,,N,,,N,,,,,,,4
YPA--1CX--,,,YOGA FOR MINDFULNESS 11,,,,,N,,,Y,,,,,,,4
ID,1455,Grade,10,,,,,,,,,,,,,,,
Course,,,,Description,,,Recommended,,,Alternate,,,,Alternate Courses,,,,Credit
MCH--11---,,,CHEMISTRY 11,,,,,N,,,N,,,,,,,4
MCLE-10--L,,,CAREER LIFE EDUCATION 10 Linear,,,,,N,,,N,,,,,,,4
MCMPS11---,,,COMPOSITION 11,,,,,N,,,N,,,,,,,4
MFR--12---,,,FRENCH 12,,,,,N,,,Y,,,,,,,4
MIMCB11--L,,,INSTRUMENTAL MUSIC 11: CONCERT BAND LINEAR,,,,,N,,,N,,,,,,,4
MIMJB11--L,,,INSTRUMENTAL MUSIC 11: JAZZ BAND LINEAR,,,,,N,,,N,,,,,,,4
MINST12---,,,CONTEMPORARY INDIGENOUS STUDIES 12,,,,,N,,,N,,,,,,,4
MLST-12---,,,LAW STUDIES 12,,,,,N,,,N,,,,,,,4
MMACS12---,,,COMPUTER SCIENCE 12,,,,,N,,,Y,,,,,,,4
MPH--11---,,,PHYSICS 11,,,,,N,,,N,,,,,,,4
MPREC11---,,,PRE-CALCULUS 11,,,,,N,,,N,,,,,,,4
ID,1456,Grade,10,,,,,,,,,,,,,,,
Course,,,,Description,,,Recommended,,,Alternate,,,,Alternate Courses,,,,Credit
MATPH12---,,,ANATOMY AND PHYSIOLOGY 12,,,,,N,,,N,,,,,,,4
MCMPS11---,,,COMPOSITION 11,,,,,N,,,N,,,,,,,4
MMAP-11---,,,MARKETING AND PROMOTION 11,,,,,N,,,N,,,,,,,4
MPGEO12---,,,PHYSICAL GEOGRAPHY 12,,,,,N,,,Y,,,,,,,4
YPSYC1AX--,,,PSYCHOLOGY 11,,,,,N,,,N,,,,,,,4
ID,1457,Grade,10,,,,,,,,,,,,,,,
Course,,,,Description,,,Recommended,,,Alternate,,,,Alternate Courses,,,,Credit
MACLV11FB-,,,ACTIVE LIVING 11 Football,,,,,N,,,N,,,,,,,4
MCLE-10---,,,CAREER LIFE EDUCATION 10,,,,,N,,,N,,,,,,,4
MCMPS11---,,,COMPOSITION 11,,,,,N,,,N,,,,,,,4
MEPSS11---,,,EXPLORATIONS IN SOCIAL STUDIES 11,,,,,N,,,N,,,,,,,4
MEVSC11---,,,ENVIRONMENTAL SCIENCE 11,,,,,N,,,N,,,,,,,4
MSP--12---,,,SPANISH 12,,,,,N,,,N,,,,,,,4
MTAUT11---,,,AUTOMOTIVE TECHNOLOGY 11,,,,,N,,,Y,,,,,,,4
MWPM-11---,,,WORKPLACE MATHEMATICS 11,,,,,N,,,N,,,,,,,4
YHRA-1AX--,,,CROSS TRAINING 11,,,,,N,,,N,,,,,,,4
ID,1458,Grade,10,,,,,,,,,,,,,,,
Course,,,,Description,,,Recommended,,,Alternate,,,,Alternate Courses,,,,Credit
MCMPS11---,,,COMPOSITION 11,,,,,N,,,N,,,,,,,4
MEPSS11---,,,EXPLORATIONS IN SOCIAL STUDIES 11,,,,,N,,,N,,,,,,,4
MFOM-11---,,,FOUNDATIONS OF MATHEMATICS 11,,,,,N,,,N,,,,,,,4
MLFSC11---,,,LIFE SCIENCES 11,,,,,N,,,N,,,,,,,4
ID,1459,Grade,10,,,,,,,,,,,,,,,
Course,,,,Description,,,Recommended,,,Alternate,,,,Alternate Courses,,,,Credit
MCH--11---,,,CHEMISTRY 11,,,,,N,,,N,,,,,,,4
MCLE-10---,,,CAREER LIFE EDUCATION 10,,,,,N,,,N,,,,,,,4
MCMPS11---,,,COMPOSITION 11,,,,,N,,,N,,,,,,,4
MEC--12---,,,ECONOMICS 12,,,,,N,,,N,,,,,,,4
MLST-12---,,,LAW STUDIES 12,,,,,N,,,N,,,,,,,4
MPH--11---,,,PHYSICS 11,,,,,N,,,N,,,,,,,4
MPREC11---,,,PRE-CALCULUS 11,,,,,N,,,N,,,,,,,4
MSJ--12---,,,SOCIAL JUSTICE 12,,,,,N,,,Y,,,,,,,4
YCPA-1AX-L,,,COMMUNITY LEADERSHIP 11 Linear,,,,,N,,,N,,,,,,,4
YED--1EX-L,,,PEER TUTORING 11 LINEAR,,,,,N,,,N,,,,,,,4
YLAW-2CX--,,,CRIMINOLOGY 12,,,,,N,,,N,,,,,,,4
YPSYC1AX--,,,PSYCHOLOGY 11,,,,,N,,,Y,,,,,,,4
ID,1460,Grade,10,,,,,,,,,,,,,,,
Course,,,,Description,,,Recommended,,,Alternate,,,,Alternate Courses,,,,Credit
MCLE-10--L,,,CAREER LIFE EDUCATION 10 Linear,,,,,N,,,N,,,,,,,4
MCMPS11---,,,COMPOSITION 11,,,,,N,,,N,,,,,,,4
MDCF-11---,,,DANCE FOUNDATIONS 11,,,,,N,,,N,,,,,,,4
MDNC-11--L,,,DANCE 11: CHOREOGRAPHY Linear,,,,,N,,,N,,,,,,,4
MDNCM11--L,,,DANCE COMPANY 11 Linear,,,,,N,,,N,,,,,,,4
MDNCN11---,,,DANCE CONDITIONING 11,,,,,N,,,N,,,,,,,4
MEVSC11---,,,ENVIRONMENTAL SCIENCE 11,,,,,N,,,N,,,,,,,4
MSJ--12---,,,SOCIAL JUSTICE 12,,,,,N,,,N,,,,,,,4
MTXT-11---,,,TEXTILES 11,,,,,N,,,Y,,,,,,,4
MWPM-11---,,,WORKPLACE MATHEMATICS 11,,,,,N,,,N,,,,,,,4
YED--1DX-L,,,LEARNING STRATEGIES 11 LINEAR,,,,,N,,,N,,,,,,,4
ID,1461,Grade,10,,,,,,,,,,,,,,,
Course,,,,Description,,,Recommended,,,Alternate,,,,Alternate Courses,,,,Credit
MACLV11---,,,ACTIVE LIVING 11,,,,,N,,,N,,,,,,,4
MCMPS11---,,,COMPOSITION 11,,,,,N,,,N,,,,,,,4
MEPSS11---,,,EXPLORATIONS IN SOCIAL STUDIES 11,,,,,N,,,N,,,,,,,4
MFOOD11---,,,FOOD STUDIES 11,,,,,N,,,Y,,,,,,,4
MMACS11---,,,COMPUTER SCIENCE 11,,,,,N,,,Y,,,,,,,4
MPH--11---,,,PHYSICS 11,,,,,N,,,N,,,,,,,4
MPREC11---,,,PRE-CALCULUS 11,,,,,N,,,N,,,,,,,4
MTAUT11---,,,AUTOMOTIVE TECHNOLOGY 11,,,,,N,,,N,,,,,,,4
MVAST11---,,,ART STUDIO 11,,,,,N,,,Y,,,,,,,4
MWWK-11---,,,WOODWORK 11,,,,,N,,,N,,,,,,,4
YLAW-2CX--,,,CRIMINOLOGY 12,,,,,N,,,N,,,,,,,4
ID,1462,Grade,10,,,,,,,,,,,,,,,
Course,,,,Description,,,Recommended,,,Alternate,,,,Alternate Courses,,,,Credit
MATPH12---,,,ANATOMY AND PHYSIOLOGY 12,,,,,N,,,N,,,,,,,4
MCH--11---,,,CHEMISTRY 11,,,,,N,,,N,,,,,,,4
MCMPS11---,,,COMPOSITION 11,,,,,N,,,N,,,,,,,4
MIMG-11---,,,INSTRUMENTAL MUSIC 11: GUITAR,,,,,N,,,Y,,,,,,,4
MLFSC11---,,,LIFE SCIENCES 11,,,,,N,,,Y,,,,,,,4
MLST-12---,,,LAW STUDIES 12,,,,,N,,,N,,,,,,,4
MPREC11---,,,PRE-CALCULUS 11,,,,,N,,,N,,,,,,,4
MWEX-2A--L,,,WORK EXPERIENCE 12A LINEAR,,,,,N,,,N,,,,,,,4
MWH--12---,,,20th CENTURY WORLD HISTORY 12,,,,,N,,,N,,,,,,,4
YCPA-1AX-L,,,COMMUNITY LEADERSHIP 11 Linear,,,,,N,,,N,,,,,,,4
YED--1EX-L,,,PEER TUTORING 11 LINEAR,,,,,N,,,N,,,,,,,4
YLAW-2CX--,,,CRIMINOLOGY 12,,,,,N,,,N,,,,,,,4
YPSYC1AX--,,,PSYCHOLOGY 11,,,,,N,,,N,,,,,,,4
ID,1463,Grade,10,,,,,,,,,,,,,,,
Course,,,,Description,,,Recommended,,,Alternate,,,,Alternate Courses,,,,Credit
MCH--11---,,,CHEMISTRY 11,,,,,N,,,N,,,,,,,4
MCLE-10--L,,,CAREER LIFE EDUCATION 10 Linear,,,,,N,,,N,,,,,,,4
MCMPS11---,,,COMPOSITION 11,,,,,N,,,N,,,,,,,4
MDNC-11--L,,,DANCE 11: CHOREOGRAPHY Linear,,,,,N,,,N,,,,,,,4
MDNCM11--L,,,DANCE COMPANY 11 Linear,,,,,N,,,N,,,,,,,4
MFOOD11---,,,FOOD STUDIES 11,,,,,N,,,Y,,,,,,,4
MIMCB11--L,,,INSTRUMENTAL MUSIC 11: CONCERT BAND LINEAR,,,,,N,,,N,,,,,,,4
MIMJB11--L,,,INSTRUMENTAL MUSIC 11: JAZZ BAND LINEAR,,,,,N,,,N,,,,,,,4
MINST12---,,,CONTEMPORARY INDIGENOUS STUDIES 12,,,,,N,,,N,,,,,,,4
MLFSC11---,,,LIFE SCIENCES 11,,,,,N,,,N,,,,,,,4
MPREC11H--,,,PRE-CALCULUS 11 HONOURS,,,,,N,,,N,,,,,,,4
MTDRF11---,,,DRAFTING 11,,,,,N,,,Y,,,,,,,4
YCPA-1AX-L,,,COMMUNITY LEADERSHIP 11 Linear,,,,,N,,,N,,,,,,,4
YLAW-2CX--,,,CRIMINOLOGY 12,,,,,N,,,N,,,,,,,4
ID,1464,Grade,10,,,,,,,,,,,,,,,
Course,,,,Description,,,Recommended,,,Alternate,,,,Alternate Courses,,,,Credit
MBSP-11---,,,INTRODUCTORY SPANISH 11,,,,,N,,,N,,,,,,,4
MCH--11---,,,CHEMISTRY 11,,,,,N,,,N,,,,,,,4
MCMPS11---,,,COMPOSITION 11,,,,,N,,,N,,,,,,,4
MEVSC11---,,,ENVIRONMENTAL SCIENCE 11,,,,,N,,,Y,,,,,,,4
MFOOD11---,,,FOOD STUDIES 11,,,,,N,,,N,,,,,,,4
MLST-12---,,,LAW STUDIES 12,,,,,N,,,N,,,,,,,4
MPREC11---,,,PRE-CALCULUS 11,,,,,N,,,N,,,,,,,4
MVAST11---,,,ART STUDIO 11,,,,,N,,,Y,,,,,,,4
YLAW-2CX--,,,CRIMINOLOGY 12,,,,,N,,,N,,,,,,,4
YPSYC1AX--,,,PSYCHOLOGY 11,,,,,N,,,N,,,,,,,4
ID,1465,Grade,10,,,,,,,,,,,,,,,
Course,,,,Description,,,Recommended,,,Alternate,,,,Alternate Courses,,,,Credit
MACLV11G--,,,ACTIVE LIVING 11 Girls,,,,,N,,,N,,,,,,,4
MCMPS11---,,,COMPOSITION 11,,,,,N,,,N,,,,,,,4
MDMD-12D--,,,3D ANIMATION 12,,,,,N,,,N,,,,,,,4
MEPSS11---,,,EXPLORATIONS IN SOCIAL STUDIES 11,,,,,N,,,N,,,,,,,4
MFOM-11---,,,FOUNDATIONS OF MATHEMATICS 11,,,,,N,,,N,,,,,,,4
MLFSC11---,,,LIFE SCIENCES 11,,,,,N,,,N,,,,,,,4
MMAP-11---,,,MARKETING AND PROMOTION 11,,,,,N,,,N,,,,,,,4
MVAPH11---,,,PHOTOGRAPHY 11,,,,,N,,,N,,,,,,,4
ID,1466,Grade,10,,,,,,,,,,,,,,,
Course,,,,Description,,,Recommended,,,Alternate,,,,Alternate Courses,,,,Credit
MACLV11G--,,,ACTIVE LIVING 11 Girls,,,,,N,,,N,,,,,,,4
MCMCL12---,,,COMPARATIVE CULTURES 12,,,,,N,,,Y,,,,,,,4
MCMPS11---,,,COMPOSITION 11,,,,,N,,,N,,,,,,,4
MEPSS11---,,,EXPLORATIONS IN SOCIAL STUDIES 11,,,,,N,,,N,,,,,,,4
MFR--11---,,,FRENCH 11,,,,,N,,,N,,,,,,,4
ID,1467,Grade,10,,,,,,,,,,,,,,,
Course,,,,Description,,,Recommended,,,Alternate,,,,Alternate Courses,,,,Credit
MACLV11---,,,ACTIVE LIVING 11,,,,,N,,,N,,,,,,,4
MCH--11---,,,CHEMISTRY 11,,,,,N,,,N,,,,,,,4
MCMPS11---,,,COMPOSITION 11,,,,,N,,,N,,,,,,,4
MDMD-12D--,,,3D ANIMATION 12,,,,,N,,,N,,,,,,,4
MENT-12---,,,ENTREPRENEURSHIP 12,,,,,N,,,N,,,,,,,4
MIMG-11---,,,INSTRUMENTAL MUSIC 11: GUITAR,,,,,N,,,Y,,,,,,,4
MODED11---,,,OUTDOOR EDUCATION 11,,,,,N,,,N,,,,,,,4
MPREC11---,,,PRE-CALCULUS 11,,,,,N,,,N,,,,,,,4
MTDRF11---,,,DRAFTING 11,,,,,N,,,Y,,,,,,,4
MWH--12---,,,20th CENTURY WORLD HISTORY 12,,,,,N,,,N,,,,,,,4
ID,1468,Grade,10,,,,,,,,,,,,,,,
Course,,,,Description,,,Recommended,,,Alternate,,,,Alternate Courses,,,,Credit
MCH--11---,,,CHEMISTRY 11,,,,,N,,,N,,,,,,,4
MCLE-10--L,,,CAREER LIFE EDUCATION 10 Linear,,,,,N,,,N,,,,,,,4
MCMPS11---,,,COMPOSITION 11,,,,,N,,,N,,,,,,,4
MIMCB11--L,,,INSTRUMENTAL MUSIC 11: CONCERT BAND LINEAR,,,,,N,,,N,,,,,,,4
MIMJB11--L,,,INSTRUMENTAL MUSIC 11: JAZZ BAND LINEAR,,,,,N,,,N,,,,,,,4
MLST-12---,,,LAW STUDIES 12,,,,,N,,,N,,,,,,,4
MMACS12---,,,COMPUTER SCIENCE 12,,,,,N,,,Y,,,,,,,4
MPH--11---,,,PHYSICS 11,,,,,N,,,N,,,,,,,4
MPREC11---,,,PRE-CALCULUS 11,,,,,N,,,N,,,,,,,4
YLAW-2CX--,,,CRIMINOLOGY 12,,,,,N,,,N,,,,,,,4
YPSYC1AX--,,,PSYCHOLOGY 11,,,,,N,,,Y,,,,,,,4
ID,1469,Grade,10,,,,,,,,,,,,,,,
Course,,,,Description,,,Recommended,,,Alternate,,,,Alternate Courses,,,,Credit
MCH--11---,,,CHEMISTRY 11,,,,,N,,,N,,,,,,,4
MCLE-10--L,,,CAREER LIFE EDUCATION 10 Linear,,,,,N,,,N,,,,,,,4
MCMPS11---,,,COMPOSITION 11,,,,,N,,,N,,,,,,,4
MIMCB11--L,,,INSTRUMENTAL MUSIC 11: CONCERT BAND LINEAR,,,,,N,,,N,,,,,,,4
MLST-12---,,,LAW STUDIES 12,,,,,N,,,N,,,,,,,4
MMACS11---,,,COMPUTER SCIENCE 11,,,,,N,,,Y,,,,,,,4
MPH--11---,,,PHYSICS 11,,,,,N,,,N,,,,,,,4
MPH--12---,,,PHYSICS 12,,,,,N,,,N,,,,,,,4
MPREC11H--,,,PRE-CALCULUS 11 HONOURS,,,,,N,,,N,,,,,,,4
MTROB11---,,,ROBOTICS 11,,,,,N,,,Y,,,,,,,4
YCPA-1AX-L,,,COMMUNITY LEADERSHIP 11 Linear,,,,,N,,,N,,,,,,,4
ID,1470,Grade,10,,,,,,,,,,,,,,,
Course,,,,Description,,,Recommended,,,Alternate,,,,Alternate Courses,,,,Credit
MACLV11---,,,ACTIVE LIVING 11,,,,,N,,,Y,,,,,,,4
MCH--11---,,,CHEMISTRY 11,,,,,N,,,N,,,,,,,4
MCLE-10---,,,CAREER LIFE EDUCATION 10,,,,,N,,,N,,,,,,,4
MCMPS11---,,,COMPOSITION 11,,,,,N,,,N,,,,,,,4
MENR-11---,,,ENGINEERING 11,,,,,N,,,Y,,,,,,,4
MINST12---,,,CONTEMPORARY INDIGENOUS STUDIES 12,,,,,N,,,N,,,,,,,4
MLFSC11---,,,LIFE SCIENCES 11,,,,,N,,,N,,,,,,,4
MMACS11---,,,COMPUTER SCIENCE 11,,,,,N,,,N,,,,,,,4
MPH--11---,,,PHYSICS 11,,,,,N,,,N,,,,,,,4
MPREC11---,,,PRE-CALCULUS 11,,,,,N,,,N,,,,,,,4
MTROB11--L,,,ROBOTICS 11 LINEAR,,,,,N,,,N,,,,,,,4
YLRA-1AX-L,,,ATHLETIC LEADERSHIP 11 Linear,,,,,N,,,N,,,,,,,4
ID,1471,Grade,10,,,,,,,,,,,,,,,
Course,,,,Description,,,Recommended,,,Alternate,,,,Alternate Courses,,,,Credit
MCH--11---,,,CHEMISTRY 11,,,,,N,,,N,,,,,,,4
MCMPS11---,,,COMPOSITION 11,,,,,N,,,N,,,,,,,4
MEPSS11---,,,EXPLORATIONS IN SOCIAL STUDIES 11,,,,,N,,,N,,,,,,,4
MEVSC11---,,,ENVIRONMENTAL SCIENCE 11,,,,,N,,,Y,,,,,,,4
MFR--11---,,,FRENCH 11,,,,,N,,,N,,,,,,,4
MLFSC11---,,,LIFE SCIENCES 11,,,,,N,,,N,,,,,,,4
MODED11---,,,OUTDOOR EDUCATION 11,,,,,N,,,N,,,,,,,4
MPREC11---,,,PRE-CALCULUS 11,,,,,N,,,N,,,,,,,4
YPSYC1AX--,,,PSYCHOLOGY 11,,,,,N,,,N,,,,,,,4
ID,1472,Grade,10,,,,,,,,,,,,,,,
Course,,,,Description,,,Recommended,,,Alternate,,,,Alternate Courses,,,,Credit
MATPH12---,,,ANATOMY AND PHYSIOLOGY 12,,,,,N,,,N,,,,,,,4
MCH--11---,,,CHEMISTRY 11,,,,,N,,,N,,,,,,,4
MCMPS11---,,,COMPOSITION 11,,,,,N,,,N,,,,,,,4
MENT-12---,,,ENTREPRENEURSHIP 12,,,,,N,,,Y,,,,,,,4
MFOOD11---,,,FOOD STUDIES 11,,,,,N,,,N,,,,,,,4
MLST-12---,,,LAW STUDIES 12,,,,,N,,,N,,,,,,,4
MPH--11---,,,PHYSICS 11,,,,,N,,,N,,,,,,,4
MPREC11---,,,PRE-CALCULUS 11,,,,,N,,,N,,,,,,,4
YLAW-2CX--,,,CRIMINOLOGY 12,,,,,N,,,N,,,,,,,4
YPSYC1AX--,,,PSYCHOLOGY 11,,,,,N,,,Y,,,,,,,4
ID,1473,Grade,10,,,,,,,,,,,,,,,
Course,,,,Description,,,Recommended,,,Alternate,,,,Alternate Courses,,,,Credit
MAC--11---,,,ACCOUNTING 11,,,,,N,,,N,,,,,,,4
MCH--11---,,,CHEMISTRY 11,,,,,N,,,N,,,,,,,4
MCMPS11---,,,COMPOSITION 11,,,,,N,,,N,,,,,,,4
MDNC-11--L,,,DANCE 11: CHOREOGRAPHY Linear,,,,,N,,,N,,,,,,,4
MDNCM11--L,,,DANCE COMPANY 11 Linear,,,,,N,,,N,,,,,,,4
MEC--12---,,,ECONOMICS 12,,,,,N,,,Y,,,,,,,4
MLST-12---,,,LAW STUDIES 12,,,,,N,,,N,,,,,,,4
MMACS12---,,,COMPUTER SCIENCE 12,,,,,N,,,N,,,,,,,4
MPH--11---,,,PHYSICS 11,,,,,N,,,N,,,,,,,4
MPREC11---,,,PRE-CALCULUS 11,,,,,N,,,N,,,,,,,4
MTDRF11---,,,DRAFTING 11,,,,,N,,,N,,,,,,,4
YCPA-1AX-L,,,COMMUNITY LEADERSHIP 11 Linear,,,,,N,,,N,,,,,,,4
YED--1EX-L,,,PEER TUTORING 11 LINEAR,,,,,N,,,N,,,,,,,4
YPSYC1AX--,,,PSYCHOLOGY 11,,,,,N,,,Y,,,,,,,4
ID,1474,Grade,10,,,,,,,,,,,,,,,
Course,,,,Description,,,Recommended,,,Alternate,,,,Alternate Courses,,,,Credit
MAC--11---,,,ACCOUNTING 11,,,,,N,,,N,,,,,,,4
MACLV11---,,,ACTIVE LIVING 11,,,,,N,,,N,,,,,,,4
MCH--11---,,,CHEMISTRY 11,,,,,N,,,N,,,,,,,4
MCLE-10---,,,CAREER LIFE EDUCATION 10,,,,,N,,,N,,,,,,,4
MFR--11---,,,FRENCH 11,,,,,N,,,Y,,,,,,,4
MINST12C--,,,CONTEMPORARY INDIGENOUS STUDIES 12 CHALLENGE,,,,,N,,,N,,,,,,,4
MLTST11C--,,,LITERARY STUDIES 11 Challenge,,,,,N,,,N,,,,,,,4
MMACS11---,,,COMPUTER SCIENCE 11,,,,,N,,,N,,,,,,,4
MPREC11---,,,PRE-CALCULUS 11,,,,,N,,,N,,,,,,,4
MTROB11--L,,,ROBOTICS 11 LINEAR,,,,,N,,,N,,,,,,,4
MWWK-11---,,,WOODWORK 11,,,,,N,,,Y,,,,,,,4
ID,1475,Grade,10,,,,,,,,,,,,,,,
Course,,,,Description,,,Recommended,,,Alternate,,,,Alternate Courses,,,,Credit
MCH--11---,,,CHEMISTRY 11,,,,,N,,,N,,,,,,,4
MCLE-10--L,,,CAREER LIFE EDUCATION 10 Linear,,,,,N,,,N,,,,,,,4
MCMPS11---,,,COMPOSITION 11,,,,,N,,,N,,,,,,,4
MFOOD11---,,,FOOD STUDIES 11,,,,,N,,,Y,,,,,,,4
MIMCB11--L,,,INSTRUMENTAL MUSIC 11: CONCERT BAND LINEAR,,,,,N,,,N,,,,,,,4
MIMJB11--L,,,INSTRUMENTAL MUSIC 11: JAZZ BAND LINEAR,,,,,N,,,N,,,,,,,4
MLFSC11---,,,LIFE SCIENCES 11,,,,,N,,,N,,,,,,,4
MLST-12---,,,LAW STUDIES 12,,,,,N,,,N,,,,,,,4
MPREC11---,,,PRE-CALCULUS 11,,,,,N,,,N,,,,,,,4
MTDRF11---,,,DRAFTING 11,,,,,N,,,Y,,,,,,,4
YCPA-1AX-L,,,COMMUNITY LEADERSHIP 11 Linear,,,,,N,,,N,,,,,,,4
YLAW-2CX--,,,CRIMINOLOGY 12,,,,,N,,,N,,,,,,,4
ID,1476,Grade,10,,,,,,,,,,,,,,,
Course,,,,Description,,,Recommended,,,Alternate,,,,Alternate Courses,,,,Credit
MCMCC11--L,,,CHORAL MUSIC 11: CONCERT CHOIR Linear,,,,,N,,,N,,,,,,,4
MCMPS10---,,,COMPOSITION 10,,,,,N,,,N,,,,,,,2
MDNTP11---,,,DANCE TECHNIQUE AND PERFORMANCE 11,,,,,N,,,N,,,,,,,4
MEVSC11---,,,ENVIRONMENTAL SCIENCE 11,,,,,N,,,N,,,,,,,4
MFOOD11---,,,FOOD STUDIES 11,,,,,N,,,N,,,,,,,4
MIMG-11---,,,INSTRUMENTAL MUSIC 11: GUITAR,,,,,N,,,Y,,,,,,,4
MPREC11---,,,PRE-CALCULUS 11,,,,,N,,,N,,,,,,,4
MSS--10---,,,SOCIAL STUDIES 10,,,,,N,,,N,,,,,,,4
MTXT-11---,,,TEXTILES 11,,,,,N,,,N,,,,,,,4
YESFL0AX--,,,BEGINNERS ELL 10,,,,,N,,,N,,,,,,,4
ID,1477,Grade,10,,,,,,,,,,,,,,,
Course,,,,Description,,,Recommended,,,Alternate,,,,Alternate Courses,,,,Credit
MACLV11---,,,ACTIVE LIVING 11,,,,,N,,,Y,,,,,,,4
MCMPS11---,,,COMPOSITION 11,,,,,N,,,N,,,,,,,4
MEPSS11---,,,EXPLORATIONS IN SOCIAL STUDIES 11,,,,,N,,,N,,,,,,,4
MEVSC11---,,,ENVIRONMENTAL SCIENCE 11,,,,,N,,,N,,,,,,,4
MFOM-11---,,,FOUNDATIONS OF MATHEMATICS 11,,,,,N,,,N,,,,,,,4
MLFSC11---,,,LIFE SCIENCES 11,,,,,N,,,N,,,,,,,4
MSP--11---,,,SPANISH 11,,,,,N,,,N,,,,,,,4
MTAUT11---,,,AUTOMOTIVE TECHNOLOGY 11,,,,,N,,,N,,,,,,,4
MWWK-11---,,,WOODWORK 11,,,,,N,,,N,,,,,,,4
ID,1478,Grade,10,,,,,,,,,,,,,,,
Course,,,,Description,,,Recommended,,,Alternate,,,,Alternate Courses,,,,Credit
ASTA-12---,,,AP STATISTICS 12,,,,,N,,,N,,,,,,,4
MCH--11---,,,CHEMISTRY 11,,,,,N,,,N,,,,,,,4
MENT-12---,,,ENTREPRENEURSHIP 12,,,,,N,,,Y,,,,,,,4
MFR--11---,,,FRENCH 11,,,,,N,,,N,,,,,,,4
MINST12C--,,,CONTEMPORARY INDIGENOUS STUDIES 12 CHALLENGE,,,,,N,,,N,,,,,,,4
MLTST11C--,,,LITERARY STUDIES 11 Challenge,,,,,N,,,N,,,,,,,4
MMAP-11---,,,MARKETING AND PROMOTION 11,,,,,N,,,N,,,,,,,4
MPH--11---,,,PHYSICS 11,,,,,N,,,N,,,,,,,4
MPREC11H--,,,PRE-CALCULUS 11 HONOURS,,,,,N,,,N,,,,,,,4
YED--1EX-L,,,PEER TUTORING 11 LINEAR,,,,,N,,,N,,,,,,,4
YLRA-1AX-L,,,ATHLETIC LEADERSHIP 11 Linear,,,,,N,,,N,,,,,,,4
ID,1479,Grade,10,,,,,,,,,,,,,,,
Course,,,,Description,,,Recommended,,,Alternate,,,,Alternate Courses,,,,Credit
MCMPS11---,,,COMPOSITION 11,,,,,N,,,N,,,,,,,4
MLFSC11---,,,LIFE SCIENCES 11,,,,,N,,,N,,,,,,,4
MPREC11---,,,PRE-CALCULUS 11,,,,,N,,,N,,,,,,,4
MSP--11---,,,SPANISH 11,,,,,N,,,N,,,,,,,4
MTXT-11---,,,TEXTILES 11,,,,,N,,,Y,,,,,,,4
MVAPH11---,,,PHOTOGRAPHY 11,,,,,N,,,Y,,,,,,,4
ID,1480,Grade,10,,,,,,,,,,,,,,,
Course,,,,Description,,,Recommended,,,Alternate,,,,Alternate Courses,,,,Credit
MCMPS11---,,,COMPOSITION 11,,,,,N,,,N,,,,,,,4
MDRM-11---,,,DRAMA 11,,,,,N,,,N,,,,,,,4
MEC--12---,,,ECONOMICS 12,,,,,N,,,Y,,,,,,,4
MENR-11---,,,ENGINEERING 11,,,,,N,,,N,,,,,,,4
MLFSC11---,,,LIFE SCIENCES 11,,,,,N,,,N,,,,,,,4
ID,1481,Grade,10,,,,,,,,,,,,,,,
Course,,,,Description,,,Recommended,,,Alternate,,,,Alternate Courses,,,,Credit
MCMPS11---,,,COMPOSITION 11,,,,,N,,,N,,,,,,,4
MEPSS11---,,,EXPLORATIONS IN SOCIAL STUDIES 11,,,,,N,,,N,,,,,,,4
MLFSC11---,,,LIFE SCIENCES 11,,,,,N,,,N,,,,,,,4
MMAP-11---,,,MARKETING AND PROMOTION 11,,,,,N,,,N,,,,,,,4
ID,1482,Grade,10,,,,,,,,,,,,,,,
Course,,,,Description,,,Recommended,,,Alternate,,,,Alternate Courses,,,,Credit
MCLE-10---,,,CAREER LIFE EDUCATION 10,,,,,N,,,N,,,,,,,4
MCMPS11---,,,COMPOSITION 11,,,,,N,,,N,,,,,,,4
MLST-12---,,,LAW STUDIES 12,,,,,N,,,N,,,,,,,4
MMAP-11---,,,MARKETING AND PROMOTION 11,,,,,N,,,N,,,,,,,4
MPH--11---,,,PHYSICS 11,,,,,N,,,N,,,,,,,4
MPREC12---,,,PRE-CALCULUS 12,,,,,N,,,N,,,,,,,4
MTAUT11---,,,AUTOMOTIVE TECHNOLOGY 11,,,,,N,,,N,,,,,,,4
YHRA-1AX--,,,CROSS TRAINING 11,,,,,N,,,Y,,,,,,,4
YLAW-2CX--,,,CRIMINOLOGY 12,,,,,N,,,N,,,,,,,4
ID,1483,Grade,10,,,,,,,,,,,,,,,
Course,,,,Description,,,Recommended,,,Alternate,,,,Alternate Courses,,,,Credit
MCH--11---,,,CHEMISTRY 11,,,,,N,,,N,,,,,,,4
MCLE-10---,,,CAREER LIFE EDUCATION 10,,,,,N,,,N,,,,,,,4
MCMPR11AI-,,,COMPUTER PROGRAMMING 11 AI and Games,,,,,N,,,N,,,,,,,4
MCMPS11---,,,COMPOSITION 11,,,,,N,,,N,,,,,,,4
MEPSS11---,,,EXPLORATIONS IN SOCIAL STUDIES 11,,,,,N,,,N,,,,,,,4
MFOOD11---,,,FOOD STUDIES 11,,,,,N,,,N,,,,,,,4
MLFSC11---,,,LIFE SCIENCES 11,,,,,N,,,Y,,,,,,,4
MMACS12---,,,COMPUTER SCIENCE 12,,,,,N,,,N,,,,,,,4
MPREC11---,,,PRE-CALCULUS 11,,,,,N,,,N,,,,,,,4
YPA--1CX--,,,YOGA FOR MINDFULNESS 11,,,,,N,,,Y,,,,,,,4
ID,1484,Grade,10,,,,,,,,,,,,,,,
Course,,,,Description,,,Recommended,,,Alternate,,,,Alternate Courses,,,,Credit
ASTA-12---,,,AP STATISTICS 12,,,,,N,,,N,,,,,,,4
MCH--11---,,,CHEMISTRY 11,,,,,N,,,N,,,,,,,4
MCLE-10--L,,,CAREER LIFE EDUCATION 10 Linear,,,,,N,,,N,,,,,,,4
MEVSC12C--,,,ENVIRONMENTAL SCIENCE 12 - CLIMATE CHANGE,,,,,N,,,Y,,,,,,,4
MGRPR11--L,,,GRAPHIC PRODUCTION 11 LINEAR,,,,,N,,,N,,,,,,,4
MIMCB11--L,,,INSTRUMENTAL MUSIC 11: CONCERT BAND LINEAR,,,,,N,,,N,,,,,,,4
MINST12C--,,,CONTEMPORARY INDIGENOUS STUDIES 12 CHALLENGE,,,,,N,,,N,,,,,,,4
MLTST11C--,,,LITERARY STUDIES 11 Challenge,,,,,N,,,N,,,,,,,4
MMACS11---,,,COMPUTER SCIENCE 11,,,,,N,,,Y,,,,,,,4
MPH--11---,,,PHYSICS 11,,,,,N,,,N,,,,,,,4
MPREC11H--,,,PRE-CALCULUS 11 HONOURS,,,,,N,,,N,,,,,,,4
ID,1485,Grade,10,,,,,,,,,,,,,,,
Course,,,,Description,,,Recommended,,,Alternate,,,,Alternate Courses,,,,Credit
MATPH12---,,,ANATOMY AND PHYSIOLOGY 12,,,,,N,,,N,,,,,,,4
MCH--11---,,,CHEMISTRY 11,,,,,N,,,N,,,,,,,4
MCLE-10--L,,,CAREER LIFE EDUCATION 10 Linear,,,,,N,,,N,,,,,,,4
MCMPS11---,,,COMPOSITION 11,,,,,N,,,N,,,,,,,4
MIMG-11---,,,INSTRUMENTAL MUSIC 11: GUITAR,,,,,N,,,Y,,,,,,,4
MPREC11---,,,PRE-CALCULUS 11,,,,,N,,,N,,,,,,,4
MVAPH11---,,,PHOTOGRAPHY 11,,,,,N,,,N,,,,,,,4
YED--1DX-L,,,LEARNING STRATEGIES 11 LINEAR,,,,,N,,,N,,,,,,,4
YLAW-2CX--,,,CRIMINOLOGY 12,,,,,N,,,N,,,,,,,4
ID,1486,Grade,10,,,,,,,,,,,,,,,
Course,,,,Description,,,Recommended,,,Alternate,,,,Alternate Courses,,,,Credit
MCH--11---,,,CHEMISTRY 11,,,,,N,,,N,,,,,,,4
MCH--12---,,,CHEMISTRY 12,,,,,N,,,N,,,,,,,4
MCLE-10---,,,CAREER LIFE EDUCATION 10,,,,,N,,,N,,,,,,,4
MCMPS11---,,,COMPOSITION 11,,,,,N,,,N,,,,,,,4
MFOOD11---,,,FOOD STUDIES 11,,,,,N,,,Y,,,,,,,4
MGRPR11--L,,,GRAPHIC PRODUCTION 11 LINEAR,,,,,N,,,N,,,,,,,4
MLFSC11---,,,LIFE SCIENCES 11,,,,,N,,,N,,,,,,,4
MLST-12---,,,LAW STUDIES 12,,,,,N,,,N,,,,,,,4
MPH--11---,,,PHYSICS 11,,,,,N,,,N,,,,,,,4
MPREC11---,,,PRE-CALCULUS 11,,,,,N,,,N,,,,,,,4
YCPA-1AX-L,,,COMMUNITY LEADERSHIP 11 Linear,,,,,N,,,N,,,,,,,4
YLAW-2CX--,,,CRIMINOLOGY 12,,,,,N,,,Y,,,,,,,4
ID,1487,Grade,10,,,,,,,,,,,,,,,
Course,,,,Description,,,Recommended,,,Alternate,,,,Alternate Courses,,,,Credit
MATPH12---,,,ANATOMY AND PHYSIOLOGY 12,,,,,N,,,Y,,,,,,,4
MCH--11---,,,CHEMISTRY 11,,,,,N,,,N,,,,,,,4
MCLE-10---,,,CAREER LIFE EDUCATION 10,,,,,N,,,N,,,,,,,4
MGRPR11--L,,,GRAPHIC PRODUCTION 11 LINEAR,,,,,N,,,N,,,,,,,4
MIMCB11--L,,,INSTRUMENTAL MUSIC 11: CONCERT BAND LINEAR,,,,,N,,,Y,,,,,,,4
MINST12C--,,,CONTEMPORARY INDIGENOUS STUDIES 12 CHALLENGE,,,,,N,,,N,,,,,,,4
MLST-12---,,,LAW STUDIES 12,,,,,N,,,N,,,,,,,4
MLTST11C--,,,LITERARY STUDIES 11 Challenge,,,,,N,,,N,,,,,,,4
MPH--11---,,,PHYSICS 11,,,,,N,,,N,,,,,,,4
MPREC11---,,,PRE-CALCULUS 11,,,,,N,,,N,,,,,,,4
MTDRF11---,,,DRAFTING 11,,,,,N,,,N,,,,,,,4
YCPA-1AXE-,,,COMMUNITY LEADERSHIP 11,,,,,N,,,N,,,,,,,4
ID,1488,Grade,10,,,,,,,,,,,,,,,
Course,,,,Description,,,Recommended,,,Alternate,,,,Alternate Courses,,,,Credit
MCMPS11---,,,COMPOSITION 11,,,,,N,,,N,,,,,,,4
MEVSC11---,,,ENVIRONMENTAL SCIENCE 11,,,,,N,,,N,,,,,,,4
MFOM-11---,,,FOUNDATIONS OF MATHEMATICS 11,,,,,N,,,N,,,,,,,4
MFOOD11---,,,FOOD STUDIES 11,,,,,N,,,N,,,,,,,4
MFR--10---,,,FRENCH 10,,,,,N,,,Y,,,,,,,4
MLST-12---,,,LAW STUDIES 12,,,,,N,,,N,,,,,,,4
MMAP-11---,,,MARKETING AND PROMOTION 11,,,,,N,,,Y,,,,,,,4
MVAPH11---,,,PHOTOGRAPHY 11,,,,,N,,,N,,,,,,,4
MVAST11---,,,ART STUDIO 11,,,,,N,,,N,,,,,,,4
YPA--1CX--,,,YOGA FOR MINDFULNESS 11,,,,,N,,,N,,,,,,,4
ID,1489,Grade,10,,,,,,,,,,,,,,,
Course,,,,Description,,,Recommended,,,Alternate,,,,Alternate Courses,,,,Credit
MACLV11---,,,ACTIVE LIVING 11,,,,,N,,,N,,,,,,,4
MCLE-10---,,,CAREER LIFE EDUCATION 10,,,,,N,,,N,,,,,,,4
MCMPS11---,,,COMPOSITION 11,,,,,N,,,N,,,,,,,4
MFOOD11---,,,FOOD STUDIES 11,,,,,N,,,N,,,,,,,4
MLFSC11---,,,LIFE SCIENCES 11,,,,,N,,,N,,,,,,,4
MLST-12---,,,LAW STUDIES 12,,,,,N,,,N,,,,,,,4
MPREC11---,,,PRE-CALCULUS 11,,,,,N,,,N,,,,,,,4
YLRA-1AX-L,,,ATHLETIC LEADERSHIP 11 Linear,,,,,N,,,N,,,,,,,4
YPA--1CX--,,,YOGA FOR MINDFULNESS 11,,,,,N,,,N,,,,,,,4
ID,1490,Grade,10,,,,,,,,,,,,,,,
Course,,,,Description,,,Recommended,,,Alternate,,,,Alternate Courses,,,,Credit
MCMPS11---,,,COMPOSITION 11,,,,,N,,,N,,,,,,,4
MDCF-11---,,,DANCE FOUNDATIONS 11,,,,,N,,,N,,,,,,,4
MMUOR11S-L,,,INSTRUMENTAL MUSIC: ORCHESTRA 11 Strings Linear,,,,,N,,,N,,,,,,,4
MVAPH11---,,,PHOTOGRAPHY 11,,,,,N,,,N,,,,,,,4
MVAST11---,,,ART STUDIO 11,,,,,N,,,Y,,,,,,,4
ID,1491,Grade,10,,,,,,,,,,,,,,,
Course,,,,Description,,,Recommended,,,Alternate,,,,Alternate Courses,,,,Credit
MCH--11---,,,CHEMISTRY 11,,,,,N,,,N,,,,,,,4
MCLE-10---,,,CAREER LIFE EDUCATION 10,,,,,N,,,N,,,,,,,4
MCMPS11---,,,COMPOSITION 11,,,,,N,,,N,,,,,,,4
MEPSS11---,,,EXPLORATIONS IN SOCIAL STUDIES 11,,,,,N,,,N,,,,,,,4
MFOOD11---,,,FOOD STUDIES 11,,,,,N,,,Y,,,,,,,4
MLFSC11---,,,LIFE SCIENCES 11,,,,,N,,,N,,,,,,,4
MMEDD11---,,,MEDIA DESIGN 11,,,,,N,,,N,,,,,,,4
MPH--11---,,,PHYSICS 11,,,,,N,,,N,,,,,,,4
MPREC11---,,,PRE-CALCULUS 11,,,,,N,,,N,,,,,,,4
MVAPH11---,,,PHOTOGRAPHY 11,,,,,N,,,Y,,,,,,,4
ID,1492,Grade,10,,,,,,,,,,,,,,,
Course,,,,Description,,,Recommended,,,Alternate,,,,Alternate Courses,,,,Credit
MCMCC11--L,,,CHORAL MUSIC 11: CONCERT CHOIR Linear,,,,,N,,,N,,,,,,,4
MCMPS11---,,,COMPOSITION 11,,,,,N,,,N,,,,,,,4
MDRM-11---,,,DRAMA 11,,,,,N,,,N,,,,,,,4
MMAP-11---,,,MARKETING AND PROMOTION 11,,,,,N,,,N,,,,,,,4
YLAW-2CX--,,,CRIMINOLOGY 12,,,,,N,,,Y,,,,,,,4
YPA--1CX--,,,YOGA FOR MINDFULNESS 11,,,,,N,,,Y,,,,,,,4
YPSYC1AX--,,,PSYCHOLOGY 11,,,,,N,,,N,,,,,,,4
ID,1493,Grade,10,,,,,,,,,,,,,,,
Course,,,,Description,,,Recommended,,,Alternate,,,,Alternate Courses,,,,Credit
MACLV11---,,,ACTIVE LIVING 11,,,,,N,,,N,,,,,,,4
MCH--11---,,,CHEMISTRY 11,,,,,N,,,N,,,,,,,4
MCLE-10---,,,CAREER LIFE EDUCATION 10,,,,,N,,,N,,,,,,,4
MCMPS11---,,,COMPOSITION 11,,,,,N,,,N,,,,,,,4
MEPSS11---,,,EXPLORATIONS IN SOCIAL STUDIES 11,,,,,N,,,N,,,,,,,4
MFOOD11---,,,FOOD STUDIES 11,,,,,N,,,Y,,,,,,,4
MODED11---,,,OUTDOOR EDUCATION 11,,,,,N,,,N,,,,,,,4
MPREC11---,,,PRE-CALCULUS 11,,,,,N,,,N,,,,,,,4
MTAUT11---,,,AUTOMOTIVE TECHNOLOGY 11,,,,,N,,,N,,,,,,,4
ID,1494,Grade,10,,,,,,,,,,,,,,,
Course,,,,Description,,,Recommended,,,Alternate,,,,Alternate Courses,,,,Credit
MATPH12---,,,ANATOMY AND PHYSIOLOGY 12,,,,,N,,,N,,,,,,,4
MCH--11---,,,CHEMISTRY 11,,,,,N,,,N,,,,,,,4
MCH--12---,,,CHEMISTRY 12,,,,,N,,,N,,,,,,,4
MINST12C--,,,CONTEMPORARY INDIGENOUS STUDIES 12 CHALLENGE,,,,,N,,,N,,,,,,,4
MLTST11C--,,,LITERARY STUDIES 11 Challenge,,,,,N,,,N,,,,,,,4
MMACS12---,,,COMPUTER SCIENCE 12,,,,,N,,,Y,,,,,,,4
MPH--11---,,,PHYSICS 11,,,,,N,,,N,,,,,,,4
MPH--12---,,,PHYSICS 12,,,,,N,,,Y,,,,,,,4
MPREC11---,,,PRE-CALCULUS 11,,,,,N,,,N,,,,,,,4
MPREC12---,,,PRE-CALCULUS 12,,,,,N,,,N,,,,,,,4
ID,1495,Grade,10,,,,,,,,,,,,,,,
Course,,,,Description,,,Recommended,,,Alternate,,,,Alternate Courses,,,,Credit
MCH--11---,,,CHEMISTRY 11,,,,,N,,,N,,,,,,,4
MCMPS11---,,,COMPOSITION 11,,,,,N,,,N,,,,,,,4
MEPSS11---,,,EXPLORATIONS IN SOCIAL STUDIES 11,,,,,N,,,N,,,,,,,4
MFOOD11---,,,FOOD STUDIES 11,,,,,N,,,N,,,,,,,4
MLFSC11---,,,LIFE SCIENCES 11,,,,,N,,,N,,,,,,,4
MPH--11---,,,PHYSICS 11,,,,,N,,,N,,,,,,,4
MPREC11---,,,PRE-CALCULUS 11,,,,,N,,,N,,,,,,,4
YCPA-1AX-L,,,COMMUNITY LEADERSHIP 11 Linear,,,,,N,,,N,,,,,,,4
YLAW-2CX--,,,CRIMINOLOGY 12,,,,,N,,,Y,,,,,,,4
YPSYC1AX--,,,PSYCHOLOGY 11,,,,,N,,,N,,,,,,,4
ID,1496,Grade,10,,,,,,,,,,,,,,,
Course,,,,Description,,,Recommended,,,Alternate,,,,Alternate Courses,,,,Credit
MACLV11FB-,,,ACTIVE LIVING 11 Football,,,,,N,,,N,,,,,,,4
MCLE-10---,,,CAREER LIFE EDUCATION 10,,,,,N,,,N,,,,,,,4
MCMPS11---,,,COMPOSITION 11,,,,,N,,,N,,,,,,,4
MEVSC11---,,,ENVIRONMENTAL SCIENCE 11,,,,,N,,,N,,,,,,,4
MFOOD11---,,,FOOD STUDIES 11,,,,,N,,,Y,,,,,,,4
MINST12---,,,CONTEMPORARY INDIGENOUS STUDIES 12,,,,,N,,,N,,,,,,,4
MTAUT11---,,,AUTOMOTIVE TECHNOLOGY 11,,,,,N,,,N,,,,,,,4
MWPM-11---,,,WORKPLACE MATHEMATICS 11,,,,,N,,,N,,,,,,,4
MWWK-11---,,,WOODWORK 11,,,,,N,,,Y,,,,,,,4
YHRA-1AX--,,,CROSS TRAINING 11,,,,,N,,,N,,,,,,,4
ID,1497,Grade,10,,,,,,,,,,,,,,,
Course,,,,Description,,,Recommended,,,Alternate,,,,Alternate Courses,,,,Credit
MCLE-10---,,,CAREER LIFE EDUCATION 10,,,,,N,,,N,,,,,,,4
MCMPS11---,,,COMPOSITION 11,,,,,N,,,N,,,,,,,4
MINST12---,,,CONTEMPORARY INDIGENOUS STUDIES 12,,,,,N,,,N,,,,,,,4
MLFSC11---,,,LIFE SCIENCES 11,,,,,N,,,N,,,,,,,4
MSP--11---,,,SPANISH 11,,,,,N,,,N,,,,,,,4
MTAUT11---,,,AUTOMOTIVE TECHNOLOGY 11,,,,,N,,,N,,,,,,,4
MWPM-11---,,,WORKPLACE MATHEMATICS 11,,,,,N,,,N,,,,,,,4
MWWK-11---,,,WOODWORK 11,,,,,N,,,N,,,,,,,4
ID,1498,Grade,10,,,,,,,,,,,,,,,
Course,,,,Description,,,Recommended,,,Alternate,,,,Alternate Courses,,,,Credit
MCMPS11---,,,COMPOSITION 11,,,,,N,,,N,,,,,,,4
MEPSS11---,,,EXPLORATIONS IN SOCIAL STUDIES 11,,,,,N,,,N,,,,,,,4
MFOM-11---,,,FOUNDATIONS OF MATHEMATICS 11,,,,,N,,,N,,,,,,,4
MLFSC11---,,,LIFE SCIENCES 11,,,,,N,,,N,,,,,,,4
ID,1499,Grade,10,,,,,,,,,,,,,,,
Course,,,,Description,,,Recommended,,,Alternate,,,,Alternate Courses,,,,Credit
ASTA-12---,,,AP STATISTICS 12,,,,,N,,,N,,,,,,,4
MCH--11---,,,CHEMISTRY 11,,,,,N,,,N,,,,,,,4
MCLE-10---,,,CAREER LIFE EDUCATION 10,,,,,N,,,N,,,,,,,4
MENR-11---,,,ENGINEERING 11,,,,,N,,,Y,,,,,,,4
MINST12C--,,,CONTEMPORARY INDIGENOUS STUDIES 12 CHALLENGE,,,,,N,,,N,,,,,,,4
MLTST11C--,,,LITERARY STUDIES 11 Challenge,,,,,N,,,N,,,,,,,4
MMACS12---,,,COMPUTER SCIENCE 12,,,,,N,,,N,,,,,,,4
MPH--11---,,,PHYSICS 11,,,,,N,,,N,,,,,,,4
MPREC11---,,,PRE-CALCULUS 11,,,,,N,,,N,,,,,,,4
MTROB11--L,,,ROBOTICS 11 LINEAR,,,,,N,,,N,,,,,,,4
YED--1EX-L,,,PEER TUTORING 11 LINEAR,,,,,N,,,N,,,,,,,4
ID,1500,Grade,10,,,,,,,,,,,,,,,
Course,,,,Description,,,Recommended,,,Alternate,,,,Alternate Courses,,,,Credit
MCLE-10---,,,CAREER LIFE EDUCATION 10,,,,,N,,,N,,,,,,,4
MCMCC11--L,,,CHORAL MUSIC 11: CONCERT CHOIR Linear,,,,,N,,,N,,,,,,,4
MCMPS11---,,,COMPOSITION 11,,,,,N,,,N,,,,,,,4
MDNC-11--L,,,DANCE 11: CHOREOGRAPHY Linear,,,,,N,,,N,,,,,,,4
MDNCM11--L,,,DANCE COMPANY 11 Linear,,,,,N,,,N,,,,,,,4
MDNTP11---,,,DANCE TECHNIQUE AND PERFORMANCE 11,,,,,N,,,N,,,,,,,4
MDRM-11---,,,DRAMA 11,,,,,N,,,N,,,,,,,4
MEPSS11---,,,EXPLORATIONS IN SOCIAL STUDIES 11,,,,,N,,,N,,,,,,,4
MEVSC11---,,,ENVIRONMENTAL SCIENCE 11,,,,,N,,,N,,,,,,,4
MVAPH11---,,,PHOTOGRAPHY 11,,,,,N,,,N,,,,,,,4
MWPM-11---,,,WORKPLACE MATHEMATICS 11,,,,,N,,,N,,,,,,,4
ID,1501,Grade,10,,,,,,,,,,,,,,,
Course,,,,Description,,,Recommended,,,Alternate,,,,Alternate Courses,,,,Credit
MCMPS11---,,,COMPOSITION 11,,,,,N,,,N,,,,,,,4
MEPSS11---,,,EXPLORATIONS IN SOCIAL STUDIES 11,,,,,N,,,N,,,,,,,4
MEVSC11---,,,ENVIRONMENTAL SCIENCE 11,,,,,N,,,N,,,,,,,4
MFOOD11---,,,FOOD STUDIES 11,,,,,N,,,N,,,,,,,4
MPGEO12---,,,PHYSICAL GEOGRAPHY 12,,,,,N,,,Y,,,,,,,4
MTAUT11---,,,AUTOMOTIVE TECHNOLOGY 11,,,,,N,,,N,,,,,,,4
MWPM-11---,,,WORKPLACE MATHEMATICS 11,,,,,N,,,N,,,,,,,4
MWWK-11---,,,WOODWORK 11,,,,,N,,,N,,,,,,,4
YLAW-2CX--,,,CRIMINOLOGY 12,,,,,N,,,N,,,,,,,4
ID,1502,Grade,10,,,,,,,,,,,,,,,
Course,,,,Description,,,Recommended,,,Alternate,,,,Alternate Courses,,,,Credit
MACLV11---,,,ACTIVE LIVING 11,,,,,N,,,N,,,,,,,4
MCH--11---,,,CHEMISTRY 11,,,,,N,,,N,,,,,,,4
MCLE-10---,,,CAREER LIFE EDUCATION 10,,,,,N,,,N,,,,,,,4
MFOOD11---,,,FOOD STUDIES 11,,,,,N,,,Y,,,,,,,4
MINST12C--,,,CONTEMPORARY INDIGENOUS STUDIES 12 CHALLENGE,,,,,N,,,N,,,,,,,4
MLFSC11---,,,LIFE SCIENCES 11,,,,,N,,,Y,,,,,,,4
MLST-12---,,,LAW STUDIES 12,,,,,N,,,N,,,,,,,4
MLTST11C--,,,LITERARY STUDIES 11 Challenge,,,,,N,,,N,,,,,,,4
MPH--11---,,,PHYSICS 11,,,,,N,,,N,,,,,,,4
MPREC11---,,,PRE-CALCULUS 11,,,,,N,,,N,,,,,,,4
YLRA-1AX-L,,,ATHLETIC LEADERSHIP 11 Linear,,,,,N,,,N,,,,,,,4
ID,1503,Grade,10,,,,,,,,,,,,,,,
Course,,,,Description,,,Recommended,,,Alternate,,,,Alternate Courses,,,,Credit
MACC-12---,,,ACCOUNTING 12,,,,,N,,,Y,,,,,,,4
MATPH12---,,,ANATOMY AND PHYSIOLOGY 12,,,,,N,,,N,,,,,,,4
MCH--11---,,,CHEMISTRY 11,,,,,N,,,N,,,,,,,4
MCLE-10---,,,CAREER LIFE EDUCATION 10,,,,,N,,,N,,,,,,,4
MIMCB11--L,,,INSTRUMENTAL MUSIC 11: CONCERT BAND LINEAR,,,,,N,,,Y,,,,,,,4
MIMJB11--L,,,INSTRUMENTAL MUSIC 11: JAZZ BAND LINEAR,,,,,N,,,Y,,,,,,,4
MINST12C--,,,CONTEMPORARY INDIGENOUS STUDIES 12 CHALLENGE,,,,,N,,,N,,,,,,,4
MLTST11C--,,,LITERARY STUDIES 11 Challenge,,,,,N,,,N,,,,,,,4
MMUOR11S-L,,,INSTRUMENTAL MUSIC: ORCHESTRA 11 Strings Linear,,,,,N,,,N,,,,,,,4
MPH--11---,,,PHYSICS 11,,,,,N,,,N,,,,,,,4
MPREC11H--,,,PRE-CALCULUS 11 HONOURS,,,,,N,,,N,,,,,,,4
MTDRF11---,,,DRAFTING 11,,,,,N,,,N,,,,,,,4
YCPA-1AXE-,,,COMMUNITY LEADERSHIP 11,,,,,N,,,N,,,,,,,4
ID,1504,Grade,10,,,,,,,,,,,,,,,
Course,,,,Description,,,Recommended,,,Alternate,,,,Alternate Courses,,,,Credit
MCH--11---,,,CHEMISTRY 11,,,,,N,,,N,,,,,,,4
MCMPS11---,,,COMPOSITION 11,,,,,N,,,N,,,,,,,4
MENR-11---,,,ENGINEERING 11,,,,,N,,,Y,,,,,,,4
MEPSS11---,,,EXPLORATIONS IN SOCIAL STUDIES 11,,,,,N,,,N,,,,,,,4
MODED11---,,,OUTDOOR EDUCATION 11,,,,,N,,,Y,,,,,,,4
MPH--11---,,,PHYSICS 11,,,,,N,,,N,,,,,,,4
MPREC11---,,,PRE-CALCULUS 11,,,,,N,,,N,,,,,,,4
MTXT-11---,,,TEXTILES 11,,,,,N,,,N,,,,,,,4
YLAW-2CX--,,,CRIMINOLOGY 12,,,,,N,,,N,,,,,,,4
YPSYC1AX--,,,PSYCHOLOGY 11,,,,,N,,,N,,,,,,,4
ID,1505,Grade,10,,,,,,,,,,,,,,,
Course,,,,Description,,,Recommended,,,Alternate,,,,Alternate Courses,,,,Credit
MCH--11---,,,CHEMISTRY 11,,,,,N,,,N,,,,,,,4
MCLE-10---,,,CAREER LIFE EDUCATION 10,,,,,N,,,N,,,,,,,4
MCMPS11---,,,COMPOSITION 11,,,,,N,,,N,,,,,,,4
MEPSS11---,,,EXPLORATIONS IN SOCIAL STUDIES 11,,,,,N,,,N,,,,,,,4
MFOM-11---,,,FOUNDATIONS OF MATHEMATICS 11,,,,,N,,,N,,,,,,,4
MFOOD11---,,,FOOD STUDIES 11,,,,,N,,,N,,,,,,,4
MLFSC11---,,,LIFE SCIENCES 11,,,,,N,,,N,,,,,,,4
MVAST11---,,,ART STUDIO 11,,,,,N,,,N,,,,,,,4
ID,1506,Grade,10,,,,,,,,,,,,,,,
Course,,,,Description,,,Recommended,,,Alternate,,,,Alternate Courses,,,,Credit
MCH--11---,,,CHEMISTRY 11,,,,,N,,,N,,,,,,,4
MCLE-10--L,,,CAREER LIFE EDUCATION 10 Linear,,,,,N,,,N,,,,,,,4
MCMCL12---,,,COMPARATIVE CULTURES 12,,,,,N,,,Y,,,,,,,4
MIMCB11--L,,,INSTRUMENTAL MUSIC 11: CONCERT BAND LINEAR,,,,,N,,,N,,,,,,,4
MIMJB11--L,,,INSTRUMENTAL MUSIC 11: JAZZ BAND LINEAR,,,,,N,,,N,,,,,,,4
MINST12C--,,,CONTEMPORARY INDIGENOUS STUDIES 12 CHALLENGE,,,,,N,,,N,,,,,,,4
MLFSC11---,,,LIFE SCIENCES 11,,,,,N,,,N,,,,,,,4
MLTST11C--,,,LITERARY STUDIES 11 Challenge,,,,,N,,,N,,,,,,,4
MMACS11---,,,COMPUTER SCIENCE 11,,,,,N,,,N,,,,,,,4
MMEDD11---,,,MEDIA DESIGN 11,,,,,N,,,Y,,,,,,,4
MPREC11H--,,,PRE-CALCULUS 11 HONOURS,,,,,N,,,N,,,,,,,4
YCPA-1AXE-,,,COMMUNITY LEADERSHIP 11,,,,,N,,,N,,,,,,,4
ID,1507,Grade,10,,,,,,,,,,,,,,,
Course,,,,Description,,,Recommended,,,Alternate,,,,Alternate Courses,,,,Credit
MATPH12---,,,ANATOMY AND PHYSIOLOGY 12,,,,,N,,,N,,,,,,,4
MCALC12---,,,CALCULUS 12,,,,,N,,,N,,,,,,,4
MCH--11---,,,CHEMISTRY 11,,,,,N,,,N,,,,,,,4
MCH--12---,,,CHEMISTRY 12,,,,,N,,,N,,,,,,,4
MINST12C--,,,CONTEMPORARY INDIGENOUS STUDIES 12 CHALLENGE,,,,,N,,,N,,,,,,,4
MLTST11C--,,,LITERARY STUDIES 11 Challenge,,,,,N,,,N,,,,,,,4
MPH--11---,,,PHYSICS 11,,,,,N,,,N,,,,,,,4
MPH--12---,,,PHYSICS 12,,,,,N,,,Y,,,,,,,4
MPREC12---,,,PRE-CALCULUS 12,,,,,N,,,N,,,,,,,4
ID,1508,Grade,10,,,,,,,,,,,,,,,
Course,,,,Description,,,Recommended,,,Alternate,,,,Alternate Courses,,,,Credit
MATPH12---,,,ANATOMY AND PHYSIOLOGY 12,,,,,N,,,N,,,,,,,4
MCH--11---,,,CHEMISTRY 11,,,,,N,,,N,,,,,,,4
MCLE-10---,,,CAREER LIFE EDUCATION 10,,,,,N,,,N,,,,,,,4
MFOOD11---,,,FOOD STUDIES 11,,,,,N,,,Y,,,,,,,4
MINST12C--,,,CONTEMPORARY INDIGENOUS STUDIES 12 CHALLENGE,,,,,N,,,N,,,,,,,4
MLTST11C--,,,LITERARY STUDIES 11 Challenge,,,,,N,,,N,,,,,,,4
MPH--11---,,,PHYSICS 11,,,,,N,,,N,,,,,,,4
MPREC11---,,,PRE-CALCULUS 11,,,,,N,,,N,,,,,,,4
MSP--11---,,,SPANISH 11,,,,,N,,,Y,,,,,,,4
YLAW-2CX--,,,CRIMINOLOGY 12,,,,,N,,,N,,,,,,,4
ID,1509,Grade,10,,,,,,,,,,,,,,,
Course,,,,Description,,,Recommended,,,Alternate,,,,Alternate Courses,,,,Credit
MACLV11G--,,,ACTIVE LIVING 11 Girls,,,,,N,,,N,,,,,,,4
MCH--11---,,,CHEMISTRY 11,,,,,N,,,Y,,,,,,,4
MCMPS11---,,,COMPOSITION 11,,,,,N,,,N,,,,,,,4
MEVSC11---,,,ENVIRONMENTAL SCIENCE 11,,,,,N,,,N,,,,,,,4
MEVSC12C--,,,ENVIRONMENTAL SCIENCE 12 - CLIMATE CHANGE,,,,,N,,,N,,,,,,,4
MINST12---,,,CONTEMPORARY INDIGENOUS STUDIES 12,,,,,N,,,N,,,,,,,4
MLFSC11---,,,LIFE SCIENCES 11,,,,,N,,,Y,,,,,,,4
MPGEO12---,,,PHYSICAL GEOGRAPHY 12,,,,,N,,,N,,,,,,,4
MPREC11---,,,PRE-CALCULUS 11,,,,,N,,,N,,,,,,,4
YPSYC1AX--,,,PSYCHOLOGY 11,,,,,N,,,N,,,,,,,4
ID,1510,Grade,10,,,,,,,,,,,,,,,
Course,,,,Description,,,Recommended,,,Alternate,,,,Alternate Courses,,,,Credit
MCH--11---,,,CHEMISTRY 11,,,,,N,,,N,,,,,,,4
MCLE-10---,,,CAREER LIFE EDUCATION 10,,,,,N,,,N,,,,,,,4
MCMPS11---,,,COMPOSITION 11,,,,,N,,,N,,,,,,,4
MFOM-11---,,,FOUNDATIONS OF MATHEMATICS 11,,,,,N,,,N,,,,,,,4
MFOOD11---,,,FOOD STUDIES 11,,,,,N,,,N,,,,,,,4
MLFSC11---,,,LIFE SCIENCES 11,,,,,N,,,N,,,,,,,4
MMAP-11---,,,MARKETING AND PROMOTION 11,,,,,N,,,Y,,,,,,,4
MSJ--12---,,,SOCIAL JUSTICE 12,,,,,N,,,N,,,,,,,4
MVAPH11---,,,PHOTOGRAPHY 11,,,,,N,,,Y,,,,,,,4
YLRA-1AX-L,,,ATHLETIC LEADERSHIP 11 Linear,,,,,N,,,N,,,,,,,4
YPA--1CX--,,,YOGA FOR MINDFULNESS 11,,,,,N,,,N,,,,,,,4
ID,1511,Grade,10,,,,,,,,,,,,,,,
Course,,,,Description,,,Recommended,,,Alternate,,,,Alternate Courses,,,,Credit
MACLV11G--,,,ACTIVE LIVING 11 Girls,,,,,N,,,N,,,,,,,4
MCLE-10--L,,,CAREER LIFE EDUCATION 10 Linear,,,,,N,,,N,,,,,,,4
MCMPS11---,,,COMPOSITION 11,,,,,N,,,N,,,,,,,4
MEPSS11---,,,EXPLORATIONS IN SOCIAL STUDIES 11,,,,,N,,,N,,,,,,,4
MFOM-11---,,,FOUNDATIONS OF MATHEMATICS 11,,,,,N,,,N,,,,,,,4
MIMCB11--L,,,INSTRUMENTAL MUSIC 11: CONCERT BAND LINEAR,,,,,N,,,N,,,,,,,4
MMAP-11---,,,MARKETING AND PROMOTION 11,,,,,N,,,Y,,,,,,,4
MODED11---,,,OUTDOOR EDUCATION 11,,,,,N,,,N,,,,,,,4
MVAPH11---,,,PHOTOGRAPHY 11,,,,,N,,,N,,,,,,,4
ID,1512,Grade,10,,,,,,,,,,,,,,,
Course,,,,Description,,,Recommended,,,Alternate,,,,Alternate Courses,,,,Credit
MCH--11---,,,CHEMISTRY 11,,,,,N,,,N,,,,,,,4
MCLE-10---,,,CAREER LIFE EDUCATION 10,,,,,N,,,N,,,,,,,4
MCMPS11---,,,COMPOSITION 11,,,,,N,,,N,,,,,,,4
MEC--12---,,,ECONOMICS 12,,,,,N,,,Y,,,,,,,4
MEPSS11---,,,EXPLORATIONS IN SOCIAL STUDIES 11,,,,,N,,,N,,,,,,,4
MLFSC11---,,,LIFE SCIENCES 11,,,,,N,,,N,,,,,,,4
MPH--11---,,,PHYSICS 11,,,,,N,,,N,,,,,,,4
MPREC11---,,,PRE-CALCULUS 11,,,,,N,,,N,,,,,,,4
YED--1DX--,,,LEARNING STRATEGIES 11,,,,,N,,,Y,,,,,,,4
ID,1513,Grade,10,,,,,,,,,,,,,,,
Course,,,,Description,,,Recommended,,,Alternate,,,,Alternate Courses,,,,Credit
MCH--11---,,,CHEMISTRY 11,,,,,N,,,N,,,,,,,4
MCLE-10---,,,CAREER LIFE EDUCATION 10,,,,,N,,,N,,,,,,,4
MFOOD11---,,,FOOD STUDIES 11,,,,,N,,,Y,,,,,,,4
MIMCB11--L,,,INSTRUMENTAL MUSIC 11: CONCERT BAND LINEAR,,,,,N,,,Y,,,,,,,4
MINST12C--,,,CONTEMPORARY INDIGENOUS STUDIES 12 CHALLENGE,,,,,N,,,N,,,,,,,4
MLTST11C--,,,LITERARY STUDIES 11 Challenge,,,,,N,,,N,,,,,,,4
MPH--11---,,,PHYSICS 11,,,,,N,,,N,,,,,,,4
MPREC11---,,,PRE-CALCULUS 11,,,,,N,,,N,,,,,,,4
MVAST11---,,,ART STUDIO 11,,,,,N,,,N,,,,,,,4
YLAW-2CX--,,,CRIMINOLOGY 12,,,,,N,,,N,,,,,,,4
ID,1514,Grade,10,,,,,,,,,,,,,,,
Course,,,,Description,,,Recommended,,,Alternate,,,,Alternate Courses,,,,Credit
MACLV11FB-,,,ACTIVE LIVING 11 Football,,,,,N,,,N,,,,,,,4
MBSP-11---,,,INTRODUCTORY SPANISH 11,,,,,N,,,N,,,,,,,4
MCLE-10---,,,CAREER LIFE EDUCATION 10,,,,,N,,,N,,,,,,,4
MCMPS11---,,,COMPOSITION 11,,,,,N,,,N,,,,,,,4
MEPSS11---,,,EXPLORATIONS IN SOCIAL STUDIES 11,,,,,N,,,N,,,,,,,4
MEVSC11---,,,ENVIRONMENTAL SCIENCE 11,,,,,N,,,N,,,,,,,4
MVAPH11---,,,PHOTOGRAPHY 11,,,,,N,,,Y,,,,,,,4
MWPM-11---,,,WORKPLACE MATHEMATICS 11,,,,,N,,,N,,,,,,,4
YHRA-1AX--,,,CROSS TRAINING 11,,,,,N,,,N,,,,,,,4
ID,1515,Grade,10,,,,,,,,,,,,,,,
Course,,,,Description,,,Recommended,,,Alternate,,,,Alternate Courses,,,,Credit
MCLE-10---,,,CAREER LIFE EDUCATION 10,,,,,N,,,N,,,,,,,4
MCMPS11---,,,COMPOSITION 11,,,,,N,,,N,,,,,,,4
MEFWR10---,,,EFP WRITING 10,,,,,N,,,N,,,,,,,2
MEVSC11---,,,ENVIRONMENTAL SCIENCE 11,,,,,N,,,N,,,,,,,4
MFOOD11---,,,FOOD STUDIES 11,,,,,N,,,N,,,,,,,4
MSS--10---,,,SOCIAL STUDIES 10,,,,,N,,,N,,,,,,,4
MTAUT11---,,,AUTOMOTIVE TECHNOLOGY 11,,,,,N,,,N,,,,,,,4
MVAPH11---,,,PHOTOGRAPHY 11,,,,,N,,,Y,,,,,,,4
MWPM-11---,,,WORKPLACE MATHEMATICS 11,,,,,N,,,N,,,,,,,4
YPA--1CX--,,,YOGA FOR MINDFULNESS 11,,,,,N,,,Y,,,,,,,4
ID,1516,Grade,10,,,,,,,,,,,,,,,
Course,,,,Description,,,Recommended,,,Alternate,,,,Alternate Courses,,,,Credit
ASTA-12---,,,AP STATISTICS 12,,,,,N,,,N,,,,,,,4
MCH--11---,,,CHEMISTRY 11,,,,,N,,,N,,,,,,,4
MCMCC11--L,,,CHORAL MUSIC 11: CONCERT CHOIR Linear,,,,,N,,,N,,,,,,,4
MDRM-11---,,,DRAMA 11,,,,,N,,,N,,,,,,,4
MINST12C--,,,CONTEMPORARY INDIGENOUS STUDIES 12 CHALLENGE,,,,,N,,,N,,,,,,,4
MLFSC11---,,,LIFE SCIENCES 11,,,,,N,,,N,,,,,,,4
MLTST11C--,,,LITERARY STUDIES 11 Challenge,,,,,N,,,N,,,,,,,4
MMUOR11S-L,,,INSTRUMENTAL MUSIC: ORCHESTRA 11 Strings Linear,,,,,N,,,N,,,,,,,4
MODED11---,,,OUTDOOR EDUCATION 11,,,,,N,,,Y,,,,,,,4
MPH--11---,,,PHYSICS 11,,,,,N,,,N,,,,,,,4
MPREC11H--,,,PRE-CALCULUS 11 HONOURS,,,,,N,,,N,,,,,,,4
MTXT-11---,,,TEXTILES 11,,,,,N,,,Y,,,,,,,4
YCPA-1AXE-,,,COMMUNITY LEADERSHIP 11,,,,,N,,,N,,,,,,,4
ID,1517,Grade,10,,,,,,,,,,,,,,,
Course,,,,Description,,,Recommended,,,Alternate,,,,Alternate Courses,,,,Credit
ASTA-12---,,,AP STATISTICS 12,,,,,N,,,N,,,,,,,4
MCH--11---,,,CHEMISTRY 11,,,,,N,,,N,,,,,,,4
MCLE-10---,,,CAREER LIFE EDUCATION 10,,,,,N,,,N,,,,,,,4
MDMD-12D--,,,3D ANIMATION 12,,,,,N,,,Y,,,,,,,4
MEC--12---,,,ECONOMICS 12,,,,,N,,,Y,,,,,,,4
MINST12C--,,,CONTEMPORARY INDIGENOUS STUDIES 12 CHALLENGE,,,,,N,,,N,,,,,,,4
MLTST11C--,,,LITERARY STUDIES 11 Challenge,,,,,N,,,N,,,,,,,4
MMACS11---,,,COMPUTER SCIENCE 11,,,,,N,,,N,,,,,,,4
MPH--11---,,,PHYSICS 11,,,,,N,,,N,,,,,,,4
MPREC11H--,,,PRE-CALCULUS 11 HONOURS,,,,,N,,,N,,,,,,,4
YCPA-1AXE-,,,COMMUNITY LEADERSHIP 11,,,,,N,,,N,,,,,,,4
ID,1518,Grade,10,,,,,,,,,,,,,,,
Course,,,,Description,,,Recommended,,,Alternate,,,,Alternate Courses,,,,Credit
MCLE-10---,,,CAREER LIFE EDUCATION 10,,,,,N,,,N,,,,,,,4
MCMPS11---,,,COMPOSITION 11,,,,,N,,,N,,,,,,,4
MEVSC11---,,,ENVIRONMENTAL SCIENCE 11,,,,,N,,,N,,,,,,,4
MFOOD11---,,,FOOD STUDIES 11,,,,,N,,,N,,,,,,,4
MVAPH11---,,,PHOTOGRAPHY 11,,,,,N,,,Y,,,,,,,4
MWH--12---,,,20th CENTURY WORLD HISTORY 12,,,,,N,,,N,,,,,,,4
MWPM-11---,,,WORKPLACE MATHEMATICS 11,,,,,N,,,N,,,,,,,4
YLAW-2CX--,,,CRIMINOLOGY 12,,,,,N,,,N,,,,,,,4
YPSYC1AX--,,,PSYCHOLOGY 11,,,,,N,,,N,,,,,,,4
ID,1519,Grade,10,,,,,,,,,,,,,,,
Course,,,,Description,,,Recommended,,,Alternate,,,,Alternate Courses,,,,Credit
MCMPS11---,,,COMPOSITION 11,,,,,N,,,N,,,,,,,4
MEPSS11---,,,EXPLORATIONS IN SOCIAL STUDIES 11,,,,,N,,,N,,,,,,,4
MFOM-11---,,,FOUNDATIONS OF MATHEMATICS 11,,,,,N,,,N,,,,,,,4
MLFSC11---,,,LIFE SCIENCES 11,,,,,N,,,N,,,,,,,4
ID,1520,Grade,10,,,,,,,,,,,,,,,
Course,,,,Description,,,Recommended,,,Alternate,,,,Alternate Courses,,,,Credit
MCMPS11---,,,COMPOSITION 11,,,,,N,,,N,,,,,,,4
MEPSS11---,,,EXPLORATIONS IN SOCIAL STUDIES 11,,,,,N,,,N,,,,,,,4
MFOM-11---,,,FOUNDATIONS OF MATHEMATICS 11,,,,,N,,,N,,,,,,,4
MLFSC11---,,,LIFE SCIENCES 11,,,,,N,,,N,,,,,,,4
ID,1521,Grade,10,,,,,,,,,,,,,,,
Course,,,,Description,,,Recommended,,,Alternate,,,,Alternate Courses,,,,Credit
MCH--11---,,,CHEMISTRY 11,,,,,N,,,Y,,,,,,,4
MCLE-10---,,,CAREER LIFE EDUCATION 10,,,,,N,,,N,,,,,,,4
MCMPS11---,,,COMPOSITION 11,,,,,N,,,N,,,,,,,4
MFOM-11---,,,FOUNDATIONS OF MATHEMATICS 11,,,,,N,,,N,,,,,,,4
MFOOD11---,,,FOOD STUDIES 11,,,,,N,,,Y,,,,,,,4
MINST12---,,,CONTEMPORARY INDIGENOUS STUDIES 12,,,,,N,,,N,,,,,,,4
MLFSC11---,,,LIFE SCIENCES 11,,,,,N,,,N,,,,,,,4
MSP--11---,,,SPANISH 11,,,,,N,,,N,,,,,,,4
MTXT-11---,,,TEXTILES 11,,,,,N,,,N,,,,,,,4
MVAPH11---,,,PHOTOGRAPHY 11,,,,,N,,,Y,,,,,,,4
YLAW-2CX--,,,CRIMINOLOGY 12,,,,,N,,,N,,,,,,,4
YPSYC1AX--,,,PSYCHOLOGY 11,,,,,N,,,Y,,,,,,,4
ID,1522,Grade,10,,,,,,,,,,,,,,,
Course,,,,Description,,,Recommended,,,Alternate,,,,Alternate Courses,,,,Credit
ACSC-2A---,,,AP COMPUTER SCIENCE A 12,,,,,N,,,N,,,,,,,4
MCH--11---,,,CHEMISTRY 11,,,,,N,,,N,,,,,,,4
MCLE-10---,,,CAREER LIFE EDUCATION 10,,,,,N,,,N,,,,,,,4
MGRPR11--L,,,GRAPHIC PRODUCTION 11 LINEAR,,,,,N,,,N,,,,,,,4
MINST12C--,,,CONTEMPORARY INDIGENOUS STUDIES 12 CHALLENGE,,,,,N,,,N,,,,,,,4
MLTST11C--,,,LITERARY STUDIES 11 Challenge,,,,,N,,,N,,,,,,,4
MMACS12---,,,COMPUTER SCIENCE 12,,,,,N,,,N,,,,,,,4
MPH--11---,,,PHYSICS 11,,,,,N,,,N,,,,,,,4
MPREC11---,,,PRE-CALCULUS 11,,,,,N,,,N,,,,,,,4
YCPA-1AX-L,,,COMMUNITY LEADERSHIP 11 Linear,,,,,N,,,N,,,,,,,4
YLRA-1AX-L,,,ATHLETIC LEADERSHIP 11 Linear,,,,,N,,,N,,,,,,,4
ID,1523,Grade,10,,,,,,,,,,,,,,,
Course,,,,Description,,,Recommended,,,Alternate,,,,Alternate Courses,,,,Credit
MBSP-11---,,,INTRODUCTORY SPANISH 11,,,,,N,,,N,,,,,,,4
MCH--11---,,,CHEMISTRY 11,,,,,N,,,N,,,,,,,4
MCMPS11---,,,COMPOSITION 11,,,,,N,,,N,,,,,,,4
MLST-12---,,,LAW STUDIES 12,,,,,N,,,N,,,,,,,4
MMACS11---,,,COMPUTER SCIENCE 11,,,,,N,,,N,,,,,,,4
MPH--11---,,,PHYSICS 11,,,,,N,,,N,,,,,,,4
MPREC11---,,,PRE-CALCULUS 11,,,,,N,,,N,,,,,,,4
MPREC12---,,,PRE-CALCULUS 12,,,,,N,,,N,,,,,,,4
ID,1524,Grade,10,,,,,,,,,,,,,,,
Course,,,,Description,,,Recommended,,,Alternate,,,,Alternate Courses,,,,Credit
MAC--11---,,,ACCOUNTING 11,,,,,N,,,N,,,,,,,4
MCLE-10--L,,,CAREER LIFE EDUCATION 10 Linear,,,,,N,,,N,,,,,,,4
MCMPS11---,,,COMPOSITION 11,,,,,N,,,N,,,,,,,4
MENR-11---,,,ENGINEERING 11,,,,,N,,,Y,,,,,,,4
MIMCB11--L,,,INSTRUMENTAL MUSIC 11: CONCERT BAND LINEAR,,,,,N,,,N,,,,,,,4
MIMJB11--L,,,INSTRUMENTAL MUSIC 11: JAZZ BAND LINEAR,,,,,N,,,N,,,,,,,4
MLST-12---,,,LAW STUDIES 12,,,,,N,,,N,,,,,,,4
MPH--11---,,,PHYSICS 11,,,,,N,,,N,,,,,,,4
MPREC11---,,,PRE-CALCULUS 11,,,,,N,,,N,,,,,,,4
MSP--11---,,,SPANISH 11,,,,,N,,,N,,,,,,,4
YLRA-1AX-L,,,ATHLETIC LEADERSHIP 11 Linear,,,,,N,,,N,,,,,,,4
YPSYC1AX--,,,PSYCHOLOGY 11,,,,,N,,,Y,,,,,,,4
ID,1525,Grade,10,,,,,,,,,,,,,,,
Course,,,,Description,,,Recommended,,,Alternate,,,,Alternate Courses,,,,Credit
MCH--11---,,,CHEMISTRY 11,,,,,N,,,N,,,,,,,4
MCLE-10--L,,,CAREER LIFE EDUCATION 10 Linear,,,,,N,,,N,,,,,,,4
MCMPS11---,,,COMPOSITION 11,,,,,N,,,N,,,,,,,4
MENR-11---,,,ENGINEERING 11,,,,,N,,,Y,,,,,,,4
MIMCB11--L,,,INSTRUMENTAL MUSIC 11: CONCERT BAND LINEAR,,,,,N,,,N,,,,,,,4
MODED11---,,,OUTDOOR EDUCATION 11,,,,,N,,,Y,,,,,,,4
MPGEO12---,,,PHYSICAL GEOGRAPHY 12,,,,,N,,,N,,,,,,,4
MPH--11---,,,PHYSICS 11,,,,,N,,,N,,,,,,,4
MPREC11---,,,PRE-CALCULUS 11,,,,,N,,,N,,,,,,,4
MPREC12---,,,PRE-CALCULUS 12,,,,,N,,,N,,,,,,,4
ID,1526,Grade,10,,,,,,,,,,,,,,,
Course,,,,Description,,,Recommended,,,Alternate,,,,Alternate Courses,,,,Credit
MACLV11---,,,ACTIVE LIVING 11,,,,,N,,,N,,,,,,,4
MCH--11---,,,CHEMISTRY 11,,,,,N,,,N,,,,,,,4
MCLE-10--L,,,CAREER LIFE EDUCATION 10 Linear,,,,,N,,,N,,,,,,,4
MCMPS11---,,,COMPOSITION 11,,,,,N,,,N,,,,,,,4
MEC--12---,,,ECONOMICS 12,,,,,N,,,Y,,,,,,,4
MIMCB11--L,,,INSTRUMENTAL MUSIC 11: CONCERT BAND LINEAR,,,,,N,,,N,,,,,,,4
MIMJB11--L,,,INSTRUMENTAL MUSIC 11: JAZZ BAND LINEAR,,,,,N,,,Y,,,,,,,4
MLST-12---,,,LAW STUDIES 12,,,,,N,,,N,,,,,,,4
MPH--11---,,,PHYSICS 11,,,,,N,,,N,,,,,,,4
MPREC12---,,,PRE-CALCULUS 12,,,,,N,,,N,,,,,,,4
MTAUT11---,,,AUTOMOTIVE TECHNOLOGY 11,,,,,N,,,Y,,,,,,,4
YLRA-1AX-L,,,ATHLETIC LEADERSHIP 11 Linear,,,,,N,,,N,,,,,,,4
ID,1527,Grade,10,,,,,,,,,,,,,,,
Course,,,,Description,,,Recommended,,,Alternate,,,,Alternate Courses,,,,Credit
MAC--11---,,,ACCOUNTING 11,,,,,N,,,Y,,,,,,,4
MACLV11---,,,ACTIVE LIVING 11,,,,,N,,,N,,,,,,,4
MCH--11---,,,CHEMISTRY 11,,,,,N,,,N,,,,,,,4
MCMPS11---,,,COMPOSITION 11,,,,,N,,,N,,,,,,,4
MFOOD11---,,,FOOD STUDIES 11,,,,,N,,,N,,,,,,,4
MINST12---,,,CONTEMPORARY INDIGENOUS STUDIES 12,,,,,N,,,N,,,,,,,4
MPH--11---,,,PHYSICS 11,,,,,N,,,N,,,,,,,4
MPREC11---,,,PRE-CALCULUS 11,,,,,N,,,N,,,,,,,4
MTAUT11---,,,AUTOMOTIVE TECHNOLOGY 11,,,,,N,,,N,,,,,,,4
YLAW-2CX--,,,CRIMINOLOGY 12,,,,,N,,,Y,,,,,,,4
ID,1528,Grade,10,,,,,,,,,,,,,,,
Course,,,,Description,,,Recommended,,,Alternate,,,,Alternate Courses,,,,Credit
MCH--11---,,,CHEMISTRY 11,,,,,N,,,N,,,,,,,4
MCLE-10---,,,CAREER LIFE EDUCATION 10,,,,,N,,,N,,,,,,,4
MCMPS11---,,,COMPOSITION 11,,,,,N,,,N,,,,,,,4
MDNC-11--L,,,DANCE 11: CHOREOGRAPHY Linear,,,,,N,,,N,,,,,,,4
MDNCM11--L,,,DANCE COMPANY 11 Linear,,,,,N,,,N,,,,,,,4
MDNCN11---,,,DANCE CONDITIONING 11,,,,,N,,,Y,,,,,,,4
MDNTP11---,,,DANCE TECHNIQUE AND PERFORMANCE 11,,,,,N,,,N,,,,,,,4
MLFSC11---,,,LIFE SCIENCES 11,,,,,N,,,N,,,,,,,4
MLST-12---,,,LAW STUDIES 12,,,,,N,,,N,,,,,,,4
MPREC11---,,,PRE-CALCULUS 11,,,,,N,,,N,,,,,,,4
MSJ--12---,,,SOCIAL JUSTICE 12,,,,,N,,,N,,,,,,,4
YCPA-1AX-L,,,COMMUNITY LEADERSHIP 11 Linear,,,,,N,,,N,,,,,,,4
ID,1529,Grade,10,,,,,,,,,,,,,,,
Course,,,,Description,,,Recommended,,,Alternate,,,,Alternate Courses,,,,Credit
MACC-12---,,,ACCOUNTING 12,,,,,N,,,N,,,,,,,4
MATPH12---,,,ANATOMY AND PHYSIOLOGY 12,,,,,N,,,N,,,,,,,4
MCH--11---,,,CHEMISTRY 11,,,,,N,,,N,,,,,,,4
MCMPS11---,,,COMPOSITION 11,,,,,N,,,N,,,,,,,4
MINST12---,,,CONTEMPORARY INDIGENOUS STUDIES 12,,,,,N,,,N,,,,,,,4
MLST-12---,,,LAW STUDIES 12,,,,,N,,,N,,,,,,,4
MPREC11---,,,PRE-CALCULUS 11,,,,,N,,,N,,,,,,,4
MSJ--12---,,,SOCIAL JUSTICE 12,,,,,N,,,Y,,,,,,,4
YCPA-1AX-L,,,COMMUNITY LEADERSHIP 11 Linear,,,,,N,,,N,,,,,,,4
YED--1EX-L,,,PEER TUTORING 11 LINEAR,,,,,N,,,N,,,,,,,4
YLAW-2CX--,,,CRIMINOLOGY 12,,,,,N,,,Y,,,,,,,4
YPSYC1AX--,,,PSYCHOLOGY 11,,,,,N,,,N,,,,,,,4
ID,1530,Grade,10,,,,,,,,,,,,,,,
Course,,,,Description,,,Recommended,,,Alternate,,,,Alternate Courses,,,,Credit
MACLV11---,,,ACTIVE LIVING 11,,,,,N,,,N,,,,,,,4
MCH--11---,,,CHEMISTRY 11,,,,,N,,,N,,,,,,,4
MCLE-10---,,,CAREER LIFE EDUCATION 10,,,,,N,,,N,,,,,,,4
MCMPS11---,,,COMPOSITION 11,,,,,N,,,N,,,,,,,4
MFOOD11---,,,FOOD STUDIES 11,,,,,N,,,Y,,,,,,,4
MLFSC11---,,,LIFE SCIENCES 11,,,,,N,,,N,,,,,,,4
MPREC11H--,,,PRE-CALCULUS 11 HONOURS,,,,,N,,,N,,,,,,,4
MSJ--12---,,,SOCIAL JUSTICE 12,,,,,N,,,N,,,,,,,4
MTDRF11---,,,DRAFTING 11,,,,,N,,,Y,,,,,,,4
YPSYC1AX--,,,PSYCHOLOGY 11,,,,,N,,,N,,,,,,,4
ID,1531,Grade,10,,,,,,,,,,,,,,,
Course,,,,Description,,,Recommended,,,Alternate,,,,Alternate Courses,,,,Credit
ACSC-2A---,,,AP COMPUTER SCIENCE A 12,,,,,N,,,N,,,,,,,4
MCH--11---,,,CHEMISTRY 11,,,,,N,,,Y,,,,,,,4
MCLE-10--L,,,CAREER LIFE EDUCATION 10 Linear,,,,,N,,,N,,,,,,,4
MDMD-12D--,,,3D ANIMATION 12,,,,,N,,,Y,,,,,,,4
MIMCB11--L,,,INSTRUMENTAL MUSIC 11: CONCERT BAND LINEAR,,,,,N,,,N,,,,,,,4
MIMJB11--L,,,INSTRUMENTAL MUSIC 11: JAZZ BAND LINEAR,,,,,N,,,N,,,,,,,4
MINST12C--,,,CONTEMPORARY INDIGENOUS STUDIES 12 CHALLENGE,,,,,N,,,N,,,,,,,4
MLTST11C--,,,LITERARY STUDIES 11 Challenge,,,,,N,,,N,,,,,,,4
MMACS12---,,,COMPUTER SCIENCE 12,,,,,N,,,N,,,,,,,4
MPH--11---,,,PHYSICS 11,,,,,N,,,N,,,,,,,4
MPREC11H--,,,PRE-CALCULUS 11 HONOURS,,,,,N,,,N,,,,,,,4
YCPA-1AX-L,,,COMMUNITY LEADERSHIP 11 Linear,,,,,N,,,N,,,,,,,4
YPSYC1AX--,,,PSYCHOLOGY 11,,,,,N,,,Y,,,,,,,4
ID,1532,Grade,10,,,,,,,,,,,,,,,
Course,,,,Description,,,Recommended,,,Alternate,,,,Alternate Courses,,,,Credit
MACC-12---,,,ACCOUNTING 12,,,,,N,,,N,,,,,,,4
MCLE-10---,,,CAREER LIFE EDUCATION 10,,,,,N,,,N,,,,,,,4
MCMPS11---,,,COMPOSITION 11,,,,,N,,,N,,,,,,,4
MEC--12---,,,ECONOMICS 12,,,,,N,,,N,,,,,,,4
MEVSC11---,,,ENVIRONMENTAL SCIENCE 11,,,,,N,,,N,,,,,,,4
MIMG-11---,,,INSTRUMENTAL MUSIC 11: GUITAR,,,,,N,,,N,,,,,,,4
MPREC11---,,,PRE-CALCULUS 11,,,,,N,,,N,,,,,,,4
MPREC12---,,,PRE-CALCULUS 12,,,,,N,,,Y,,,,,,,4
MSJ--12---,,,SOCIAL JUSTICE 12,,,,,N,,,N,,,,,,,4
ID,1533,Grade,10,,,,,,,,,,,,,,,
Course,,,,Description,,,Recommended,,,Alternate,,,,Alternate Courses,,,,Credit
MAC--11---,,,ACCOUNTING 11,,,,,N,,,Y,,,,,,,4
MCH--11---,,,CHEMISTRY 11,,,,,N,,,N,,,,,,,4
MCLE-10---,,,CAREER LIFE EDUCATION 10,,,,,N,,,N,,,,,,,4
MCMPS11---,,,COMPOSITION 11,,,,,N,,,N,,,,,,,4
MFOOD11---,,,FOOD STUDIES 11,,,,,N,,,N,,,,,,,4
MLST-12---,,,LAW STUDIES 12,,,,,N,,,N,,,,,,,4
MPREC11---,,,PRE-CALCULUS 11,,,,,N,,,N,,,,,,,4
MWWK-11---,,,WOODWORK 11,,,,,N,,,Y,,,,,,,4
YLAW-2CX--,,,CRIMINOLOGY 12,,,,,N,,,N,,,,,,,4
YPSYC1AX--,,,PSYCHOLOGY 11,,,,,N,,,N,,,,,,,4
ID,1534,Grade,10,,,,,,,,,,,,,,,
Course,,,,Description,,,Recommended,,,Alternate,,,,Alternate Courses,,,,Credit
MCH--11---,,,CHEMISTRY 11,,,,,N,,,N,,,,,,,4
MCLE-10--L,,,CAREER LIFE EDUCATION 10 Linear,,,,,N,,,N,,,,,,,4
MIMCB11--L,,,INSTRUMENTAL MUSIC 11: CONCERT BAND LINEAR,,,,,N,,,N,,,,,,,4
MIMJB11--L,,,INSTRUMENTAL MUSIC 11: JAZZ BAND LINEAR,,,,,N,,,N,,,,,,,4
MINST12C--,,,CONTEMPORARY INDIGENOUS STUDIES 12 CHALLENGE,,,,,N,,,N,,,,,,,4
MLST-12---,,,LAW STUDIES 12,,,,,N,,,Y,,,,,,,4
MLTST11C--,,,LITERARY STUDIES 11 Challenge,,,,,N,,,N,,,,,,,4
MPH--11---,,,PHYSICS 11,,,,,N,,,N,,,,,,,4
MPREC11H--,,,PRE-CALCULUS 11 HONOURS,,,,,N,,,N,,,,,,,4
MTXT-11---,,,TEXTILES 11,,,,,N,,,N,,,,,,,4
YCPA-1AX-L,,,COMMUNITY LEADERSHIP 11 Linear,,,,,N,,,N,,,,,,,4
ID,1535,Grade,10,,,,,,,,,,,,,,,
Course,,,,Description,,,Recommended,,,Alternate,,,,Alternate Courses,,,,Credit
MCLE-10---,,,CAREER LIFE EDUCATION 10,,,,,N,,,N,,,,,,,4
MCMPS11---,,,COMPOSITION 11,,,,,N,,,N,,,,,,,4
MFOM-11---,,,FOUNDATIONS OF MATHEMATICS 11,,,,,N,,,N,,,,,,,4
MFOOD11---,,,FOOD STUDIES 11,,,,,N,,,N,,,,,,,4
MLFSC11---,,,LIFE SCIENCES 11,,,,,N,,,N,,,,,,,4
MODED11---,,,OUTDOOR EDUCATION 11,,,,,N,,,N,,,,,,,4
MPGEO12---,,,PHYSICAL GEOGRAPHY 12,,,,,N,,,N,,,,,,,4
MTXT-11---,,,TEXTILES 11,,,,,N,,,Y,,,,,,,4
MVAST11---,,,ART STUDIO 11,,,,,N,,,N,,,,,,,4
ID,1536,Grade,10,,,,,,,,,,,,,,,
Course,,,,Description,,,Recommended,,,Alternate,,,,Alternate Courses,,,,Credit
ASTA-12---,,,AP STATISTICS 12,,,,,N,,,N,,,,,,,4
MATPH12---,,,ANATOMY AND PHYSIOLOGY 12,,,,,N,,,Y,,,,,,,4
MCH--11---,,,CHEMISTRY 11,,,,,N,,,N,,,,,,,4
MCLE-10--L,,,CAREER LIFE EDUCATION 10 Linear,,,,,N,,,N,,,,,,,4
MGRPR11--L,,,GRAPHIC PRODUCTION 11 LINEAR,,,,,N,,,N,,,,,,,4
MIMCB11--L,,,INSTRUMENTAL MUSIC 11: CONCERT BAND LINEAR,,,,,N,,,N,,,,,,,4
MIMJB11--L,,,INSTRUMENTAL MUSIC 11: JAZZ BAND LINEAR,,,,,N,,,N,,,,,,,4
MINST12C--,,,CONTEMPORARY INDIGENOUS STUDIES 12 CHALLENGE,,,,,N,,,N,,,,,,,4
MLTST11C--,,,LITERARY STUDIES 11 Challenge,,,,,N,,,N,,,,,,,4
MPH--11---,,,PHYSICS 11,,,,,N,,,N,,,,,,,4
MPREC11H--,,,PRE-CALCULUS 11 HONOURS,,,,,N,,,N,,,,,,,4
YCPA-1AX-L,,,COMMUNITY LEADERSHIP 11 Linear,,,,,N,,,N,,,,,,,4
YLAW-2CX--,,,CRIMINOLOGY 12,,,,,N,,,Y,,,,,,,4
ID,1537,Grade,10,,,,,,,,,,,,,,,
Course,,,,Description,,,Recommended,,,Alternate,,,,Alternate Courses,,,,Credit
MCH--11---,,,CHEMISTRY 11,,,,,N,,,N,,,,,,,4
MCLE-10---,,,CAREER LIFE EDUCATION 10,,,,,N,,,N,,,,,,,4
MCMPR11AI-,,,COMPUTER PROGRAMMING 11 AI and Games,,,,,N,,,N,,,,,,,4
MCMPS11---,,,COMPOSITION 11,,,,,N,,,N,,,,,,,4
MINST12---,,,CONTEMPORARY INDIGENOUS STUDIES 12,,,,,N,,,N,,,,,,,4
MMACS11---,,,COMPUTER SCIENCE 11,,,,,N,,,N,,,,,,,4
MPH--11---,,,PHYSICS 11,,,,,N,,,N,,,,,,,4
MPREC12---,,,PRE-CALCULUS 12,,,,,N,,,N,,,,,,,4
MTROB11---,,,ROBOTICS 11,,,,,N,,,Y,,,,,,,4
ID,1538,Grade,10,,,,,,,,,,,,,,,
Course,,,,Description,,,Recommended,,,Alternate,,,,Alternate Courses,,,,Credit
MACC-12---,,,ACCOUNTING 12,,,,,N,,,N,,,,,,,4
MCLE-10---,,,CAREER LIFE EDUCATION 10,,,,,N,,,N,,,,,,,4
MCMPS11---,,,COMPOSITION 11,,,,,N,,,N,,,,,,,4
MEPSS11---,,,EXPLORATIONS IN SOCIAL STUDIES 11,,,,,N,,,N,,,,,,,4
MMUOR11S-L,,,INSTRUMENTAL MUSIC: ORCHESTRA 11 Strings Linear,,,,,N,,,N,,,,,,,4
MPH--11---,,,PHYSICS 11,,,,,N,,,N,,,,,,,4
MPREC11---,,,PRE-CALCULUS 11,,,,,N,,,N,,,,,,,4
MPREC12---,,,PRE-CALCULUS 12,,,,,N,,,N,,,,,,,4
MTAUT11---,,,AUTOMOTIVE TECHNOLOGY 11,,,,,N,,,N,,,,,,,4
ID,1539,Grade,10,,,,,,,,,,,,,,,
Course,,,,Description,,,Recommended,,,Alternate,,,,Alternate Courses,,,,Credit
MFR--11---,,,FRENCH 11,,,,,N,,,N,,,,,,,4
MMAP-11---,,,MARKETING AND PROMOTION 11,,,,,N,,,Y,,,,,,,4
MPREC11---,,,PRE-CALCULUS 11,,,,,N,,,N,,,,,,,4
MTDRF11---,,,DRAFTING 11,,,,,N,,,N,,,,,,,4
YPSYC1AX--,,,PSYCHOLOGY 11,,,,,N,,,N,,,,,,,4
ID,1540,Grade,9,,,,,,,,,,,,,,,
Course,,,,Description,,,Recommended,,,Alternate,,,,Alternate Courses,,,,Credit
MAC--11---,,,ACCOUNTING 11,,,,,N,,,N,,,,,,,4
MEFWR10---,,,EFP WRITING 10,,,,,N,,,N,,,,,,,2
MFMP-10---,,,FOUNDATIONS OF MATH AND PRE-CALCULUS 10,,,,,N,,,N,,,,,,,4
MMACS11---,,,COMPUTER SCIENCE 11,,,,,N,,,N,,,,,,,4
MPHED10B--,,,PHYSICAL AND HEALTH EDUCATION 10 Boys,,,,,N,,,N,,,,,,,4
MSC--10---,,,SCIENCE 10,,,,,N,,,N,,,,,,,4
MSS--10---,,,SOCIAL STUDIES 10,,,,,N,,,N,,,,,,,4
MTEAR10---,,,ADST ?  ELECTRONICS AND ROBOTICS 10,,,,,N,,,Y,,,,,,,4
MTPOW10---,,,ADST ?  POWER TECHNOLOGY 10,,,,,N,,,N,,,,,,,4
MVAPH10---,,,VISUAL ARTS: PHOTOGRAPHY 10,,,,,N,,,Y,,,,,,,4
YLRA-0AX-L,,,ATHLETIC LEADERSHIP 10 U16,,,,,N,,,N,,,,,,,4
ID,1541,Grade,9,,,,,,,,,,,,,,,
Course,,,,Description,,,Recommended,,,Alternate,,,,Alternate Courses,,,,Credit
MDMD-12D--,,,3D ANIMATION 12,,,,,N,,,N,,,,,,,4
MEFWR10---,,,EFP WRITING 10,,,,,N,,,N,,,,,,,2
MFMP-10---,,,FOUNDATIONS OF MATH AND PRE-CALCULUS 10,,,,,N,,,N,,,,,,,4
MPHED10---,,,PHYSICAL AND HEALTH EDUCATION 10,,,,,N,,,N,,,,,,,4
MSC--10---,,,SCIENCE 10,,,,,N,,,N,,,,,,,4
MSS--10---,,,SOCIAL STUDIES 10,,,,,N,,,N,,,,,,,4
MTEAR10---,,,ADST ?  ELECTRONICS AND ROBOTICS 10,,,,,N,,,N,,,,,,,4
MTEAR10--L,,,ADST ?  ELECTRONICS AND ROBOTICS 10 Linear,,,,,N,,,N,,,,,,,4
MTPOW10---,,,ADST ?  POWER TECHNOLOGY 10,,,,,N,,,Y,,,,,,,4
MWWK-10---,,,ADST ?  WOODWORK 10,,,,,N,,,Y,,,,,,,4
YED--0AX--,,,LEARNING STRATEGIES 10,,,,,N,,,N,,,,,,,4
ID,1542,Grade,9,,,,,,,,,,,,,,,
Course,,,,Description,,,Recommended,,,Alternate,,,,Alternate Courses,,,,Credit
MEFWR10---,,,EFP WRITING 10,,,,,N,,,N,,,,,,,2
MFMP-10---,,,FOUNDATIONS OF MATH AND PRE-CALCULUS 10,,,,,N,,,N,,,,,,,4
MMACS11---,,,COMPUTER SCIENCE 11,,,,,N,,,N,,,,,,,4
MPHED10B--,,,PHYSICAL AND HEALTH EDUCATION 10 Boys,,,,,N,,,N,,,,,,,4
MSC--10---,,,SCIENCE 10,,,,,N,,,N,,,,,,,4
MSS--10---,,,SOCIAL STUDIES 10,,,,,N,,,N,,,,,,,4
MTEXP10---,,,ADST-Technology Explorations 10,,,,,N,,,N,,,,,,,4
MTPOW10---,,,ADST ?  POWER TECHNOLOGY 10,,,,,N,,,Y,,,,,,,4
MVAPH10---,,,VISUAL ARTS: PHOTOGRAPHY 10,,,,,N,,,Y,,,,,,,4
MWBDV10IT-,,,Information and Communications Technologies 10,,,,,N,,,N,,,,,,,4
ID,1543,Grade,9,,,,,,,,,,,,,,,
Course,,,,Description,,,Recommended,,,Alternate,,,,Alternate Courses,,,,Credit
MAC--11---,,,ACCOUNTING 11,,,,,N,,,N,,,,,,,4
MCMPS10C--,,,COMPOSITION 10 Challenge,,,,,N,,,N,,,,,,,2
MFMP-10C--,,,FOUNDATIONS OF MATH AND PRE-CALCULUS 10 CHALLENGE,,,,,N,,,N,,,,,,,4
MFR--12---,,,FRENCH 12,,,,,N,,,Y,,,,,,,4
MMACS11---,,,COMPUTER SCIENCE 11,,,,,N,,,N,,,,,,,4
MPHED10G--,,,PHYSICAL AND HEALTH EDUCATION 10 Girls,,,,,N,,,N,,,,,,,4
MSC--10C--,,,SCIENCE 10: CHALLENGE,,,,,N,,,N,,,,,,,4
MSS--10C--,,,SOCIAL STUDIES 10 CHALLENGE,,,,,N,,,N,,,,,,,4
MTDRF10---,,,ADST ?  DRAFTING 10,,,,,N,,,Y,,,,,,,4
MWBDV10IT-,,,Information and Communications Technologies 10,,,,,N,,,N,,,,,,,4
YED--0BX-L,,,PEER TUTORING 10 LINEAR,,,,,N,,,N,,,,,,,4
YLRA-0AX-L,,,ATHLETIC LEADERSHIP 10 U16,,,,,N,,,N,,,,,,,4
ID,1544,Grade,9,,,,,,,,,,,,,,,
Course,,,,Description,,,Recommended,,,Alternate,,,,Alternate Courses,,,,Credit
MCMPS10---,,,COMPOSITION 10,,,,,N,,,N,,,,,,,2
MFMP-10---,,,FOUNDATIONS OF MATH AND PRE-CALCULUS 10,,,,,N,,,N,,,,,,,4
MFOOD10---,,,ADST ?  FOOD STUDIES 10,,,,,N,,,Y,,,,,,,4
MPHED10FB-,,,PHYSICAL AND HEALTH EDUCATION 10 Football,,,,,N,,,N,,,,,,,4
MSC--10---,,,SCIENCE 10,,,,,N,,,N,,,,,,,4
MSP--09---,,,SPANISH 9,,,,,N,,,N,,,,,,,0
MSS--10---,,,SOCIAL STUDIES 10,,,,,N,,,N,,,,,,,4
MVAPH10---,,,VISUAL ARTS: PHOTOGRAPHY 10,,,,,N,,,Y,,,,,,,4
MWWK-10---,,,ADST ?  WOODWORK 10,,,,,N,,,Y,,,,,,,4
YESFL0AX--,,,BEGINNERS ELL 10,,,,,N,,,N,,,,,,,4
YHRA-0AX--,,,CROSS TRAINING 10,,,,,N,,,N,,,,,,,4
ID,1545,Grade,9,,,,,,,,,,,,,,,
Course,,,,Description,,,Recommended,,,Alternate,,,,Alternate Courses,,,,Credit
MCMPS10---,,,COMPOSITION 10,,,,,N,,,N,,,,,,,2
MPHED10FB-,,,PHYSICAL AND HEALTH EDUCATION 10 Football,,,,,N,,,N,,,,,,,4
MSC--10---,,,SCIENCE 10,,,,,N,,,N,,,,,,,4
MSS--10---,,,SOCIAL STUDIES 10,,,,,N,,,N,,,,,,,4
MWBDV10IT-,,,Information and Communications Technologies 10,,,,,N,,,N,,,,,,,4
MWPM-10---,,,WORKPLACE MATHEMATICS 10,,,,,N,,,N,,,,,,,4
YED--0AX--,,,LEARNING STRATEGIES 10,,,,,N,,,N,,,,,,,4
YHRA-0AX--,,,CROSS TRAINING 10,,,,,N,,,N,,,,,,,4
ID,1546,Grade,9,,,,,,,,,,,,,,,
Course,,,,Description,,,Recommended,,,Alternate,,,,Alternate Courses,,,,Credit
MEFWR10---,,,EFP WRITING 10,,,,,N,,,N,,,,,,,2
MFOOD10---,,,ADST ?  FOOD STUDIES 10,,,,,N,,,N,,,,,,,4
MPHED10B--,,,PHYSICAL AND HEALTH EDUCATION 10 Boys,,,,,N,,,N,,,,,,,4
MSC--10---,,,SCIENCE 10,,,,,N,,,N,,,,,,,4
MSS--10---,,,SOCIAL STUDIES 10,,,,,N,,,N,,,,,,,4
MTDRF10---,,,ADST ?  DRAFTING 10,,,,,N,,,Y,,,,,,,4
MTPOW10---,,,ADST ?  POWER TECHNOLOGY 10,,,,,N,,,N,,,,,,,4
MVAPH10---,,,VISUAL ARTS: PHOTOGRAPHY 10,,,,,N,,,Y,,,,,,,4
MWPM-10---,,,WORKPLACE MATHEMATICS 10,,,,,N,,,N,,,,,,,4
MWWK-10---,,,ADST ?  WOODWORK 10,,,,,N,,,N,,,,,,,4
ID,1547,Grade,9,,,,,,,,,,,,,,,
Course,,,,Description,,,Recommended,,,Alternate,,,,Alternate Courses,,,,Credit
MAC--11---,,,ACCOUNTING 11,,,,,N,,,Y,,,,,,,4
MCMPS10C--,,,COMPOSITION 10 Challenge,,,,,N,,,N,,,,,,,2
MFMP-10C--,,,FOUNDATIONS OF MATH AND PRE-CALCULUS 10 CHALLENGE,,,,,N,,,N,,,,,,,4
MFR--09---,,,FRENCH 9,,,,,N,,,N,,,,,,,0
MFR--10---,,,FRENCH 10,,,,,N,,,N,,,,,,,4
MPHED10G--,,,PHYSICAL AND HEALTH EDUCATION 10 Girls,,,,,N,,,N,,,,,,,4
MSC--10C--,,,SCIENCE 10: CHALLENGE,,,,,N,,,N,,,,,,,4
MSS--10C--,,,SOCIAL STUDIES 10 CHALLENGE,,,,,N,,,N,,,,,,,4
MVAST10---,,,VISUAL ARTS: ART STUDIO 10,,,,,N,,,Y,,,,,,,4
MWBDV10IT-,,,Information and Communications Technologies 10,,,,,N,,,N,,,,,,,4
YCPA-0AXE-,,,COMMUNITY LEADERSHIP 10,,,,,N,,,N,,,,,,,4
YED--0BX-L,,,PEER TUTORING 10 LINEAR,,,,,N,,,N,,,,,,,4
ID,1548,Grade,9,,,,,,,,,,,,,,,
Course,,,,Description,,,Recommended,,,Alternate,,,,Alternate Courses,,,,Credit
MCLE-10---,,,CAREER LIFE EDUCATION 10,,,,,N,,,Y,,,,,,,4
MCMPR11AI-,,,COMPUTER PROGRAMMING 11 AI and Games,,,,,N,,,N,,,,,,,4
MDMD-12D--,,,3D ANIMATION 12,,,,,N,,,Y,,,,,,,4
MEFWR10---,,,EFP WRITING 10,,,,,N,,,N,,,,,,,2
MFMP-10H--,,,FOUNDATIONS OF MATH AND PRE-CALCULUS 10 HONOURS,,,,,N,,,N,,,,,,,4
MIDS-0C---,,,INDEPENDENT DIRECTED STUDIES 10C,,,,,N,,,N,,,,,,,4
MMACS11---,,,COMPUTER SCIENCE 11,,,,,N,,,N,,,,,,,4
MPHED10B--,,,PHYSICAL AND HEALTH EDUCATION 10 Boys,,,,,N,,,N,,,,,,,4
MSC--10---,,,SCIENCE 10,,,,,N,,,N,,,,,,,4
MSS--10---,,,SOCIAL STUDIES 10,,,,,N,,,N,,,,,,,4
MTEAR10--L,,,ADST ?  ELECTRONICS AND ROBOTICS 10 Linear,,,,,N,,,N,,,,,,,4
MTEXP10---,,,ADST-Technology Explorations 10,,,,,N,,,N,,,,,,,4
ID,1549,Grade,9,,,,,,,,,,,,,,,
Course,,,,Description,,,Recommended,,,Alternate,,,,Alternate Courses,,,,Credit
MEFWR10---,,,EFP WRITING 10,,,,,N,,,N,,,,,,,2
MFMP-10---,,,FOUNDATIONS OF MATH AND PRE-CALCULUS 10,,,,,N,,,N,,,,,,,4
MFOOD10---,,,ADST ?  FOOD STUDIES 10,,,,,N,,,N,,,,,,,4
MMUCB10--L,,,INSTRUMENTAL MUSIC: CONCERT BAND 10 Linear,,,,,N,,,N,,,,,,,4
MPHED10--L,,,PHYSICAL AND HEALTH EDUCATION 10 LINEAR,,,,,N,,,N,,,,,,,4
MSC--10---,,,SCIENCE 10,,,,,N,,,N,,,,,,,4
MSS--10---,,,SOCIAL STUDIES 10,,,,,N,,,N,,,,,,,4
MTXT-10---,,,TEXTILES 10,,,,,N,,,N,,,,,,,4
MVAPH10---,,,VISUAL ARTS: PHOTOGRAPHY 10,,,,,N,,,Y,,,,,,,4
MVAST10---,,,VISUAL ARTS: ART STUDIO 10,,,,,N,,,Y,,,,,,,4
ID,1550,Grade,9,,,,,,,,,,,,,,,
Course,,,,Description,,,Recommended,,,Alternate,,,,Alternate Courses,,,,Credit
MEFWR10---,,,EFP WRITING 10,,,,,N,,,N,,,,,,,2
MFMP-10---,,,FOUNDATIONS OF MATH AND PRE-CALCULUS 10,,,,,N,,,N,,,,,,,4
MMACS11---,,,COMPUTER SCIENCE 11,,,,,N,,,N,,,,,,,4
MMUCB10--L,,,INSTRUMENTAL MUSIC: CONCERT BAND 10 Linear,,,,,N,,,N,,,,,,,4
MMUJB10--L,,,INSTRUMENTAL MUSIC: JAZZ BAND 10 Linear,,,,,N,,,N,,,,,,,4
MPHED10--L,,,PHYSICAL AND HEALTH EDUCATION 10 LINEAR,,,,,N,,,N,,,,,,,4
MSC--10---,,,SCIENCE 10,,,,,N,,,N,,,,,,,4
MSS--10---,,,SOCIAL STUDIES 10,,,,,N,,,N,,,,,,,4
MTEAR10---,,,ADST ?  ELECTRONICS AND ROBOTICS 10,,,,,N,,,N,,,,,,,4
MTEXP10---,,,ADST-Technology Explorations 10,,,,,N,,,Y,,,,,,,4
MTPOW10---,,,ADST ?  POWER TECHNOLOGY 10,,,,,N,,,Y,,,,,,,4
ID,1551,Grade,9,,,,,,,,,,,,,,,
Course,,,,Description,,,Recommended,,,Alternate,,,,Alternate Courses,,,,Credit
MADEM10---,,,ADST ? ENTREPRENEURSHIP AND MARKETING 10,,,,,N,,,Y,,,,,,,4
MCMPS10---,,,COMPOSITION 10,,,,,N,,,N,,,,,,,2
MFMP-10---,,,FOUNDATIONS OF MATH AND PRE-CALCULUS 10,,,,,N,,,N,,,,,,,4
MPHED10FB-,,,PHYSICAL AND HEALTH EDUCATION 10 Football,,,,,N,,,N,,,,,,,4
MSC--10---,,,SCIENCE 10,,,,,N,,,N,,,,,,,4
MSS--10---,,,SOCIAL STUDIES 10,,,,,N,,,N,,,,,,,4
MTPOW10---,,,ADST ?  POWER TECHNOLOGY 10,,,,,N,,,N,,,,,,,4
MWBDV10IT-,,,Information and Communications Technologies 10,,,,,N,,,N,,,,,,,4
YHRA-0AX--,,,CROSS TRAINING 10,,,,,N,,,N,,,,,,,4
ID,1552,Grade,9,,,,,,,,,,,,,,,
Course,,,,Description,,,Recommended,,,Alternate,,,,Alternate Courses,,,,Credit
MCLE-10---,,,CAREER LIFE EDUCATION 10,,,,,N,,,N,,,,,,,4
MEFLS10---,,,EFP LITERARY STUDIES 10,,,,,N,,,N,,,,,,,2
MFMP-10---,,,FOUNDATIONS OF MATH AND PRE-CALCULUS 10,,,,,N,,,N,,,,,,,4
MPHED10G--,,,PHYSICAL AND HEALTH EDUCATION 10 Girls,,,,,N,,,N,,,,,,,4
MSC--10---,,,SCIENCE 10,,,,,N,,,N,,,,,,,4
MSP--10---,,,SPANISH 10,,,,,N,,,N,,,,,,,4
MSS--10---,,,SOCIAL STUDIES 10,,,,,N,,,N,,,,,,,4
MTXT-10---,,,TEXTILES 10,,,,,N,,,N,,,,,,,4
MVAPH10---,,,VISUAL ARTS: PHOTOGRAPHY 10,,,,,N,,,Y,,,,,,,4
YPA--0CX--,,,YOGA FOR MINDFULNESS 10,,,,,N,,,Y,,,,,,,4
ID,1553,Grade,9,,,,,,,,,,,,,,,
Course,,,,Description,,,Recommended,,,Alternate,,,,Alternate Courses,,,,Credit
MDNC-10--L,,,DANCE 10: CHOREOGRAPHY Linear,,,,,N,,,N,,,,,,,4
MDNCM10--L,,,DANCE COMPANY 10 Linear,,,,,N,,,N,,,,,,,4
MEFWR10---,,,EFP WRITING 10,,,,,N,,,N,,,,,,,2
MFMP-10---,,,FOUNDATIONS OF MATH AND PRE-CALCULUS 10,,,,,N,,,N,,,,,,,4
MIDS-0B---,,,INDEPENDENT DIRECTED STUDIES 10B,,,,,N,,,N,,,,,,,4
MMACS11---,,,COMPUTER SCIENCE 11,,,,,N,,,N,,,,,,,4
MMUGT10---,,,INSTRUMENTAL MUSIC: GUITAR 10,,,,,N,,,N,,,,,,,4
MPHED10G--,,,PHYSICAL AND HEALTH EDUCATION 10 Girls,,,,,N,,,N,,,,,,,4
MSC--10---,,,SCIENCE 10,,,,,N,,,N,,,,,,,4
MSS--10---,,,SOCIAL STUDIES 10,,,,,N,,,N,,,,,,,4
MVAPH10---,,,VISUAL ARTS: PHOTOGRAPHY 10,,,,,N,,,Y,,,,,,,4
YCPA-0AX-L,,,COMMUNITY LEADERSHIP 10 Linear,,,,,N,,,N,,,,,,,4
ID,1554,Grade,9,,,,,,,,,,,,,,,
Course,,,,Description,,,Recommended,,,Alternate,,,,Alternate Courses,,,,Credit
MCMPR11AI-,,,COMPUTER PROGRAMMING 11 AI and Games,,,,,N,,,Y,,,,,,,4
MCMPS10C--,,,COMPOSITION 10 Challenge,,,,,N,,,N,,,,,,,2
MFMP-10C--,,,FOUNDATIONS OF MATH AND PRE-CALCULUS 10 CHALLENGE,,,,,N,,,N,,,,,,,4
MFOOD10---,,,ADST ?  FOOD STUDIES 10,,,,,N,,,Y,,,,,,,4
MMACS11---,,,COMPUTER SCIENCE 11,,,,,N,,,N,,,,,,,4
MPHED10B--,,,PHYSICAL AND HEALTH EDUCATION 10 Boys,,,,,N,,,N,,,,,,,4
MSC--10C--,,,SCIENCE 10: CHALLENGE,,,,,N,,,N,,,,,,,4
MSS--10C--,,,SOCIAL STUDIES 10 CHALLENGE,,,,,N,,,N,,,,,,,4
MTDRF10---,,,ADST ?  DRAFTING 10,,,,,N,,,N,,,,,,,4
MTPOW10---,,,ADST ?  POWER TECHNOLOGY 10,,,,,N,,,N,,,,,,,4
YLRA-0AX-L,,,ATHLETIC LEADERSHIP 10 U16,,,,,N,,,N,,,,,,,4
ID,1555,Grade,9,,,,,,,,,,,,,,,
Course,,,,Description,,,Recommended,,,Alternate,,,,Alternate Courses,,,,Credit
MDRM-10---,,,DRAMA 10,,,,,N,,,N,,,,,,,4
MEFWR10---,,,EFP WRITING 10,,,,,N,,,N,,,,,,,2
MFOOD10---,,,ADST ?  FOOD STUDIES 10,,,,,N,,,N,,,,,,,4
MMUGT10---,,,INSTRUMENTAL MUSIC: GUITAR 10,,,,,N,,,N,,,,,,,4
MPHED10B--,,,PHYSICAL AND HEALTH EDUCATION 10 Boys,,,,,N,,,N,,,,,,,4
MSC--10---,,,SCIENCE 10,,,,,N,,,N,,,,,,,4
MSS--10---,,,SOCIAL STUDIES 10,,,,,N,,,N,,,,,,,4
MTXT-10---,,,TEXTILES 10,,,,,N,,,Y,,,,,,,4
MWPM-10---,,,WORKPLACE MATHEMATICS 10,,,,,N,,,N,,,,,,,4
ID,1556,Grade,9,,,,,,,,,,,,,,,
Course,,,,Description,,,Recommended,,,Alternate,,,,Alternate Courses,,,,Credit
MEFWR10---,,,EFP WRITING 10,,,,,N,,,N,,,,,,,2
MFMP-10---,,,FOUNDATIONS OF MATH AND PRE-CALCULUS 10,,,,,N,,,N,,,,,,,4
MFOOD10---,,,ADST ?  FOOD STUDIES 10,,,,,N,,,N,,,,,,,4
MMEDD10---,,,ADST ? MEDIA DESIGN 10,,,,,N,,,Y,,,,,,,4
MPHED10G--,,,PHYSICAL AND HEALTH EDUCATION 10 Girls,,,,,N,,,N,,,,,,,4
MSC--10---,,,SCIENCE 10,,,,,N,,,N,,,,,,,4
MSP--10---,,,SPANISH 10,,,,,N,,,N,,,,,,,4
MSS--10---,,,SOCIAL STUDIES 10,,,,,N,,,N,,,,,,,4
MTPOW10---,,,ADST ?  POWER TECHNOLOGY 10,,,,,N,,,N,,,,,,,4
MVAPH10---,,,VISUAL ARTS: PHOTOGRAPHY 10,,,,,N,,,Y,,,,,,,4
ID,1557,Grade,9,,,,,,,,,,,,,,,
Course,,,,Description,,,Recommended,,,Alternate,,,,Alternate Courses,,,,Credit
MADEM10---,,,ADST ? ENTREPRENEURSHIP AND MARKETING 10,,,,,N,,,N,,,,,,,4
MDNC-10--L,,,DANCE 10: CHOREOGRAPHY Linear,,,,,N,,,N,,,,,,,4
MDNCM10--L,,,DANCE COMPANY 10 Linear,,,,,N,,,N,,,,,,,4
MEFWR10---,,,EFP WRITING 10,,,,,N,,,N,,,,,,,2
MFMP-10---,,,FOUNDATIONS OF MATH AND PRE-CALCULUS 10,,,,,N,,,N,,,,,,,4
MFOOD10---,,,ADST ?  FOOD STUDIES 10,,,,,N,,,N,,,,,,,4
MIDS-0B---,,,INDEPENDENT DIRECTED STUDIES 10B,,,,,N,,,N,,,,,,,4
MPHED10G--,,,PHYSICAL AND HEALTH EDUCATION 10 Girls,,,,,N,,,N,,,,,,,4
MSC--10---,,,SCIENCE 10,,,,,N,,,N,,,,,,,4
MSS--10---,,,SOCIAL STUDIES 10,,,,,N,,,N,,,,,,,4
MTDRF10---,,,ADST ?  DRAFTING 10,,,,,N,,,Y,,,,,,,4
ID,1558,Grade,9,,,,,,,,,,,,,,,
Course,,,,Description,,,Recommended,,,Alternate,,,,Alternate Courses,,,,Credit
MAC--11---,,,ACCOUNTING 11,,,,,N,,,Y,,,,,,,4
MCMPS10C--,,,COMPOSITION 10 Challenge,,,,,N,,,N,,,,,,,2
MFMP-10C--,,,FOUNDATIONS OF MATH AND PRE-CALCULUS 10 CHALLENGE,,,,,N,,,N,,,,,,,4
MFOOD10---,,,ADST ?  FOOD STUDIES 10,,,,,N,,,Y,,,,,,,4
MMACS11---,,,COMPUTER SCIENCE 11,,,,,N,,,N,,,,,,,4
MMUCB10--L,,,INSTRUMENTAL MUSIC: CONCERT BAND 10 Linear,,,,,N,,,N,,,,,,,4
MMUJB10--L,,,INSTRUMENTAL MUSIC: JAZZ BAND 10 Linear,,,,,N,,,N,,,,,,,4
MPHED10--L,,,PHYSICAL AND HEALTH EDUCATION 10 LINEAR,,,,,N,,,N,,,,,,,4
MSC--10C--,,,SCIENCE 10: CHALLENGE,,,,,N,,,N,,,,,,,4
MSS--10C--,,,SOCIAL STUDIES 10 CHALLENGE,,,,,N,,,N,,,,,,,4
MTEAR10---,,,ADST ?  ELECTRONICS AND ROBOTICS 10,,,,,N,,,N,,,,,,,4
ID,1559,Grade,9,,,,,,,,,,,,,,,
Course,,,,Description,,,Recommended,,,Alternate,,,,Alternate Courses,,,,Credit
MAC--11---,,,ACCOUNTING 11,,,,,N,,,Y,,,,,,,4
MCMPR11AI-,,,COMPUTER PROGRAMMING 11 AI and Games,,,,,N,,,N,,,,,,,4
MEFWR10---,,,EFP WRITING 10,,,,,N,,,N,,,,,,,2
MFMP-10---,,,FOUNDATIONS OF MATH AND PRE-CALCULUS 10,,,,,N,,,N,,,,,,,4
MFOOD10---,,,ADST ?  FOOD STUDIES 10,,,,,N,,,N,,,,,,,4
MFR--12---,,,FRENCH 12,,,,,N,,,N,,,,,,,4
MIDS-0C---,,,INDEPENDENT DIRECTED STUDIES 10C,,,,,N,,,N,,,,,,,4
MPHED10G--,,,PHYSICAL AND HEALTH EDUCATION 10 Girls,,,,,N,,,N,,,,,,,4
MSC--10---,,,SCIENCE 10,,,,,N,,,N,,,,,,,4
MSS--10---,,,SOCIAL STUDIES 10,,,,,N,,,N,,,,,,,4
MTXT-10---,,,TEXTILES 10,,,,,N,,,Y,,,,,,,4
YLRA-0AX-L,,,ATHLETIC LEADERSHIP 10 U16,,,,,N,,,N,,,,,,,4
ID,1560,Grade,9,,,,,,,,,,,,,,,
Course,,,,Description,,,Recommended,,,Alternate,,,,Alternate Courses,,,,Credit
MEFWR10---,,,EFP WRITING 10,,,,,N,,,N,,,,,,,2
MFMP-10---,,,FOUNDATIONS OF MATH AND PRE-CALCULUS 10,,,,,N,,,N,,,,,,,4
MFOOD10---,,,ADST ?  FOOD STUDIES 10,,,,,N,,,N,,,,,,,4
MMEDD10---,,,ADST ? MEDIA DESIGN 10,,,,,N,,,Y,,,,,,,4
MMUGT10---,,,INSTRUMENTAL MUSIC: GUITAR 10,,,,,N,,,N,,,,,,,4
MPHED10B--,,,PHYSICAL AND HEALTH EDUCATION 10 Boys,,,,,N,,,N,,,,,,,4
MSC--10---,,,SCIENCE 10,,,,,N,,,N,,,,,,,4
MSS--10---,,,SOCIAL STUDIES 10,,,,,N,,,N,,,,,,,4
MTPOW10---,,,ADST ?  POWER TECHNOLOGY 10,,,,,N,,,N,,,,,,,4
MWBDV10IT-,,,Information and Communications Technologies 10,,,,,N,,,Y,,,,,,,4
ID,1561,Grade,9,,,,,,,,,,,,,,,
Course,,,,Description,,,Recommended,,,Alternate,,,,Alternate Courses,,,,Credit
MCMPS10C--,,,COMPOSITION 10 Challenge,,,,,N,,,N,,,,,,,2
MDRM-10---,,,DRAMA 10,,,,,N,,,N,,,,,,,4
MFMP-10C--,,,FOUNDATIONS OF MATH AND PRE-CALCULUS 10 CHALLENGE,,,,,N,,,N,,,,,,,4
MFOOD10---,,,ADST ?  FOOD STUDIES 10,,,,,N,,,Y,,,,,,,4
MPHED10---,,,PHYSICAL AND HEALTH EDUCATION 10,,,,,N,,,N,,,,,,,4
MSC--10C--,,,SCIENCE 10: CHALLENGE,,,,,N,,,N,,,,,,,4
MSS--10C--,,,SOCIAL STUDIES 10 CHALLENGE,,,,,N,,,N,,,,,,,4
MTEAR10---,,,ADST ?  ELECTRONICS AND ROBOTICS 10,,,,,N,,,N,,,,,,,4
MVAST10---,,,VISUAL ARTS: ART STUDIO 10,,,,,N,,,Y,,,,,,,4
MWBDV10IT-,,,Information and Communications Technologies 10,,,,,N,,,N,,,,,,,4
ID,1562,Grade,9,,,,,,,,,,,,,,,
Course,,,,Description,,,Recommended,,,Alternate,,,,Alternate Courses,,,,Credit
MADEM10---,,,ADST ? ENTREPRENEURSHIP AND MARKETING 10,,,,,N,,,Y,,,,,,,4
MEFWR10---,,,EFP WRITING 10,,,,,N,,,N,,,,,,,2
MFMP-10---,,,FOUNDATIONS OF MATH AND PRE-CALCULUS 10,,,,,N,,,N,,,,,,,4
MFOOD10---,,,ADST ?  FOOD STUDIES 10,,,,,N,,,N,,,,,,,4
MPHED10FB-,,,PHYSICAL AND HEALTH EDUCATION 10 Football,,,,,N,,,N,,,,,,,4
MSC--10---,,,SCIENCE 10,,,,,N,,,N,,,,,,,4
MSS--10---,,,SOCIAL STUDIES 10,,,,,N,,,N,,,,,,,4
MTPOW10---,,,ADST ?  POWER TECHNOLOGY 10,,,,,N,,,N,,,,,,,4
YHRA-0AX--,,,CROSS TRAINING 10,,,,,N,,,N,,,,,,,4
ID,1563,Grade,9,,,,,,,,,,,,,,,
Course,,,,Description,,,Recommended,,,Alternate,,,,Alternate Courses,,,,Credit
MDRM-10---,,,DRAMA 10,,,,,N,,,Y,,,,,,,4
MEFWR10---,,,EFP WRITING 10,,,,,N,,,N,,,,,,,2
MFMP-10---,,,FOUNDATIONS OF MATH AND PRE-CALCULUS 10,,,,,N,,,N,,,,,,,4
MIDS-0C---,,,INDEPENDENT DIRECTED STUDIES 10C,,,,,N,,,N,,,,,,,4
MMUCB10--L,,,INSTRUMENTAL MUSIC: CONCERT BAND 10 Linear,,,,,N,,,N,,,,,,,4
MPHED10--L,,,PHYSICAL AND HEALTH EDUCATION 10 LINEAR,,,,,N,,,N,,,,,,,4
MSC--10---,,,SCIENCE 10,,,,,N,,,N,,,,,,,4
MSS--10---,,,SOCIAL STUDIES 10,,,,,N,,,N,,,,,,,4
MTXT-10---,,,TEXTILES 10,,,,,N,,,N,,,,,,,4
MVAPH10---,,,VISUAL ARTS: PHOTOGRAPHY 10,,,,,N,,,N,,,,,,,4
MVAST10---,,,VISUAL ARTS: ART STUDIO 10,,,,,N,,,Y,,,,,,,4
ID,1564,Grade,9,,,,,,,,,,,,,,,
Course,,,,Description,,,Recommended,,,Alternate,,,,Alternate Courses,,,,Credit
MEFWR10---,,,EFP WRITING 10,,,,,N,,,N,,,,,,,2
MFMP-10---,,,FOUNDATIONS OF MATH AND PRE-CALCULUS 10,,,,,N,,,N,,,,,,,4
MFOOD10---,,,ADST ?  FOOD STUDIES 10,,,,,N,,,N,,,,,,,4
MPHED10FB-,,,PHYSICAL AND HEALTH EDUCATION 10 Football,,,,,N,,,N,,,,,,,4
MSC--10---,,,SCIENCE 10,,,,,N,,,N,,,,,,,4
MSP--10---,,,SPANISH 10,,,,,N,,,Y,,,,,,,4
MSS--10---,,,SOCIAL STUDIES 10,,,,,N,,,N,,,,,,,4
MTPOW10---,,,ADST ?  POWER TECHNOLOGY 10,,,,,N,,,N,,,,,,,4
MWWK-10---,,,ADST ?  WOODWORK 10,,,,,N,,,Y,,,,,,,4
YHRA-0AX--,,,CROSS TRAINING 10,,,,,N,,,N,,,,,,,4
ID,1565,Grade,9,,,,,,,,,,,,,,,
Course,,,,Description,,,Recommended,,,Alternate,,,,Alternate Courses,,,,Credit
MADEM10---,,,ADST ? ENTREPRENEURSHIP AND MARKETING 10,,,,,N,,,Y,,,,,,,4
MCMPS10---,,,COMPOSITION 10,,,,,N,,,N,,,,,,,2
MFOOD10---,,,ADST ?  FOOD STUDIES 10,,,,,N,,,N,,,,,,,4
MPHED10B--,,,PHYSICAL AND HEALTH EDUCATION 10 Boys,,,,,N,,,N,,,,,,,4
MSC--10---,,,SCIENCE 10,,,,,N,,,N,,,,,,,4
MSP--10---,,,SPANISH 10,,,,,N,,,Y,,,,,,,4
MSS--10---,,,SOCIAL STUDIES 10,,,,,N,,,N,,,,,,,4
MTPOW10---,,,ADST ?  POWER TECHNOLOGY 10,,,,,N,,,N,,,,,,,4
MWPM-10---,,,WORKPLACE MATHEMATICS 10,,,,,N,,,N,,,,,,,4
MWWK-10---,,,ADST ?  WOODWORK 10,,,,,N,,,N,,,,,,,4
ID,1566,Grade,9,,,,,,,,,,,,,,,
Course,,,,Description,,,Recommended,,,Alternate,,,,Alternate Courses,,,,Credit
MAC--11---,,,ACCOUNTING 11,,,,,N,,,N,,,,,,,4
MADEM10---,,,ADST ? ENTREPRENEURSHIP AND MARKETING 10,,,,,N,,,N,,,,,,,4
MCLE-10---,,,CAREER LIFE EDUCATION 10,,,,,N,,,N,,,,,,,4
MCMPS10C--,,,COMPOSITION 10 Challenge,,,,,N,,,N,,,,,,,2
MDNC-10--L,,,DANCE 10: CHOREOGRAPHY Linear,,,,,N,,,N,,,,,,,4
MDNCM10--L,,,DANCE COMPANY 10 Linear,,,,,N,,,N,,,,,,,4
MFMP-10C--,,,FOUNDATIONS OF MATH AND PRE-CALCULUS 10 CHALLENGE,,,,,N,,,N,,,,,,,4
MFR--12---,,,FRENCH 12,,,,,N,,,Y,,,,,,,4
MPHED10G--,,,PHYSICAL AND HEALTH EDUCATION 10 Girls,,,,,N,,,N,,,,,,,4
MSC--10C--,,,SCIENCE 10: CHALLENGE,,,,,N,,,N,,,,,,,4
MSS--10C--,,,SOCIAL STUDIES 10 CHALLENGE,,,,,N,,,N,,,,,,,4
MWBDV10IT-,,,Information and Communications Technologies 10,,,,,N,,,Y,,,,,,,4
YCPA-0AX-L,,,COMMUNITY LEADERSHIP 10 Linear,,,,,N,,,N,,,,,,,4
ID,1567,Grade,9,,,,,,,,,,,,,,,
Course,,,,Description,,,Recommended,,,Alternate,,,,Alternate Courses,,,,Credit
MAC--11---,,,ACCOUNTING 11,,,,,N,,,N,,,,,,,4
MADEM10---,,,ADST ? ENTREPRENEURSHIP AND MARKETING 10,,,,,N,,,Y,,,,,,,4
MCMPS10---,,,COMPOSITION 10,,,,,N,,,N,,,,,,,2
MDMD-12D--,,,3D ANIMATION 12,,,,,N,,,N,,,,,,,4
MFMP-10H--,,,FOUNDATIONS OF MATH AND PRE-CALCULUS 10 HONOURS,,,,,N,,,N,,,,,,,4
MFR--10---,,,FRENCH 10,,,,,N,,,N,,,,,,,4
MPHED10---,,,PHYSICAL AND HEALTH EDUCATION 10,,,,,N,,,N,,,,,,,4
MSC--10---,,,SCIENCE 10,,,,,N,,,N,,,,,,,4
MSS--10---,,,SOCIAL STUDIES 10,,,,,N,,,N,,,,,,,4
MTDRF10---,,,ADST ?  DRAFTING 10,,,,,N,,,Y,,,,,,,4
ID,1568,Grade,9,,,,,,,,,,,,,,,
Course,,,,Description,,,Recommended,,,Alternate,,,,Alternate Courses,,,,Credit
MAC--11---,,,ACCOUNTING 11,,,,,N,,,N,,,,,,,4
MCMPR11AI-,,,COMPUTER PROGRAMMING 11 AI and Games,,,,,N,,,N,,,,,,,4
MDMD-12D--,,,3D ANIMATION 12,,,,,N,,,Y,,,,,,,4
MEFWR10---,,,EFP WRITING 10,,,,,N,,,N,,,,,,,2
MFMP-10H--,,,FOUNDATIONS OF MATH AND PRE-CALCULUS 10 HONOURS,,,,,N,,,N,,,,,,,4
MFOOD10---,,,ADST ?  FOOD STUDIES 10,,,,,N,,,Y,,,,,,,4
MFR--12---,,,FRENCH 12,,,,,N,,,N,,,,,,,4
MIDS-0C---,,,INDEPENDENT DIRECTED STUDIES 10C,,,,,N,,,N,,,,,,,4
MSC--10---,,,SCIENCE 10,,,,,N,,,N,,,,,,,4
MSS--10---,,,SOCIAL STUDIES 10,,,,,N,,,N,,,,,,,4
MTPOW10---,,,ADST ?  POWER TECHNOLOGY 10,,,,,N,,,N,,,,,,,4
YLRA-0AX-L,,,ATHLETIC LEADERSHIP 10 U16,,,,,N,,,N,,,,,,,4
ID,1569,Grade,9,,,,,,,,,,,,,,,
Course,,,,Description,,,Recommended,,,Alternate,,,,Alternate Courses,,,,Credit
MCLE-10---,,,CAREER LIFE EDUCATION 10,,,,,N,,,N,,,,,,,4
MCMPR11AI-,,,COMPUTER PROGRAMMING 11 AI and Games,,,,,N,,,N,,,,,,,4
MDMD-12D--,,,3D ANIMATION 12,,,,,N,,,N,,,,,,,4
MEFWR10---,,,EFP WRITING 10,,,,,N,,,N,,,,,,,2
MFMP-10---,,,FOUNDATIONS OF MATH AND PRE-CALCULUS 10,,,,,N,,,N,,,,,,,4
MFOOD10---,,,ADST ?  FOOD STUDIES 10,,,,,N,,,Y,,,,,,,4
MMACS11---,,,COMPUTER SCIENCE 11,,,,,N,,,Y,,,,,,,4
MPHED10G--,,,PHYSICAL AND HEALTH EDUCATION 10 Girls,,,,,N,,,N,,,,,,,4
MSC--10---,,,SCIENCE 10,,,,,N,,,N,,,,,,,4
MSS--10---,,,SOCIAL STUDIES 10,,,,,N,,,N,,,,,,,4
YCPA-0AX-L,,,COMMUNITY LEADERSHIP 10 Linear,,,,,N,,,N,,,,,,,4
ID,1570,Grade,9,,,,,,,,,,,,,,,
Course,,,,Description,,,Recommended,,,Alternate,,,,Alternate Courses,,,,Credit
MAC--11---,,,ACCOUNTING 11,,,,,N,,,N,,,,,,,4
MCMPR11AI-,,,COMPUTER PROGRAMMING 11 AI and Games,,,,,N,,,N,,,,,,,4
MEFWR10---,,,EFP WRITING 10,,,,,N,,,N,,,,,,,2
MFMP-10---,,,FOUNDATIONS OF MATH AND PRE-CALCULUS 10,,,,,N,,,N,,,,,,,4
MFOOD10---,,,ADST ?  FOOD STUDIES 10,,,,,N,,,N,,,,,,,4
MFR--12---,,,FRENCH 12,,,,,N,,,N,,,,,,,4
MSC--10---,,,SCIENCE 10,,,,,N,,,N,,,,,,,4
MSS--10---,,,SOCIAL STUDIES 10,,,,,N,,,N,,,,,,,4
MTXT-10---,,,TEXTILES 10,,,,,N,,,Y,,,,,,,4
YLRA-0AX-L,,,ATHLETIC LEADERSHIP 10 U16,,,,,N,,,N,,,,,,,4
ID,1571,Grade,9,,,,,,,,,,,,,,,
Course,,,,Description,,,Recommended,,,Alternate,,,,Alternate Courses,,,,Credit
MEFWR10---,,,EFP WRITING 10,,,,,N,,,N,,,,,,,2
MFMP-10---,,,FOUNDATIONS OF MATH AND PRE-CALCULUS 10,,,,,N,,,N,,,,,,,4
MFOOD10---,,,ADST ?  FOOD STUDIES 10,,,,,N,,,N,,,,,,,4
MMUGT10---,,,INSTRUMENTAL MUSIC: GUITAR 10,,,,,N,,,Y,,,,,,,4
MPHED10---,,,PHYSICAL AND HEALTH EDUCATION 10,,,,,N,,,N,,,,,,,4
MSC--10---,,,SCIENCE 10,,,,,N,,,N,,,,,,,4
MSP--10---,,,SPANISH 10,,,,,N,,,Y,,,,,,,4
MSS--10---,,,SOCIAL STUDIES 10,,,,,N,,,N,,,,,,,4
MTPOW10---,,,ADST ?  POWER TECHNOLOGY 10,,,,,N,,,N,,,,,,,4
YED--0AX--,,,LEARNING STRATEGIES 10,,,,,N,,,N,,,,,,,4
ID,1572,Grade,9,,,,,,,,,,,,,,,
Course,,,,Description,,,Recommended,,,Alternate,,,,Alternate Courses,,,,Credit
MAC--11---,,,ACCOUNTING 11,,,,,N,,,Y,,,,,,,4
MDMD-12D--,,,3D ANIMATION 12,,,,,N,,,N,,,,,,,4
MEFWR10---,,,EFP WRITING 10,,,,,N,,,N,,,,,,,2
MFMP-10H--,,,FOUNDATIONS OF MATH AND PRE-CALCULUS 10 HONOURS,,,,,N,,,N,,,,,,,4
MMEDD10---,,,ADST ? MEDIA DESIGN 10,,,,,N,,,N,,,,,,,4
MPHED10G--,,,PHYSICAL AND HEALTH EDUCATION 10 Girls,,,,,N,,,N,,,,,,,4
MSC--10---,,,SCIENCE 10,,,,,N,,,N,,,,,,,4
MSS--10---,,,SOCIAL STUDIES 10,,,,,N,,,N,,,,,,,4
MVAST10---,,,VISUAL ARTS: ART STUDIO 10,,,,,N,,,N,,,,,,,4
MWBDV10IT-,,,Information and Communications Technologies 10,,,,,N,,,Y,,,,,,,4
YCPA-0AX-L,,,COMMUNITY LEADERSHIP 10 Linear,,,,,N,,,N,,,,,,,4
ID,1573,Grade,9,,,,,,,,,,,,,,,
Course,,,,Description,,,Recommended,,,Alternate,,,,Alternate Courses,,,,Credit
MCMPR11AI-,,,COMPUTER PROGRAMMING 11 AI and Games,,,,,N,,,Y,,,,,,,4
MEFWR10---,,,EFP WRITING 10,,,,,N,,,N,,,,,,,2
MFMP-10H--,,,FOUNDATIONS OF MATH AND PRE-CALCULUS 10 HONOURS,,,,,N,,,N,,,,,,,4
MMACS11---,,,COMPUTER SCIENCE 11,,,,,N,,,N,,,,,,,4
MMUGT10---,,,INSTRUMENTAL MUSIC: GUITAR 10,,,,,N,,,N,,,,,,,4
MPHED10B--,,,PHYSICAL AND HEALTH EDUCATION 10 Boys,,,,,N,,,N,,,,,,,4
MSC--10---,,,SCIENCE 10,,,,,N,,,N,,,,,,,4
MSP--10---,,,SPANISH 10,,,,,N,,,Y,,,,,,,4
MSS--10---,,,SOCIAL STUDIES 10,,,,,N,,,N,,,,,,,4
MTEXP10---,,,ADST-Technology Explorations 10,,,,,N,,,N,,,,,,,4
YLRA-0AX-L,,,ATHLETIC LEADERSHIP 10 U16,,,,,N,,,N,,,,,,,4
ID,1574,Grade,9,,,,,,,,,,,,,,,
Course,,,,Description,,,Recommended,,,Alternate,,,,Alternate Courses,,,,Credit
MDNC-10--L,,,DANCE 10: CHOREOGRAPHY Linear,,,,,N,,,N,,,,,,,4
MDNCM10--L,,,DANCE COMPANY 10 Linear,,,,,N,,,N,,,,,,,4
MDNTP10---,,,DANCE TECHNIQUE AND PERFORMANCE 10,,,,,N,,,N,,,,,,,4
MEFWR10---,,,EFP WRITING 10,,,,,N,,,N,,,,,,,2
MFOOD10---,,,ADST ?  FOOD STUDIES 10,,,,,N,,,N,,,,,,,4
MPHED10G--,,,PHYSICAL AND HEALTH EDUCATION 10 Girls,,,,,N,,,N,,,,,,,4
MSC--10---,,,SCIENCE 10,,,,,N,,,N,,,,,,,4
MSS--10---,,,SOCIAL STUDIES 10,,,,,N,,,N,,,,,,,4
MTXT-10---,,,TEXTILES 10,,,,,N,,,N,,,,,,,4
YCPA-0AX-L,,,COMMUNITY LEADERSHIP 10 Linear,,,,,N,,,N,,,,,,,4
YED--0AX--,,,LEARNING STRATEGIES 10,,,,,N,,,N,,,,,,,4
YPA--0CX--,,,YOGA FOR MINDFULNESS 10,,,,,N,,,Y,,,,,,,4
ID,1575,Grade,9,,,,,,,,,,,,,,,
Course,,,,Description,,,Recommended,,,Alternate,,,,Alternate Courses,,,,Credit
MCMPR11AI-,,,COMPUTER PROGRAMMING 11 AI and Games,,,,,N,,,Y,,,,,,,4
MEFWR10---,,,EFP WRITING 10,,,,,N,,,N,,,,,,,2
MFMP-10H--,,,FOUNDATIONS OF MATH AND PRE-CALCULUS 10 HONOURS,,,,,N,,,N,,,,,,,4
MFOOD10---,,,ADST ?  FOOD STUDIES 10,,,,,N,,,Y,,,,,,,4
MMACS11---,,,COMPUTER SCIENCE 11,,,,,N,,,N,,,,,,,4
MPHED10B--,,,PHYSICAL AND HEALTH EDUCATION 10 Boys,,,,,N,,,N,,,,,,,4
MSC--10---,,,SCIENCE 10,,,,,N,,,N,,,,,,,4
MSS--10---,,,SOCIAL STUDIES 10,,,,,N,,,N,,,,,,,4
MTEXP10---,,,ADST-Technology Explorations 10,,,,,N,,,N,,,,,,,4
MTPOW10---,,,ADST ?  POWER TECHNOLOGY 10,,,,,N,,,N,,,,,,,4
YED--0BX-L,,,PEER TUTORING 10 LINEAR,,,,,N,,,N,,,,,,,4
ID,1576,Grade,9,,,,,,,,,,,,,,,
Course,,,,Description,,,Recommended,,,Alternate,,,,Alternate Courses,,,,Credit
MEFWR10---,,,EFP WRITING 10,,,,,N,,,N,,,,,,,2
MFMP-10---,,,FOUNDATIONS OF MATH AND PRE-CALCULUS 10,,,,,N,,,N,,,,,,,4
MFOOD10---,,,ADST ?  FOOD STUDIES 10,,,,,N,,,N,,,,,,,4
MMUCB10--L,,,INSTRUMENTAL MUSIC: CONCERT BAND 10 Linear,,,,,N,,,N,,,,,,,4
MMUCC10--L,,,CHORAL MUSIC: CONCERT CHOIR 10 Linear,,,,,N,,,N,,,,,,,4
MPHED10--L,,,PHYSICAL AND HEALTH EDUCATION 10 LINEAR,,,,,N,,,N,,,,,,,4
MSC--10---,,,SCIENCE 10,,,,,N,,,N,,,,,,,4
MSS--10---,,,SOCIAL STUDIES 10,,,,,N,,,N,,,,,,,4
MTXT-10---,,,TEXTILES 10,,,,,N,,,N,,,,,,,4
MVAST10---,,,VISUAL ARTS: ART STUDIO 10,,,,,N,,,Y,,,,,,,4
ID,1577,Grade,9,,,,,,,,,,,,,,,
Course,,,,Description,,,Recommended,,,Alternate,,,,Alternate Courses,,,,Credit
MCMPR11AI-,,,COMPUTER PROGRAMMING 11 AI and Games,,,,,N,,,Y,,,,,,,4
MCMPS10---,,,COMPOSITION 10,,,,,N,,,N,,,,,,,2
MFMP-10---,,,FOUNDATIONS OF MATH AND PRE-CALCULUS 10,,,,,N,,,N,,,,,,,4
MFOOD10---,,,ADST ?  FOOD STUDIES 10,,,,,N,,,Y,,,,,,,4
MMUCB10--L,,,INSTRUMENTAL MUSIC: CONCERT BAND 10 Linear,,,,,N,,,N,,,,,,,4
MMUJB10--L,,,INSTRUMENTAL MUSIC: JAZZ BAND 10 Linear,,,,,N,,,N,,,,,,,4
MMUOR10S-L,,,INSTRUMENTAL MUSIC: ORCHESTRA 10 Strings LINEAR,,,,,N,,,N,,,,,,,4
MPHED10--L,,,PHYSICAL AND HEALTH EDUCATION 10 LINEAR,,,,,N,,,N,,,,,,,4
MSC--10---,,,SCIENCE 10,,,,,N,,,N,,,,,,,4
MSS--10---,,,SOCIAL STUDIES 10,,,,,N,,,N,,,,,,,4
MTEAR10--L,,,ADST ?  ELECTRONICS AND ROBOTICS 10 Linear,,,,,N,,,N,,,,,,,4
MTXT-10---,,,TEXTILES 10,,,,,N,,,N,,,,,,,4
MVAPH10---,,,VISUAL ARTS: PHOTOGRAPHY 10,,,,,N,,,N,,,,,,,4
ID,1578,Grade,9,,,,,,,,,,,,,,,
Course,,,,Description,,,Recommended,,,Alternate,,,,Alternate Courses,,,,Credit
MCMPS10---,,,COMPOSITION 10,,,,,N,,,N,,,,,,,2
MFMP-10---,,,FOUNDATIONS OF MATH AND PRE-CALCULUS 10,,,,,N,,,N,,,,,,,4
MSC--10---,,,SCIENCE 10,,,,,N,,,N,,,,,,,4
MSS--10---,,,SOCIAL STUDIES 10,,,,,N,,,N,,,,,,,4
ID,1579,Grade,9,,,,,,,,,,,,,,,
Course,,,,Description,,,Recommended,,,Alternate,,,,Alternate Courses,,,,Credit
MCMPS10---,,,COMPOSITION 10,,,,,N,,,N,,,,,,,2
MFOOD10---,,,ADST ?  FOOD STUDIES 10,,,,,N,,,N,,,,,,,4
MMEDD10---,,,ADST ? MEDIA DESIGN 10,,,,,N,,,Y,,,,,,,4
MMUGT10---,,,INSTRUMENTAL MUSIC: GUITAR 10,,,,,N,,,Y,,,,,,,4
MPHED10G--,,,PHYSICAL AND HEALTH EDUCATION 10 Girls,,,,,N,,,N,,,,,,,4
MSC--10---,,,SCIENCE 10,,,,,N,,,N,,,,,,,4
MSS--10---,,,SOCIAL STUDIES 10,,,,,N,,,N,,,,,,,4
MTXT-10---,,,TEXTILES 10,,,,,N,,,N,,,,,,,4
MWPM-10---,,,WORKPLACE MATHEMATICS 10,,,,,N,,,N,,,,,,,4
YED--0AX--,,,LEARNING STRATEGIES 10,,,,,N,,,N,,,,,,,4
ID,1580,Grade,9,,,,,,,,,,,,,,,
Course,,,,Description,,,Recommended,,,Alternate,,,,Alternate Courses,,,,Credit
MEFWR10---,,,EFP WRITING 10,,,,,N,,,N,,,,,,,2
MFMP-10---,,,FOUNDATIONS OF MATH AND PRE-CALCULUS 10,,,,,N,,,N,,,,,,,4
MFOOD10---,,,ADST ?  FOOD STUDIES 10,,,,,N,,,N,,,,,,,4
MPHED10--L,,,PHYSICAL AND HEALTH EDUCATION 10 LINEAR,,,,,N,,,N,,,,,,,4
MSC--10---,,,SCIENCE 10,,,,,N,,,N,,,,,,,4
MSS--10---,,,SOCIAL STUDIES 10,,,,,N,,,N,,,,,,,4
MTPOW10---,,,ADST ?  POWER TECHNOLOGY 10,,,,,N,,,Y,,,,,,,4
MWWK-10---,,,ADST ?  WOODWORK 10,,,,,N,,,N,,,,,,,4
YED--0AX-L,,,LEARNING STRATEGIES 10 LINEAR,,,,,N,,,N,,,,,,,4
ID,1581,Grade,9,,,,,,,,,,,,,,,
Course,,,,Description,,,Recommended,,,Alternate,,,,Alternate Courses,,,,Credit
MADEM10---,,,ADST ? ENTREPRENEURSHIP AND MARKETING 10,,,,,N,,,Y,,,,,,,4
MCLE-10---,,,CAREER LIFE EDUCATION 10,,,,,N,,,N,,,,,,,4
MEFWR10---,,,EFP WRITING 10,,,,,N,,,N,,,,,,,2
MFMP-10---,,,FOUNDATIONS OF MATH AND PRE-CALCULUS 10,,,,,N,,,N,,,,,,,4
MFOOD10---,,,ADST ?  FOOD STUDIES 10,,,,,N,,,Y,,,,,,,4
MLFSC11---,,,LIFE SCIENCES 11,,,,,N,,,N,,,,,,,4
MPHED10FB-,,,PHYSICAL AND HEALTH EDUCATION 10 Football,,,,,N,,,N,,,,,,,4
MSC--10---,,,SCIENCE 10,,,,,N,,,N,,,,,,,4
MTPOW10---,,,ADST ?  POWER TECHNOLOGY 10,,,,,N,,,N,,,,,,,4
MVAPH10---,,,VISUAL ARTS: PHOTOGRAPHY 10,,,,,N,,,Y,,,,,,,4
YHRA-0AX--,,,CROSS TRAINING 10,,,,,N,,,N,,,,,,,4
ID,1582,Grade,9,,,,,,,,,,,,,,,
Course,,,,Description,,,Recommended,,,Alternate,,,,Alternate Courses,,,,Credit
MCLE-10---,,,CAREER LIFE EDUCATION 10,,,,,N,,,N,,,,,,,4
MCMPR11AI-,,,COMPUTER PROGRAMMING 11 AI and Games,,,,,N,,,Y,,,,,,,4
MCMPS10C--,,,COMPOSITION 10 Challenge,,,,,N,,,N,,,,,,,2
MFMP-10C--,,,FOUNDATIONS OF MATH AND PRE-CALCULUS 10 CHALLENGE,,,,,N,,,N,,,,,,,4
MFOOD10---,,,ADST ?  FOOD STUDIES 10,,,,,N,,,Y,,,,,,,4
MMACS11---,,,COMPUTER SCIENCE 11,,,,,N,,,N,,,,,,,4
MMUOR10S-L,,,INSTRUMENTAL MUSIC: ORCHESTRA 10 Strings LINEAR,,,,,N,,,N,,,,,,,4
MPHED10---,,,PHYSICAL AND HEALTH EDUCATION 10,,,,,N,,,N,,,,,,,4
MPREC11---,,,PRE-CALCULUS 11,,,,,N,,,N,,,,,,,4
MSC--10C--,,,SCIENCE 10: CHALLENGE,,,,,N,,,N,,,,,,,4
MSS--10C--,,,SOCIAL STUDIES 10 CHALLENGE,,,,,N,,,N,,,,,,,4
YCPA-0AXE-,,,COMMUNITY LEADERSHIP 10,,,,,N,,,N,,,,,,,4
YED--0BX-L,,,PEER TUTORING 10 LINEAR,,,,,N,,,N,,,,,,,4
ID,1583,Grade,9,,,,,,,,,,,,,,,
Course,,,,Description,,,Recommended,,,Alternate,,,,Alternate Courses,,,,Credit
MCMPS10---,,,COMPOSITION 10,,,,,N,,,N,,,,,,,2
MDMD-12D--,,,3D ANIMATION 12,,,,,N,,,Y,,,,,,,4
MFMP-10H--,,,FOUNDATIONS OF MATH AND PRE-CALCULUS 10 HONOURS,,,,,N,,,N,,,,,,,4
MFR--10---,,,FRENCH 10,,,,,N,,,N,,,,,,,4
MMUCB10--L,,,INSTRUMENTAL MUSIC: CONCERT BAND 10 Linear,,,,,N,,,N,,,,,,,4
MMUJB10--L,,,INSTRUMENTAL MUSIC: JAZZ BAND 10 Linear,,,,,N,,,N,,,,,,,4
MPHED10--L,,,PHYSICAL AND HEALTH EDUCATION 10 LINEAR,,,,,N,,,N,,,,,,,4
MSC--10---,,,SCIENCE 10,,,,,N,,,N,,,,,,,4
MSS--10---,,,SOCIAL STUDIES 10,,,,,N,,,N,,,,,,,4
MTEAR10---,,,ADST ?  ELECTRONICS AND ROBOTICS 10,,,,,N,,,Y,,,,,,,4
MTEAR10--L,,,ADST ?  ELECTRONICS AND ROBOTICS 10 Linear,,,,,N,,,N,,,,,,,4
MTEXP10---,,,ADST-Technology Explorations 10,,,,,N,,,N,,,,,,,4
ID,1584,Grade,9,,,,,,,,,,,,,,,
Course,,,,Description,,,Recommended,,,Alternate,,,,Alternate Courses,,,,Credit
MCLE-10---,,,CAREER LIFE EDUCATION 10,,,,,N,,,N,,,,,,,4
MEFWR10---,,,EFP WRITING 10,,,,,N,,,N,,,,,,,2
MFMP-10---,,,FOUNDATIONS OF MATH AND PRE-CALCULUS 10,,,,,N,,,N,,,,,,,4
MFOOD10---,,,ADST ?  FOOD STUDIES 10,,,,,N,,,N,,,,,,,4
MMAP-11---,,,MARKETING AND PROMOTION 11,,,,,N,,,Y,,,,,,,4
MSC--10---,,,SCIENCE 10,,,,,N,,,N,,,,,,,4
MSS--10---,,,SOCIAL STUDIES 10,,,,,N,,,N,,,,,,,4
MTEAR10---,,,ADST ?  ELECTRONICS AND ROBOTICS 10,,,,,N,,,Y,,,,,,,4
MTEXP10---,,,ADST-Technology Explorations 10,,,,,N,,,N,,,,,,,4
YED--0AX--,,,LEARNING STRATEGIES 10,,,,,N,,,N,,,,,,,4
ID,1585,Grade,9,,,,,,,,,,,,,,,
Course,,,,Description,,,Recommended,,,Alternate,,,,Alternate Courses,,,,Credit
MCLE-10---,,,CAREER LIFE EDUCATION 10,,,,,N,,,N,,,,,,,4
MEFWR10---,,,EFP WRITING 10,,,,,N,,,N,,,,,,,2
MFMP-10---,,,FOUNDATIONS OF MATH AND PRE-CALCULUS 10,,,,,N,,,N,,,,,,,4
MFOOD10---,,,ADST ?  FOOD STUDIES 10,,,,,N,,,Y,,,,,,,4
MPHED10B--,,,PHYSICAL AND HEALTH EDUCATION 10 Boys,,,,,N,,,N,,,,,,,4
MSC--10---,,,SCIENCE 10,,,,,N,,,N,,,,,,,4
MSS--10---,,,SOCIAL STUDIES 10,,,,,N,,,N,,,,,,,4
MTPOW10---,,,ADST ?  POWER TECHNOLOGY 10,,,,,N,,,N,,,,,,,4
MWBDV10IT-,,,Information and Communications Technologies 10,,,,,N,,,Y,,,,,,,4
MWWK-10---,,,ADST ?  WOODWORK 10,,,,,N,,,N,,,,,,,4
ID,1586,Grade,9,,,,,,,,,,,,,,,
Course,,,,Description,,,Recommended,,,Alternate,,,,Alternate Courses,,,,Credit
MEFWR10---,,,EFP WRITING 10,,,,,N,,,N,,,,,,,2
MFOOD10---,,,ADST ?  FOOD STUDIES 10,,,,,N,,,N,,,,,,,4
MPHED10B--,,,PHYSICAL AND HEALTH EDUCATION 10 Boys,,,,,N,,,N,,,,,,,4
MSC--10---,,,SCIENCE 10,,,,,N,,,N,,,,,,,4
MSS--10---,,,SOCIAL STUDIES 10,,,,,N,,,N,,,,,,,4
MVAST10---,,,VISUAL ARTS: ART STUDIO 10,,,,,N,,,N,,,,,,,4
MWPM-10---,,,WORKPLACE MATHEMATICS 10,,,,,N,,,N,,,,,,,4
MWWK-10---,,,ADST ?  WOODWORK 10,,,,,N,,,N,,,,,,,4
ID,1587,Grade,9,,,,,,,,,,,,,,,
Course,,,,Description,,,Recommended,,,Alternate,,,,Alternate Courses,,,,Credit
MEFWR10---,,,EFP WRITING 10,,,,,N,,,N,,,,,,,2
MFMP-10---,,,FOUNDATIONS OF MATH AND PRE-CALCULUS 10,,,,,N,,,N,,,,,,,4
MMAP-11---,,,MARKETING AND PROMOTION 11,,,,,N,,,N,,,,,,,4
MMEDD10---,,,ADST ? MEDIA DESIGN 10,,,,,N,,,Y,,,,,,,4
MPHED10G--,,,PHYSICAL AND HEALTH EDUCATION 10 Girls,,,,,N,,,N,,,,,,,4
MSC--10---,,,SCIENCE 10,,,,,N,,,N,,,,,,,4
MSS--10---,,,SOCIAL STUDIES 10,,,,,N,,,N,,,,,,,4
MTDRF10---,,,ADST ?  DRAFTING 10,,,,,N,,,Y,,,,,,,4
MTXT-10---,,,TEXTILES 10,,,,,N,,,N,,,,,,,4
MVAST10---,,,VISUAL ARTS: ART STUDIO 10,,,,,N,,,N,,,,,,,4
ID,1588,Grade,9,,,,,,,,,,,,,,,
Course,,,,Description,,,Recommended,,,Alternate,,,,Alternate Courses,,,,Credit
MDRM-10---,,,DRAMA 10,,,,,N,,,N,,,,,,,4
MEFWR10---,,,EFP WRITING 10,,,,,N,,,N,,,,,,,2
MFOOD10---,,,ADST ?  FOOD STUDIES 10,,,,,N,,,N,,,,,,,4
MPHED10B--,,,PHYSICAL AND HEALTH EDUCATION 10 Boys,,,,,N,,,N,,,,,,,4
MPHED10B--,,,PHYSICAL AND HEALTH EDUCATION 10 Boys,,,,,N,,,N,,,,,,,4
MSS--10---,,,SOCIAL STUDIES 10,,,,,N,,,N,,,,,,,4
MVAPH10---,,,VISUAL ARTS: PHOTOGRAPHY 10,,,,,N,,,N,,,,,,,4
MVAST10---,,,VISUAL ARTS: ART STUDIO 10,,,,,N,,,Y,,,,,,,4
MWPM-10---,,,WORKPLACE MATHEMATICS 10,,,,,N,,,N,,,,,,,4
ID,1589,Grade,9,,,,,,,,,,,,,,,
Course,,,,Description,,,Recommended,,,Alternate,,,,Alternate Courses,,,,Credit
MEFWR10---,,,EFP WRITING 10,,,,,N,,,N,,,,,,,2
MFMP-10H--,,,FOUNDATIONS OF MATH AND PRE-CALCULUS 10 HONOURS,,,,,N,,,N,,,,,,,4
MFR--10---,,,FRENCH 10,,,,,N,,,N,,,,,,,4
MMEDD10---,,,ADST ? MEDIA DESIGN 10,,,,,N,,,N,,,,,,,4
MPHED10G--,,,PHYSICAL AND HEALTH EDUCATION 10 Girls,,,,,N,,,N,,,,,,,4
MSC--10---,,,SCIENCE 10,,,,,N,,,N,,,,,,,4
MSS--10---,,,SOCIAL STUDIES 10,,,,,N,,,N,,,,,,,4
MTDRF10---,,,ADST ?  DRAFTING 10,,,,,N,,,N,,,,,,,4
MTPOW10---,,,ADST ?  POWER TECHNOLOGY 10,,,,,N,,,Y,,,,,,,4
MTXT-10---,,,TEXTILES 10,,,,,N,,,Y,,,,,,,4
ID,1590,Grade,9,,,,,,,,,,,,,,,
Course,,,,Description,,,Recommended,,,Alternate,,,,Alternate Courses,,,,Credit
MAC--11---,,,ACCOUNTING 11,,,,,N,,,N,,,,,,,4
MCMPR11AI-,,,COMPUTER PROGRAMMING 11 AI and Games,,,,,N,,,Y,,,,,,,4
MEFWR10---,,,EFP WRITING 10,,,,,N,,,N,,,,,,,2
MFMP-10---,,,FOUNDATIONS OF MATH AND PRE-CALCULUS 10,,,,,N,,,N,,,,,,,4
MFOOD10---,,,ADST ?  FOOD STUDIES 10,,,,,N,,,Y,,,,,,,4
MMACS11---,,,COMPUTER SCIENCE 11,,,,,N,,,N,,,,,,,4
MPHED10B--,,,PHYSICAL AND HEALTH EDUCATION 10 Boys,,,,,N,,,N,,,,,,,4
MSC--10---,,,SCIENCE 10,,,,,N,,,N,,,,,,,4
MSS--10---,,,SOCIAL STUDIES 10,,,,,N,,,N,,,,,,,4
MTPOW10---,,,ADST ?  POWER TECHNOLOGY 10,,,,,N,,,N,,,,,,,4
ID,1591,Grade,9,,,,,,,,,,,,,,,
Course,,,,Description,,,Recommended,,,Alternate,,,,Alternate Courses,,,,Credit
MEFWR10---,,,EFP WRITING 10,,,,,N,,,N,,,,,,,2
MFMP-10---,,,FOUNDATIONS OF MATH AND PRE-CALCULUS 10,,,,,N,,,N,,,,,,,4
MFOOD10---,,,ADST ?  FOOD STUDIES 10,,,,,N,,,N,,,,,,,4
MMUGT10---,,,INSTRUMENTAL MUSIC: GUITAR 10,,,,,N,,,Y,,,,,,,4
MPHED10---,,,PHYSICAL AND HEALTH EDUCATION 10,,,,,N,,,N,,,,,,,4
MSC--10---,,,SCIENCE 10,,,,,N,,,N,,,,,,,4
MSS--10---,,,SOCIAL STUDIES 10,,,,,N,,,N,,,,,,,4
MTEAR10---,,,ADST ?  ELECTRONICS AND ROBOTICS 10,,,,,N,,,Y,,,,,,,4
MWWK-10---,,,ADST ?  WOODWORK 10,,,,,N,,,N,,,,,,,4
YPR--0BX--,,,OUTDOOR EDUCATION 10,,,,,N,,,N,,,,,,,4
ID,1592,Grade,9,,,,,,,,,,,,,,,
Course,,,,Description,,,Recommended,,,Alternate,,,,Alternate Courses,,,,Credit
MCMPR11AI-,,,COMPUTER PROGRAMMING 11 AI and Games,,,,,N,,,Y,,,,,,,4
MEFWR10---,,,EFP WRITING 10,,,,,N,,,N,,,,,,,2
MFMP-10---,,,FOUNDATIONS OF MATH AND PRE-CALCULUS 10,,,,,N,,,N,,,,,,,4
MFOOD10---,,,ADST ?  FOOD STUDIES 10,,,,,N,,,N,,,,,,,4
MMACS11---,,,COMPUTER SCIENCE 11,,,,,N,,,N,,,,,,,4
MPHED10B--,,,PHYSICAL AND HEALTH EDUCATION 10 Boys,,,,,N,,,N,,,,,,,4
MSC--10---,,,SCIENCE 10,,,,,N,,,N,,,,,,,4
MSS--10---,,,SOCIAL STUDIES 10,,,,,N,,,N,,,,,,,4
MTEXP10---,,,ADST-Technology Explorations 10,,,,,N,,,Y,,,,,,,4
MWWK-10---,,,ADST ?  WOODWORK 10,,,,,N,,,N,,,,,,,4
ID,1593,Grade,9,,,,,,,,,,,,,,,
Course,,,,Description,,,Recommended,,,Alternate,,,,Alternate Courses,,,,Credit
MCMPS10---,,,COMPOSITION 10,,,,,N,,,N,,,,,,,2
MFMP-10---,,,FOUNDATIONS OF MATH AND PRE-CALCULUS 10,,,,,N,,,N,,,,,,,4
MSC--10---,,,SCIENCE 10,,,,,N,,,N,,,,,,,4
MSS--10---,,,SOCIAL STUDIES 10,,,,,N,,,N,,,,,,,4
ID,1594,Grade,9,,,,,,,,,,,,,,,
Course,,,,Description,,,Recommended,,,Alternate,,,,Alternate Courses,,,,Credit
MCMPS10C--,,,COMPOSITION 10 Challenge,,,,,N,,,N,,,,,,,2
MFMP-10C--,,,FOUNDATIONS OF MATH AND PRE-CALCULUS 10 CHALLENGE,,,,,N,,,N,,,,,,,4
MFOOD10---,,,ADST ?  FOOD STUDIES 10,,,,,N,,,Y,,,,,,,4
MMACS11---,,,COMPUTER SCIENCE 11,,,,,N,,,N,,,,,,,4
MMUCB10--L,,,INSTRUMENTAL MUSIC: CONCERT BAND 10 Linear,,,,,N,,,N,,,,,,,4
MPHED10--L,,,PHYSICAL AND HEALTH EDUCATION 10 LINEAR,,,,,N,,,N,,,,,,,4
MSC--10C--,,,SCIENCE 10: CHALLENGE,,,,,N,,,N,,,,,,,4
MSS--10C--,,,SOCIAL STUDIES 10 CHALLENGE,,,,,N,,,N,,,,,,,4
MVAPH10---,,,VISUAL ARTS: PHOTOGRAPHY 10,,,,,N,,,N,,,,,,,4
YCPA-0AX-L,,,COMMUNITY LEADERSHIP 10 Linear,,,,,N,,,N,,,,,,,4
YED--0BX-L,,,PEER TUTORING 10 LINEAR,,,,,N,,,N,,,,,,,4
ID,1595,Grade,9,,,,,,,,,,,,,,,
Course,,,,Description,,,Recommended,,,Alternate,,,,Alternate Courses,,,,Credit
MEFWR10---,,,EFP WRITING 10,,,,,N,,,N,,,,,,,2
MFMP-10---,,,FOUNDATIONS OF MATH AND PRE-CALCULUS 10,,,,,N,,,N,,,,,,,4
MFOOD10---,,,ADST ?  FOOD STUDIES 10,,,,,N,,,N,,,,,,,4
MMUGT10---,,,INSTRUMENTAL MUSIC: GUITAR 10,,,,,N,,,N,,,,,,,4
MPHED10B--,,,PHYSICAL AND HEALTH EDUCATION 10 Boys,,,,,N,,,N,,,,,,,4
MSC--10---,,,SCIENCE 10,,,,,N,,,N,,,,,,,4
MSS--10---,,,SOCIAL STUDIES 10,,,,,N,,,N,,,,,,,4
MTPOW10---,,,ADST ?  POWER TECHNOLOGY 10,,,,,N,,,N,,,,,,,4
MWWK-10---,,,ADST ?  WOODWORK 10,,,,,N,,,Y,,,,,,,4
YED--0AX--,,,LEARNING STRATEGIES 10,,,,,N,,,Y,,,,,,,4
ID,1596,Grade,9,,,,,,,,,,,,,,,
Course,,,,Description,,,Recommended,,,Alternate,,,,Alternate Courses,,,,Credit
MCMPS10C--,,,COMPOSITION 10 Challenge,,,,,N,,,N,,,,,,,2
MFMP-10C--,,,FOUNDATIONS OF MATH AND PRE-CALCULUS 10 CHALLENGE,,,,,N,,,N,,,,,,,4
MFR--12---,,,FRENCH 12,,,,,N,,,N,,,,,,,4
MMACS11---,,,COMPUTER SCIENCE 11,,,,,N,,,N,,,,,,,4
MPHED10B--,,,PHYSICAL AND HEALTH EDUCATION 10 Boys,,,,,N,,,N,,,,,,,4
MSC--10C--,,,SCIENCE 10: CHALLENGE,,,,,N,,,N,,,,,,,4
MSS--10C--,,,SOCIAL STUDIES 10 CHALLENGE,,,,,N,,,N,,,,,,,4
MTDRF10---,,,ADST ?  DRAFTING 10,,,,,N,,,Y,,,,,,,4
MWBDV10IT-,,,Information and Communications Technologies 10,,,,,N,,,N,,,,,,,4
ID,1597,Grade,9,,,,,,,,,,,,,,,
Course,,,,Description,,,Recommended,,,Alternate,,,,Alternate Courses,,,,Credit
MADEM10---,,,ADST ? ENTREPRENEURSHIP AND MARKETING 10,,,,,N,,,Y,,,,,,,4
MEFWR10---,,,EFP WRITING 10,,,,,N,,,N,,,,,,,2
MFMP-10---,,,FOUNDATIONS OF MATH AND PRE-CALCULUS 10,,,,,N,,,N,,,,,,,4
MFOOD10---,,,ADST ?  FOOD STUDIES 10,,,,,N,,,N,,,,,,,4
MIDS-0B---,,,INDEPENDENT DIRECTED STUDIES 10B,,,,,N,,,Y,,,,,,,4
MPHED10G--,,,PHYSICAL AND HEALTH EDUCATION 10 Girls,,,,,N,,,N,,,,,,,4
MSC--10---,,,SCIENCE 10,,,,,N,,,N,,,,,,,4
MSP--10---,,,SPANISH 10,,,,,N,,,N,,,,,,,4
MSS--10---,,,SOCIAL STUDIES 10,,,,,N,,,N,,,,,,,4
MTXT-10---,,,TEXTILES 10,,,,,N,,,N,,,,,,,4
ID,1598,Grade,9,,,,,,,,,,,,,,,
Course,,,,Description,,,Recommended,,,Alternate,,,,Alternate Courses,,,,Credit
MDRM-10---,,,DRAMA 10,,,,,N,,,N,,,,,,,4
MEFWR10---,,,EFP WRITING 10,,,,,N,,,N,,,,,,,2
MFMP-10---,,,FOUNDATIONS OF MATH AND PRE-CALCULUS 10,,,,,N,,,N,,,,,,,4
MFR--10---,,,FRENCH 10,,,,,N,,,N,,,,,,,4
MIDS-0C---,,,INDEPENDENT DIRECTED STUDIES 10C,,,,,N,,,N,,,,,,,4
MMUCC10--L,,,CHORAL MUSIC: CONCERT CHOIR 10 Linear,,,,,N,,,N,,,,,,,4
MPHED10G--,,,PHYSICAL AND HEALTH EDUCATION 10 Girls,,,,,N,,,N,,,,,,,4
MSC--10---,,,SCIENCE 10,,,,,N,,,N,,,,,,,4
MSS--10---,,,SOCIAL STUDIES 10,,,,,N,,,N,,,,,,,4
MTDRF10---,,,ADST ?  DRAFTING 10,,,,,N,,,Y,,,,,,,4
MTXT-10---,,,TEXTILES 10,,,,,N,,,Y,,,,,,,4
MVAST10---,,,VISUAL ARTS: ART STUDIO 10,,,,,N,,,N,,,,,,,4
ID,1599,Grade,9,,,,,,,,,,,,,,,
Course,,,,Description,,,Recommended,,,Alternate,,,,Alternate Courses,,,,Credit
MAC--11---,,,ACCOUNTING 11,,,,,N,,,N,,,,,,,4
MEFWR10---,,,EFP WRITING 10,,,,,N,,,N,,,,,,,2
MFMP-10---,,,FOUNDATIONS OF MATH AND PRE-CALCULUS 10,,,,,N,,,N,,,,,,,4
MFOOD10---,,,ADST ?  FOOD STUDIES 10,,,,,N,,,N,,,,,,,4
MPHED10G--,,,PHYSICAL AND HEALTH EDUCATION 10 Girls,,,,,N,,,N,,,,,,,4
MSC--10---,,,SCIENCE 10,,,,,N,,,N,,,,,,,4
MSS--10---,,,SOCIAL STUDIES 10,,,,,N,,,N,,,,,,,4
MVAPH10---,,,VISUAL ARTS: PHOTOGRAPHY 10,,,,,N,,,N,,,,,,,4
MVAST10---,,,VISUAL ARTS: ART STUDIO 10,,,,,N,,,Y,,,,,,,4
YLRA-0AX-L,,,ATHLETIC LEADERSHIP 10 U16,,,,,N,,,N,,,,,,,4
YPA--0CX--,,,YOGA FOR MINDFULNESS 10,,,,,N,,,Y,,,,,,,4
ID,1600,Grade,9,,,,,,,,,,,,,,,
Course,,,,Description,,,Recommended,,,Alternate,,,,Alternate Courses,,,,Credit
MAC--11---,,,ACCOUNTING 11,,,,,N,,,N,,,,,,,4
MEFWR10---,,,EFP WRITING 10,,,,,N,,,N,,,,,,,2
MFMP-10H--,,,FOUNDATIONS OF MATH AND PRE-CALCULUS 10 HONOURS,,,,,N,,,N,,,,,,,4
MFOOD10---,,,ADST ?  FOOD STUDIES 10,,,,,N,,,Y,,,,,,,4
MPHED10---,,,PHYSICAL AND HEALTH EDUCATION 10,,,,,N,,,N,,,,,,,4
MSC--10---,,,SCIENCE 10,,,,,N,,,N,,,,,,,4
MSS--10---,,,SOCIAL STUDIES 10,,,,,N,,,N,,,,,,,4
MTDRF10---,,,ADST ?  DRAFTING 10,,,,,N,,,N,,,,,,,4
MTXT-10---,,,TEXTILES 10,,,,,N,,,N,,,,,,,4
MWBDV10IT-,,,Information and Communications Technologies 10,,,,,N,,,Y,,,,,,,4
ID,1601,Grade,9,,,,,,,,,,,,,,,
Course,,,,Description,,,Recommended,,,Alternate,,,,Alternate Courses,,,,Credit
MCMPR11AI-,,,COMPUTER PROGRAMMING 11 AI and Games,,,,,N,,,N,,,,,,,4
MCMPS10C--,,,COMPOSITION 10 Challenge,,,,,N,,,N,,,,,,,2
MFMP-10C--,,,FOUNDATIONS OF MATH AND PRE-CALCULUS 10 CHALLENGE,,,,,N,,,N,,,,,,,4
MFR--10---,,,FRENCH 10,,,,,N,,,N,,,,,,,4
MMACS11---,,,COMPUTER SCIENCE 11,,,,,N,,,N,,,,,,,4
MSC--10C--,,,SCIENCE 10: CHALLENGE,,,,,N,,,N,,,,,,,4
MSS--10C--,,,SOCIAL STUDIES 10 CHALLENGE,,,,,N,,,N,,,,,,,4
MTEXP10---,,,ADST-Technology Explorations 10,,,,,N,,,N,,,,,,,4
MTPOW10---,,,ADST ?  POWER TECHNOLOGY 10,,,,,N,,,Y,,,,,,,4
YED--0BX-L,,,PEER TUTORING 10 LINEAR,,,,,N,,,N,,,,,,,4
ID,1602,Grade,9,,,,,,,,,,,,,,,
Course,,,,Description,,,Recommended,,,Alternate,,,,Alternate Courses,,,,Credit
MADEM10---,,,ADST ? ENTREPRENEURSHIP AND MARKETING 10,,,,,N,,,Y,,,,,,,4
MCMPS10---,,,COMPOSITION 10,,,,,N,,,N,,,,,,,2
MFMP-10---,,,FOUNDATIONS OF MATH AND PRE-CALCULUS 10,,,,,N,,,N,,,,,,,4
MSC--10---,,,SCIENCE 10,,,,,N,,,N,,,,,,,4
MTXT-10---,,,TEXTILES 10,,,,,N,,,N,,,,,,,4
ID,1603,Grade,9,,,,,,,,,,,,,,,
Course,,,,Description,,,Recommended,,,Alternate,,,,Alternate Courses,,,,Credit
MCMPS10C--,,,COMPOSITION 10 Challenge,,,,,N,,,N,,,,,,,2
MFMP-10C--,,,FOUNDATIONS OF MATH AND PRE-CALCULUS 10 CHALLENGE,,,,,N,,,N,,,,,,,4
MFR--12---,,,FRENCH 12,,,,,N,,,Y,,,,,,,4
MMACS11---,,,COMPUTER SCIENCE 11,,,,,N,,,N,,,,,,,4
MPHED10---,,,PHYSICAL AND HEALTH EDUCATION 10,,,,,N,,,N,,,,,,,4
MSC--10C--,,,SCIENCE 10: CHALLENGE,,,,,N,,,N,,,,,,,4
MSS--10C--,,,SOCIAL STUDIES 10 CHALLENGE,,,,,N,,,N,,,,,,,4
MTDRF10---,,,ADST ?  DRAFTING 10,,,,,N,,,N,,,,,,,4
MTEXP10---,,,ADST-Technology Explorations 10,,,,,N,,,Y,,,,,,,4
MWBDV10IT-,,,Information and Communications Technologies 10,,,,,N,,,N,,,,,,,4
ID,1604,Grade,9,,,,,,,,,,,,,,,
Course,,,,Description,,,Recommended,,,Alternate,,,,Alternate Courses,,,,Credit
MAC--11---,,,ACCOUNTING 11,,,,,N,,,N,,,,,,,4
MADEM10---,,,ADST ? ENTREPRENEURSHIP AND MARKETING 10,,,,,N,,,N,,,,,,,4
MCMPS10---,,,COMPOSITION 10,,,,,N,,,N,,,,,,,2
MFMP-10H--,,,FOUNDATIONS OF MATH AND PRE-CALCULUS 10 HONOURS,,,,,N,,,N,,,,,,,4
MFR--10---,,,FRENCH 10,,,,,N,,,Y,,,,,,,4
MMEDD10---,,,ADST ? MEDIA DESIGN 10,,,,,N,,,Y,,,,,,,4
MPHED10---,,,PHYSICAL AND HEALTH EDUCATION 10,,,,,N,,,N,,,,,,,4
MSC--10---,,,SCIENCE 10,,,,,N,,,N,,,,,,,4
MSS--10---,,,SOCIAL STUDIES 10,,,,,N,,,N,,,,,,,4
MWBDV10IT-,,,Information and Communications Technologies 10,,,,,N,,,N,,,,,,,4
YLRA-0AX-L,,,ATHLETIC LEADERSHIP 10 U16,,,,,N,,,N,,,,,,,4
ID,1605,Grade,9,,,,,,,,,,,,,,,
Course,,,,Description,,,Recommended,,,Alternate,,,,Alternate Courses,,,,Credit
MCMPS10C--,,,COMPOSITION 10 Challenge,,,,,N,,,N,,,,,,,2
MDRM-10---,,,DRAMA 10,,,,,N,,,N,,,,,,,4
MFMP-10C--,,,FOUNDATIONS OF MATH AND PRE-CALCULUS 10 CHALLENGE,,,,,N,,,N,,,,,,,4
MIDS-0C---,,,INDEPENDENT DIRECTED STUDIES 10C,,,,,N,,,N,,,,,,,4
MMUCB10--L,,,INSTRUMENTAL MUSIC: CONCERT BAND 10 Linear,,,,,N,,,N,,,,,,,4
MMUJB10--L,,,INSTRUMENTAL MUSIC: JAZZ BAND 10 Linear,,,,,N,,,N,,,,,,,4
MPHED10--L,,,PHYSICAL AND HEALTH EDUCATION 10 LINEAR,,,,,N,,,N,,,,,,,4
MSC--10C--,,,SCIENCE 10: CHALLENGE,,,,,N,,,N,,,,,,,4
MSS--10C--,,,SOCIAL STUDIES 10 CHALLENGE,,,,,N,,,N,,,,,,,4
MTXT-10---,,,TEXTILES 10,,,,,N,,,Y,,,,,,,4
MVAST10---,,,VISUAL ARTS: ART STUDIO 10,,,,,N,,,N,,,,,,,4
ID,1606,Grade,9,,,,,,,,,,,,,,,
Course,,,,Description,,,Recommended,,,Alternate,,,,Alternate Courses,,,,Credit
MAC--11---,,,ACCOUNTING 11,,,,,N,,,Y,,,,,,,4
MCLE-10---,,,CAREER LIFE EDUCATION 10,,,,,N,,,Y,,,,,,,4
MCMPR11AI-,,,COMPUTER PROGRAMMING 11 AI and Games,,,,,N,,,Y,,,,,,,4
MCMPS10C--,,,COMPOSITION 10 Challenge,,,,,N,,,N,,,,,,,2
MFMP-10C--,,,FOUNDATIONS OF MATH AND PRE-CALCULUS 10 CHALLENGE,,,,,N,,,N,,,,,,,4
MMACS11---,,,COMPUTER SCIENCE 11,,,,,N,,,N,,,,,,,4
MSC--10C--,,,SCIENCE 10: CHALLENGE,,,,,N,,,N,,,,,,,4
MSS--10C--,,,SOCIAL STUDIES 10 CHALLENGE,,,,,N,,,N,,,,,,,4
MTDRF10---,,,ADST ?  DRAFTING 10,,,,,N,,,N,,,,,,,4
MTPOW10---,,,ADST ?  POWER TECHNOLOGY 10,,,,,N,,,Y,,,,,,,4
ID,1607,Grade,9,,,,,,,,,,,,,,,
Course,,,,Description,,,Recommended,,,Alternate,,,,Alternate Courses,,,,Credit
MADEM10---,,,ADST ? ENTREPRENEURSHIP AND MARKETING 10,,,,,N,,,Y,,,,,,,4
MCMPS10---,,,COMPOSITION 10,,,,,N,,,N,,,,,,,2
MDRM-10---,,,DRAMA 10,,,,,N,,,N,,,,,,,4
MFMP-10---,,,FOUNDATIONS OF MATH AND PRE-CALCULUS 10,,,,,N,,,N,,,,,,,4
MFOOD10---,,,ADST ?  FOOD STUDIES 10,,,,,N,,,N,,,,,,,4
MPHED10G--,,,PHYSICAL AND HEALTH EDUCATION 10 Girls,,,,,N,,,N,,,,,,,4
MSC--10---,,,SCIENCE 10,,,,,N,,,N,,,,,,,4
MSS--10---,,,SOCIAL STUDIES 10,,,,,N,,,N,,,,,,,4
MTXT-10---,,,TEXTILES 10,,,,,N,,,N,,,,,,,4
MVAPH10---,,,VISUAL ARTS: PHOTOGRAPHY 10,,,,,N,,,Y,,,,,,,4
YCPA-0AX-L,,,COMMUNITY LEADERSHIP 10 Linear,,,,,N,,,N,,,,,,,4
ID,1608,Grade,9,,,,,,,,,,,,,,,
Course,,,,Description,,,Recommended,,,Alternate,,,,Alternate Courses,,,,Credit
MEFWR10---,,,EFP WRITING 10,,,,,N,,,N,,,,,,,2
MFMP-10---,,,FOUNDATIONS OF MATH AND PRE-CALCULUS 10,,,,,N,,,N,,,,,,,4
MFOOD10---,,,ADST ?  FOOD STUDIES 10,,,,,N,,,N,,,,,,,4
MFR--12---,,,FRENCH 12,,,,,N,,,Y,,,,,,,4
MMUCB10--L,,,INSTRUMENTAL MUSIC: CONCERT BAND 10 Linear,,,,,N,,,N,,,,,,,4
MMUGT10---,,,INSTRUMENTAL MUSIC: GUITAR 10,,,,,N,,,Y,,,,,,,4
MPHED10--L,,,PHYSICAL AND HEALTH EDUCATION 10 LINEAR,,,,,N,,,N,,,,,,,4
MSC--10---,,,SCIENCE 10,,,,,N,,,N,,,,,,,4
MSS--10---,,,SOCIAL STUDIES 10,,,,,N,,,N,,,,,,,4
MTPOW10---,,,ADST ?  POWER TECHNOLOGY 10,,,,,N,,,N,,,,,,,4
ID,1609,Grade,9,,,,,,,,,,,,,,,
Course,,,,Description,,,Recommended,,,Alternate,,,,Alternate Courses,,,,Credit
MEFWR10---,,,EFP WRITING 10,,,,,N,,,N,,,,,,,2
MFMP-10H--,,,FOUNDATIONS OF MATH AND PRE-CALCULUS 10 HONOURS,,,,,N,,,N,,,,,,,4
MIDS-0C---,,,INDEPENDENT DIRECTED STUDIES 10C,,,,,N,,,N,,,,,,,4
MMACS11---,,,COMPUTER SCIENCE 11,,,,,N,,,N,,,,,,,4
MMEDD10---,,,ADST ? MEDIA DESIGN 10,,,,,N,,,N,,,,,,,4
MPHED10B--,,,PHYSICAL AND HEALTH EDUCATION 10 Boys,,,,,N,,,N,,,,,,,4
MSC--10---,,,SCIENCE 10,,,,,N,,,N,,,,,,,4
MSS--10---,,,SOCIAL STUDIES 10,,,,,N,,,N,,,,,,,4
MTDRF10---,,,ADST ?  DRAFTING 10,,,,,N,,,N,,,,,,,4
MTEXP10---,,,ADST-Technology Explorations 10,,,,,N,,,Y,,,,,,,4
MVAST10---,,,VISUAL ARTS: ART STUDIO 10,,,,,N,,,Y,,,,,,,4
YLRA-0AX-L,,,ATHLETIC LEADERSHIP 10 U16,,,,,N,,,N,,,,,,,4
ID,1610,Grade,9,,,,,,,,,,,,,,,
Course,,,,Description,,,Recommended,,,Alternate,,,,Alternate Courses,,,,Credit
MCLE-10---,,,CAREER LIFE EDUCATION 10,,,,,N,,,N,,,,,,,4
MEFWR10---,,,EFP WRITING 10,,,,,N,,,N,,,,,,,2
MEVSC11---,,,ENVIRONMENTAL SCIENCE 11,,,,,N,,,N,,,,,,,4
MFMP-10---,,,FOUNDATIONS OF MATH AND PRE-CALCULUS 10,,,,,N,,,N,,,,,,,4
MFOOD10---,,,ADST ?  FOOD STUDIES 10,,,,,N,,,Y,,,,,,,4
MFR--10---,,,FRENCH 10,,,,,N,,,N,,,,,,,4
MFR--11---,,,FRENCH 11,,,,,N,,,N,,,,,,,4
MSC--10---,,,SCIENCE 10,,,,,N,,,N,,,,,,,4
MSP--10---,,,SPANISH 10,,,,,N,,,Y,,,,,,,4
MSS--10---,,,SOCIAL STUDIES 10,,,,,N,,,N,,,,,,,4
MTXT-10---,,,TEXTILES 10,,,,,N,,,Y,,,,,,,4
ID,1611,Grade,9,,,,,,,,,,,,,,,
Course,,,,Description,,,Recommended,,,Alternate,,,,Alternate Courses,,,,Credit
MDRM-10---,,,DRAMA 10,,,,,N,,,Y,,,,,,,4
MEFWR10---,,,EFP WRITING 10,,,,,N,,,N,,,,,,,2
MFMP-10---,,,FOUNDATIONS OF MATH AND PRE-CALCULUS 10,,,,,N,,,N,,,,,,,4
MFOOD10---,,,ADST ?  FOOD STUDIES 10,,,,,N,,,Y,,,,,,,4
MIDS-0C---,,,INDEPENDENT DIRECTED STUDIES 10C,,,,,N,,,N,,,,,,,4
MMUCC10--L,,,CHORAL MUSIC: CONCERT CHOIR 10 Linear,,,,,N,,,N,,,,,,,4
MPHED10G--,,,PHYSICAL AND HEALTH EDUCATION 10 Girls,,,,,N,,,N,,,,,,,4
MSC--10---,,,SCIENCE 10,,,,,N,,,N,,,,,,,4
MSS--10---,,,SOCIAL STUDIES 10,,,,,N,,,N,,,,,,,4
MTPOW10---,,,ADST ?  POWER TECHNOLOGY 10,,,,,N,,,N,,,,,,,4
MTXT-10---,,,TEXTILES 10,,,,,N,,,N,,,,,,,4
MWBDV10IT-,,,Information and Communications Technologies 10,,,,,N,,,N,,,,,,,4
ID,1612,Grade,9,,,,,,,,,,,,,,,
Course,,,,Description,,,Recommended,,,Alternate,,,,Alternate Courses,,,,Credit
MDNC-10--L,,,DANCE 10: CHOREOGRAPHY Linear,,,,,N,,,N,,,,,,,4
MDNCM10--L,,,DANCE COMPANY 10 Linear,,,,,N,,,N,,,,,,,4
MEFWR10---,,,EFP WRITING 10,,,,,N,,,N,,,,,,,2
MFMP-10H--,,,FOUNDATIONS OF MATH AND PRE-CALCULUS 10 HONOURS,,,,,N,,,N,,,,,,,4
MFOOD10---,,,ADST ?  FOOD STUDIES 10,,,,,N,,,N,,,,,,,4
MMEDD10---,,,ADST ? MEDIA DESIGN 10,,,,,N,,,N,,,,,,,4
MPHED10G--,,,PHYSICAL AND HEALTH EDUCATION 10 Girls,,,,,N,,,N,,,,,,,4
MSC--10---,,,SCIENCE 10,,,,,N,,,N,,,,,,,4
MSP--10---,,,SPANISH 10,,,,,N,,,N,,,,,,,4
MSS--10---,,,SOCIAL STUDIES 10,,,,,N,,,N,,,,,,,4
MTDRF10---,,,ADST ?  DRAFTING 10,,,,,N,,,Y,,,,,,,4
MTXT-10---,,,TEXTILES 10,,,,,N,,,Y,,,,,,,4
YLRA-0AX-L,,,ATHLETIC LEADERSHIP 10 U16,,,,,N,,,N,,,,,,,4
ID,1613,Grade,9,,,,,,,,,,,,,,,
Course,,,,Description,,,Recommended,,,Alternate,,,,Alternate Courses,,,,Credit
MDMD-12D--,,,3D ANIMATION 12,,,,,N,,,N,,,,,,,4
MEFWR10---,,,EFP WRITING 10,,,,,N,,,N,,,,,,,2
MFMP-10---,,,FOUNDATIONS OF MATH AND PRE-CALCULUS 10,,,,,N,,,N,,,,,,,4
MPHED10---,,,PHYSICAL AND HEALTH EDUCATION 10,,,,,N,,,N,,,,,,,4
MSC--10---,,,SCIENCE 10,,,,,N,,,N,,,,,,,4
MSS--10---,,,SOCIAL STUDIES 10,,,,,N,,,N,,,,,,,4
MTEAR10---,,,ADST ?  ELECTRONICS AND ROBOTICS 10,,,,,N,,,N,,,,,,,4
MTEXP10---,,,ADST-Technology Explorations 10,,,,,N,,,Y,,,,,,,4
MTXT-10---,,,TEXTILES 10,,,,,N,,,N,,,,,,,4
MVAST10---,,,VISUAL ARTS: ART STUDIO 10,,,,,N,,,Y,,,,,,,4
ID,1614,Grade,9,,,,,,,,,,,,,,,
Course,,,,Description,,,Recommended,,,Alternate,,,,Alternate Courses,,,,Credit
MCMPR11AI-,,,COMPUTER PROGRAMMING 11 AI and Games,,,,,N,,,Y,,,,,,,4
MCMPS10C--,,,COMPOSITION 10 Challenge,,,,,N,,,N,,,,,,,2
MDMD-12D--,,,3D ANIMATION 12,,,,,N,,,Y,,,,,,,4
MFMP-10C--,,,FOUNDATIONS OF MATH AND PRE-CALCULUS 10 CHALLENGE,,,,,N,,,N,,,,,,,4
MMACS11---,,,COMPUTER SCIENCE 11,,,,,N,,,N,,,,,,,4
MPHED10---,,,PHYSICAL AND HEALTH EDUCATION 10,,,,,N,,,N,,,,,,,4
MSC--10C--,,,SCIENCE 10: CHALLENGE,,,,,N,,,N,,,,,,,4
MSP--11---,,,SPANISH 11,,,,,N,,,N,,,,,,,4
MSS--10C--,,,SOCIAL STUDIES 10 CHALLENGE,,,,,N,,,N,,,,,,,4
MTEXP10---,,,ADST-Technology Explorations 10,,,,,N,,,N,,,,,,,4
ID,1615,Grade,9,,,,,,,,,,,,,,,
Course,,,,Description,,,Recommended,,,Alternate,,,,Alternate Courses,,,,Credit
MAC--11---,,,ACCOUNTING 11,,,,,N,,,N,,,,,,,4
MEFWR10---,,,EFP WRITING 10,,,,,N,,,N,,,,,,,2
MFMP-10---,,,FOUNDATIONS OF MATH AND PRE-CALCULUS 10,,,,,N,,,N,,,,,,,4
MFOOD10---,,,ADST ?  FOOD STUDIES 10,,,,,N,,,Y,,,,,,,4
MIDS-0C---,,,INDEPENDENT DIRECTED STUDIES 10C,,,,,N,,,N,,,,,,,4
MMUCB10--L,,,INSTRUMENTAL MUSIC: CONCERT BAND 10 Linear,,,,,N,,,N,,,,,,,4
MMUJB10--L,,,INSTRUMENTAL MUSIC: JAZZ BAND 10 Linear,,,,,N,,,N,,,,,,,4
MPHED10--L,,,PHYSICAL AND HEALTH EDUCATION 10 LINEAR,,,,,N,,,N,,,,,,,4
MSC--10---,,,SCIENCE 10,,,,,N,,,N,,,,,,,4
MSS--10---,,,SOCIAL STUDIES 10,,,,,N,,,N,,,,,,,4
MTEXP10---,,,ADST-Technology Explorations 10,,,,,N,,,N,,,,,,,4
MTXT-10---,,,TEXTILES 10,,,,,N,,,Y,,,,,,,4
YLRA-0AX-L,,,ATHLETIC LEADERSHIP 10 U16,,,,,N,,,N,,,,,,,4
ID,1616,Grade,9,,,,,,,,,,,,,,,
Course,,,,Description,,,Recommended,,,Alternate,,,,Alternate Courses,,,,Credit
MCMPS10---,,,COMPOSITION 10,,,,,N,,,N,,,,,,,2
MDRM-10---,,,DRAMA 10,,,,,N,,,N,,,,,,,4
MMEDD10---,,,ADST ? MEDIA DESIGN 10,,,,,N,,,N,,,,,,,4
MSC--10---,,,SCIENCE 10,,,,,N,,,N,,,,,,,4
MVAPH10---,,,VISUAL ARTS: PHOTOGRAPHY 10,,,,,N,,,Y,,,,,,,4
MVAST10---,,,VISUAL ARTS: ART STUDIO 10,,,,,N,,,Y,,,,,,,4
ID,1617,Grade,9,,,,,,,,,,,,,,,
Course,,,,Description,,,Recommended,,,Alternate,,,,Alternate Courses,,,,Credit
MAC--11---,,,ACCOUNTING 11,,,,,N,,,N,,,,,,,4
MEFWR10---,,,EFP WRITING 10,,,,,N,,,N,,,,,,,2
MFMP-10H--,,,FOUNDATIONS OF MATH AND PRE-CALCULUS 10 HONOURS,,,,,N,,,N,,,,,,,4
MMACS11---,,,COMPUTER SCIENCE 11,,,,,N,,,N,,,,,,,4
MMAP-11---,,,MARKETING AND PROMOTION 11,,,,,N,,,Y,,,,,,,4
MMUGT10---,,,INSTRUMENTAL MUSIC: GUITAR 10,,,,,N,,,Y,,,,,,,4
MPHED10G--,,,PHYSICAL AND HEALTH EDUCATION 10 Girls,,,,,N,,,N,,,,,,,4
MSC--10---,,,SCIENCE 10,,,,,N,,,N,,,,,,,4
MSS--10---,,,SOCIAL STUDIES 10,,,,,N,,,N,,,,,,,4
MVAST10---,,,VISUAL ARTS: ART STUDIO 10,,,,,N,,,N,,,,,,,4
YCPA-0AX-L,,,COMMUNITY LEADERSHIP 10 Linear,,,,,N,,,N,,,,,,,4
ID,1618,Grade,9,,,,,,,,,,,,,,,
Course,,,,Description,,,Recommended,,,Alternate,,,,Alternate Courses,,,,Credit
MCMPS10---,,,COMPOSITION 10,,,,,N,,,N,,,,,,,2
MFMP-10---,,,FOUNDATIONS OF MATH AND PRE-CALCULUS 10,,,,,N,,,N,,,,,,,4
MFOOD10---,,,ADST ?  FOOD STUDIES 10,,,,,N,,,Y,,,,,,,4
MMEDD10---,,,ADST ? MEDIA DESIGN 10,,,,,N,,,Y,,,,,,,4
MPHED10---,,,PHYSICAL AND HEALTH EDUCATION 10,,,,,N,,,N,,,,,,,4
MSC--10---,,,SCIENCE 10,,,,,N,,,N,,,,,,,4
MSS--10---,,,SOCIAL STUDIES 10,,,,,N,,,N,,,,,,,4
MTEAR10--L,,,ADST ?  ELECTRONICS AND ROBOTICS 10 Linear,,,,,N,,,N,,,,,,,4
MVAPH10---,,,VISUAL ARTS: PHOTOGRAPHY 10,,,,,N,,,N,,,,,,,4
MWBDV10IT-,,,Information and Communications Technologies 10,,,,,N,,,N,,,,,,,4
YESFL0AX--,,,BEGINNERS ELL 10,,,,,N,,,N,,,,,,,4
ID,1619,Grade,9,,,,,,,,,,,,,,,
Course,,,,Description,,,Recommended,,,Alternate,,,,Alternate Courses,,,,Credit
MCMPR11AI-,,,COMPUTER PROGRAMMING 11 AI and Games,,,,,N,,,N,,,,,,,4
MDMD-12D--,,,3D ANIMATION 12,,,,,N,,,Y,,,,,,,4
MEFWR10---,,,EFP WRITING 10,,,,,N,,,N,,,,,,,2
MFMP-10---,,,FOUNDATIONS OF MATH AND PRE-CALCULUS 10,,,,,N,,,N,,,,,,,4
MMACS11---,,,COMPUTER SCIENCE 11,,,,,N,,,N,,,,,,,4
MPHED10B--,,,PHYSICAL AND HEALTH EDUCATION 10 Boys,,,,,N,,,N,,,,,,,4
MSC--10---,,,SCIENCE 10,,,,,N,,,N,,,,,,,4
MSS--10---,,,SOCIAL STUDIES 10,,,,,N,,,N,,,,,,,4
MTDRF10---,,,ADST ?  DRAFTING 10,,,,,N,,,Y,,,,,,,4
MTEAR10--L,,,ADST ?  ELECTRONICS AND ROBOTICS 10 Linear,,,,,N,,,N,,,,,,,4
MTEXP10---,,,ADST-Technology Explorations 10,,,,,N,,,N,,,,,,,4
ID,1620,Grade,9,,,,,,,,,,,,,,,
Course,,,,Description,,,Recommended,,,Alternate,,,,Alternate Courses,,,,Credit
MCMPS10C--,,,COMPOSITION 10 Challenge,,,,,N,,,N,,,,,,,2
MDRM-10---,,,DRAMA 10,,,,,N,,,Y,,,,,,,4
MFMP-10C--,,,FOUNDATIONS OF MATH AND PRE-CALCULUS 10 CHALLENGE,,,,,N,,,N,,,,,,,4
MFOOD10---,,,ADST ?  FOOD STUDIES 10,,,,,N,,,N,,,,,,,4
MMACS11---,,,COMPUTER SCIENCE 11,,,,,N,,,N,,,,,,,4
MMUCB10--L,,,INSTRUMENTAL MUSIC: CONCERT BAND 10 Linear,,,,,N,,,N,,,,,,,4
MPHED10--L,,,PHYSICAL AND HEALTH EDUCATION 10 LINEAR,,,,,N,,,N,,,,,,,4
MSC--10C--,,,SCIENCE 10: CHALLENGE,,,,,N,,,N,,,,,,,4
MSS--10C--,,,SOCIAL STUDIES 10 CHALLENGE,,,,,N,,,N,,,,,,,4
YED--0BX-L,,,PEER TUTORING 10 LINEAR,,,,,N,,,N,,,,,,,4
ID,1621,Grade,9,,,,,,,,,,,,,,,
Course,,,,Description,,,Recommended,,,Alternate,,,,Alternate Courses,,,,Credit
MCMPR11AI-,,,COMPUTER PROGRAMMING 11 AI and Games,,,,,N,,,Y,,,,,,,4
MCMPS10C--,,,COMPOSITION 10 Challenge,,,,,N,,,N,,,,,,,2
MFMP-10C--,,,FOUNDATIONS OF MATH AND PRE-CALCULUS 10 CHALLENGE,,,,,N,,,N,,,,,,,4
MIDS-0C---,,,INDEPENDENT DIRECTED STUDIES 10C,,,,,N,,,N,,,,,,,4
MMACS11---,,,COMPUTER SCIENCE 11,,,,,N,,,N,,,,,,,4
MPHED10---,,,PHYSICAL AND HEALTH EDUCATION 10,,,,,N,,,N,,,,,,,4
MSC--10C--,,,SCIENCE 10: CHALLENGE,,,,,N,,,N,,,,,,,4
MSS--10C--,,,SOCIAL STUDIES 10 CHALLENGE,,,,,N,,,N,,,,,,,4
MTEAR10---,,,ADST ?  ELECTRONICS AND ROBOTICS 10,,,,,N,,,N,,,,,,,4
MTEXP10---,,,ADST-Technology Explorations 10,,,,,N,,,N,,,,,,,4
MWWK-10---,,,ADST ?  WOODWORK 10,,,,,N,,,Y,,,,,,,4
ID,1622,Grade,9,,,,,,,,,,,,,,,
Course,,,,Description,,,Recommended,,,Alternate,,,,Alternate Courses,,,,Credit
MAC--11---,,,ACCOUNTING 11,,,,,N,,,Y,,,,,,,4
MCMPS10C--,,,COMPOSITION 10 Challenge,,,,,N,,,N,,,,,,,2
MFMP-10C--,,,FOUNDATIONS OF MATH AND PRE-CALCULUS 10 CHALLENGE,,,,,N,,,N,,,,,,,4
MFOOD10---,,,ADST ?  FOOD STUDIES 10,,,,,N,,,N,,,,,,,4
MMACS11---,,,COMPUTER SCIENCE 11,,,,,N,,,N,,,,,,,4
MPHED10---,,,PHYSICAL AND HEALTH EDUCATION 10,,,,,N,,,N,,,,,,,4
MSC--10C--,,,SCIENCE 10: CHALLENGE,,,,,N,,,N,,,,,,,4
MSS--10C--,,,SOCIAL STUDIES 10 CHALLENGE,,,,,N,,,N,,,,,,,4
MTDRF10---,,,ADST ?  DRAFTING 10,,,,,N,,,Y,,,,,,,4
MVAST10---,,,VISUAL ARTS: ART STUDIO 10,,,,,N,,,N,,,,,,,4
ID,1623,Grade,9,,,,,,,,,,,,,,,
Course,,,,Description,,,Recommended,,,Alternate,,,,Alternate Courses,,,,Credit
MADEM10---,,,ADST ? ENTREPRENEURSHIP AND MARKETING 10,,,,,N,,,Y,,,,,,,4
MCMPS10---,,,COMPOSITION 10,,,,,N,,,N,,,,,,,2
MFMP-10---,,,FOUNDATIONS OF MATH AND PRE-CALCULUS 10,,,,,N,,,N,,,,,,,4
MFOOD10---,,,ADST ?  FOOD STUDIES 10,,,,,N,,,N,,,,,,,4
MMEDD10---,,,ADST ? MEDIA DESIGN 10,,,,,N,,,Y,,,,,,,4
MMUCB10--L,,,INSTRUMENTAL MUSIC: CONCERT BAND 10 Linear,,,,,N,,,N,,,,,,,4
MMUGT10---,,,INSTRUMENTAL MUSIC: GUITAR 10,,,,,N,,,N,,,,,,,4
MMUOR10S-L,,,INSTRUMENTAL MUSIC: ORCHESTRA 10 Strings LINEAR,,,,,N,,,N,,,,,,,4
MPHED10--L,,,PHYSICAL AND HEALTH EDUCATION 10 LINEAR,,,,,N,,,N,,,,,,,4
MSC--10---,,,SCIENCE 10,,,,,N,,,N,,,,,,,4
YESFL0AX--,,,BEGINNERS ELL 10,,,,,N,,,N,,,,,,,4
ID,1624,Grade,9,,,,,,,,,,,,,,,
Course,,,,Description,,,Recommended,,,Alternate,,,,Alternate Courses,,,,Credit
MEFWR10---,,,EFP WRITING 10,,,,,N,,,N,,,,,,,2
MFOOD10---,,,ADST ?  FOOD STUDIES 10,,,,,N,,,Y,,,,,,,4
MPHED10FB-,,,PHYSICAL AND HEALTH EDUCATION 10 Football,,,,,N,,,N,,,,,,,4
MSC--10---,,,SCIENCE 10,,,,,N,,,N,,,,,,,4
MSS--10---,,,SOCIAL STUDIES 10,,,,,N,,,N,,,,,,,4
MTPOW10---,,,ADST ?  POWER TECHNOLOGY 10,,,,,N,,,N,,,,,,,4
MVAPH10---,,,VISUAL ARTS: PHOTOGRAPHY 10,,,,,N,,,N,,,,,,,4
MWPM-10---,,,WORKPLACE MATHEMATICS 10,,,,,N,,,N,,,,,,,4
MWWK-10---,,,ADST ?  WOODWORK 10,,,,,N,,,Y,,,,,,,4
YHRA-0AX--,,,CROSS TRAINING 10,,,,,N,,,N,,,,,,,4
ID,1625,Grade,9,,,,,,,,,,,,,,,
Course,,,,Description,,,Recommended,,,Alternate,,,,Alternate Courses,,,,Credit
MCMPR11AI-,,,COMPUTER PROGRAMMING 11 AI and Games,,,,,N,,,Y,,,,,,,4
MCMPS10---,,,COMPOSITION 10,,,,,N,,,N,,,,,,,2
MFMP-10---,,,FOUNDATIONS OF MATH AND PRE-CALCULUS 10,,,,,N,,,N,,,,,,,4
MFR--10---,,,FRENCH 10,,,,,N,,,N,,,,,,,4
MIDS-0B---,,,INDEPENDENT DIRECTED STUDIES 10B,,,,,N,,,N,,,,,,,4
MIDS-0C---,,,INDEPENDENT DIRECTED STUDIES 10C,,,,,N,,,N,,,,,,,4
MMACS11---,,,COMPUTER SCIENCE 11,,,,,N,,,N,,,,,,,4
MMAP-11---,,,MARKETING AND PROMOTION 11,,,,,N,,,Y,,,,,,,4
MMUOR10S-L,,,INSTRUMENTAL MUSIC: ORCHESTRA 10 Strings LINEAR,,,,,N,,,N,,,,,,,4
MPHED10G--,,,PHYSICAL AND HEALTH EDUCATION 10 Girls,,,,,N,,,N,,,,,,,4
MSC--10---,,,SCIENCE 10,,,,,N,,,N,,,,,,,4
MSS--10---,,,SOCIAL STUDIES 10,,,,,N,,,N,,,,,,,4
ID,1626,Grade,9,,,,,,,,,,,,,,,
Course,,,,Description,,,Recommended,,,Alternate,,,,Alternate Courses,,,,Credit
MCMPS10---,,,COMPOSITION 10,,,,,N,,,N,,,,,,,2
MFMP-10---,,,FOUNDATIONS OF MATH AND PRE-CALCULUS 10,,,,,N,,,N,,,,,,,4
MMACS11---,,,COMPUTER SCIENCE 11,,,,,N,,,N,,,,,,,4
MPHED10B--,,,PHYSICAL AND HEALTH EDUCATION 10 Boys,,,,,N,,,N,,,,,,,4
MSC--10---,,,SCIENCE 10,,,,,N,,,N,,,,,,,4
MSS--10---,,,SOCIAL STUDIES 10,,,,,N,,,N,,,,,,,4
MTDRF10---,,,ADST ?  DRAFTING 10,,,,,N,,,Y,,,,,,,4
MTEXP10---,,,ADST-Technology Explorations 10,,,,,N,,,N,,,,,,,4
MWBDV10IT-,,,Information and Communications Technologies 10,,,,,N,,,N,,,,,,,4
YED--0AX--,,,LEARNING STRATEGIES 10,,,,,N,,,Y,,,,,,,4
ID,1627,Grade,9,,,,,,,,,,,,,,,
Course,,,,Description,,,Recommended,,,Alternate,,,,Alternate Courses,,,,Credit
MCMPR11AI-,,,COMPUTER PROGRAMMING 11 AI and Games,,,,,N,,,Y,,,,,,,4
MEFWR10---,,,EFP WRITING 10,,,,,N,,,N,,,,,,,2
MFMP-10H--,,,FOUNDATIONS OF MATH AND PRE-CALCULUS 10 HONOURS,,,,,N,,,N,,,,,,,4
MFOOD10---,,,ADST ?  FOOD STUDIES 10,,,,,N,,,N,,,,,,,4
MFR--10---,,,FRENCH 10,,,,,N,,,N,,,,,,,4
MMACS11---,,,COMPUTER SCIENCE 11,,,,,N,,,N,,,,,,,4
MPHED10---,,,PHYSICAL AND HEALTH EDUCATION 10,,,,,N,,,N,,,,,,,4
MSC--10---,,,SCIENCE 10,,,,,N,,,N,,,,,,,4
MSS--10---,,,SOCIAL STUDIES 10,,,,,N,,,N,,,,,,,4
MTEAR10---,,,ADST ?  ELECTRONICS AND ROBOTICS 10,,,,,N,,,Y,,,,,,,4
ID,1628,Grade,9,,,,,,,,,,,,,,,
Course,,,,Description,,,Recommended,,,Alternate,,,,Alternate Courses,,,,Credit
MAC--11---,,,ACCOUNTING 11,,,,,N,,,Y,,,,,,,4
MBSP-11---,,,INTRODUCTORY SPANISH 11,,,,,N,,,Y,,,,,,,4
MEFWR10---,,,EFP WRITING 10,,,,,N,,,N,,,,,,,2
MFMP-10---,,,FOUNDATIONS OF MATH AND PRE-CALCULUS 10,,,,,N,,,N,,,,,,,4
MFOOD10---,,,ADST ?  FOOD STUDIES 10,,,,,N,,,N,,,,,,,4
MPHED10B--,,,PHYSICAL AND HEALTH EDUCATION 10 Boys,,,,,N,,,N,,,,,,,4
MSC--10---,,,SCIENCE 10,,,,,N,,,N,,,,,,,4
MSS--10---,,,SOCIAL STUDIES 10,,,,,N,,,N,,,,,,,4
MVAPH10---,,,VISUAL ARTS: PHOTOGRAPHY 10,,,,,N,,,N,,,,,,,4
MWBDV10IT-,,,Information and Communications Technologies 10,,,,,N,,,N,,,,,,,4
YLRA-0AX-L,,,ATHLETIC LEADERSHIP 10 U16,,,,,N,,,N,,,,,,,4
ID,1629,Grade,9,,,,,,,,,,,,,,,
Course,,,,Description,,,Recommended,,,Alternate,,,,Alternate Courses,,,,Credit
MAC--11---,,,ACCOUNTING 11,,,,,N,,,Y,,,,,,,4
MCMPS10C--,,,COMPOSITION 10 Challenge,,,,,N,,,N,,,,,,,2
MFMP-10C--,,,FOUNDATIONS OF MATH AND PRE-CALCULUS 10 CHALLENGE,,,,,N,,,N,,,,,,,4
MMUCB10--L,,,INSTRUMENTAL MUSIC: CONCERT BAND 10 Linear,,,,,N,,,N,,,,,,,4
MPHED10--L,,,PHYSICAL AND HEALTH EDUCATION 10 LINEAR,,,,,N,,,N,,,,,,,4
MSC--10C--,,,SCIENCE 10: CHALLENGE,,,,,N,,,N,,,,,,,4
MSS--10C--,,,SOCIAL STUDIES 10 CHALLENGE,,,,,N,,,N,,,,,,,4
MTEXP10---,,,ADST-Technology Explorations 10,,,,,N,,,Y,,,,,,,4
MTPOW10---,,,ADST ?  POWER TECHNOLOGY 10,,,,,N,,,N,,,,,,,4
MWBDV10IT-,,,Information and Communications Technologies 10,,,,,N,,,N,,,,,,,4
YLRA-0AX-L,,,ATHLETIC LEADERSHIP 10 U16,,,,,N,,,N,,,,,,,4
ID,1630,Grade,9,,,,,,,,,,,,,,,
Course,,,,Description,,,Recommended,,,Alternate,,,,Alternate Courses,,,,Credit
MEFWR10---,,,EFP WRITING 10,,,,,N,,,N,,,,,,,2
MFMP-10H--,,,FOUNDATIONS OF MATH AND PRE-CALCULUS 10 HONOURS,,,,,N,,,N,,,,,,,4
MMUGT10---,,,INSTRUMENTAL MUSIC: GUITAR 10,,,,,N,,,N,,,,,,,4
MPHED10G--,,,PHYSICAL AND HEALTH EDUCATION 10 Girls,,,,,N,,,N,,,,,,,4
MSC--10---,,,SCIENCE 10,,,,,N,,,N,,,,,,,4
MSS--10---,,,SOCIAL STUDIES 10,,,,,N,,,N,,,,,,,4
MTDRF10---,,,ADST ?  DRAFTING 10,,,,,N,,,Y,,,,,,,4
MTXT-10---,,,TEXTILES 10,,,,,N,,,N,,,,,,,4
MVAST10---,,,VISUAL ARTS: ART STUDIO 10,,,,,N,,,N,,,,,,,4
MWBDV10IT-,,,Information and Communications Technologies 10,,,,,N,,,Y,,,,,,,4
ID,1631,Grade,9,,,,,,,,,,,,,,,
Course,,,,Description,,,Recommended,,,Alternate,,,,Alternate Courses,,,,Credit
MCMPS10---,,,COMPOSITION 10,,,,,N,,,N,,,,,,,2
MFOOD10---,,,ADST ?  FOOD STUDIES 10,,,,,N,,,N,,,,,,,4
MPHED10B--,,,PHYSICAL AND HEALTH EDUCATION 10 Boys,,,,,N,,,N,,,,,,,4
MSC--10---,,,SCIENCE 10,,,,,N,,,N,,,,,,,4
MSP--10---,,,SPANISH 10,,,,,N,,,Y,,,,,,,4
MSS--10---,,,SOCIAL STUDIES 10,,,,,N,,,N,,,,,,,4
MTEXP10---,,,ADST-Technology Explorations 10,,,,,N,,,N,,,,,,,4
MWPM-10---,,,WORKPLACE MATHEMATICS 10,,,,,N,,,N,,,,,,,4
YESFL0AX--,,,BEGINNERS ELL 10,,,,,N,,,N,,,,,,,4
ID,1632,Grade,9,,,,,,,,,,,,,,,
Course,,,,Description,,,Recommended,,,Alternate,,,,Alternate Courses,,,,Credit
MEFWR10---,,,EFP WRITING 10,,,,,N,,,N,,,,,,,2
MFOOD10---,,,ADST ?  FOOD STUDIES 10,,,,,N,,,N,,,,,,,4
MPHED10G--,,,PHYSICAL AND HEALTH EDUCATION 10 Girls,,,,,N,,,N,,,,,,,4
MSC--10---,,,SCIENCE 10,,,,,N,,,N,,,,,,,4
MSP--10---,,,SPANISH 10,,,,,N,,,N,,,,,,,4
MSS--10---,,,SOCIAL STUDIES 10,,,,,N,,,N,,,,,,,4
MTPOW10---,,,ADST ?  POWER TECHNOLOGY 10,,,,,N,,,N,,,,,,,4
MWPM-10---,,,WORKPLACE MATHEMATICS 10,,,,,N,,,N,,,,,,,4
YPA--0CX--,,,YOGA FOR MINDFULNESS 10,,,,,N,,,Y,,,,,,,4
ID,1633,Grade,9,,,,,,,,,,,,,,,
Course,,,,Description,,,Recommended,,,Alternate,,,,Alternate Courses,,,,Credit
MAC--11---,,,ACCOUNTING 11,,,,,N,,,N,,,,,,,4
MCMPS10---,,,COMPOSITION 10,,,,,N,,,N,,,,,,,2
MFMP-10---,,,FOUNDATIONS OF MATH AND PRE-CALCULUS 10,,,,,N,,,N,,,,,,,4
MFOOD10---,,,ADST ?  FOOD STUDIES 10,,,,,N,,,Y,,,,,,,4
MFR--10---,,,FRENCH 10,,,,,N,,,Y,,,,,,,4
MPHED10G--,,,PHYSICAL AND HEALTH EDUCATION 10 Girls,,,,,N,,,N,,,,,,,4
MSC--10---,,,SCIENCE 10,,,,,N,,,N,,,,,,,4
MSS--10---,,,SOCIAL STUDIES 10,,,,,N,,,N,,,,,,,4
MTDRF10---,,,ADST ?  DRAFTING 10,,,,,N,,,N,,,,,,,4
MWBDV10IT-,,,Information and Communications Technologies 10,,,,,N,,,N,,,,,,,4
YLRA-0AX-L,,,ATHLETIC LEADERSHIP 10 U16,,,,,N,,,N,,,,,,,4
ID,1634,Grade,9,,,,,,,,,,,,,,,
Course,,,,Description,,,Recommended,,,Alternate,,,,Alternate Courses,,,,Credit
MCMPR11AI-,,,COMPUTER PROGRAMMING 11 AI and Games,,,,,N,,,N,,,,,,,4
MEFWR10---,,,EFP WRITING 10,,,,,N,,,N,,,,,,,2
MFMP-10---,,,FOUNDATIONS OF MATH AND PRE-CALCULUS 10,,,,,N,,,N,,,,,,,4
MMACS11---,,,COMPUTER SCIENCE 11,,,,,N,,,Y,,,,,,,4
MMEDD10---,,,ADST ? MEDIA DESIGN 10,,,,,N,,,Y,,,,,,,4
MMUCB10--L,,,INSTRUMENTAL MUSIC: CONCERT BAND 10 Linear,,,,,N,,,N,,,,,,,4
MPHED10---,,,PHYSICAL AND HEALTH EDUCATION 10,,,,,N,,,N,,,,,,,4
MSC--10---,,,SCIENCE 10,,,,,N,,,N,,,,,,,4
MSS--10---,,,SOCIAL STUDIES 10,,,,,N,,,N,,,,,,,4
YED--0AX-L,,,LEARNING STRATEGIES 10 LINEAR,,,,,N,,,N,,,,,,,4
ID,1635,Grade,9,,,,,,,,,,,,,,,
Course,,,,Description,,,Recommended,,,Alternate,,,,Alternate Courses,,,,Credit
MADEM10---,,,ADST ? ENTREPRENEURSHIP AND MARKETING 10,,,,,N,,,Y,,,,,,,4
MCH--11---,,,CHEMISTRY 11,,,,,N,,,N,,,,,,,4
MCLE-10---,,,CAREER LIFE EDUCATION 10,,,,,N,,,N,,,,,,,4
MEFWR10---,,,EFP WRITING 10,,,,,N,,,N,,,,,,,2
MFMP-10---,,,FOUNDATIONS OF MATH AND PRE-CALCULUS 10,,,,,N,,,N,,,,,,,4
MFR--10---,,,FRENCH 10,,,,,N,,,N,,,,,,,4
MPHED10---,,,PHYSICAL AND HEALTH EDUCATION 10,,,,,N,,,N,,,,,,,4
MSC--10---,,,SCIENCE 10,,,,,N,,,N,,,,,,,4
MTEAR10---,,,ADST ?  ELECTRONICS AND ROBOTICS 10,,,,,N,,,Y,,,,,,,4
MTEAR10--L,,,ADST ?  ELECTRONICS AND ROBOTICS 10 Linear,,,,,N,,,N,,,,,,,4
MTEXP10---,,,ADST-Technology Explorations 10,,,,,N,,,Y,,,,,,,4
MWBDV10IT-,,,Information and Communications Technologies 10,,,,,N,,,N,,,,,,,4
ID,1636,Grade,9,,,,,,,,,,,,,,,
Course,,,,Description,,,Recommended,,,Alternate,,,,Alternate Courses,,,,Credit
MAC--11---,,,ACCOUNTING 11,,,,,N,,,N,,,,,,,4
MEFWR10---,,,EFP WRITING 10,,,,,N,,,N,,,,,,,2
MFMP-10---,,,FOUNDATIONS OF MATH AND PRE-CALCULUS 10,,,,,N,,,N,,,,,,,4
MFOOD10---,,,ADST ?  FOOD STUDIES 10,,,,,N,,,Y,,,,,,,4
MIDS-0C---,,,INDEPENDENT DIRECTED STUDIES 10C,,,,,N,,,N,,,,,,,4
MMEDD10---,,,ADST ? MEDIA DESIGN 10,,,,,N,,,N,,,,,,,4
MPHED10---,,,PHYSICAL AND HEALTH EDUCATION 10,,,,,N,,,N,,,,,,,4
MSC--10---,,,SCIENCE 10,,,,,N,,,N,,,,,,,4
MSP--10---,,,SPANISH 10,,,,,N,,,N,,,,,,,4
MSS--10---,,,SOCIAL STUDIES 10,,,,,N,,,N,,,,,,,4
MVAPH10---,,,VISUAL ARTS: PHOTOGRAPHY 10,,,,,N,,,Y,,,,,,,4
ID,1637,Grade,9,,,,,,,,,,,,,,,
Course,,,,Description,,,Recommended,,,Alternate,,,,Alternate Courses,,,,Credit
MCMPS10---,,,COMPOSITION 10,,,,,N,,,N,,,,,,,2
MFMP-10---,,,FOUNDATIONS OF MATH AND PRE-CALCULUS 10,,,,,N,,,N,,,,,,,4
MFOOD10---,,,ADST ?  FOOD STUDIES 10,,,,,N,,,N,,,,,,,4
MPHED10B--,,,PHYSICAL AND HEALTH EDUCATION 10 Boys,,,,,N,,,N,,,,,,,4
MSC--10---,,,SCIENCE 10,,,,,N,,,N,,,,,,,4
MSP--10---,,,SPANISH 10,,,,,N,,,Y,,,,,,,4
MSS--10---,,,SOCIAL STUDIES 10,,,,,N,,,N,,,,,,,4
MWWK-10---,,,ADST ?  WOODWORK 10,,,,,N,,,N,,,,,,,4
YPR--0BX--,,,OUTDOOR EDUCATION 10,,,,,N,,,N,,,,,,,4
ID,1638,Grade,9,,,,,,,,,,,,,,,
Course,,,,Description,,,Recommended,,,Alternate,,,,Alternate Courses,,,,Credit
MCLE-10---,,,CAREER LIFE EDUCATION 10,,,,,N,,,N,,,,,,,4
MEFWR10---,,,EFP WRITING 10,,,,,N,,,N,,,,,,,2
MFMP-10---,,,FOUNDATIONS OF MATH AND PRE-CALCULUS 10,,,,,N,,,N,,,,,,,4
MFR--10---,,,FRENCH 10,,,,,N,,,N,,,,,,,4
MPHED10G--,,,PHYSICAL AND HEALTH EDUCATION 10 Girls,,,,,N,,,N,,,,,,,4
MSC--10---,,,SCIENCE 10,,,,,N,,,N,,,,,,,4
MSP--10---,,,SPANISH 10,,,,,N,,,Y,,,,,,,4
MSS--10---,,,SOCIAL STUDIES 10,,,,,N,,,N,,,,,,,4
MTDRF10---,,,ADST ?  DRAFTING 10,,,,,N,,,Y,,,,,,,4
MVAST10---,,,VISUAL ARTS: ART STUDIO 10,,,,,N,,,N,,,,,,,4
YCPA-0AX-L,,,COMMUNITY LEADERSHIP 10 Linear,,,,,N,,,N,,,,,,,4
ID,1639,Grade,9,,,,,,,,,,,,,,,
Course,,,,Description,,,Recommended,,,Alternate,,,,Alternate Courses,,,,Credit
MEFWR10---,,,EFP WRITING 10,,,,,N,,,N,,,,,,,2
MFMP-10---,,,FOUNDATIONS OF MATH AND PRE-CALCULUS 10,,,,,N,,,N,,,,,,,4
MMACS11---,,,COMPUTER SCIENCE 11,,,,,N,,,N,,,,,,,4
MPHED10---,,,PHYSICAL AND HEALTH EDUCATION 10,,,,,N,,,N,,,,,,,4
MSC--10---,,,SCIENCE 10,,,,,N,,,N,,,,,,,4
MSS--10---,,,SOCIAL STUDIES 10,,,,,N,,,N,,,,,,,4
MTDRF10---,,,ADST ?  DRAFTING 10,,,,,N,,,Y,,,,,,,4
MTEXP10---,,,ADST-Technology Explorations 10,,,,,N,,,Y,,,,,,,4
MVAPH10---,,,VISUAL ARTS: PHOTOGRAPHY 10,,,,,N,,,N,,,,,,,4
MWBDV10IT-,,,Information and Communications Technologies 10,,,,,N,,,N,,,,,,,4
ID,1640,Grade,9,,,,,,,,,,,,,,,
Course,,,,Description,,,Recommended,,,Alternate,,,,Alternate Courses,,,,Credit
MEFWR10---,,,EFP WRITING 10,,,,,N,,,N,,,,,,,2
MFMP-10H--,,,FOUNDATIONS OF MATH AND PRE-CALCULUS 10 HONOURS,,,,,N,,,N,,,,,,,4
MMACS11---,,,COMPUTER SCIENCE 11,,,,,N,,,N,,,,,,,4
MPHED10---,,,PHYSICAL AND HEALTH EDUCATION 10,,,,,N,,,N,,,,,,,4
MSC--10---,,,SCIENCE 10,,,,,N,,,N,,,,,,,4
MSS--10---,,,SOCIAL STUDIES 10,,,,,N,,,N,,,,,,,4
MTDRF10---,,,ADST ?  DRAFTING 10,,,,,N,,,Y,,,,,,,4
MTEAR10--L,,,ADST ?  ELECTRONICS AND ROBOTICS 10 Linear,,,,,N,,,N,,,,,,,4
MTEXP10---,,,ADST-Technology Explorations 10,,,,,N,,,Y,,,,,,,4
MVAPH10---,,,VISUAL ARTS: PHOTOGRAPHY 10,,,,,N,,,N,,,,,,,4
MWBDV10IT-,,,Information and Communications Technologies 10,,,,,N,,,N,,,,,,,4
ID,1641,Grade,9,,,,,,,,,,,,,,,
Course,,,,Description,,,Recommended,,,Alternate,,,,Alternate Courses,,,,Credit
MCMPR11AI-,,,COMPUTER PROGRAMMING 11 AI and Games,,,,,N,,,Y,,,,,,,4
MEFWR10---,,,EFP WRITING 10,,,,,N,,,N,,,,,,,2
MFMP-10---,,,FOUNDATIONS OF MATH AND PRE-CALCULUS 10,,,,,N,,,N,,,,,,,4
MFOOD10---,,,ADST ?  FOOD STUDIES 10,,,,,N,,,N,,,,,,,4
MPHED10B--,,,PHYSICAL AND HEALTH EDUCATION 10 Boys,,,,,N,,,N,,,,,,,4
MSC--10---,,,SCIENCE 10,,,,,N,,,N,,,,,,,4
MSS--10---,,,SOCIAL STUDIES 10,,,,,N,,,N,,,,,,,4
MVAST10---,,,VISUAL ARTS: ART STUDIO 10,,,,,N,,,N,,,,,,,4
YED--0AX--,,,LEARNING STRATEGIES 10,,,,,N,,,Y,,,,,,,4
YPR--0BX--,,,OUTDOOR EDUCATION 10,,,,,N,,,N,,,,,,,4
ID,1642,Grade,9,,,,,,,,,,,,,,,
Course,,,,Description,,,Recommended,,,Alternate,,,,Alternate Courses,,,,Credit
MCLE-10---,,,CAREER LIFE EDUCATION 10,,,,,N,,,N,,,,,,,4
MCMPR11AI-,,,COMPUTER PROGRAMMING 11 AI and Games,,,,,N,,,Y,,,,,,,4
MEFWR10---,,,EFP WRITING 10,,,,,N,,,N,,,,,,,2
MFMP-10H--,,,FOUNDATIONS OF MATH AND PRE-CALCULUS 10 HONOURS,,,,,N,,,N,,,,,,,4
MIDS-0C---,,,INDEPENDENT DIRECTED STUDIES 10C,,,,,N,,,N,,,,,,,4
MMACS11---,,,COMPUTER SCIENCE 11,,,,,N,,,N,,,,,,,4
MMEDD10---,,,ADST ? MEDIA DESIGN 10,,,,,N,,,Y,,,,,,,4
MPHED10G--,,,PHYSICAL AND HEALTH EDUCATION 10 Girls,,,,,N,,,N,,,,,,,4
MSC--10---,,,SCIENCE 10,,,,,N,,,N,,,,,,,4
MSS--10---,,,SOCIAL STUDIES 10,,,,,N,,,N,,,,,,,4
MTEAR10--L,,,ADST ?  ELECTRONICS AND ROBOTICS 10 Linear,,,,,N,,,N,,,,,,,4
MTEXP10---,,,ADST-Technology Explorations 10,,,,,N,,,N,,,,,,,4
YCPA-0AX-L,,,COMMUNITY LEADERSHIP 10 Linear,,,,,N,,,N,,,,,,,4
ID,1643,Grade,9,,,,,,,,,,,,,,,
Course,,,,Description,,,Recommended,,,Alternate,,,,Alternate Courses,,,,Credit
MADEM10---,,,ADST ? ENTREPRENEURSHIP AND MARKETING 10,,,,,N,,,N,,,,,,,4
MCMPS10C--,,,COMPOSITION 10 Challenge,,,,,N,,,N,,,,,,,2
MDMD-12D--,,,3D ANIMATION 12,,,,,N,,,Y,,,,,,,4
MFMP-10C--,,,FOUNDATIONS OF MATH AND PRE-CALCULUS 10 CHALLENGE,,,,,N,,,N,,,,,,,4
MPHED10B--,,,PHYSICAL AND HEALTH EDUCATION 10 Boys,,,,,N,,,N,,,,,,,4
MSC--10C--,,,SCIENCE 10: CHALLENGE,,,,,N,,,N,,,,,,,4
MSS--10C--,,,SOCIAL STUDIES 10 CHALLENGE,,,,,N,,,N,,,,,,,4
MTEAR10--L,,,ADST ?  ELECTRONICS AND ROBOTICS 10 Linear,,,,,N,,,N,,,,,,,4
MTEXP10---,,,ADST-Technology Explorations 10,,,,,N,,,N,,,,,,,4
MWBDV10IT-,,,Information and Communications Technologies 10,,,,,N,,,N,,,,,,,4
ID,1644,Grade,9,,,,,,,,,,,,,,,
Course,,,,Description,,,Recommended,,,Alternate,,,,Alternate Courses,,,,Credit
MAC--11---,,,ACCOUNTING 11,,,,,N,,,Y,,,,,,,4
MCMPS10C--,,,COMPOSITION 10 Challenge,,,,,N,,,N,,,,,,,2
MFMP-10C--,,,FOUNDATIONS OF MATH AND PRE-CALCULUS 10 CHALLENGE,,,,,N,,,N,,,,,,,4
MFR--10---,,,FRENCH 10,,,,,N,,,N,,,,,,,4
MMACS11---,,,COMPUTER SCIENCE 11,,,,,N,,,N,,,,,,,4
MPHED10B--,,,PHYSICAL AND HEALTH EDUCATION 10 Boys,,,,,N,,,N,,,,,,,4
MSC--10C--,,,SCIENCE 10: CHALLENGE,,,,,N,,,N,,,,,,,4
MSS--10C--,,,SOCIAL STUDIES 10 CHALLENGE,,,,,N,,,N,,,,,,,4
MTPOW10---,,,ADST ?  POWER TECHNOLOGY 10,,,,,N,,,N,,,,,,,4
MVAPH10---,,,VISUAL ARTS: PHOTOGRAPHY 10,,,,,N,,,Y,,,,,,,4
YLRA-0AX-L,,,ATHLETIC LEADERSHIP 10 U16,,,,,N,,,N,,,,,,,4
ID,1645,Grade,9,,,,,,,,,,,,,,,
Course,,,,Description,,,Recommended,,,Alternate,,,,Alternate Courses,,,,Credit
MCLE-10---,,,CAREER LIFE EDUCATION 10,,,,,N,,,N,,,,,,,4
MCMPR11AI-,,,COMPUTER PROGRAMMING 11 AI and Games,,,,,N,,,N,,,,,,,4
MEFWR10---,,,EFP WRITING 10,,,,,N,,,N,,,,,,,2
MFMP-10H--,,,FOUNDATIONS OF MATH AND PRE-CALCULUS 10 HONOURS,,,,,N,,,N,,,,,,,4
MMACS11---,,,COMPUTER SCIENCE 11,,,,,N,,,N,,,,,,,4
MPHED10B--,,,PHYSICAL AND HEALTH EDUCATION 10 Boys,,,,,N,,,N,,,,,,,4
MSC--10---,,,SCIENCE 10,,,,,N,,,N,,,,,,,4
MSS--10---,,,SOCIAL STUDIES 10,,,,,N,,,N,,,,,,,4
MTEAR10---,,,ADST ?  ELECTRONICS AND ROBOTICS 10,,,,,N,,,Y,,,,,,,4
MVAPH10---,,,VISUAL ARTS: PHOTOGRAPHY 10,,,,,N,,,Y,,,,,,,4
ID,1646,Grade,9,,,,,,,,,,,,,,,
Course,,,,Description,,,Recommended,,,Alternate,,,,Alternate Courses,,,,Credit
MCMPR11AI-,,,COMPUTER PROGRAMMING 11 AI and Games,,,,,N,,,Y,,,,,,,4
MCMPS10C--,,,COMPOSITION 10 Challenge,,,,,N,,,N,,,,,,,2
MFMP-10C--,,,FOUNDATIONS OF MATH AND PRE-CALCULUS 10 CHALLENGE,,,,,N,,,N,,,,,,,4
MFOOD10---,,,ADST ?  FOOD STUDIES 10,,,,,N,,,Y,,,,,,,4
MMACS11---,,,COMPUTER SCIENCE 11,,,,,N,,,N,,,,,,,4
MPHED10B--,,,PHYSICAL AND HEALTH EDUCATION 10 Boys,,,,,N,,,N,,,,,,,4
MSC--10C--,,,SCIENCE 10: CHALLENGE,,,,,N,,,N,,,,,,,4
MSS--10C--,,,SOCIAL STUDIES 10 CHALLENGE,,,,,N,,,N,,,,,,,4
MTEXP10---,,,ADST-Technology Explorations 10,,,,,N,,,N,,,,,,,4
MTPOW10---,,,ADST ?  POWER TECHNOLOGY 10,,,,,N,,,N,,,,,,,4
YED--0BX-L,,,PEER TUTORING 10 LINEAR,,,,,N,,,N,,,,,,,4
ID,1647,Grade,9,,,,,,,,,,,,,,,
Course,,,,Description,,,Recommended,,,Alternate,,,,Alternate Courses,,,,Credit
MCMPS10C--,,,COMPOSITION 10 Challenge,,,,,N,,,N,,,,,,,2
MFMP-10C--,,,FOUNDATIONS OF MATH AND PRE-CALCULUS 10 CHALLENGE,,,,,N,,,N,,,,,,,4
MMACS11---,,,COMPUTER SCIENCE 11,,,,,N,,,Y,,,,,,,4
MMUCB10--L,,,INSTRUMENTAL MUSIC: CONCERT BAND 10 Linear,,,,,N,,,N,,,,,,,4
MMUJB10--L,,,INSTRUMENTAL MUSIC: JAZZ BAND 10 Linear,,,,,N,,,N,,,,,,,4
MMUOR10S-L,,,INSTRUMENTAL MUSIC: ORCHESTRA 10 Strings LINEAR,,,,,N,,,N,,,,,,,4
MPHED10--L,,,PHYSICAL AND HEALTH EDUCATION 10 LINEAR,,,,,N,,,N,,,,,,,4
MSC--10C--,,,SCIENCE 10: CHALLENGE,,,,,N,,,N,,,,,,,4
MSS--10C--,,,SOCIAL STUDIES 10 CHALLENGE,,,,,N,,,N,,,,,,,4
MTEAR10--L,,,ADST ?  ELECTRONICS AND ROBOTICS 10 Linear,,,,,N,,,N,,,,,,,4
MTEXP10---,,,ADST-Technology Explorations 10,,,,,N,,,N,,,,,,,4
MTPOW10---,,,ADST ?  POWER TECHNOLOGY 10,,,,,N,,,N,,,,,,,4
ID,1648,Grade,9,,,,,,,,,,,,,,,
Course,,,,Description,,,Recommended,,,Alternate,,,,Alternate Courses,,,,Credit
MAC--11---,,,ACCOUNTING 11,,,,,N,,,N,,,,,,,4
MCMPS10C--,,,COMPOSITION 10 Challenge,,,,,N,,,N,,,,,,,2
MFMP-10C--,,,FOUNDATIONS OF MATH AND PRE-CALCULUS 10 CHALLENGE,,,,,N,,,N,,,,,,,4
MMACS11---,,,COMPUTER SCIENCE 11,,,,,N,,,N,,,,,,,4
MPHED10B--,,,PHYSICAL AND HEALTH EDUCATION 10 Boys,,,,,N,,,N,,,,,,,4
MSC--10C--,,,SCIENCE 10: CHALLENGE,,,,,N,,,N,,,,,,,4
MSP--10---,,,SPANISH 10,,,,,N,,,Y,,,,,,,4
MSS--10C--,,,SOCIAL STUDIES 10 CHALLENGE,,,,,N,,,N,,,,,,,4
MVAPH10---,,,VISUAL ARTS: PHOTOGRAPHY 10,,,,,N,,,Y,,,,,,,4
MWBDV10IT-,,,Information and Communications Technologies 10,,,,,N,,,N,,,,,,,4
YED--0BX-L,,,PEER TUTORING 10 LINEAR,,,,,N,,,N,,,,,,,4
ID,1649,Grade,9,,,,,,,,,,,,,,,
Course,,,,Description,,,Recommended,,,Alternate,,,,Alternate Courses,,,,Credit
MAC--11---,,,ACCOUNTING 11,,,,,N,,,N,,,,,,,4
MCMPS10---,,,COMPOSITION 10,,,,,N,,,N,,,,,,,2
MFMP-10---,,,FOUNDATIONS OF MATH AND PRE-CALCULUS 10,,,,,N,,,N,,,,,,,4
MFOOD10---,,,ADST ?  FOOD STUDIES 10,,,,,N,,,N,,,,,,,4
MIDS-0C---,,,INDEPENDENT DIRECTED STUDIES 10C,,,,,N,,,N,,,,,,,4
MMAP-11---,,,MARKETING AND PROMOTION 11,,,,,N,,,Y,,,,,,,4
MMUCB10--L,,,INSTRUMENTAL MUSIC: CONCERT BAND 10 Linear,,,,,N,,,N,,,,,,,4
MMUGT10---,,,INSTRUMENTAL MUSIC: GUITAR 10,,,,,N,,,Y,,,,,,,4
MMUJB10--L,,,INSTRUMENTAL MUSIC: JAZZ BAND 10 Linear,,,,,N,,,N,,,,,,,4
MPHED10--L,,,PHYSICAL AND HEALTH EDUCATION 10 LINEAR,,,,,N,,,N,,,,,,,4
MSC--10---,,,SCIENCE 10,,,,,N,,,N,,,,,,,4
MSS--10---,,,SOCIAL STUDIES 10,,,,,N,,,N,,,,,,,4
ID,1650,Grade,9,,,,,,,,,,,,,,,
Course,,,,Description,,,Recommended,,,Alternate,,,,Alternate Courses,,,,Credit
MCMPS10---,,,COMPOSITION 10,,,,,N,,,N,,,,,,,2
MMUCB10--L,,,INSTRUMENTAL MUSIC: CONCERT BAND 10 Linear,,,,,N,,,N,,,,,,,4
MPHED10G--,,,PHYSICAL AND HEALTH EDUCATION 10 Girls,,,,,N,,,N,,,,,,,4
MSC--10---,,,SCIENCE 10,,,,,N,,,N,,,,,,,4
MSS--10---,,,SOCIAL STUDIES 10,,,,,N,,,N,,,,,,,4
MTXT-10---,,,TEXTILES 10,,,,,N,,,Y,,,,,,,4
MVAST10---,,,VISUAL ARTS: ART STUDIO 10,,,,,N,,,N,,,,,,,4
MWPM-10---,,,WORKPLACE MATHEMATICS 10,,,,,N,,,N,,,,,,,4
YED--0AX-L,,,LEARNING STRATEGIES 10 LINEAR,,,,,N,,,N,,,,,,,4
ID,1651,Grade,9,,,,,,,,,,,,,,,
Course,,,,Description,,,Recommended,,,Alternate,,,,Alternate Courses,,,,Credit
MAC--11---,,,ACCOUNTING 11,,,,,N,,,N,,,,,,,4
MEFWR10---,,,EFP WRITING 10,,,,,N,,,N,,,,,,,2
MFMP-10---,,,FOUNDATIONS OF MATH AND PRE-CALCULUS 10,,,,,N,,,N,,,,,,,4
MFOOD10---,,,ADST ?  FOOD STUDIES 10,,,,,N,,,N,,,,,,,4
MPHED10G--,,,PHYSICAL AND HEALTH EDUCATION 10 Girls,,,,,N,,,N,,,,,,,4
MSC--10---,,,SCIENCE 10,,,,,N,,,N,,,,,,,4
MSS--10---,,,SOCIAL STUDIES 10,,,,,N,,,N,,,,,,,4
MTXT-10---,,,TEXTILES 10,,,,,N,,,Y,,,,,,,4
MWBDV10IT-,,,Information and Communications Technologies 10,,,,,N,,,N,,,,,,,4
YLRA-0AX-L,,,ATHLETIC LEADERSHIP 10 U16,,,,,N,,,N,,,,,,,4
YPA--0CX--,,,YOGA FOR MINDFULNESS 10,,,,,N,,,Y,,,,,,,4
ID,1652,Grade,9,,,,,,,,,,,,,,,
Course,,,,Description,,,Recommended,,,Alternate,,,,Alternate Courses,,,,Credit
MCMPS10---,,,COMPOSITION 10,,,,,N,,,N,,,,,,,2
MFMP-10---,,,FOUNDATIONS OF MATH AND PRE-CALCULUS 10,,,,,N,,,N,,,,,,,4
MSC--10---,,,SCIENCE 10,,,,,N,,,N,,,,,,,4
MSS--10---,,,SOCIAL STUDIES 10,,,,,N,,,N,,,,,,,4
ID,1653,Grade,9,,,,,,,,,,,,,,,
Course,,,,Description,,,Recommended,,,Alternate,,,,Alternate Courses,,,,Credit
MAC--11---,,,ACCOUNTING 11,,,,,N,,,N,,,,,,,4
MDMD-12D--,,,3D ANIMATION 12,,,,,N,,,Y,,,,,,,4
MEFWR10---,,,EFP WRITING 10,,,,,N,,,N,,,,,,,2
MFMP-10H--,,,FOUNDATIONS OF MATH AND PRE-CALCULUS 10 HONOURS,,,,,N,,,N,,,,,,,4
MFOOD10---,,,ADST ?  FOOD STUDIES 10,,,,,N,,,N,,,,,,,4
MFR--12---,,,FRENCH 12,,,,,N,,,N,,,,,,,4
MIDS-0C---,,,INDEPENDENT DIRECTED STUDIES 10C,,,,,N,,,N,,,,,,,4
MMEDD10---,,,ADST ? MEDIA DESIGN 10,,,,,N,,,Y,,,,,,,4
MPHED10G--,,,PHYSICAL AND HEALTH EDUCATION 10 Girls,,,,,N,,,N,,,,,,,4
MSC--10---,,,SCIENCE 10,,,,,N,,,N,,,,,,,4
MSS--10---,,,SOCIAL STUDIES 10,,,,,N,,,N,,,,,,,4
ID,1654,Grade,9,,,,,,,,,,,,,,,
Course,,,,Description,,,Recommended,,,Alternate,,,,Alternate Courses,,,,Credit
MCLE-10---,,,CAREER LIFE EDUCATION 10,,,,,N,,,N,,,,,,,4
MEFWR10---,,,EFP WRITING 10,,,,,N,,,N,,,,,,,2
MFMP-10---,,,FOUNDATIONS OF MATH AND PRE-CALCULUS 10,,,,,N,,,N,,,,,,,4
MFOOD10---,,,ADST ?  FOOD STUDIES 10,,,,,N,,,N,,,,,,,4
MPHED10G--,,,PHYSICAL AND HEALTH EDUCATION 10 Girls,,,,,N,,,N,,,,,,,4
MSC--10---,,,SCIENCE 10,,,,,N,,,N,,,,,,,4
MSP--10---,,,SPANISH 10,,,,,N,,,N,,,,,,,4
MSS--10---,,,SOCIAL STUDIES 10,,,,,N,,,N,,,,,,,4
MTXT-10---,,,TEXTILES 10,,,,,N,,,Y,,,,,,,4
YED--0AX--,,,LEARNING STRATEGIES 10,,,,,N,,,Y,,,,,,,4
ID,1655,Grade,9,,,,,,,,,,,,,,,
Course,,,,Description,,,Recommended,,,Alternate,,,,Alternate Courses,,,,Credit
MCMPS10---,,,COMPOSITION 10,,,,,N,,,N,,,,,,,2
MFMP-10---,,,FOUNDATIONS OF MATH AND PRE-CALCULUS 10,,,,,N,,,N,,,,,,,4
MMACS11---,,,COMPUTER SCIENCE 11,,,,,N,,,N,,,,,,,4
MPHED10B--,,,PHYSICAL AND HEALTH EDUCATION 10 Boys,,,,,N,,,N,,,,,,,4
MSC--10---,,,SCIENCE 10,,,,,N,,,N,,,,,,,4
MSS--10---,,,SOCIAL STUDIES 10,,,,,N,,,N,,,,,,,4
MTDRF10---,,,ADST ?  DRAFTING 10,,,,,N,,,Y,,,,,,,4
MTEXP10---,,,ADST-Technology Explorations 10,,,,,N,,,N,,,,,,,4
MWBDV10IT-,,,Information and Communications Technologies 10,,,,,N,,,N,,,,,,,4
YED--0AX--,,,LEARNING STRATEGIES 10,,,,,N,,,Y,,,,,,,4
ID,1656,Grade,9,,,,,,,,,,,,,,,
Course,,,,Description,,,Recommended,,,Alternate,,,,Alternate Courses,,,,Credit
MCMPS10---,,,COMPOSITION 10,,,,,N,,,N,,,,,,,2
MFMP-10H--,,,FOUNDATIONS OF MATH AND PRE-CALCULUS 10 HONOURS,,,,,N,,,N,,,,,,,4
MMACS11---,,,COMPUTER SCIENCE 11,,,,,N,,,N,,,,,,,4
MPHED10B--,,,PHYSICAL AND HEALTH EDUCATION 10 Boys,,,,,N,,,N,,,,,,,4
MSC--10---,,,SCIENCE 10,,,,,N,,,N,,,,,,,4
MSP--10---,,,SPANISH 10,,,,,N,,,Y,,,,,,,4
MSS--10---,,,SOCIAL STUDIES 10,,,,,N,,,N,,,,,,,4
MTDRF10---,,,ADST ?  DRAFTING 10,,,,,N,,,Y,,,,,,,4
MTEAR10--L,,,ADST ?  ELECTRONICS AND ROBOTICS 10 Linear,,,,,N,,,N,,,,,,,4
MTEXP10---,,,ADST-Technology Explorations 10,,,,,N,,,N,,,,,,,4
MWBDV10IT-,,,Information and Communications Technologies 10,,,,,N,,,N,,,,,,,4
ID,1657,Grade,9,,,,,,,,,,,,,,,
Course,,,,Description,,,Recommended,,,Alternate,,,,Alternate Courses,,,,Credit
MCMPS10C--,,,COMPOSITION 10 Challenge,,,,,N,,,N,,,,,,,2
MDCF-10---,,,DANCE FOUNDATIONS 10,,,,,N,,,N,,,,,,,4
MDRM-10---,,,DRAMA 10,,,,,N,,,N,,,,,,,4
MFMP-10C--,,,FOUNDATIONS OF MATH AND PRE-CALCULUS 10 CHALLENGE,,,,,N,,,N,,,,,,,4
MIDS-0C---,,,INDEPENDENT DIRECTED STUDIES 10C,,,,,N,,,N,,,,,,,4
MPHED10G--,,,PHYSICAL AND HEALTH EDUCATION 10 Girls,,,,,N,,,N,,,,,,,4
MSC--10C--,,,SCIENCE 10: CHALLENGE,,,,,N,,,N,,,,,,,4
MSS--10C--,,,SOCIAL STUDIES 10 CHALLENGE,,,,,N,,,N,,,,,,,4
MVAPH10---,,,VISUAL ARTS: PHOTOGRAPHY 10,,,,,N,,,Y,,,,,,,4
MWBDV10IT-,,,Information and Communications Technologies 10,,,,,N,,,N,,,,,,,4
ID,1658,Grade,9,,,,,,,,,,,,,,,
Course,,,,Description,,,Recommended,,,Alternate,,,,Alternate Courses,,,,Credit
MADEM10---,,,ADST ? ENTREPRENEURSHIP AND MARKETING 10,,,,,N,,,Y,,,,,,,4
MCMPS10---,,,COMPOSITION 10,,,,,N,,,N,,,,,,,2
MDMD-12D--,,,3D ANIMATION 12,,,,,N,,,N,,,,,,,4
MFMP-10---,,,FOUNDATIONS OF MATH AND PRE-CALCULUS 10,,,,,N,,,N,,,,,,,4
MFR--10---,,,FRENCH 10,,,,,N,,,N,,,,,,,4
MPHED10G--,,,PHYSICAL AND HEALTH EDUCATION 10 Girls,,,,,N,,,N,,,,,,,4
MSC--10---,,,SCIENCE 10,,,,,N,,,N,,,,,,,4
MSS--10---,,,SOCIAL STUDIES 10,,,,,N,,,N,,,,,,,4
MTDRF10---,,,ADST ?  DRAFTING 10,,,,,N,,,N,,,,,,,4
YPA--0CX--,,,YOGA FOR MINDFULNESS 10,,,,,N,,,Y,,,,,,,4
ID,1659,Grade,9,,,,,,,,,,,,,,,
Course,,,,Description,,,Recommended,,,Alternate,,,,Alternate Courses,,,,Credit
MAC--11---,,,ACCOUNTING 11,,,,,N,,,N,,,,,,,4
MBSP-11---,,,INTRODUCTORY SPANISH 11,,,,,N,,,N,,,,,,,4
MEFWR10---,,,EFP WRITING 10,,,,,N,,,N,,,,,,,2
MFOOD10---,,,ADST ?  FOOD STUDIES 10,,,,,N,,,N,,,,,,,4
MPHED10G--,,,PHYSICAL AND HEALTH EDUCATION 10 Girls,,,,,N,,,N,,,,,,,4
MSC--10---,,,SCIENCE 10,,,,,N,,,N,,,,,,,4
MSS--10---,,,SOCIAL STUDIES 10,,,,,N,,,N,,,,,,,4
MTEXP10---,,,ADST-Technology Explorations 10,,,,,N,,,Y,,,,,,,4
MWPM-10---,,,WORKPLACE MATHEMATICS 10,,,,,N,,,N,,,,,,,4
ID,1660,Grade,9,,,,,,,,,,,,,,,
Course,,,,Description,,,Recommended,,,Alternate,,,,Alternate Courses,,,,Credit
MCMPS10---,,,COMPOSITION 10,,,,,N,,,N,,,,,,,2
MFOOD10---,,,ADST ?  FOOD STUDIES 10,,,,,N,,,Y,,,,,,,4
MMUGT10---,,,INSTRUMENTAL MUSIC: GUITAR 10,,,,,N,,,N,,,,,,,4
MPHED10B--,,,PHYSICAL AND HEALTH EDUCATION 10 Boys,,,,,N,,,N,,,,,,,4
MSC--10---,,,SCIENCE 10,,,,,N,,,N,,,,,,,4
MSS--10---,,,SOCIAL STUDIES 10,,,,,N,,,N,,,,,,,4
MTDRF10---,,,ADST ?  DRAFTING 10,,,,,N,,,N,,,,,,,4
MVAPH10---,,,VISUAL ARTS: PHOTOGRAPHY 10,,,,,N,,,N,,,,,,,4
MVAST10---,,,VISUAL ARTS: ART STUDIO 10,,,,,N,,,Y,,,,,,,4
MWPM-10---,,,WORKPLACE MATHEMATICS 10,,,,,N,,,N,,,,,,,4
ID,1661,Grade,9,,,,,,,,,,,,,,,
Course,,,,Description,,,Recommended,,,Alternate,,,,Alternate Courses,,,,Credit
MCLE-10---,,,CAREER LIFE EDUCATION 10,,,,,N,,,Y,,,,,,,4
MDMD-12D--,,,3D ANIMATION 12,,,,,N,,,Y,,,,,,,4
MEFWR10---,,,EFP WRITING 10,,,,,N,,,N,,,,,,,2
MFMP-10H--,,,FOUNDATIONS OF MATH AND PRE-CALCULUS 10 HONOURS,,,,,N,,,N,,,,,,,4
MMACS11---,,,COMPUTER SCIENCE 11,,,,,N,,,N,,,,,,,4
MPHED10B--,,,PHYSICAL AND HEALTH EDUCATION 10 Boys,,,,,N,,,N,,,,,,,4
MSC--10---,,,SCIENCE 10,,,,,N,,,N,,,,,,,4
MSS--10---,,,SOCIAL STUDIES 10,,,,,N,,,N,,,,,,,4
MTEAR10---,,,ADST ?  ELECTRONICS AND ROBOTICS 10,,,,,N,,,N,,,,,,,4
MTEAR10--L,,,ADST ?  ELECTRONICS AND ROBOTICS 10 Linear,,,,,N,,,N,,,,,,,4
MTEXP10---,,,ADST-Technology Explorations 10,,,,,N,,,N,,,,,,,4
ID,1662,Grade,9,,,,,,,,,,,,,,,
Course,,,,Description,,,Recommended,,,Alternate,,,,Alternate Courses,,,,Credit
MCMPS10---,,,COMPOSITION 10,,,,,N,,,N,,,,,,,2
MFOOD10---,,,ADST ?  FOOD STUDIES 10,,,,,N,,,Y,,,,,,,4
MPHED10FB-,,,PHYSICAL AND HEALTH EDUCATION 10 Football,,,,,N,,,N,,,,,,,4
MSC--10---,,,SCIENCE 10,,,,,N,,,N,,,,,,,4
MSS--10---,,,SOCIAL STUDIES 10,,,,,N,,,N,,,,,,,4
MTPOW10---,,,ADST ?  POWER TECHNOLOGY 10,,,,,N,,,N,,,,,,,4
MWPM-10---,,,WORKPLACE MATHEMATICS 10,,,,,N,,,N,,,,,,,4
YED--0AX--,,,LEARNING STRATEGIES 10,,,,,N,,,N,,,,,,,4
YHRA-0AX--,,,CROSS TRAINING 10,,,,,N,,,N,,,,,,,4
ID,1663,Grade,9,,,,,,,,,,,,,,,
Course,,,,Description,,,Recommended,,,Alternate,,,,Alternate Courses,,,,Credit
MAC--11---,,,ACCOUNTING 11,,,,,N,,,N,,,,,,,4
MACLV11G--,,,ACTIVE LIVING 11 Girls,,,,,N,,,N,,,,,,,4
MCMPS10---,,,COMPOSITION 10,,,,,N,,,N,,,,,,,2
MFMP-10---,,,FOUNDATIONS OF MATH AND PRE-CALCULUS 10,,,,,N,,,N,,,,,,,4
MFOOD10---,,,ADST ?  FOOD STUDIES 10,,,,,N,,,N,,,,,,,4
MMEDD10---,,,ADST ? MEDIA DESIGN 10,,,,,N,,,Y,,,,,,,4
MSC--10---,,,SCIENCE 10,,,,,N,,,N,,,,,,,4
MSS--10---,,,SOCIAL STUDIES 10,,,,,N,,,N,,,,,,,4
MWBDV10IT-,,,Information and Communications Technologies 10,,,,,N,,,N,,,,,,,4
YPA--0CX--,,,YOGA FOR MINDFULNESS 10,,,,,N,,,Y,,,,,,,4
ID,1664,Grade,9,,,,,,,,,,,,,,,
Course,,,,Description,,,Recommended,,,Alternate,,,,Alternate Courses,,,,Credit
MADEM10---,,,ADST ? ENTREPRENEURSHIP AND MARKETING 10,,,,,N,,,Y,,,,,,,4
MCMPS10---,,,COMPOSITION 10,,,,,N,,,N,,,,,,,2
MFMP-10H--,,,FOUNDATIONS OF MATH AND PRE-CALCULUS 10 HONOURS,,,,,N,,,N,,,,,,,4
MIDS-0B---,,,INDEPENDENT DIRECTED STUDIES 10B,,,,,N,,,N,,,,,,,4
MPHED10---,,,PHYSICAL AND HEALTH EDUCATION 10,,,,,N,,,N,,,,,,,4
MSC--10---,,,SCIENCE 10,,,,,N,,,N,,,,,,,4
MSS--10---,,,SOCIAL STUDIES 10,,,,,N,,,N,,,,,,,4
MTDRF10---,,,ADST ?  DRAFTING 10,,,,,N,,,N,,,,,,,4
MTXT-10---,,,TEXTILES 10,,,,,N,,,Y,,,,,,,4
MWBDV10IT-,,,Information and Communications Technologies 10,,,,,N,,,N,,,,,,,4
YCPA-0AXE-,,,COMMUNITY LEADERSHIP 10,,,,,N,,,N,,,,,,,4
YED--0BX-L,,,PEER TUTORING 10 LINEAR,,,,,N,,,N,,,,,,,4
ID,1665,Grade,9,,,,,,,,,,,,,,,
Course,,,,Description,,,Recommended,,,Alternate,,,,Alternate Courses,,,,Credit
MEFWR10---,,,EFP WRITING 10,,,,,N,,,N,,,,,,,2
MFMP-10---,,,FOUNDATIONS OF MATH AND PRE-CALCULUS 10,,,,,N,,,N,,,,,,,4
MFOOD10---,,,ADST ?  FOOD STUDIES 10,,,,,N,,,N,,,,,,,4
MIDS-0C---,,,INDEPENDENT DIRECTED STUDIES 10C,,,,,N,,,N,,,,,,,4
MMUCC10--L,,,CHORAL MUSIC: CONCERT CHOIR 10 Linear,,,,,N,,,N,,,,,,,4
MPHED10B--,,,PHYSICAL AND HEALTH EDUCATION 10 Boys,,,,,N,,,N,,,,,,,4
MSC--10---,,,SCIENCE 10,,,,,N,,,N,,,,,,,4
MSS--10---,,,SOCIAL STUDIES 10,,,,,N,,,N,,,,,,,4
MTEXP10---,,,ADST-Technology Explorations 10,,,,,N,,,N,,,,,,,4
MTPOW10---,,,ADST ?  POWER TECHNOLOGY 10,,,,,N,,,N,,,,,,,4
MVAPH10---,,,VISUAL ARTS: PHOTOGRAPHY 10,,,,,N,,,Y,,,,,,,4
MWWK-10---,,,ADST ?  WOODWORK 10,,,,,N,,,Y,,,,,,,4
ID,1666,Grade,9,,,,,,,,,,,,,,,
Course,,,,Description,,,Recommended,,,Alternate,,,,Alternate Courses,,,,Credit
MCMPS10C--,,,COMPOSITION 10 Challenge,,,,,N,,,N,,,,,,,2
MDRM-10---,,,DRAMA 10,,,,,N,,,N,,,,,,,4
MFMP-10C--,,,FOUNDATIONS OF MATH AND PRE-CALCULUS 10 CHALLENGE,,,,,N,,,N,,,,,,,4
MFR--12---,,,FRENCH 12,,,,,N,,,Y,,,,,,,4
MMACS11---,,,COMPUTER SCIENCE 11,,,,,N,,,Y,,,,,,,4
MMEDD10---,,,ADST ? MEDIA DESIGN 10,,,,,N,,,Y,,,,,,,4
MMUGT10---,,,INSTRUMENTAL MUSIC: GUITAR 10,,,,,N,,,N,,,,,,,4
MMUOR10S-L,,,INSTRUMENTAL MUSIC: ORCHESTRA 10 Strings LINEAR,,,,,N,,,N,,,,,,,4
MPHED10---,,,PHYSICAL AND HEALTH EDUCATION 10,,,,,N,,,N,,,,,,,4
MPREC11---,,,PRE-CALCULUS 11,,,,,N,,,N,,,,,,,4
MSC--10C--,,,SCIENCE 10: CHALLENGE,,,,,N,,,N,,,,,,,4
MSS--10C--,,,SOCIAL STUDIES 10 CHALLENGE,,,,,N,,,N,,,,,,,4
YCPA-0AXE-,,,COMMUNITY LEADERSHIP 10,,,,,N,,,N,,,,,,,4
ID,1667,Grade,9,,,,,,,,,,,,,,,
Course,,,,Description,,,Recommended,,,Alternate,,,,Alternate Courses,,,,Credit
MAC--11---,,,ACCOUNTING 11,,,,,N,,,Y,,,,,,,4
MCMPR11AI-,,,COMPUTER PROGRAMMING 11 AI and Games,,,,,N,,,Y,,,,,,,4
MCMPS10C--,,,COMPOSITION 10 Challenge,,,,,N,,,N,,,,,,,2
MFMP-10C--,,,FOUNDATIONS OF MATH AND PRE-CALCULUS 10 CHALLENGE,,,,,N,,,N,,,,,,,4
MFOOD10---,,,ADST ?  FOOD STUDIES 10,,,,,N,,,N,,,,,,,4
MMACS11---,,,COMPUTER SCIENCE 11,,,,,N,,,N,,,,,,,4
MPHED10B--,,,PHYSICAL AND HEALTH EDUCATION 10 Boys,,,,,N,,,N,,,,,,,4
MSC--10C--,,,SCIENCE 10: CHALLENGE,,,,,N,,,N,,,,,,,4
MSP--10---,,,SPANISH 10,,,,,N,,,N,,,,,,,4
MSS--10C--,,,SOCIAL STUDIES 10 CHALLENGE,,,,,N,,,N,,,,,,,4
YED--0BX-L,,,PEER TUTORING 10 LINEAR,,,,,N,,,N,,,,,,,4
ID,1668,Grade,9,,,,,,,,,,,,,,,
Course,,,,Description,,,Recommended,,,Alternate,,,,Alternate Courses,,,,Credit
MAC--11---,,,ACCOUNTING 11,,,,,N,,,N,,,,,,,4
MEFWR10---,,,EFP WRITING 10,,,,,N,,,N,,,,,,,2
MFMP-10---,,,FOUNDATIONS OF MATH AND PRE-CALCULUS 10,,,,,N,,,N,,,,,,,4
MFOOD10---,,,ADST ?  FOOD STUDIES 10,,,,,N,,,N,,,,,,,4
MMACS11---,,,COMPUTER SCIENCE 11,,,,,N,,,Y,,,,,,,4
MMUGT10---,,,INSTRUMENTAL MUSIC: GUITAR 10,,,,,N,,,Y,,,,,,,4
MPHED10B--,,,PHYSICAL AND HEALTH EDUCATION 10 Boys,,,,,N,,,N,,,,,,,4
MSC--10---,,,SCIENCE 10,,,,,N,,,N,,,,,,,4
MSS--10---,,,SOCIAL STUDIES 10,,,,,N,,,N,,,,,,,4
MWBDV10IT-,,,Information and Communications Technologies 10,,,,,N,,,N,,,,,,,4
ID,1669,Grade,9,,,,,,,,,,,,,,,
Course,,,,Description,,,Recommended,,,Alternate,,,,Alternate Courses,,,,Credit
MCMPS10C--,,,COMPOSITION 10 Challenge,,,,,N,,,N,,,,,,,2
MFMP-10C--,,,FOUNDATIONS OF MATH AND PRE-CALCULUS 10 CHALLENGE,,,,,N,,,N,,,,,,,4
MSC--10C--,,,SCIENCE 10: CHALLENGE,,,,,N,,,N,,,,,,,4
MSS--10C--,,,SOCIAL STUDIES 10 CHALLENGE,,,,,N,,,N,,,,,,,4
MTEAR10---,,,ADST ?  ELECTRONICS AND ROBOTICS 10,,,,,N,,,N,,,,,,,4
MTEXP10---,,,ADST-Technology Explorations 10,,,,,N,,,Y,,,,,,,4
MTPOW10---,,,ADST ?  POWER TECHNOLOGY 10,,,,,N,,,N,,,,,,,4
MVAPH10---,,,VISUAL ARTS: PHOTOGRAPHY 10,,,,,N,,,N,,,,,,,4
MWWK-10---,,,ADST ?  WOODWORK 10,,,,,N,,,Y,,,,,,,4
YHRA-0AX--,,,CROSS TRAINING 10,,,,,N,,,N,,,,,,,4
ID,1670,Grade,9,,,,,,,,,,,,,,,
Course,,,,Description,,,Recommended,,,Alternate,,,,Alternate Courses,,,,Credit
MEFWR10---,,,EFP WRITING 10,,,,,N,,,N,,,,,,,2
MFMP-10---,,,FOUNDATIONS OF MATH AND PRE-CALCULUS 10,,,,,N,,,N,,,,,,,4
MLFSC11---,,,LIFE SCIENCES 11,,,,,N,,,N,,,,,,,4
MMEDD10---,,,ADST ? MEDIA DESIGN 10,,,,,N,,,Y,,,,,,,4
MMUCB10--L,,,INSTRUMENTAL MUSIC: CONCERT BAND 10 Linear,,,,,N,,,N,,,,,,,4
MPHED10--L,,,PHYSICAL AND HEALTH EDUCATION 10 LINEAR,,,,,N,,,N,,,,,,,4
MSC--10---,,,SCIENCE 10,,,,,N,,,N,,,,,,,4
MSP--10---,,,SPANISH 10,,,,,N,,,N,,,,,,,4
MSS--10---,,,SOCIAL STUDIES 10,,,,,N,,,N,,,,,,,4
MVAPH10---,,,VISUAL ARTS: PHOTOGRAPHY 10,,,,,N,,,Y,,,,,,,4
ID,1671,Grade,9,,,,,,,,,,,,,,,
Course,,,,Description,,,Recommended,,,Alternate,,,,Alternate Courses,,,,Credit
MCMPR11AI-,,,COMPUTER PROGRAMMING 11 AI and Games,,,,,N,,,Y,,,,,,,4
MEFWR10---,,,EFP WRITING 10,,,,,N,,,N,,,,,,,2
MFMP-10---,,,FOUNDATIONS OF MATH AND PRE-CALCULUS 10,,,,,N,,,N,,,,,,,4
MMUCB10--L,,,INSTRUMENTAL MUSIC: CONCERT BAND 10 Linear,,,,,N,,,N,,,,,,,4
MMUJB10--L,,,INSTRUMENTAL MUSIC: JAZZ BAND 10 Linear,,,,,N,,,N,,,,,,,4
MPHED10--L,,,PHYSICAL AND HEALTH EDUCATION 10 LINEAR,,,,,N,,,N,,,,,,,4
MSC--10---,,,SCIENCE 10,,,,,N,,,N,,,,,,,4
MSP--10---,,,SPANISH 10,,,,,N,,,N,,,,,,,4
MSS--10---,,,SOCIAL STUDIES 10,,,,,N,,,N,,,,,,,4
MTPOW10---,,,ADST ?  POWER TECHNOLOGY 10,,,,,N,,,N,,,,,,,4
MWBDV10IT-,,,Information and Communications Technologies 10,,,,,N,,,Y,,,,,,,4
ID,1672,Grade,9,,,,,,,,,,,,,,,
Course,,,,Description,,,Recommended,,,Alternate,,,,Alternate Courses,,,,Credit
MADEM10---,,,ADST ? ENTREPRENEURSHIP AND MARKETING 10,,,,,N,,,Y,,,,,,,4
MCMPS10---,,,COMPOSITION 10,,,,,N,,,N,,,,,,,2
MDRM-10---,,,DRAMA 10,,,,,N,,,N,,,,,,,4
MSS--10---,,,SOCIAL STUDIES 10,,,,,N,,,N,,,,,,,4
MTXT-10---,,,TEXTILES 10,,,,,N,,,N,,,,,,,4
ID,1673,Grade,9,,,,,,,,,,,,,,,
Course,,,,Description,,,Recommended,,,Alternate,,,,Alternate Courses,,,,Credit
MEFWR10---,,,EFP WRITING 10,,,,,N,,,N,,,,,,,2
MPHED10FB-,,,PHYSICAL AND HEALTH EDUCATION 10 Football,,,,,N,,,N,,,,,,,4
MSC--10---,,,SCIENCE 10,,,,,N,,,N,,,,,,,4
MSS--10---,,,SOCIAL STUDIES 10,,,,,N,,,N,,,,,,,4
MTPOW10---,,,ADST ?  POWER TECHNOLOGY 10,,,,,N,,,N,,,,,,,4
MVAPH10---,,,VISUAL ARTS: PHOTOGRAPHY 10,,,,,N,,,Y,,,,,,,4
MWPM-10---,,,WORKPLACE MATHEMATICS 10,,,,,N,,,N,,,,,,,4
MWWK-10---,,,ADST ?  WOODWORK 10,,,,,N,,,N,,,,,,,4
YHRA-0AX--,,,CROSS TRAINING 10,,,,,N,,,N,,,,,,,4
YPA--0CX--,,,YOGA FOR MINDFULNESS 10,,,,,N,,,Y,,,,,,,4
ID,1674,Grade,9,,,,,,,,,,,,,,,
Course,,,,Description,,,Recommended,,,Alternate,,,,Alternate Courses,,,,Credit
MEFWR10---,,,EFP WRITING 10,,,,,N,,,N,,,,,,,2
MFMP-10---,,,FOUNDATIONS OF MATH AND PRE-CALCULUS 10,,,,,N,,,N,,,,,,,4
MMACS11---,,,COMPUTER SCIENCE 11,,,,,N,,,N,,,,,,,4
MMEDD10---,,,ADST ? MEDIA DESIGN 10,,,,,N,,,Y,,,,,,,4
MMUGT10---,,,INSTRUMENTAL MUSIC: GUITAR 10,,,,,N,,,Y,,,,,,,4
MPHED10---,,,PHYSICAL AND HEALTH EDUCATION 10,,,,,N,,,N,,,,,,,4
MSC--10---,,,SCIENCE 10,,,,,N,,,N,,,,,,,4
MSS--10---,,,SOCIAL STUDIES 10,,,,,N,,,N,,,,,,,4
MVAPH10---,,,VISUAL ARTS: PHOTOGRAPHY 10,,,,,N,,,N,,,,,,,4
MWBDV10IT-,,,Information and Communications Technologies 10,,,,,N,,,N,,,,,,,4
ID,1675,Grade,9,,,,,,,,,,,,,,,
Course,,,,Description,,,Recommended,,,Alternate,,,,Alternate Courses,,,,Credit
MBSP-11---,,,INTRODUCTORY SPANISH 11,,,,,N,,,Y,,,,,,,4
MEFWR10---,,,EFP WRITING 10,,,,,N,,,N,,,,,,,2
MFMP-10H--,,,FOUNDATIONS OF MATH AND PRE-CALCULUS 10 HONOURS,,,,,N,,,N,,,,,,,4
MFOOD10---,,,ADST ?  FOOD STUDIES 10,,,,,N,,,N,,,,,,,4
MFR--09---,,,FRENCH 9,,,,,N,,,N,,,,,,,0
MMAP-11---,,,MARKETING AND PROMOTION 11,,,,,N,,,N,,,,,,,4
MPHED10G--,,,PHYSICAL AND HEALTH EDUCATION 10 Girls,,,,,N,,,N,,,,,,,4
MSC--10---,,,SCIENCE 10,,,,,N,,,N,,,,,,,4
MSS--10---,,,SOCIAL STUDIES 10,,,,,N,,,N,,,,,,,4
MTXT-10---,,,TEXTILES 10,,,,,N,,,Y,,,,,,,4
ID,1676,Grade,9,,,,,,,,,,,,,,,
Course,,,,Description,,,Recommended,,,Alternate,,,,Alternate Courses,,,,Credit
MEFWR10---,,,EFP WRITING 10,,,,,N,,,N,,,,,,,2
MFMP-10---,,,FOUNDATIONS OF MATH AND PRE-CALCULUS 10,,,,,N,,,N,,,,,,,4
MFOOD10---,,,ADST ?  FOOD STUDIES 10,,,,,N,,,Y,,,,,,,4
MMUCB10--L,,,INSTRUMENTAL MUSIC: CONCERT BAND 10 Linear,,,,,N,,,N,,,,,,,4
MMUJB10--L,,,INSTRUMENTAL MUSIC: JAZZ BAND 10 Linear,,,,,N,,,N,,,,,,,4
MPHED10--L,,,PHYSICAL AND HEALTH EDUCATION 10 LINEAR,,,,,N,,,N,,,,,,,4
MSC--10---,,,SCIENCE 10,,,,,N,,,N,,,,,,,4
MSS--10---,,,SOCIAL STUDIES 10,,,,,N,,,N,,,,,,,4
MTXT-10---,,,TEXTILES 10,,,,,N,,,N,,,,,,,4
YED--0AX--,,,LEARNING STRATEGIES 10,,,,,N,,,N,,,,,,,4
YPR--0BX--,,,OUTDOOR EDUCATION 10,,,,,N,,,Y,,,,,,,4
ID,1677,Grade,9,,,,,,,,,,,,,,,
Course,,,,Description,,,Recommended,,,Alternate,,,,Alternate Courses,,,,Credit
MEFWR10---,,,EFP WRITING 10,,,,,N,,,N,,,,,,,2
MFMP-10---,,,FOUNDATIONS OF MATH AND PRE-CALCULUS 10,,,,,N,,,N,,,,,,,4
MFOOD10---,,,ADST ?  FOOD STUDIES 10,,,,,N,,,N,,,,,,,4
MFR--11---,,,FRENCH 11,,,,,N,,,Y,,,,,,,4
MPHED10B--,,,PHYSICAL AND HEALTH EDUCATION 10 Boys,,,,,N,,,N,,,,,,,4
MSC--10---,,,SCIENCE 10,,,,,N,,,N,,,,,,,4
MSS--10---,,,SOCIAL STUDIES 10,,,,,N,,,N,,,,,,,4
MTEXP10---,,,ADST-Technology Explorations 10,,,,,N,,,N,,,,,,,4
MTPOW10---,,,ADST ?  POWER TECHNOLOGY 10,,,,,N,,,N,,,,,,,4
YPR--0BX--,,,OUTDOOR EDUCATION 10,,,,,N,,,Y,,,,,,,4
ID,1678,Grade,9,,,,,,,,,,,,,,,
Course,,,,Description,,,Recommended,,,Alternate,,,,Alternate Courses,,,,Credit
MCMPS10C--,,,COMPOSITION 10 Challenge,,,,,N,,,N,,,,,,,2
MDCOM11C--,,,COMPUTER STUDIES 11,,,,,N,,,N,,,,,,,4
MFMP-10C--,,,FOUNDATIONS OF MATH AND PRE-CALCULUS 10 CHALLENGE,,,,,N,,,N,,,,,,,4
MFR--11---,,,FRENCH 11,,,,,N,,,Y,,,,,,,4
MMUCB10--L,,,INSTRUMENTAL MUSIC: CONCERT BAND 10 Linear,,,,,N,,,Y,,,,,,,4
MMUGT10---,,,INSTRUMENTAL MUSIC: GUITAR 10,,,,,N,,,N,,,,,,,4
MPHED10---,,,PHYSICAL AND HEALTH EDUCATION 10,,,,,N,,,N,,,,,,,4
MSC--10C--,,,SCIENCE 10: CHALLENGE,,,,,N,,,N,,,,,,,4
MSS--10C--,,,SOCIAL STUDIES 10 CHALLENGE,,,,,N,,,N,,,,,,,4
MWBDV10IT-,,,Information and Communications Technologies 10,,,,,N,,,N,,,,,,,4
ID,1679,Grade,9,,,,,,,,,,,,,,,
Course,,,,Description,,,Recommended,,,Alternate,,,,Alternate Courses,,,,Credit
MCMPS10C--,,,COMPOSITION 10 Challenge,,,,,N,,,N,,,,,,,2
MDMD-12D--,,,3D ANIMATION 12,,,,,N,,,N,,,,,,,4
MFMP-10C--,,,FOUNDATIONS OF MATH AND PRE-CALCULUS 10 CHALLENGE,,,,,N,,,N,,,,,,,4
MFR--10---,,,FRENCH 10,,,,,N,,,N,,,,,,,4
MMACS11---,,,COMPUTER SCIENCE 11,,,,,N,,,N,,,,,,,4
MPHED10---,,,PHYSICAL AND HEALTH EDUCATION 10,,,,,N,,,N,,,,,,,4
MSC--10C--,,,SCIENCE 10: CHALLENGE,,,,,N,,,N,,,,,,,4
MSS--10C--,,,SOCIAL STUDIES 10 CHALLENGE,,,,,N,,,N,,,,,,,4
MTDRF10---,,,ADST ?  DRAFTING 10,,,,,N,,,Y,,,,,,,4
MTEXP10---,,,ADST-Technology Explorations 10,,,,,N,,,Y,,,,,,,4
ID,1680,Grade,9,,,,,,,,,,,,,,,
Course,,,,Description,,,Recommended,,,Alternate,,,,Alternate Courses,,,,Credit
MEFWR10---,,,EFP WRITING 10,,,,,N,,,N,,,,,,,2
MFMP-10---,,,FOUNDATIONS OF MATH AND PRE-CALCULUS 10,,,,,N,,,N,,,,,,,4
MFOOD10---,,,ADST ?  FOOD STUDIES 10,,,,,N,,,Y,,,,,,,4
MPHED10G--,,,PHYSICAL AND HEALTH EDUCATION 10 Girls,,,,,N,,,N,,,,,,,4
MSC--10---,,,SCIENCE 10,,,,,N,,,N,,,,,,,4
MSP--10---,,,SPANISH 10,,,,,N,,,N,,,,,,,4
MSS--10---,,,SOCIAL STUDIES 10,,,,,N,,,N,,,,,,,4
MTDRF10---,,,ADST ?  DRAFTING 10,,,,,N,,,N,,,,,,,4
MTXT-10---,,,TEXTILES 10,,,,,N,,,Y,,,,,,,4
MVAPH10---,,,VISUAL ARTS: PHOTOGRAPHY 10,,,,,N,,,N,,,,,,,4
YCPA-0AX-L,,,COMMUNITY LEADERSHIP 10 Linear,,,,,N,,,N,,,,,,,4
ID,1681,Grade,9,,,,,,,,,,,,,,,
Course,,,,Description,,,Recommended,,,Alternate,,,,Alternate Courses,,,,Credit
MCMPS10C--,,,COMPOSITION 10 Challenge,,,,,N,,,N,,,,,,,2
MFMP-10C--,,,FOUNDATIONS OF MATH AND PRE-CALCULUS 10 CHALLENGE,,,,,N,,,N,,,,,,,4
MMEDD10---,,,ADST ? MEDIA DESIGN 10,,,,,N,,,N,,,,,,,4
MPHED10---,,,PHYSICAL AND HEALTH EDUCATION 10,,,,,N,,,N,,,,,,,4
MSC--10C--,,,SCIENCE 10: CHALLENGE,,,,,N,,,N,,,,,,,4
MSS--10C--,,,SOCIAL STUDIES 10 CHALLENGE,,,,,N,,,N,,,,,,,4
MTDRF10---,,,ADST ?  DRAFTING 10,,,,,N,,,N,,,,,,,4
MVAPH10---,,,VISUAL ARTS: PHOTOGRAPHY 10,,,,,N,,,Y,,,,,,,4
MWWK-10---,,,ADST ?  WOODWORK 10,,,,,N,,,N,,,,,,,4
ID,1682,Grade,9,,,,,,,,,,,,,,,
Course,,,,Description,,,Recommended,,,Alternate,,,,Alternate Courses,,,,Credit
MADEM10---,,,ADST ? ENTREPRENEURSHIP AND MARKETING 10,,,,,N,,,N,,,,,,,4
MDNC-10--L,,,DANCE 10: CHOREOGRAPHY Linear,,,,,N,,,N,,,,,,,4
MDNCM10--L,,,DANCE COMPANY 10 Linear,,,,,N,,,N,,,,,,,4
MEFWR10---,,,EFP WRITING 10,,,,,N,,,N,,,,,,,2
MFMP-10---,,,FOUNDATIONS OF MATH AND PRE-CALCULUS 10,,,,,N,,,N,,,,,,,4
MIDS-0B---,,,INDEPENDENT DIRECTED STUDIES 10B,,,,,N,,,N,,,,,,,4
MMEDD10---,,,ADST ? MEDIA DESIGN 10,,,,,N,,,Y,,,,,,,4
MPHED10G--,,,PHYSICAL AND HEALTH EDUCATION 10 Girls,,,,,N,,,N,,,,,,,4
MSC--10---,,,SCIENCE 10,,,,,N,,,N,,,,,,,4
MSS--10---,,,SOCIAL STUDIES 10,,,,,N,,,N,,,,,,,4
MTXT-10---,,,TEXTILES 10,,,,,N,,,N,,,,,,,4
MWBDV10IT-,,,Information and Communications Technologies 10,,,,,N,,,Y,,,,,,,4
ID,1683,Grade,9,,,,,,,,,,,,,,,
Course,,,,Description,,,Recommended,,,Alternate,,,,Alternate Courses,,,,Credit
MCMPS10---,,,COMPOSITION 10,,,,,N,,,N,,,,,,,2
MFMP-10---,,,FOUNDATIONS OF MATH AND PRE-CALCULUS 10,,,,,N,,,N,,,,,,,4
MFOOD10---,,,ADST ?  FOOD STUDIES 10,,,,,N,,,N,,,,,,,4
MPHED10G--,,,PHYSICAL AND HEALTH EDUCATION 10 Girls,,,,,N,,,N,,,,,,,4
MSC--10---,,,SCIENCE 10,,,,,N,,,N,,,,,,,4
MSS--10---,,,SOCIAL STUDIES 10,,,,,N,,,N,,,,,,,4
MVAPH10---,,,VISUAL ARTS: PHOTOGRAPHY 10,,,,,N,,,N,,,,,,,4
MVAST10---,,,VISUAL ARTS: ART STUDIO 10,,,,,N,,,N,,,,,,,4
ID,1684,Grade,9,,,,,,,,,,,,,,,
Course,,,,Description,,,Recommended,,,Alternate,,,,Alternate Courses,,,,Credit
MCMPS10---,,,COMPOSITION 10,,,,,N,,,N,,,,,,,2
MFMP-10---,,,FOUNDATIONS OF MATH AND PRE-CALCULUS 10,,,,,N,,,N,,,,,,,4
MFR--10---,,,FRENCH 10,,,,,N,,,Y,,,,,,,4
MPHED10B--,,,PHYSICAL AND HEALTH EDUCATION 10 Boys,,,,,N,,,N,,,,,,,4
MSC--10---,,,SCIENCE 10,,,,,N,,,N,,,,,,,4
MSS--10---,,,SOCIAL STUDIES 10,,,,,N,,,N,,,,,,,4
MTPOW10---,,,ADST ?  POWER TECHNOLOGY 10,,,,,N,,,N,,,,,,,4
MVAPH10---,,,VISUAL ARTS: PHOTOGRAPHY 10,,,,,N,,,Y,,,,,,,4
MWWK-10---,,,ADST ?  WOODWORK 10,,,,,N,,,N,,,,,,,4
YED--0BX-L,,,PEER TUTORING 10 LINEAR,,,,,N,,,N,,,,,,,4
YPR--0BX--,,,OUTDOOR EDUCATION 10,,,,,N,,,N,,,,,,,4
ID,1685,Grade,9,,,,,,,,,,,,,,,
Course,,,,Description,,,Recommended,,,Alternate,,,,Alternate Courses,,,,Credit
MADEM10---,,,ADST ? ENTREPRENEURSHIP AND MARKETING 10,,,,,N,,,Y,,,,,,,4
MCMPS10---,,,COMPOSITION 10,,,,,N,,,N,,,,,,,2
MFOOD10---,,,ADST ?  FOOD STUDIES 10,,,,,N,,,N,,,,,,,4
MMEDD10---,,,ADST ? MEDIA DESIGN 10,,,,,N,,,N,,,,,,,4
MPHED10FB-,,,PHYSICAL AND HEALTH EDUCATION 10 Football,,,,,N,,,N,,,,,,,4
MSC--10---,,,SCIENCE 10,,,,,N,,,N,,,,,,,4
MSS--10---,,,SOCIAL STUDIES 10,,,,,N,,,N,,,,,,,4
MTEXP10---,,,ADST-Technology Explorations 10,,,,,N,,,Y,,,,,,,4
MVAPH10---,,,VISUAL ARTS: PHOTOGRAPHY 10,,,,,N,,,Y,,,,,,,4
MWPM-11---,,,WORKPLACE MATHEMATICS 11,,,,,N,,,N,,,,,,,4
YHRA-0AX--,,,CROSS TRAINING 10,,,,,N,,,N,,,,,,,4
ID,1686,Grade,9,,,,,,,,,,,,,,,
Course,,,,Description,,,Recommended,,,Alternate,,,,Alternate Courses,,,,Credit
MCMPS10C--,,,COMPOSITION 10 Challenge,,,,,N,,,N,,,,,,,2
MDMD-12D--,,,3D ANIMATION 12,,,,,N,,,Y,,,,,,,4
MDRM-10---,,,DRAMA 10,,,,,N,,,N,,,,,,,4
MFMP-10C--,,,FOUNDATIONS OF MATH AND PRE-CALCULUS 10 CHALLENGE,,,,,N,,,N,,,,,,,4
MFR--11---,,,FRENCH 11,,,,,N,,,Y,,,,,,,4
MMEDD10---,,,ADST ? MEDIA DESIGN 10,,,,,N,,,N,,,,,,,4
MPHED10---,,,PHYSICAL AND HEALTH EDUCATION 10,,,,,N,,,N,,,,,,,4
MSC--10C--,,,SCIENCE 10: CHALLENGE,,,,,N,,,N,,,,,,,4
MSS--10C--,,,SOCIAL STUDIES 10 CHALLENGE,,,,,N,,,N,,,,,,,4
MTXT-10---,,,TEXTILES 10,,,,,N,,,N,,,,,,,4
ID,1687,Grade,9,,,,,,,,,,,,,,,
Course,,,,Description,,,Recommended,,,Alternate,,,,Alternate Courses,,,,Credit
MEFWR10---,,,EFP WRITING 10,,,,,N,,,N,,,,,,,2
MFMP-10---,,,FOUNDATIONS OF MATH AND PRE-CALCULUS 10,,,,,N,,,N,,,,,,,4
MFOOD10---,,,ADST ?  FOOD STUDIES 10,,,,,N,,,N,,,,,,,4
MPHED10FB-,,,PHYSICAL AND HEALTH EDUCATION 10 Football,,,,,N,,,N,,,,,,,4
MSC--10---,,,SCIENCE 10,,,,,N,,,N,,,,,,,4
MSP--09---,,,SPANISH 9,,,,,N,,,Y,,,,,,,0
MSS--10---,,,SOCIAL STUDIES 10,,,,,N,,,N,,,,,,,4
MTPOW10---,,,ADST ?  POWER TECHNOLOGY 10,,,,,N,,,N,,,,,,,4
MWWK-10---,,,ADST ?  WOODWORK 10,,,,,N,,,Y,,,,,,,4
YHRA-0AX--,,,CROSS TRAINING 10,,,,,N,,,N,,,,,,,4
ID,1688,Grade,9,,,,,,,,,,,,,,,
Course,,,,Description,,,Recommended,,,Alternate,,,,Alternate Courses,,,,Credit
MCMPS10C--,,,COMPOSITION 10 Challenge,,,,,N,,,N,,,,,,,2
MDMD-12D--,,,3D ANIMATION 12,,,,,N,,,Y,,,,,,,4
MFMP-10C--,,,FOUNDATIONS OF MATH AND PRE-CALCULUS 10 CHALLENGE,,,,,N,,,N,,,,,,,4
MMACS11---,,,COMPUTER SCIENCE 11,,,,,N,,,N,,,,,,,4
MMUCB10--L,,,INSTRUMENTAL MUSIC: CONCERT BAND 10 Linear,,,,,N,,,N,,,,,,,4
MPHED10--L,,,PHYSICAL AND HEALTH EDUCATION 10 LINEAR,,,,,N,,,N,,,,,,,4
MSC--10C--,,,SCIENCE 10: CHALLENGE,,,,,N,,,N,,,,,,,4
MSS--10C--,,,SOCIAL STUDIES 10 CHALLENGE,,,,,N,,,N,,,,,,,4
MTDRF10---,,,ADST ?  DRAFTING 10,,,,,N,,,Y,,,,,,,4
MTEXP10---,,,ADST-Technology Explorations 10,,,,,N,,,N,,,,,,,4
ID,1689,Grade,9,,,,,,,,,,,,,,,
Course,,,,Description,,,Recommended,,,Alternate,,,,Alternate Courses,,,,Credit
MADEM10---,,,ADST ? ENTREPRENEURSHIP AND MARKETING 10,,,,,N,,,Y,,,,,,,4
MEFWR10---,,,EFP WRITING 10,,,,,N,,,N,,,,,,,2
MFMP-10---,,,FOUNDATIONS OF MATH AND PRE-CALCULUS 10,,,,,N,,,N,,,,,,,4
MMACS11---,,,COMPUTER SCIENCE 11,,,,,N,,,N,,,,,,,4
MMUGT10---,,,INSTRUMENTAL MUSIC: GUITAR 10,,,,,N,,,N,,,,,,,4
MPHED10B--,,,PHYSICAL AND HEALTH EDUCATION 10 Boys,,,,,N,,,N,,,,,,,4
MSC--10---,,,SCIENCE 10,,,,,N,,,N,,,,,,,4
MSS--10---,,,SOCIAL STUDIES 10,,,,,N,,,N,,,,,,,4
MTEAR10---,,,ADST ?  ELECTRONICS AND ROBOTICS 10,,,,,N,,,Y,,,,,,,4
MTEXP10---,,,ADST-Technology Explorations 10,,,,,N,,,N,,,,,,,4
ID,1690,Grade,9,,,,,,,,,,,,,,,
Course,,,,Description,,,Recommended,,,Alternate,,,,Alternate Courses,,,,Credit
MCMPS10---,,,COMPOSITION 10,,,,,N,,,N,,,,,,,2
MDRM-10---,,,DRAMA 10,,,,,N,,,Y,,,,,,,4
MFOOD10---,,,ADST ?  FOOD STUDIES 10,,,,,N,,,N,,,,,,,4
MMEDD10---,,,ADST ? MEDIA DESIGN 10,,,,,N,,,N,,,,,,,4
MPHED10B--,,,PHYSICAL AND HEALTH EDUCATION 10 Boys,,,,,N,,,N,,,,,,,4
MSC--10---,,,SCIENCE 10,,,,,N,,,N,,,,,,,4
MSS--10---,,,SOCIAL STUDIES 10,,,,,N,,,N,,,,,,,4
MTEXP10---,,,ADST-Technology Explorations 10,,,,,N,,,Y,,,,,,,4
MVAPH10---,,,VISUAL ARTS: PHOTOGRAPHY 10,,,,,N,,,N,,,,,,,4
MWPM-10---,,,WORKPLACE MATHEMATICS 10,,,,,N,,,N,,,,,,,4
ID,1691,Grade,9,,,,,,,,,,,,,,,
Course,,,,Description,,,Recommended,,,Alternate,,,,Alternate Courses,,,,Credit
MADEM10---,,,ADST ? ENTREPRENEURSHIP AND MARKETING 10,,,,,N,,,Y,,,,,,,4
MCMPS10---,,,COMPOSITION 10,,,,,N,,,N,,,,,,,2
MDCF-10---,,,DANCE FOUNDATIONS 10,,,,,N,,,N,,,,,,,4
MFMP-10---,,,FOUNDATIONS OF MATH AND PRE-CALCULUS 10,,,,,N,,,N,,,,,,,4
MFOOD10---,,,ADST ?  FOOD STUDIES 10,,,,,N,,,N,,,,,,,4
MFR--10---,,,FRENCH 10,,,,,N,,,N,,,,,,,4
MMUGT10---,,,INSTRUMENTAL MUSIC: GUITAR 10,,,,,N,,,Y,,,,,,,4
MPHED10G--,,,PHYSICAL AND HEALTH EDUCATION 10 Girls,,,,,N,,,N,,,,,,,4
MSC--10---,,,SCIENCE 10,,,,,N,,,N,,,,,,,4
MSS--10---,,,SOCIAL STUDIES 10,,,,,N,,,N,,,,,,,4
ID,1692,Grade,9,,,,,,,,,,,,,,,
Course,,,,Description,,,Recommended,,,Alternate,,,,Alternate Courses,,,,Credit
MCMPS10---,,,COMPOSITION 10,,,,,N,,,N,,,,,,,2
MFMP-10---,,,FOUNDATIONS OF MATH AND PRE-CALCULUS 10,,,,,N,,,N,,,,,,,4
MMEDD10---,,,ADST ? MEDIA DESIGN 10,,,,,N,,,N,,,,,,,4
MPHED10B--,,,PHYSICAL AND HEALTH EDUCATION 10 Boys,,,,,N,,,N,,,,,,,4
MSC--10---,,,SCIENCE 10,,,,,N,,,N,,,,,,,4
MSP--10---,,,SPANISH 10,,,,,N,,,N,,,,,,,4
MSS--10---,,,SOCIAL STUDIES 10,,,,,N,,,N,,,,,,,4
MTPOW10---,,,ADST ?  POWER TECHNOLOGY 10,,,,,N,,,Y,,,,,,,4
MVAPH10---,,,VISUAL ARTS: PHOTOGRAPHY 10,,,,,N,,,Y,,,,,,,4
MWWK-10---,,,ADST ?  WOODWORK 10,,,,,N,,,N,,,,,,,4
ID,1693,Grade,9,,,,,,,,,,,,,,,
Course,,,,Description,,,Recommended,,,Alternate,,,,Alternate Courses,,,,Credit
MEFWR10---,,,EFP WRITING 10,,,,,N,,,N,,,,,,,2
MFMP-10---,,,FOUNDATIONS OF MATH AND PRE-CALCULUS 10,,,,,N,,,N,,,,,,,4
MFOOD10---,,,ADST ?  FOOD STUDIES 10,,,,,N,,,Y,,,,,,,4
MPHED10G--,,,PHYSICAL AND HEALTH EDUCATION 10 Girls,,,,,N,,,N,,,,,,,4
MSC--09---,,,SCIENCE 9,,,,,N,,,N,,,,,,,0
MSC--10---,,,SCIENCE 10,,,,,N,,,N,,,,,,,4
MSS--10---,,,SOCIAL STUDIES 10,,,,,N,,,N,,,,,,,4
MTDRF10---,,,ADST ?  DRAFTING 10,,,,,N,,,N,,,,,,,4
MTXT-10---,,,TEXTILES 10,,,,,N,,,N,,,,,,,4
MVAST10---,,,VISUAL ARTS: ART STUDIO 10,,,,,N,,,Y,,,,,,,4
ID,1694,Grade,9,,,,,,,,,,,,,,,
Course,,,,Description,,,Recommended,,,Alternate,,,,Alternate Courses,,,,Credit
MEFWR10---,,,EFP WRITING 10,,,,,N,,,N,,,,,,,2
MFMP-10---,,,FOUNDATIONS OF MATH AND PRE-CALCULUS 10,,,,,N,,,N,,,,,,,4
MFOOD10---,,,ADST ?  FOOD STUDIES 10,,,,,N,,,Y,,,,,,,4
MMUCC10--L,,,CHORAL MUSIC: CONCERT CHOIR 10 Linear,,,,,N,,,N,,,,,,,4
MMUGT10---,,,INSTRUMENTAL MUSIC: GUITAR 10,,,,,N,,,N,,,,,,,4
MPHED10G--,,,PHYSICAL AND HEALTH EDUCATION 10 Girls,,,,,N,,,N,,,,,,,4
MSC--10---,,,SCIENCE 10,,,,,N,,,N,,,,,,,4
MSS--10---,,,SOCIAL STUDIES 10,,,,,N,,,N,,,,,,,4
MVAPH10---,,,VISUAL ARTS: PHOTOGRAPHY 10,,,,,N,,,N,,,,,,,4
MVAST10---,,,VISUAL ARTS: ART STUDIO 10,,,,,N,,,Y,,,,,,,4
YPA--0CX--,,,YOGA FOR MINDFULNESS 10,,,,,N,,,N,,,,,,,4
ID,1695,Grade,9,,,,,,,,,,,,,,,
Course,,,,Description,,,Recommended,,,Alternate,,,,Alternate Courses,,,,Credit
MDCF-10---,,,DANCE FOUNDATIONS 10,,,,,N,,,N,,,,,,,4
MDNC-10--L,,,DANCE 10: CHOREOGRAPHY Linear,,,,,N,,,N,,,,,,,4
MDNCM10--L,,,DANCE COMPANY 10 Linear,,,,,N,,,N,,,,,,,4
MDRM-10---,,,DRAMA 10,,,,,N,,,Y,,,,,,,4
MEFWR10---,,,EFP WRITING 10,,,,,N,,,N,,,,,,,2
MFMP-10---,,,FOUNDATIONS OF MATH AND PRE-CALCULUS 10,,,,,N,,,N,,,,,,,4
MFOOD10---,,,ADST ?  FOOD STUDIES 10,,,,,N,,,N,,,,,,,4
MIDS-0B---,,,INDEPENDENT DIRECTED STUDIES 10B,,,,,N,,,N,,,,,,,4
MPHED10---,,,PHYSICAL AND HEALTH EDUCATION 10,,,,,N,,,N,,,,,,,4
MSC--10---,,,SCIENCE 10,,,,,N,,,N,,,,,,,4
MSS--10---,,,SOCIAL STUDIES 10,,,,,N,,,N,,,,,,,4
MTXT-10---,,,TEXTILES 10,,,,,N,,,Y,,,,,,,4
YLRA-0AX-L,,,ATHLETIC LEADERSHIP 10 U16,,,,,N,,,N,,,,,,,4
ID,1696,Grade,9,,,,,,,,,,,,,,,
Course,,,,Description,,,Recommended,,,Alternate,,,,Alternate Courses,,,,Credit
MAC--11---,,,ACCOUNTING 11,,,,,N,,,N,,,,,,,4
MCMPS10---,,,COMPOSITION 10,,,,,N,,,N,,,,,,,2
MFMP-10---,,,FOUNDATIONS OF MATH AND PRE-CALCULUS 10,,,,,N,,,N,,,,,,,4
MFOOD10---,,,ADST ?  FOOD STUDIES 10,,,,,N,,,N,,,,,,,4
MPHED10B--,,,PHYSICAL AND HEALTH EDUCATION 10 Boys,,,,,N,,,N,,,,,,,4
MSC--10---,,,SCIENCE 10,,,,,N,,,N,,,,,,,4
MSS--10---,,,SOCIAL STUDIES 10,,,,,N,,,N,,,,,,,4
MTPOW10---,,,ADST ?  POWER TECHNOLOGY 10,,,,,N,,,N,,,,,,,4
MVAST10---,,,VISUAL ARTS: ART STUDIO 10,,,,,N,,,Y,,,,,,,4
MWWK-10---,,,ADST ?  WOODWORK 10,,,,,N,,,Y,,,,,,,4
ID,1697,Grade,9,,,,,,,,,,,,,,,
Course,,,,Description,,,Recommended,,,Alternate,,,,Alternate Courses,,,,Credit
MCMPS10---,,,COMPOSITION 10,,,,,N,,,N,,,,,,,2
MFMP-10---,,,FOUNDATIONS OF MATH AND PRE-CALCULUS 10,,,,,N,,,N,,,,,,,4
MPHED10G--,,,PHYSICAL AND HEALTH EDUCATION 10 Girls,,,,,N,,,N,,,,,,,4
MSC--10---,,,SCIENCE 10,,,,,N,,,N,,,,,,,4
MSS--10---,,,SOCIAL STUDIES 10,,,,,N,,,N,,,,,,,4
MVAPH10---,,,VISUAL ARTS: PHOTOGRAPHY 10,,,,,N,,,N,,,,,,,4
MVAST10---,,,VISUAL ARTS: ART STUDIO 10,,,,,N,,,Y,,,,,,,4
YCPA-0AX-L,,,COMMUNITY LEADERSHIP 10 Linear,,,,,N,,,N,,,,,,,4
YPA--0CX--,,,YOGA FOR MINDFULNESS 10,,,,,N,,,N,,,,,,,4
YPR--0BX--,,,OUTDOOR EDUCATION 10,,,,,N,,,N,,,,,,,4
ID,1698,Grade,9,,,,,,,,,,,,,,,
Course,,,,Description,,,Recommended,,,Alternate,,,,Alternate Courses,,,,Credit
MAC--11---,,,ACCOUNTING 11,,,,,N,,,N,,,,,,,4
MBSP-11---,,,INTRODUCTORY SPANISH 11,,,,,N,,,N,,,,,,,4
MFOOD10---,,,ADST ?  FOOD STUDIES 10,,,,,N,,,Y,,,,,,,4
MMAP-11---,,,MARKETING AND PROMOTION 11,,,,,N,,,N,,,,,,,4
MPH--11---,,,PHYSICS 11,,,,,N,,,N,,,,,,,4
MPREC11---,,,PRE-CALCULUS 11,,,,,N,,,N,,,,,,,4
MSC--10---,,,SCIENCE 10,,,,,N,,,N,,,,,,,4
MSP--10---,,,SPANISH 10,,,,,N,,,Y,,,,,,,4
ID,1699,Grade,9,,,,,,,,,,,,,,,
Course,,,,Description,,,Recommended,,,Alternate,,,,Alternate Courses,,,,Credit
MDRM-10---,,,DRAMA 10,,,,,N,,,N,,,,,,,4
MEFWR10---,,,EFP WRITING 10,,,,,N,,,N,,,,,,,2
MFMP-10---,,,FOUNDATIONS OF MATH AND PRE-CALCULUS 10,,,,,N,,,N,,,,,,,4
MFOOD10---,,,ADST ?  FOOD STUDIES 10,,,,,N,,,N,,,,,,,4
MPHED10B--,,,PHYSICAL AND HEALTH EDUCATION 10 Boys,,,,,N,,,N,,,,,,,4
MSC--10---,,,SCIENCE 10,,,,,N,,,N,,,,,,,4
MSS--10---,,,SOCIAL STUDIES 10,,,,,N,,,N,,,,,,,4
MTEAR10---,,,ADST ?  ELECTRONICS AND ROBOTICS 10,,,,,N,,,Y,,,,,,,4
MWBDV10IT-,,,Information and Communications Technologies 10,,,,,N,,,N,,,,,,,4
YPR--0BX--,,,OUTDOOR EDUCATION 10,,,,,N,,,Y,,,,,,,4
ID,1700,Grade,9,,,,,,,,,,,,,,,
Course,,,,Description,,,Recommended,,,Alternate,,,,Alternate Courses,,,,Credit
MCMPS10---,,,COMPOSITION 10,,,,,N,,,N,,,,,,,2
MFMP-10---,,,FOUNDATIONS OF MATH AND PRE-CALCULUS 10,,,,,N,,,N,,,,,,,4
MSC--10---,,,SCIENCE 10,,,,,N,,,N,,,,,,,4
MSS--10---,,,SOCIAL STUDIES 10,,,,,N,,,N,,,,,,,4
ID,1701,Grade,9,,,,,,,,,,,,,,,
Course,,,,Description,,,Recommended,,,Alternate,,,,Alternate Courses,,,,Credit
MEFWR10---,,,EFP WRITING 10,,,,,N,,,N,,,,,,,2
MFMP-10---,,,FOUNDATIONS OF MATH AND PRE-CALCULUS 10,,,,,N,,,N,,,,,,,4
MFOOD10---,,,ADST ?  FOOD STUDIES 10,,,,,N,,,N,,,,,,,4
MFR--10---,,,FRENCH 10,,,,,N,,,N,,,,,,,4
MPHED10B--,,,PHYSICAL AND HEALTH EDUCATION 10 Boys,,,,,N,,,N,,,,,,,4
MSC--10---,,,SCIENCE 10,,,,,N,,,N,,,,,,,4
MSS--10---,,,SOCIAL STUDIES 10,,,,,N,,,N,,,,,,,4
MTPOW10---,,,ADST ?  POWER TECHNOLOGY 10,,,,,N,,,N,,,,,,,4
MVAPH10---,,,VISUAL ARTS: PHOTOGRAPHY 10,,,,,N,,,Y,,,,,,,4
YPA--0CX--,,,YOGA FOR MINDFULNESS 10,,,,,N,,,Y,,,,,,,4
ID,1702,Grade,9,,,,,,,,,,,,,,,
Course,,,,Description,,,Recommended,,,Alternate,,,,Alternate Courses,,,,Credit
MCMPR11AI-,,,COMPUTER PROGRAMMING 11 AI and Games,,,,,N,,,N,,,,,,,4
MCMPS10C--,,,COMPOSITION 10 Challenge,,,,,N,,,N,,,,,,,2
MFMP-10C--,,,FOUNDATIONS OF MATH AND PRE-CALCULUS 10 CHALLENGE,,,,,N,,,N,,,,,,,4
MIDS-0C---,,,INDEPENDENT DIRECTED STUDIES 10C,,,,,N,,,N,,,,,,,4
MMACS11---,,,COMPUTER SCIENCE 11,,,,,N,,,N,,,,,,,4
MPHED10---,,,PHYSICAL AND HEALTH EDUCATION 10,,,,,N,,,N,,,,,,,4
MSC--10C--,,,SCIENCE 10: CHALLENGE,,,,,N,,,N,,,,,,,4
MSS--10C--,,,SOCIAL STUDIES 10 CHALLENGE,,,,,N,,,N,,,,,,,4
MTDRF10---,,,ADST ?  DRAFTING 10,,,,,N,,,Y,,,,,,,4
MTEAR10--L,,,ADST ?  ELECTRONICS AND ROBOTICS 10 Linear,,,,,N,,,N,,,,,,,4
MTEXP10---,,,ADST-Technology Explorations 10,,,,,N,,,N,,,,,,,4
ID,1703,Grade,9,,,,,,,,,,,,,,,
Course,,,,Description,,,Recommended,,,Alternate,,,,Alternate Courses,,,,Credit
MCMPS10---,,,COMPOSITION 10,,,,,N,,,N,,,,,,,2
MFOOD10---,,,ADST ?  FOOD STUDIES 10,,,,,N,,,N,,,,,,,4
MPHED10FB-,,,PHYSICAL AND HEALTH EDUCATION 10 Football,,,,,N,,,N,,,,,,,4
MSC--10---,,,SCIENCE 10,,,,,N,,,N,,,,,,,4
MSP--10---,,,SPANISH 10,,,,,N,,,Y,,,,,,,4
MSS--10---,,,SOCIAL STUDIES 10,,,,,N,,,N,,,,,,,4
MTPOW10---,,,ADST ?  POWER TECHNOLOGY 10,,,,,N,,,N,,,,,,,4
MWPM-10---,,,WORKPLACE MATHEMATICS 10,,,,,N,,,N,,,,,,,4
YHRA-0AX--,,,CROSS TRAINING 10,,,,,N,,,N,,,,,,,4
YPA--0CX--,,,YOGA FOR MINDFULNESS 10,,,,,N,,,Y,,,,,,,4
ID,1704,Grade,9,,,,,,,,,,,,,,,
Course,,,,Description,,,Recommended,,,Alternate,,,,Alternate Courses,,,,Credit
MCMPR11AI-,,,COMPUTER PROGRAMMING 11 AI and Games,,,,,N,,,N,,,,,,,4
MEFWR10---,,,EFP WRITING 10,,,,,N,,,N,,,,,,,2
MFMP-10H--,,,FOUNDATIONS OF MATH AND PRE-CALCULUS 10 HONOURS,,,,,N,,,N,,,,,,,4
MFOOD10---,,,ADST ?  FOOD STUDIES 10,,,,,N,,,N,,,,,,,4
MFR--12---,,,FRENCH 12,,,,,N,,,N,,,,,,,4
MSC--10---,,,SCIENCE 10,,,,,N,,,N,,,,,,,4
MSS--10---,,,SOCIAL STUDIES 10,,,,,N,,,N,,,,,,,4
MTPOW10---,,,ADST ?  POWER TECHNOLOGY 10,,,,,N,,,N,,,,,,,4
MTXT-10---,,,TEXTILES 10,,,,,N,,,Y,,,,,,,4
YLRA-0AX-L,,,ATHLETIC LEADERSHIP 10 U16,,,,,N,,,N,,,,,,,4
ID,1705,Grade,9,,,,,,,,,,,,,,,
Course,,,,Description,,,Recommended,,,Alternate,,,,Alternate Courses,,,,Credit
MCMPS10C--,,,COMPOSITION 10 Challenge,,,,,N,,,N,,,,,,,2
MFMP-10C--,,,FOUNDATIONS OF MATH AND PRE-CALCULUS 10 CHALLENGE,,,,,N,,,N,,,,,,,4
MMACS11---,,,COMPUTER SCIENCE 11,,,,,N,,,N,,,,,,,4
MMEDD10---,,,ADST ? MEDIA DESIGN 10,,,,,N,,,Y,,,,,,,4
MPHED10G--,,,PHYSICAL AND HEALTH EDUCATION 10 Girls,,,,,N,,,N,,,,,,,4
MSC--10C--,,,SCIENCE 10: CHALLENGE,,,,,N,,,N,,,,,,,4
MSP--10---,,,SPANISH 10,,,,,N,,,N,,,,,,,4
MSS--10C--,,,SOCIAL STUDIES 10 CHALLENGE,,,,,N,,,N,,,,,,,4
MTEXP10---,,,ADST-Technology Explorations 10,,,,,N,,,N,,,,,,,4
MVAST10---,,,VISUAL ARTS: ART STUDIO 10,,,,,N,,,Y,,,,,,,4
YED--0BX-L,,,PEER TUTORING 10 LINEAR,,,,,N,,,N,,,,,,,4
YLRA-0AX-L,,,ATHLETIC LEADERSHIP 10 U16,,,,,N,,,N,,,,,,,4
ID,1706,Grade,9,,,,,,,,,,,,,,,
Course,,,,Description,,,Recommended,,,Alternate,,,,Alternate Courses,,,,Credit
MDRM-10---,,,DRAMA 10,,,,,N,,,Y,,,,,,,4
MEFWR10---,,,EFP WRITING 10,,,,,N,,,N,,,,,,,2
MFMP-10H--,,,FOUNDATIONS OF MATH AND PRE-CALCULUS 10 HONOURS,,,,,N,,,N,,,,,,,4
MFR--12---,,,FRENCH 12,,,,,N,,,N,,,,,,,4
MMEDD10---,,,ADST ? MEDIA DESIGN 10,,,,,N,,,N,,,,,,,4
MPHED10G--,,,PHYSICAL AND HEALTH EDUCATION 10 Girls,,,,,N,,,N,,,,,,,4
MSC--10---,,,SCIENCE 10,,,,,N,,,N,,,,,,,4
MSS--10---,,,SOCIAL STUDIES 10,,,,,N,,,N,,,,,,,4
MTEXP10---,,,ADST-Technology Explorations 10,,,,,N,,,Y,,,,,,,4
MTPOW10---,,,ADST ?  POWER TECHNOLOGY 10,,,,,N,,,N,,,,,,,4
ID,1707,Grade,9,,,,,,,,,,,,,,,
Course,,,,Description,,,Recommended,,,Alternate,,,,Alternate Courses,,,,Credit
MBSP-11---,,,INTRODUCTORY SPANISH 11,,,,,N,,,Y,,,,,,,4
MEFWR10---,,,EFP WRITING 10,,,,,N,,,N,,,,,,,2
MFMP-10---,,,FOUNDATIONS OF MATH AND PRE-CALCULUS 10,,,,,N,,,N,,,,,,,4
MFOOD10---,,,ADST ?  FOOD STUDIES 10,,,,,N,,,N,,,,,,,4
MMEDD10---,,,ADST ? MEDIA DESIGN 10,,,,,N,,,Y,,,,,,,4
MPHED10---,,,PHYSICAL AND HEALTH EDUCATION 10,,,,,N,,,N,,,,,,,4
MSC--10---,,,SCIENCE 10,,,,,N,,,N,,,,,,,4
MSS--10---,,,SOCIAL STUDIES 10,,,,,N,,,N,,,,,,,4
MTXT-10---,,,TEXTILES 10,,,,,N,,,N,,,,,,,4
MWPM-10---,,,WORKPLACE MATHEMATICS 10,,,,,N,,,N,,,,,,,4
YPA--0CX--,,,YOGA FOR MINDFULNESS 10,,,,,N,,,Y,,,,,,,4
ID,1708,Grade,9,,,,,,,,,,,,,,,
Course,,,,Description,,,Recommended,,,Alternate,,,,Alternate Courses,,,,Credit
MCMPS10C--,,,COMPOSITION 10 Challenge,,,,,N,,,N,,,,,,,2
MDMD-12D--,,,3D ANIMATION 12,,,,,N,,,N,,,,,,,4
MFMP-10C--,,,FOUNDATIONS OF MATH AND PRE-CALCULUS 10 CHALLENGE,,,,,N,,,N,,,,,,,4
MPHED10---,,,PHYSICAL AND HEALTH EDUCATION 10,,,,,N,,,N,,,,,,,4
MPREC11---,,,PRE-CALCULUS 11,,,,,N,,,N,,,,,,,4
MSC--10C--,,,SCIENCE 10: CHALLENGE,,,,,N,,,N,,,,,,,4
MSS--10C--,,,SOCIAL STUDIES 10 CHALLENGE,,,,,N,,,N,,,,,,,4
MTEXP10---,,,ADST-Technology Explorations 10,,,,,N,,,Y,,,,,,,4
MWBDV10IT-,,,Information and Communications Technologies 10,,,,,N,,,N,,,,,,,4
YCPA-0AX-L,,,COMMUNITY LEADERSHIP 10 Linear,,,,,N,,,N,,,,,,,4
ID,1709,Grade,9,,,,,,,,,,,,,,,
Course,,,,Description,,,Recommended,,,Alternate,,,,Alternate Courses,,,,Credit
MAC--11---,,,ACCOUNTING 11,,,,,N,,,Y,,,,,,,4
MDNC-10--L,,,DANCE 10: CHOREOGRAPHY Linear,,,,,N,,,N,,,,,,,4
MDNCM10--L,,,DANCE COMPANY 10 Linear,,,,,N,,,N,,,,,,,4
MDNTP10---,,,DANCE TECHNIQUE AND PERFORMANCE 10,,,,,N,,,N,,,,,,,4
MFMP-10H--,,,FOUNDATIONS OF MATH AND PRE-CALCULUS 10 HONOURS,,,,,N,,,N,,,,,,,4
MFOOD10---,,,ADST ?  FOOD STUDIES 10,,,,,N,,,Y,,,,,,,4
MFR--10---,,,FRENCH 10,,,,,N,,,N,,,,,,,4
MPHED10G--,,,PHYSICAL AND HEALTH EDUCATION 10 Girls,,,,,N,,,N,,,,,,,4
MSC--10---,,,SCIENCE 10,,,,,N,,,N,,,,,,,4
MSS--10---,,,SOCIAL STUDIES 10,,,,,N,,,N,,,,,,,4
MTDRF10---,,,ADST ?  DRAFTING 10,,,,,N,,,N,,,,,,,4
MTEAR10---,,,ADST ?  ELECTRONICS AND ROBOTICS 10,,,,,N,,,Y,,,,,,,4
MWBDV10IT-,,,Information and Communications Technologies 10,,,,,N,,,N,,,,,,,4
YLRA-0AX-L,,,ATHLETIC LEADERSHIP 10 U16,,,,,N,,,N,,,,,,,4
ID,1710,Grade,9,,,,,,,,,,,,,,,
Course,,,,Description,,,Recommended,,,Alternate,,,,Alternate Courses,,,,Credit
MEFWR10---,,,EFP WRITING 10,,,,,N,,,N,,,,,,,2
MFMP-10---,,,FOUNDATIONS OF MATH AND PRE-CALCULUS 10,,,,,N,,,N,,,,,,,4
MMA--09---,,,MATHEMATICS 9,,,,,N,,,N,,,,,,,0
MMEDD10---,,,ADST ? MEDIA DESIGN 10,,,,,N,,,Y,,,,,,,4
MMUCB10--L,,,INSTRUMENTAL MUSIC: CONCERT BAND 10 Linear,,,,,N,,,N,,,,,,,4
MPHED10--L,,,PHYSICAL AND HEALTH EDUCATION 10 LINEAR,,,,,N,,,N,,,,,,,4
MSC--10---,,,SCIENCE 10,,,,,N,,,N,,,,,,,4
MSS--10---,,,SOCIAL STUDIES 10,,,,,N,,,N,,,,,,,4
MTEXP10---,,,ADST-Technology Explorations 10,,,,,N,,,N,,,,,,,4
MVAST10---,,,VISUAL ARTS: ART STUDIO 10,,,,,N,,,Y,,,,,,,4
MWWK-10---,,,ADST ?  WOODWORK 10,,,,,N,,,Y,,,,,,,4
ID,1711,Grade,9,,,,,,,,,,,,,,,
Course,,,,Description,,,Recommended,,,Alternate,,,,Alternate Courses,,,,Credit
MDRM-10---,,,DRAMA 10,,,,,N,,,Y,,,,,,,4
MEFWR10---,,,EFP WRITING 10,,,,,N,,,N,,,,,,,2
MFMP-10---,,,FOUNDATIONS OF MATH AND PRE-CALCULUS 10,,,,,N,,,N,,,,,,,4
MFOOD10---,,,ADST ?  FOOD STUDIES 10,,,,,N,,,N,,,,,,,4
MPHED10G--,,,PHYSICAL AND HEALTH EDUCATION 10 Girls,,,,,N,,,N,,,,,,,4
MSC--10---,,,SCIENCE 10,,,,,N,,,N,,,,,,,4
MSS--10---,,,SOCIAL STUDIES 10,,,,,N,,,N,,,,,,,4
MVAPH10---,,,VISUAL ARTS: PHOTOGRAPHY 10,,,,,N,,,Y,,,,,,,4
MVAST10---,,,VISUAL ARTS: ART STUDIO 10,,,,,N,,,N,,,,,,,4
YED--0AX--,,,LEARNING STRATEGIES 10,,,,,N,,,N,,,,,,,4
ID,1712,Grade,9,,,,,,,,,,,,,,,
Course,,,,Description,,,Recommended,,,Alternate,,,,Alternate Courses,,,,Credit
MCMPR11AI-,,,COMPUTER PROGRAMMING 11 AI and Games,,,,,N,,,Y,,,,,,,4
MEFWR10---,,,EFP WRITING 10,,,,,N,,,N,,,,,,,2
MFMP-10---,,,FOUNDATIONS OF MATH AND PRE-CALCULUS 10,,,,,N,,,N,,,,,,,4
MFOOD10---,,,ADST ?  FOOD STUDIES 10,,,,,N,,,N,,,,,,,4
MPHED10B--,,,PHYSICAL AND HEALTH EDUCATION 10 Boys,,,,,N,,,N,,,,,,,4
MSC--10---,,,SCIENCE 10,,,,,N,,,N,,,,,,,4
MSS--10---,,,SOCIAL STUDIES 10,,,,,N,,,N,,,,,,,4
MVAST10---,,,VISUAL ARTS: ART STUDIO 10,,,,,N,,,N,,,,,,,4
YPR--0BX--,,,OUTDOOR EDUCATION 10,,,,,N,,,N,,,,,,,4
ID,1713,Grade,9,,,,,,,,,,,,,,,
Course,,,,Description,,,Recommended,,,Alternate,,,,Alternate Courses,,,,Credit
MADEM10---,,,ADST ? ENTREPRENEURSHIP AND MARKETING 10,,,,,N,,,Y,,,,,,,4
MCMPS10---,,,COMPOSITION 10,,,,,N,,,N,,,,,,,2
MDCF-10---,,,DANCE FOUNDATIONS 10,,,,,N,,,Y,,,,,,,4
MDRM-10---,,,DRAMA 10,,,,,N,,,N,,,,,,,4
MSP--10---,,,SPANISH 10,,,,,N,,,N,,,,,,,4
MTXT-10---,,,TEXTILES 10,,,,,N,,,N,,,,,,,4
ID,1714,Grade,9,,,,,,,,,,,,,,,
Course,,,,Description,,,Recommended,,,Alternate,,,,Alternate Courses,,,,Credit
MEFWR10---,,,EFP WRITING 10,,,,,N,,,N,,,,,,,2
MFMP-10---,,,FOUNDATIONS OF MATH AND PRE-CALCULUS 10,,,,,N,,,N,,,,,,,4
MFOOD10---,,,ADST ?  FOOD STUDIES 10,,,,,N,,,N,,,,,,,4
MFR--12---,,,FRENCH 12,,,,,N,,,N,,,,,,,4
MMUGT10---,,,INSTRUMENTAL MUSIC: GUITAR 10,,,,,N,,,Y,,,,,,,4
MPHED10G--,,,PHYSICAL AND HEALTH EDUCATION 10 Girls,,,,,N,,,N,,,,,,,4
MSC--10---,,,SCIENCE 10,,,,,N,,,N,,,,,,,4
MSS--10---,,,SOCIAL STUDIES 10,,,,,N,,,N,,,,,,,4
MTPOW10---,,,ADST ?  POWER TECHNOLOGY 10,,,,,N,,,N,,,,,,,4
ID,1715,Grade,9,,,,,,,,,,,,,,,
Course,,,,Description,,,Recommended,,,Alternate,,,,Alternate Courses,,,,Credit
MEFWR10---,,,EFP WRITING 10,,,,,N,,,N,,,,,,,2
MFOOD10---,,,ADST ?  FOOD STUDIES 10,,,,,N,,,Y,,,,,,,4
MIDS-0B---,,,INDEPENDENT DIRECTED STUDIES 10B,,,,,N,,,Y,,,,,,,4
MPHED10G--,,,PHYSICAL AND HEALTH EDUCATION 10 Girls,,,,,N,,,N,,,,,,,4
MSC--09---,,,SCIENCE 9,,,,,N,,,N,,,,,,,0
MSC--10---,,,SCIENCE 10,,,,,N,,,N,,,,,,,4
MSS--10---,,,SOCIAL STUDIES 10,,,,,N,,,N,,,,,,,4
MTXT-10---,,,TEXTILES 10,,,,,N,,,N,,,,,,,4
MWPM-10---,,,WORKPLACE MATHEMATICS 10,,,,,N,,,N,,,,,,,4
MWWK-10---,,,ADST ?  WOODWORK 10,,,,,N,,,Y,,,,,,,4
YED--0AX--,,,LEARNING STRATEGIES 10,,,,,N,,,N,,,,,,,4
ID,1716,Grade,9,,,,,,,,,,,,,,,
Course,,,,Description,,,Recommended,,,Alternate,,,,Alternate Courses,,,,Credit
MCMPR11AI-,,,COMPUTER PROGRAMMING 11 AI and Games,,,,,N,,,Y,,,,,,,4
MCMPS10---,,,COMPOSITION 10,,,,,N,,,N,,,,,,,2
MFMP-10---,,,FOUNDATIONS OF MATH AND PRE-CALCULUS 10,,,,,N,,,N,,,,,,,4
MFOOD10---,,,ADST ?  FOOD STUDIES 10,,,,,N,,,N,,,,,,,4
MPHED10---,,,PHYSICAL AND HEALTH EDUCATION 10,,,,,N,,,N,,,,,,,4
MSC--10---,,,SCIENCE 10,,,,,N,,,N,,,,,,,4
MSS--10---,,,SOCIAL STUDIES 10,,,,,N,,,N,,,,,,,4
MTEXP10---,,,ADST-Technology Explorations 10,,,,,N,,,Y,,,,,,,4
YESFL0AX--,,,BEGINNERS ELL 10,,,,,N,,,N,,,,,,,4
YPR--0BX--,,,OUTDOOR EDUCATION 10,,,,,N,,,N,,,,,,,4
ID,1717,Grade,9,,,,,,,,,,,,,,,
Course,,,,Description,,,Recommended,,,Alternate,,,,Alternate Courses,,,,Credit
MDRM-10---,,,DRAMA 10,,,,,N,,,N,,,,,,,4
MEFWR10---,,,EFP WRITING 10,,,,,N,,,N,,,,,,,2
MFMP-10---,,,FOUNDATIONS OF MATH AND PRE-CALCULUS 10,,,,,N,,,N,,,,,,,4
MFR--10---,,,FRENCH 10,,,,,N,,,Y,,,,,,,4
MIDS-0C---,,,INDEPENDENT DIRECTED STUDIES 10C,,,,,N,,,N,,,,,,,4
MPHED10---,,,PHYSICAL AND HEALTH EDUCATION 10,,,,,N,,,N,,,,,,,4
MSC--10---,,,SCIENCE 10,,,,,N,,,N,,,,,,,4
MSS--10---,,,SOCIAL STUDIES 10,,,,,N,,,N,,,,,,,4
MTEXP10---,,,ADST-Technology Explorations 10,,,,,N,,,N,,,,,,,4
MVAPH10---,,,VISUAL ARTS: PHOTOGRAPHY 10,,,,,N,,,Y,,,,,,,4
MWBDV10IT-,,,Information and Communications Technologies 10,,,,,N,,,N,,,,,,,4
ID,1718,Grade,9,,,,,,,,,,,,,,,
Course,,,,Description,,,Recommended,,,Alternate,,,,Alternate Courses,,,,Credit
MCMPR11AI-,,,COMPUTER PROGRAMMING 11 AI and Games,,,,,N,,,Y,,,,,,,4
MEFWR10---,,,EFP WRITING 10,,,,,N,,,N,,,,,,,2
MFMP-10---,,,FOUNDATIONS OF MATH AND PRE-CALCULUS 10,,,,,N,,,N,,,,,,,4
MFOOD10---,,,ADST ?  FOOD STUDIES 10,,,,,N,,,N,,,,,,,4
MPHED10B--,,,PHYSICAL AND HEALTH EDUCATION 10 Boys,,,,,N,,,N,,,,,,,4
MSC--10---,,,SCIENCE 10,,,,,N,,,N,,,,,,,4
MSS--10---,,,SOCIAL STUDIES 10,,,,,N,,,N,,,,,,,4
MTEXP10---,,,ADST-Technology Explorations 10,,,,,N,,,N,,,,,,,4
YPR--0BX--,,,OUTDOOR EDUCATION 10,,,,,N,,,N,,,,,,,4
ID,1719,Grade,9,,,,,,,,,,,,,,,
Course,,,,Description,,,Recommended,,,Alternate,,,,Alternate Courses,,,,Credit
MAC--11---,,,ACCOUNTING 11,,,,,N,,,N,,,,,,,4
MEFWR10---,,,EFP WRITING 10,,,,,N,,,N,,,,,,,2
MFMP-10---,,,FOUNDATIONS OF MATH AND PRE-CALCULUS 10,,,,,N,,,N,,,,,,,4
MFOOD10---,,,ADST ?  FOOD STUDIES 10,,,,,N,,,N,,,,,,,4
MFR--10---,,,FRENCH 10,,,,,N,,,Y,,,,,,,4
MPHED10G--,,,PHYSICAL AND HEALTH EDUCATION 10 Girls,,,,,N,,,N,,,,,,,4
MSC--10---,,,SCIENCE 10,,,,,N,,,N,,,,,,,4
MSS--10---,,,SOCIAL STUDIES 10,,,,,N,,,N,,,,,,,4
MTXT-10---,,,TEXTILES 10,,,,,N,,,Y,,,,,,,4
MVAPH10---,,,VISUAL ARTS: PHOTOGRAPHY 10,,,,,N,,,N,,,,,,,4
YLRA-0AX-L,,,ATHLETIC LEADERSHIP 10 U16,,,,,N,,,N,,,,,,,4
ID,1720,Grade,9,,,,,,,,,,,,,,,
Course,,,,Description,,,Recommended,,,Alternate,,,,Alternate Courses,,,,Credit
MCMPR11AI-,,,COMPUTER PROGRAMMING 11 AI and Games,,,,,N,,,N,,,,,,,4
MCMPS10C--,,,COMPOSITION 10 Challenge,,,,,N,,,N,,,,,,,2
MDNC-10--L,,,DANCE 10: CHOREOGRAPHY Linear,,,,,N,,,N,,,,,,,4
MDNCM10--L,,,DANCE COMPANY 10 Linear,,,,,N,,,N,,,,,,,4
MDNTP10---,,,DANCE TECHNIQUE AND PERFORMANCE 10,,,,,N,,,N,,,,,,,4
MFMP-10C--,,,FOUNDATIONS OF MATH AND PRE-CALCULUS 10 CHALLENGE,,,,,N,,,N,,,,,,,4
MMUCB10--L,,,INSTRUMENTAL MUSIC: CONCERT BAND 10 Linear,,,,,N,,,N,,,,,,,4
MMUOR10S-L,,,INSTRUMENTAL MUSIC: ORCHESTRA 10 Strings LINEAR,,,,,N,,,N,,,,,,,4
MPHED10--L,,,PHYSICAL AND HEALTH EDUCATION 10 LINEAR,,,,,N,,,N,,,,,,,4
MSC--10C--,,,SCIENCE 10: CHALLENGE,,,,,N,,,N,,,,,,,4
MSS--10C--,,,SOCIAL STUDIES 10 CHALLENGE,,,,,N,,,N,,,,,,,4
MWWK-10---,,,ADST ?  WOODWORK 10,,,,,N,,,Y,,,,,,,4
YED--0BX-L,,,PEER TUTORING 10 LINEAR,,,,,N,,,N,,,,,,,4
ID,1721,Grade,9,,,,,,,,,,,,,,,
Course,,,,Description,,,Recommended,,,Alternate,,,,Alternate Courses,,,,Credit
MDRM-10---,,,DRAMA 10,,,,,N,,,N,,,,,,,4
MEFWR10---,,,EFP WRITING 10,,,,,N,,,N,,,,,,,2
MFMP-10---,,,FOUNDATIONS OF MATH AND PRE-CALCULUS 10,,,,,N,,,N,,,,,,,4
MFOOD10---,,,ADST ?  FOOD STUDIES 10,,,,,N,,,N,,,,,,,4
MPHED10B--,,,PHYSICAL AND HEALTH EDUCATION 10 Boys,,,,,N,,,N,,,,,,,4
MSC--10---,,,SCIENCE 10,,,,,N,,,N,,,,,,,4
MSS--10---,,,SOCIAL STUDIES 10,,,,,N,,,N,,,,,,,4
MTEXP10---,,,ADST-Technology Explorations 10,,,,,N,,,N,,,,,,,4
MTPOW10---,,,ADST ?  POWER TECHNOLOGY 10,,,,,N,,,Y,,,,,,,4
MTXT-10---,,,TEXTILES 10,,,,,N,,,Y,,,,,,,4
ID,1722,Grade,9,,,,,,,,,,,,,,,
Course,,,,Description,,,Recommended,,,Alternate,,,,Alternate Courses,,,,Credit
MEFWR10---,,,EFP WRITING 10,,,,,N,,,N,,,,,,,2
MFMP-10---,,,FOUNDATIONS OF MATH AND PRE-CALCULUS 10,,,,,N,,,N,,,,,,,4
MIDS-0C---,,,INDEPENDENT DIRECTED STUDIES 10C,,,,,N,,,N,,,,,,,4
MMUCB10--L,,,INSTRUMENTAL MUSIC: CONCERT BAND 10 Linear,,,,,N,,,N,,,,,,,4
MMUGT10---,,,INSTRUMENTAL MUSIC: GUITAR 10,,,,,N,,,Y,,,,,,,4
MPHED10--L,,,PHYSICAL AND HEALTH EDUCATION 10 LINEAR,,,,,N,,,N,,,,,,,4
MSC--10---,,,SCIENCE 10,,,,,N,,,N,,,,,,,4
MSS--10---,,,SOCIAL STUDIES 10,,,,,N,,,N,,,,,,,4
MTXT-10---,,,TEXTILES 10,,,,,N,,,N,,,,,,,4
MVAPH10---,,,VISUAL ARTS: PHOTOGRAPHY 10,,,,,N,,,Y,,,,,,,4
MVAST10---,,,VISUAL ARTS: ART STUDIO 10,,,,,N,,,N,,,,,,,4
ID,1723,Grade,9,,,,,,,,,,,,,,,
Course,,,,Description,,,Recommended,,,Alternate,,,,Alternate Courses,,,,Credit
MAC--11---,,,ACCOUNTING 11,,,,,N,,,Y,,,,,,,4
MADEM10---,,,ADST ? ENTREPRENEURSHIP AND MARKETING 10,,,,,N,,,Y,,,,,,,4
MDNC-10--L,,,DANCE 10: CHOREOGRAPHY Linear,,,,,N,,,N,,,,,,,4
MDNCM10--L,,,DANCE COMPANY 10 Linear,,,,,N,,,N,,,,,,,4
MEFWR10---,,,EFP WRITING 10,,,,,N,,,N,,,,,,,2
MFMP-10H--,,,FOUNDATIONS OF MATH AND PRE-CALCULUS 10 HONOURS,,,,,N,,,N,,,,,,,4
MIDS-0C---,,,INDEPENDENT DIRECTED STUDIES 10C,,,,,N,,,N,,,,,,,4
MMEDD10---,,,ADST ? MEDIA DESIGN 10,,,,,N,,,N,,,,,,,4
MMUCB10--L,,,INSTRUMENTAL MUSIC: CONCERT BAND 10 Linear,,,,,N,,,N,,,,,,,4
MMUCC10--L,,,CHORAL MUSIC: CONCERT CHOIR 10 Linear,,,,,N,,,N,,,,,,,4
MMUJB10--L,,,INSTRUMENTAL MUSIC: JAZZ BAND 10 Linear,,,,,N,,,N,,,,,,,4
MPHED10--L,,,PHYSICAL AND HEALTH EDUCATION 10 LINEAR,,,,,N,,,N,,,,,,,4
MSC--10---,,,SCIENCE 10,,,,,N,,,N,,,,,,,4
MSS--10---,,,SOCIAL STUDIES 10,,,,,N,,,N,,,,,,,4
MTDRF10---,,,ADST ?  DRAFTING 10,,,,,N,,,N,,,,,,,4
YCPA-0AXE-,,,COMMUNITY LEADERSHIP 10,,,,,N,,,N,,,,,,,4
ID,1724,Grade,9,,,,,,,,,,,,,,,
Course,,,,Description,,,Recommended,,,Alternate,,,,Alternate Courses,,,,Credit
MEFWR10---,,,EFP WRITING 10,,,,,N,,,N,,,,,,,2
MFMP-10---,,,FOUNDATIONS OF MATH AND PRE-CALCULUS 10,,,,,N,,,N,,,,,,,4
MFOOD10---,,,ADST ?  FOOD STUDIES 10,,,,,N,,,Y,,,,,,,4
MFR--10---,,,FRENCH 10,,,,,N,,,N,,,,,,,4
MMEDD10---,,,ADST ? MEDIA DESIGN 10,,,,,N,,,N,,,,,,,4
MMUCB10--L,,,INSTRUMENTAL MUSIC: CONCERT BAND 10 Linear,,,,,N,,,N,,,,,,,4
MPHED10--L,,,PHYSICAL AND HEALTH EDUCATION 10 LINEAR,,,,,N,,,N,,,,,,,4
MSC--10---,,,SCIENCE 10,,,,,N,,,N,,,,,,,4
MSS--10---,,,SOCIAL STUDIES 10,,,,,N,,,N,,,,,,,4
ID,1725,Grade,9,,,,,,,,,,,,,,,
Course,,,,Description,,,Recommended,,,Alternate,,,,Alternate Courses,,,,Credit
MACLV11G--,,,ACTIVE LIVING 11 Girls,,,,,N,,,N,,,,,,,4
MADEM10---,,,ADST ? ENTREPRENEURSHIP AND MARKETING 10,,,,,N,,,N,,,,,,,4
MCMPS10---,,,COMPOSITION 10,,,,,N,,,N,,,,,,,2
MFMP-10---,,,FOUNDATIONS OF MATH AND PRE-CALCULUS 10,,,,,N,,,N,,,,,,,4
MFOOD10---,,,ADST ?  FOOD STUDIES 10,,,,,N,,,N,,,,,,,4
MMEDD10---,,,ADST ? MEDIA DESIGN 10,,,,,N,,,Y,,,,,,,4
MMUGT10---,,,INSTRUMENTAL MUSIC: GUITAR 10,,,,,N,,,Y,,,,,,,4
MSC--10---,,,SCIENCE 10,,,,,N,,,N,,,,,,,4
MSS--10---,,,SOCIAL STUDIES 10,,,,,N,,,N,,,,,,,4
MVAST10---,,,VISUAL ARTS: ART STUDIO 10,,,,,N,,,N,,,,,,,4
ID,1726,Grade,9,,,,,,,,,,,,,,,
Course,,,,Description,,,Recommended,,,Alternate,,,,Alternate Courses,,,,Credit
MCMPR11AI-,,,COMPUTER PROGRAMMING 11 AI and Games,,,,,N,,,Y,,,,,,,4
MEFWR10---,,,EFP WRITING 10,,,,,N,,,N,,,,,,,2
MFMP-10---,,,FOUNDATIONS OF MATH AND PRE-CALCULUS 10,,,,,N,,,N,,,,,,,4
MFR--09---,,,FRENCH 9,,,,,N,,,N,,,,,,,0
MMA--09---,,,MATHEMATICS 9,,,,,N,,,N,,,,,,,0
MMACS11---,,,COMPUTER SCIENCE 11,,,,,N,,,Y,,,,,,,4
MPHED10---,,,PHYSICAL AND HEALTH EDUCATION 10,,,,,N,,,N,,,,,,,4
MSC--10---,,,SCIENCE 10,,,,,N,,,N,,,,,,,4
MSP--10---,,,SPANISH 10,,,,,N,,,N,,,,,,,4
MSS--10---,,,SOCIAL STUDIES 10,,,,,N,,,N,,,,,,,4
ID,1727,Grade,9,,,,,,,,,,,,,,,
Course,,,,Description,,,Recommended,,,Alternate,,,,Alternate Courses,,,,Credit
MAC--11---,,,ACCOUNTING 11,,,,,N,,,N,,,,,,,4
MCMPR11AI-,,,COMPUTER PROGRAMMING 11 AI and Games,,,,,N,,,N,,,,,,,4
MCMPS10C--,,,COMPOSITION 10 Challenge,,,,,N,,,N,,,,,,,2
MFMP-10C--,,,FOUNDATIONS OF MATH AND PRE-CALCULUS 10 CHALLENGE,,,,,N,,,N,,,,,,,4
MFOOD10---,,,ADST ?  FOOD STUDIES 10,,,,,N,,,Y,,,,,,,4
MMACS11---,,,COMPUTER SCIENCE 11,,,,,N,,,N,,,,,,,4
MPHED10G--,,,PHYSICAL AND HEALTH EDUCATION 10 Girls,,,,,N,,,N,,,,,,,4
MSC--10C--,,,SCIENCE 10: CHALLENGE,,,,,N,,,N,,,,,,,4
MSS--10C--,,,SOCIAL STUDIES 10 CHALLENGE,,,,,N,,,N,,,,,,,4
MTDRF10---,,,ADST ?  DRAFTING 10,,,,,N,,,Y,,,,,,,4
YED--0BX-L,,,PEER TUTORING 10 LINEAR,,,,,N,,,N,,,,,,,4
ID,1728,Grade,9,,,,,,,,,,,,,,,
Course,,,,Description,,,Recommended,,,Alternate,,,,Alternate Courses,,,,Credit
MDCF-10---,,,DANCE FOUNDATIONS 10,,,,,N,,,N,,,,,,,4
MDRM-10---,,,DRAMA 10,,,,,N,,,Y,,,,,,,4
MEFWR10---,,,EFP WRITING 10,,,,,N,,,N,,,,,,,2
MFMP-10---,,,FOUNDATIONS OF MATH AND PRE-CALCULUS 10,,,,,N,,,N,,,,,,,4
MFOOD10---,,,ADST ?  FOOD STUDIES 10,,,,,N,,,N,,,,,,,4
MPHED10G--,,,PHYSICAL AND HEALTH EDUCATION 10 Girls,,,,,N,,,N,,,,,,,4
MSC--10---,,,SCIENCE 10,,,,,N,,,N,,,,,,,4
MSS--10---,,,SOCIAL STUDIES 10,,,,,N,,,N,,,,,,,4
MTXT-10---,,,TEXTILES 10,,,,,N,,,Y,,,,,,,4
MVAST10---,,,VISUAL ARTS: ART STUDIO 10,,,,,N,,,N,,,,,,,4
ID,1729,Grade,9,,,,,,,,,,,,,,,
Course,,,,Description,,,Recommended,,,Alternate,,,,Alternate Courses,,,,Credit
MCMPS10---,,,COMPOSITION 10,,,,,N,,,N,,,,,,,2
MFMP-10---,,,FOUNDATIONS OF MATH AND PRE-CALCULUS 10,,,,,N,,,N,,,,,,,4
MFOOD10---,,,ADST ?  FOOD STUDIES 10,,,,,N,,,N,,,,,,,4
MPHED10B--,,,PHYSICAL AND HEALTH EDUCATION 10 Boys,,,,,N,,,N,,,,,,,4
MSC--10---,,,SCIENCE 10,,,,,N,,,N,,,,,,,4
MSS--10---,,,SOCIAL STUDIES 10,,,,,N,,,N,,,,,,,4
MTXT-10---,,,TEXTILES 10,,,,,N,,,Y,,,,,,,4
MVAPH10---,,,VISUAL ARTS: PHOTOGRAPHY 10,,,,,N,,,N,,,,,,,4
MWWK-10---,,,ADST ?  WOODWORK 10,,,,,N,,,Y,,,,,,,4
YESFL0AX--,,,BEGINNERS ELL 10,,,,,N,,,N,,,,,,,4
YPR--0BX--,,,OUTDOOR EDUCATION 10,,,,,N,,,Y,,,,,,,4
ID,1730,Grade,9,,,,,,,,,,,,,,,
Course,,,,Description,,,Recommended,,,Alternate,,,,Alternate Courses,,,,Credit
MADEM10---,,,ADST ? ENTREPRENEURSHIP AND MARKETING 10,,,,,N,,,Y,,,,,,,4
MDRM-10---,,,DRAMA 10,,,,,N,,,N,,,,,,,4
MEFWR10---,,,EFP WRITING 10,,,,,N,,,N,,,,,,,2
MFMP-10---,,,FOUNDATIONS OF MATH AND PRE-CALCULUS 10,,,,,N,,,N,,,,,,,4
MFR--10---,,,FRENCH 10,,,,,N,,,N,,,,,,,4
MFR--11---,,,FRENCH 11,,,,,N,,,N,,,,,,,4
MPHED10B--,,,PHYSICAL AND HEALTH EDUCATION 10 Boys,,,,,N,,,N,,,,,,,4
MSC--10---,,,SCIENCE 10,,,,,N,,,N,,,,,,,4
MVAPH10---,,,VISUAL ARTS: PHOTOGRAPHY 10,,,,,N,,,Y,,,,,,,4
YPR--0BX--,,,OUTDOOR EDUCATION 10,,,,,N,,,N,,,,,,,4
ID,1731,Grade,9,,,,,,,,,,,,,,,
Course,,,,Description,,,Recommended,,,Alternate,,,,Alternate Courses,,,,Credit
MCMPS10---,,,COMPOSITION 10,,,,,N,,,N,,,,,,,2
MFOOD10---,,,ADST ?  FOOD STUDIES 10,,,,,N,,,N,,,,,,,4
MPHED10FB-,,,PHYSICAL AND HEALTH EDUCATION 10 Football,,,,,N,,,N,,,,,,,4
MSC--10---,,,SCIENCE 10,,,,,N,,,N,,,,,,,4
MSS--10---,,,SOCIAL STUDIES 10,,,,,N,,,N,,,,,,,4
MTEXP10---,,,ADST-Technology Explorations 10,,,,,N,,,Y,,,,,,,4
MVAPH10---,,,VISUAL ARTS: PHOTOGRAPHY 10,,,,,N,,,N,,,,,,,4
MWPM-10---,,,WORKPLACE MATHEMATICS 10,,,,,N,,,N,,,,,,,4
MWWK-10---,,,ADST ?  WOODWORK 10,,,,,N,,,Y,,,,,,,4
YED--0AX--,,,LEARNING STRATEGIES 10,,,,,N,,,Y,,,,,,,4
YHRA-0AX--,,,CROSS TRAINING 10,,,,,N,,,N,,,,,,,4
ID,1732,Grade,9,,,,,,,,,,,,,,,
Course,,,,Description,,,Recommended,,,Alternate,,,,Alternate Courses,,,,Credit
MCMPR11AI-,,,COMPUTER PROGRAMMING 11 AI and Games,,,,,N,,,Y,,,,,,,4
MDCF-10---,,,DANCE FOUNDATIONS 10,,,,,N,,,N,,,,,,,4
MDNC-10--L,,,DANCE 10: CHOREOGRAPHY Linear,,,,,N,,,N,,,,,,,4
MDNCM10--L,,,DANCE COMPANY 10 Linear,,,,,N,,,N,,,,,,,4
MEFWR10---,,,EFP WRITING 10,,,,,N,,,N,,,,,,,2
MFMP-10---,,,FOUNDATIONS OF MATH AND PRE-CALCULUS 10,,,,,N,,,N,,,,,,,4
MFOOD10---,,,ADST ?  FOOD STUDIES 10,,,,,N,,,Y,,,,,,,4
MFR--09---,,,FRENCH 9,,,,,N,,,N,,,,,,,0
MPHED10G--,,,PHYSICAL AND HEALTH EDUCATION 10 Girls,,,,,N,,,N,,,,,,,4
MSC--10---,,,SCIENCE 10,,,,,N,,,N,,,,,,,4
MSS--10---,,,SOCIAL STUDIES 10,,,,,N,,,N,,,,,,,4
MTXT-10---,,,TEXTILES 10,,,,,N,,,N,,,,,,,4
ID,1733,Grade,9,,,,,,,,,,,,,,,
Course,,,,Description,,,Recommended,,,Alternate,,,,Alternate Courses,,,,Credit
MCMPS10C--,,,COMPOSITION 10 Challenge,,,,,N,,,N,,,,,,,2
MDNC-10--L,,,DANCE 10: CHOREOGRAPHY Linear,,,,,N,,,N,,,,,,,4
MDNCM10--L,,,DANCE COMPANY 10 Linear,,,,,N,,,N,,,,,,,4
MDNTP10---,,,DANCE TECHNIQUE AND PERFORMANCE 10,,,,,N,,,N,,,,,,,4
MFMP-10C--,,,FOUNDATIONS OF MATH AND PRE-CALCULUS 10 CHALLENGE,,,,,N,,,N,,,,,,,4
MFOOD10---,,,ADST ?  FOOD STUDIES 10,,,,,N,,,N,,,,,,,4
MFR--12---,,,FRENCH 12,,,,,N,,,N,,,,,,,4
MIDS-0B---,,,INDEPENDENT DIRECTED STUDIES 10B,,,,,N,,,Y,,,,,,,4
MPHED10G--,,,PHYSICAL AND HEALTH EDUCATION 10 Girls,,,,,N,,,N,,,,,,,4
MSC--10C--,,,SCIENCE 10: CHALLENGE,,,,,N,,,N,,,,,,,4
MSS--10C--,,,SOCIAL STUDIES 10 CHALLENGE,,,,,N,,,N,,,,,,,4
MTPOW10---,,,ADST ?  POWER TECHNOLOGY 10,,,,,N,,,Y,,,,,,,4
YLRA-0AX-L,,,ATHLETIC LEADERSHIP 10 U16,,,,,N,,,N,,,,,,,4
ID,1734,Grade,9,,,,,,,,,,,,,,,
Course,,,,Description,,,Recommended,,,Alternate,,,,Alternate Courses,,,,Credit
MAC--11---,,,ACCOUNTING 11,,,,,N,,,N,,,,,,,4
MEFWR10---,,,EFP WRITING 10,,,,,N,,,N,,,,,,,2
MFMP-10H--,,,FOUNDATIONS OF MATH AND PRE-CALCULUS 10 HONOURS,,,,,N,,,N,,,,,,,4
MFOOD10---,,,ADST ?  FOOD STUDIES 10,,,,,N,,,N,,,,,,,4
MPHED10G--,,,PHYSICAL AND HEALTH EDUCATION 10 Girls,,,,,N,,,N,,,,,,,4
MSC--10---,,,SCIENCE 10,,,,,N,,,N,,,,,,,4
MSP--10---,,,SPANISH 10,,,,,N,,,Y,,,,,,,4
MSS--10---,,,SOCIAL STUDIES 10,,,,,N,,,N,,,,,,,4
MTDRF10---,,,ADST ?  DRAFTING 10,,,,,N,,,Y,,,,,,,4
MWBDV10IT-,,,Information and Communications Technologies 10,,,,,N,,,N,,,,,,,4
YLRA-0AX-L,,,ATHLETIC LEADERSHIP 10 U16,,,,,N,,,N,,,,,,,4
ID,1735,Grade,9,,,,,,,,,,,,,,,
Course,,,,Description,,,Recommended,,,Alternate,,,,Alternate Courses,,,,Credit
MCMPR11AI-,,,COMPUTER PROGRAMMING 11 AI and Games,,,,,N,,,N,,,,,,,4
MCMPS10---,,,COMPOSITION 10,,,,,N,,,N,,,,,,,2
MFMP-10---,,,FOUNDATIONS OF MATH AND PRE-CALCULUS 10,,,,,N,,,N,,,,,,,4
MMUCB10--L,,,INSTRUMENTAL MUSIC: CONCERT BAND 10 Linear,,,,,N,,,N,,,,,,,4
MPHED10--L,,,PHYSICAL AND HEALTH EDUCATION 10 LINEAR,,,,,N,,,N,,,,,,,4
MSC--10---,,,SCIENCE 10,,,,,N,,,N,,,,,,,4
MSS--09F--,,,SOCIAL STUDIES 9 FLEX STUDIES,,,,,N,,,N,,,,,,,0
MSS--10---,,,SOCIAL STUDIES 10,,,,,N,,,N,,,,,,,4
MTEAR10---,,,ADST ?  ELECTRONICS AND ROBOTICS 10,,,,,N,,,Y,,,,,,,4
MTEXP10---,,,ADST-Technology Explorations 10,,,,,N,,,N,,,,,,,4
ID,1736,Grade,9,,,,,,,,,,,,,,,
Course,,,,Description,,,Recommended,,,Alternate,,,,Alternate Courses,,,,Credit
MCMPS10---,,,COMPOSITION 10,,,,,N,,,N,,,,,,,2
MDMD-12D--,,,3D ANIMATION 12,,,,,N,,,Y,,,,,,,4
MFMP-10---,,,FOUNDATIONS OF MATH AND PRE-CALCULUS 10,,,,,N,,,N,,,,,,,4
MMACS11---,,,COMPUTER SCIENCE 11,,,,,N,,,N,,,,,,,4
MMEDD10---,,,ADST ? MEDIA DESIGN 10,,,,,N,,,N,,,,,,,4
MMUCC10--L,,,CHORAL MUSIC: CONCERT CHOIR 10 Linear,,,,,N,,,N,,,,,,,4
MMUGT10---,,,INSTRUMENTAL MUSIC: GUITAR 10,,,,,N,,,N,,,,,,,4
MPHED10G--,,,PHYSICAL AND HEALTH EDUCATION 10 Girls,,,,,N,,,N,,,,,,,4
MSC--10---,,,SCIENCE 10,,,,,N,,,N,,,,,,,4
MSS--10---,,,SOCIAL STUDIES 10,,,,,N,,,N,,,,,,,4
MTXT-10---,,,TEXTILES 10,,,,,N,,,Y,,,,,,,4
ID,1737,Grade,9,,,,,,,,,,,,,,,
Course,,,,Description,,,Recommended,,,Alternate,,,,Alternate Courses,,,,Credit
MEFWR10---,,,EFP WRITING 10,,,,,N,,,N,,,,,,,2
MFMP-10H--,,,FOUNDATIONS OF MATH AND PRE-CALCULUS 10 HONOURS,,,,,N,,,N,,,,,,,4
MFOOD10---,,,ADST ?  FOOD STUDIES 10,,,,,N,,,N,,,,,,,4
MMACS11---,,,COMPUTER SCIENCE 11,,,,,N,,,N,,,,,,,4
MMEDD10---,,,ADST ? MEDIA DESIGN 10,,,,,N,,,Y,,,,,,,4
MMUCB10--L,,,INSTRUMENTAL MUSIC: CONCERT BAND 10 Linear,,,,,N,,,N,,,,,,,4
MPHED10--L,,,PHYSICAL AND HEALTH EDUCATION 10 LINEAR,,,,,N,,,N,,,,,,,4
MSC--10---,,,SCIENCE 10,,,,,N,,,N,,,,,,,4
MSS--10---,,,SOCIAL STUDIES 10,,,,,N,,,N,,,,,,,4
MVAPH10---,,,VISUAL ARTS: PHOTOGRAPHY 10,,,,,N,,,Y,,,,,,,4
ID,1738,Grade,9,,,,,,,,,,,,,,,
Course,,,,Description,,,Recommended,,,Alternate,,,,Alternate Courses,,,,Credit
MADEM10---,,,ADST ? ENTREPRENEURSHIP AND MARKETING 10,,,,,N,,,N,,,,,,,4
MCMPR11AI-,,,COMPUTER PROGRAMMING 11 AI and Games,,,,,N,,,N,,,,,,,4
MCMPS10C--,,,COMPOSITION 10 Challenge,,,,,N,,,N,,,,,,,2
MFMP-10C--,,,FOUNDATIONS OF MATH AND PRE-CALCULUS 10 CHALLENGE,,,,,N,,,N,,,,,,,4
MFR--11---,,,FRENCH 11,,,,,N,,,N,,,,,,,4
MMACS11---,,,COMPUTER SCIENCE 11,,,,,N,,,Y,,,,,,,4
MMEDD10---,,,ADST ? MEDIA DESIGN 10,,,,,N,,,Y,,,,,,,4
MMUOR10S-L,,,INSTRUMENTAL MUSIC: ORCHESTRA 10 Strings LINEAR,,,,,N,,,N,,,,,,,4
MPHED10---,,,PHYSICAL AND HEALTH EDUCATION 10,,,,,N,,,N,,,,,,,4
MSC--10C--,,,SCIENCE 10: CHALLENGE,,,,,N,,,N,,,,,,,4
MSS--10C--,,,SOCIAL STUDIES 10 CHALLENGE,,,,,N,,,N,,,,,,,4
YLRA-0AX-L,,,ATHLETIC LEADERSHIP 10 U16,,,,,N,,,N,,,,,,,4
ID,1739,Grade,9,,,,,,,,,,,,,,,
Course,,,,Description,,,Recommended,,,Alternate,,,,Alternate Courses,,,,Credit
MEFWR10---,,,EFP WRITING 10,,,,,N,,,N,,,,,,,2
MFMP-10---,,,FOUNDATIONS OF MATH AND PRE-CALCULUS 10,,,,,N,,,N,,,,,,,4
MFR--10---,,,FRENCH 10,,,,,N,,,N,,,,,,,4
MMUCB10--L,,,INSTRUMENTAL MUSIC: CONCERT BAND 10 Linear,,,,,N,,,N,,,,,,,4
MMUCC10--L,,,CHORAL MUSIC: CONCERT CHOIR 10 Linear,,,,,N,,,N,,,,,,,4
MMUJB10--L,,,INSTRUMENTAL MUSIC: JAZZ BAND 10 Linear,,,,,N,,,N,,,,,,,4
MMUOR10S-L,,,INSTRUMENTAL MUSIC: ORCHESTRA 10 Strings LINEAR,,,,,N,,,N,,,,,,,4
MPHED10--L,,,PHYSICAL AND HEALTH EDUCATION 10 LINEAR,,,,,N,,,N,,,,,,,4
MSC--10---,,,SCIENCE 10,,,,,N,,,N,,,,,,,4
MSP--10---,,,SPANISH 10,,,,,N,,,Y,,,,,,,4
MSS--10---,,,SOCIAL STUDIES 10,,,,,N,,,N,,,,,,,4
MVAPH10---,,,VISUAL ARTS: PHOTOGRAPHY 10,,,,,N,,,Y,,,,,,,4
YPA--0CX--,,,YOGA FOR MINDFULNESS 10,,,,,N,,,N,,,,,,,4
ID,1740,Grade,9,,,,,,,,,,,,,,,
Course,,,,Description,,,Recommended,,,Alternate,,,,Alternate Courses,,,,Credit
MCMPS10C--,,,COMPOSITION 10 Challenge,,,,,N,,,N,,,,,,,2
MFMP-10C--,,,FOUNDATIONS OF MATH AND PRE-CALCULUS 10 CHALLENGE,,,,,N,,,N,,,,,,,4
MFR--09---,,,FRENCH 9,,,,,N,,,N,,,,,,,0
MFR--10---,,,FRENCH 10,,,,,N,,,N,,,,,,,4
MPHED10B--,,,PHYSICAL AND HEALTH EDUCATION 10 Boys,,,,,N,,,N,,,,,,,4
MSC--10C--,,,SCIENCE 10: CHALLENGE,,,,,N,,,N,,,,,,,4
MSS--10C--,,,SOCIAL STUDIES 10 CHALLENGE,,,,,N,,,N,,,,,,,4
MTDRF10---,,,ADST ?  DRAFTING 10,,,,,N,,,Y,,,,,,,4
MTEAR10--L,,,ADST ?  ELECTRONICS AND ROBOTICS 10 Linear,,,,,N,,,N,,,,,,,4
MTEXP10---,,,ADST-Technology Explorations 10,,,,,N,,,Y,,,,,,,4
MWBDV10IT-,,,Information and Communications Technologies 10,,,,,N,,,N,,,,,,,4
YLRA-0AX-L,,,ATHLETIC LEADERSHIP 10 U16,,,,,N,,,N,,,,,,,4
ID,1741,Grade,9,,,,,,,,,,,,,,,
Course,,,,Description,,,Recommended,,,Alternate,,,,Alternate Courses,,,,Credit
MADEM10---,,,ADST ? ENTREPRENEURSHIP AND MARKETING 10,,,,,N,,,Y,,,,,,,4
MCMPS10---,,,COMPOSITION 10,,,,,N,,,N,,,,,,,2
MDCF-10---,,,DANCE FOUNDATIONS 10,,,,,N,,,N,,,,,,,4
MFMP-10---,,,FOUNDATIONS OF MATH AND PRE-CALCULUS 10,,,,,N,,,N,,,,,,,4
MPHED10B--,,,PHYSICAL AND HEALTH EDUCATION 10 Boys,,,,,N,,,N,,,,,,,4
MSS--10---,,,SOCIAL STUDIES 10,,,,,N,,,N,,,,,,,4
MTDRF10---,,,ADST ?  DRAFTING 10,,,,,N,,,N,,,,,,,4
MTXT-10---,,,TEXTILES 10,,,,,N,,,N,,,,,,,4
YESFL0AX--,,,BEGINNERS ELL 10,,,,,N,,,N,,,,,,,4
ID,1742,Grade,9,,,,,,,,,,,,,,,
Course,,,,Description,,,Recommended,,,Alternate,,,,Alternate Courses,,,,Credit
MEFWR10---,,,EFP WRITING 10,,,,,N,,,N,,,,,,,2
MFMP-10H--,,,FOUNDATIONS OF MATH AND PRE-CALCULUS 10 HONOURS,,,,,N,,,N,,,,,,,4
MFOOD10---,,,ADST ?  FOOD STUDIES 10,,,,,N,,,N,,,,,,,4
MMACS11---,,,COMPUTER SCIENCE 11,,,,,N,,,N,,,,,,,4
MMEDD10---,,,ADST ? MEDIA DESIGN 10,,,,,N,,,N,,,,,,,4
MPHED10B--,,,PHYSICAL AND HEALTH EDUCATION 10 Boys,,,,,N,,,N,,,,,,,4
MSC--10---,,,SCIENCE 10,,,,,N,,,N,,,,,,,4
MSS--10---,,,SOCIAL STUDIES 10,,,,,N,,,N,,,,,,,4
MTEXP10---,,,ADST-Technology Explorations 10,,,,,N,,,Y,,,,,,,4
YPR--0BX--,,,OUTDOOR EDUCATION 10,,,,,N,,,Y,,,,,,,4
ID,1743,Grade,9,,,,,,,,,,,,,,,
Course,,,,Description,,,Recommended,,,Alternate,,,,Alternate Courses,,,,Credit
MCMPS10C--,,,COMPOSITION 10 Challenge,,,,,N,,,N,,,,,,,2
MFMP-10C--,,,FOUNDATIONS OF MATH AND PRE-CALCULUS 10 CHALLENGE,,,,,N,,,N,,,,,,,4
MMACS11---,,,COMPUTER SCIENCE 11,,,,,N,,,N,,,,,,,4
MMEDD10---,,,ADST ? MEDIA DESIGN 10,,,,,N,,,N,,,,,,,4
MMUCB10--L,,,INSTRUMENTAL MUSIC: CONCERT BAND 10 Linear,,,,,N,,,N,,,,,,,4
MPHED10--L,,,PHYSICAL AND HEALTH EDUCATION 10 LINEAR,,,,,N,,,N,,,,,,,4
MSC--10C--,,,SCIENCE 10: CHALLENGE,,,,,N,,,N,,,,,,,4
MSS--10C--,,,SOCIAL STUDIES 10 CHALLENGE,,,,,N,,,N,,,,,,,4
MTDRF10---,,,ADST ?  DRAFTING 10,,,,,N,,,Y,,,,,,,4
YCPA-0AXE-,,,COMMUNITY LEADERSHIP 10,,,,,N,,,N,,,,,,,4
ID,1744,Grade,9,,,,,,,,,,,,,,,
Course,,,,Description,,,Recommended,,,Alternate,,,,Alternate Courses,,,,Credit
MDRM-10---,,,DRAMA 10,,,,,N,,,Y,,,,,,,4
MEFWR10---,,,EFP WRITING 10,,,,,N,,,N,,,,,,,2
MFMP-10---,,,FOUNDATIONS OF MATH AND PRE-CALCULUS 10,,,,,N,,,N,,,,,,,4
MFOOD10---,,,ADST ?  FOOD STUDIES 10,,,,,N,,,N,,,,,,,4
MPHED10G--,,,PHYSICAL AND HEALTH EDUCATION 10 Girls,,,,,N,,,N,,,,,,,4
MSC--09---,,,SCIENCE 9,,,,,N,,,N,,,,,,,0
MSC--10---,,,SCIENCE 10,,,,,N,,,N,,,,,,,4
MSS--10---,,,SOCIAL STUDIES 10,,,,,N,,,N,,,,,,,4
MTXT-10---,,,TEXTILES 10,,,,,N,,,N,,,,,,,4
MWWK-10---,,,ADST ?  WOODWORK 10,,,,,N,,,Y,,,,,,,4
ID,1745,Grade,9,,,,,,,,,,,,,,,
Course,,,,Description,,,Recommended,,,Alternate,,,,Alternate Courses,,,,Credit
MAC--11---,,,ACCOUNTING 11,,,,,N,,,Y,,,,,,,4
MCH--11---,,,CHEMISTRY 11,,,,,N,,,N,,,,,,,4
MCLE-10---,,,CAREER LIFE EDUCATION 10,,,,,N,,,Y,,,,,,,4
MEFWR10---,,,EFP WRITING 10,,,,,N,,,N,,,,,,,2
MMACS11---,,,COMPUTER SCIENCE 11,,,,,N,,,N,,,,,,,4
MMUCB10--L,,,INSTRUMENTAL MUSIC: CONCERT BAND 10 Linear,,,,,N,,,N,,,,,,,4
MPH--11---,,,PHYSICS 11,,,,,N,,,N,,,,,,,4
MPHED10--L,,,PHYSICAL AND HEALTH EDUCATION 10 LINEAR,,,,,N,,,N,,,,,,,4
MPREC12---,,,PRE-CALCULUS 12,,,,,N,,,N,,,,,,,4
MSS--10---,,,SOCIAL STUDIES 10,,,,,N,,,N,,,,,,,4
ID,1746,Grade,9,,,,,,,,,,,,,,,
Course,,,,Description,,,Recommended,,,Alternate,,,,Alternate Courses,,,,Credit
MAC--11---,,,ACCOUNTING 11,,,,,N,,,N,,,,,,,4
MCMPR11AI-,,,COMPUTER PROGRAMMING 11 AI and Games,,,,,N,,,Y,,,,,,,4
MCMPS10C--,,,COMPOSITION 10 Challenge,,,,,N,,,N,,,,,,,2
MFMP-10C--,,,FOUNDATIONS OF MATH AND PRE-CALCULUS 10 CHALLENGE,,,,,N,,,N,,,,,,,4
MMACS11---,,,COMPUTER SCIENCE 11,,,,,N,,,N,,,,,,,4
MMEDD10---,,,ADST ? MEDIA DESIGN 10,,,,,N,,,Y,,,,,,,4
MPHED10B--,,,PHYSICAL AND HEALTH EDUCATION 10 Boys,,,,,N,,,N,,,,,,,4
MSC--10C--,,,SCIENCE 10: CHALLENGE,,,,,N,,,N,,,,,,,4
MSS--10C--,,,SOCIAL STUDIES 10 CHALLENGE,,,,,N,,,N,,,,,,,4
MTDRF10---,,,ADST ?  DRAFTING 10,,,,,N,,,N,,,,,,,4
YLRA-0AX-L,,,ATHLETIC LEADERSHIP 10 U16,,,,,N,,,N,,,,,,,4
ID,1747,Grade,9,,,,,,,,,,,,,,,
Course,,,,Description,,,Recommended,,,Alternate,,,,Alternate Courses,,,,Credit
MBSP-11---,,,INTRODUCTORY SPANISH 11,,,,,N,,,N,,,,,,,4
MEFWR10---,,,EFP WRITING 10,,,,,N,,,N,,,,,,,2
MFMP-10---,,,FOUNDATIONS OF MATH AND PRE-CALCULUS 10,,,,,N,,,N,,,,,,,4
MFOOD10---,,,ADST ?  FOOD STUDIES 10,,,,,N,,,Y,,,,,,,4
MMACS11---,,,COMPUTER SCIENCE 11,,,,,N,,,N,,,,,,,4
MPHED10G--,,,PHYSICAL AND HEALTH EDUCATION 10 Girls,,,,,N,,,N,,,,,,,4
MSC--10---,,,SCIENCE 10,,,,,N,,,N,,,,,,,4
MSS--10---,,,SOCIAL STUDIES 10,,,,,N,,,N,,,,,,,4
MTXT-10---,,,TEXTILES 10,,,,,N,,,Y,,,,,,,4
MWBDV10IT-,,,Information and Communications Technologies 10,,,,,N,,,N,,,,,,,4
ID,1748,Grade,9,,,,,,,,,,,,,,,
Course,,,,Description,,,Recommended,,,Alternate,,,,Alternate Courses,,,,Credit
MCMPR11AI-,,,COMPUTER PROGRAMMING 11 AI and Games,,,,,N,,,N,,,,,,,4
MCMPS10---,,,COMPOSITION 10,,,,,N,,,N,,,,,,,2
MDRM-10---,,,DRAMA 10,,,,,N,,,N,,,,,,,4
MFMP-10---,,,FOUNDATIONS OF MATH AND PRE-CALCULUS 10,,,,,N,,,N,,,,,,,4
MFR--10---,,,FRENCH 10,,,,,N,,,N,,,,,,,4
MPHED10---,,,PHYSICAL AND HEALTH EDUCATION 10,,,,,N,,,N,,,,,,,4
MSC--10---,,,SCIENCE 10,,,,,N,,,N,,,,,,,4
MSS--10---,,,SOCIAL STUDIES 10,,,,,N,,,N,,,,,,,4
MTEAR10--L,,,ADST ?  ELECTRONICS AND ROBOTICS 10 Linear,,,,,N,,,N,,,,,,,4
YPR--0BX--,,,OUTDOOR EDUCATION 10,,,,,N,,,Y,,,,,,,4
ID,1749,Grade,9,,,,,,,,,,,,,,,
Course,,,,Description,,,Recommended,,,Alternate,,,,Alternate Courses,,,,Credit
MCMPR11AI-,,,COMPUTER PROGRAMMING 11 AI and Games,,,,,N,,,N,,,,,,,4
MDMD-12D--,,,3D ANIMATION 12,,,,,N,,,N,,,,,,,4
MEFWR10---,,,EFP WRITING 10,,,,,N,,,N,,,,,,,2
MFMP-10---,,,FOUNDATIONS OF MATH AND PRE-CALCULUS 10,,,,,N,,,N,,,,,,,4
MMACS11---,,,COMPUTER SCIENCE 11,,,,,N,,,N,,,,,,,4
MMEDD10---,,,ADST ? MEDIA DESIGN 10,,,,,N,,,Y,,,,,,,4
MPHED10B--,,,PHYSICAL AND HEALTH EDUCATION 10 Boys,,,,,N,,,N,,,,,,,4
MSC--10---,,,SCIENCE 10,,,,,N,,,N,,,,,,,4
MSS--10---,,,SOCIAL STUDIES 10,,,,,N,,,N,,,,,,,4
MVAPH10---,,,VISUAL ARTS: PHOTOGRAPHY 10,,,,,N,,,Y,,,,,,,4
ID,1750,Grade,9,,,,,,,,,,,,,,,
Course,,,,Description,,,Recommended,,,Alternate,,,,Alternate Courses,,,,Credit
MCMPS10---,,,COMPOSITION 10,,,,,N,,,N,,,,,,,2
MDCF-10---,,,DANCE FOUNDATIONS 10,,,,,N,,,N,,,,,,,4
MFMP-10---,,,FOUNDATIONS OF MATH AND PRE-CALCULUS 10,,,,,N,,,N,,,,,,,4
MFOOD10---,,,ADST ?  FOOD STUDIES 10,,,,,N,,,Y,,,,,,,4
MPHED10---,,,PHYSICAL AND HEALTH EDUCATION 10,,,,,N,,,N,,,,,,,4
MSC--10---,,,SCIENCE 10,,,,,N,,,N,,,,,,,4
MSS--10---,,,SOCIAL STUDIES 10,,,,,N,,,N,,,,,,,4
MTEXP10---,,,ADST-Technology Explorations 10,,,,,N,,,Y,,,,,,,4
MTXT-10---,,,TEXTILES 10,,,,,N,,,N,,,,,,,4
YESFL0AX--,,,BEGINNERS ELL 10,,,,,N,,,N,,,,,,,4
ID,1751,Grade,9,,,,,,,,,,,,,,,
Course,,,,Description,,,Recommended,,,Alternate,,,,Alternate Courses,,,,Credit
MCMPS10---,,,COMPOSITION 10,,,,,N,,,N,,,,,,,2
MDCF-10---,,,DANCE FOUNDATIONS 10,,,,,N,,,N,,,,,,,4
MDRM-10---,,,DRAMA 10,,,,,N,,,Y,,,,,,,4
MFMP-10---,,,FOUNDATIONS OF MATH AND PRE-CALCULUS 10,,,,,N,,,N,,,,,,,4
MIDS-0B---,,,INDEPENDENT DIRECTED STUDIES 10B,,,,,N,,,N,,,,,,,4
MPHED10G--,,,PHYSICAL AND HEALTH EDUCATION 10 Girls,,,,,N,,,N,,,,,,,4
MSC--10---,,,SCIENCE 10,,,,,N,,,N,,,,,,,4
MSS--10---,,,SOCIAL STUDIES 10,,,,,N,,,N,,,,,,,4
MVAPH10---,,,VISUAL ARTS: PHOTOGRAPHY 10,,,,,N,,,Y,,,,,,,4
MVAST10---,,,VISUAL ARTS: ART STUDIO 10,,,,,N,,,Y,,,,,,,4
YESFL0AX--,,,BEGINNERS ELL 10,,,,,N,,,N,,,,,,,4
ID,1752,Grade,9,,,,,,,,,,,,,,,
Course,,,,Description,,,Recommended,,,Alternate,,,,Alternate Courses,,,,Credit
MCMPR11AI-,,,COMPUTER PROGRAMMING 11 AI and Games,,,,,N,,,Y,,,,,,,4
MCMPS10C--,,,COMPOSITION 10 Challenge,,,,,N,,,N,,,,,,,2
MFMP-10C--,,,FOUNDATIONS OF MATH AND PRE-CALCULUS 10 CHALLENGE,,,,,N,,,N,,,,,,,4
MFOOD10---,,,ADST ?  FOOD STUDIES 10,,,,,N,,,Y,,,,,,,4
MMACS11---,,,COMPUTER SCIENCE 11,,,,,N,,,N,,,,,,,4
MPHED10B--,,,PHYSICAL AND HEALTH EDUCATION 10 Boys,,,,,N,,,N,,,,,,,4
MSC--10C--,,,SCIENCE 10: CHALLENGE,,,,,N,,,N,,,,,,,4
MSS--10C--,,,SOCIAL STUDIES 10 CHALLENGE,,,,,N,,,N,,,,,,,4
MTEAR10--L,,,ADST ?  ELECTRONICS AND ROBOTICS 10 Linear,,,,,N,,,N,,,,,,,4
MTEXP10---,,,ADST-Technology Explorations 10,,,,,N,,,N,,,,,,,4
MTPOW10---,,,ADST ?  POWER TECHNOLOGY 10,,,,,N,,,N,,,,,,,4
YLRA-0AX-L,,,ATHLETIC LEADERSHIP 10 U16,,,,,N,,,N,,,,,,,4
ID,1753,Grade,9,,,,,,,,,,,,,,,
Course,,,,Description,,,Recommended,,,Alternate,,,,Alternate Courses,,,,Credit
MAC--11---,,,ACCOUNTING 11,,,,,N,,,N,,,,,,,4
MCMPR11AI-,,,COMPUTER PROGRAMMING 11 AI and Games,,,,,N,,,Y,,,,,,,4
MEFWR10---,,,EFP WRITING 10,,,,,N,,,N,,,,,,,2
MFR--11---,,,FRENCH 11,,,,,N,,,N,,,,,,,4
MMACS11---,,,COMPUTER SCIENCE 11,,,,,N,,,N,,,,,,,4
MMUCB10--L,,,INSTRUMENTAL MUSIC: CONCERT BAND 10 Linear,,,,,N,,,Y,,,,,,,4
MPHED10B--,,,PHYSICAL AND HEALTH EDUCATION 10 Boys,,,,,N,,,N,,,,,,,4
MPREC11---,,,PRE-CALCULUS 11,,,,,N,,,N,,,,,,,4
MSC--10---,,,SCIENCE 10,,,,,N,,,N,,,,,,,4
MSS--10---,,,SOCIAL STUDIES 10,,,,,N,,,N,,,,,,,4
ID,1754,Grade,9,,,,,,,,,,,,,,,
Course,,,,Description,,,Recommended,,,Alternate,,,,Alternate Courses,,,,Credit
MCMPR11AI-,,,COMPUTER PROGRAMMING 11 AI and Games,,,,,N,,,N,,,,,,,4
MCMPS10C--,,,COMPOSITION 10 Challenge,,,,,N,,,N,,,,,,,2
MDMD-12D--,,,3D ANIMATION 12,,,,,N,,,Y,,,,,,,4
MFMP-10C--,,,FOUNDATIONS OF MATH AND PRE-CALCULUS 10 CHALLENGE,,,,,N,,,N,,,,,,,4
MFOOD10---,,,ADST ?  FOOD STUDIES 10,,,,,N,,,Y,,,,,,,4
MMACS11---,,,COMPUTER SCIENCE 11,,,,,N,,,N,,,,,,,4
MPHED10B--,,,PHYSICAL AND HEALTH EDUCATION 10 Boys,,,,,N,,,N,,,,,,,4
MSC--10C--,,,SCIENCE 10: CHALLENGE,,,,,N,,,N,,,,,,,4
MSS--10C--,,,SOCIAL STUDIES 10 CHALLENGE,,,,,N,,,N,,,,,,,4
MTEXP10---,,,ADST-Technology Explorations 10,,,,,N,,,N,,,,,,,4
ID,1755,Grade,9,,,,,,,,,,,,,,,
Course,,,,Description,,,Recommended,,,Alternate,,,,Alternate Courses,,,,Credit
MCMPS10C--,,,COMPOSITION 10 Challenge,,,,,N,,,N,,,,,,,2
MFMP-10C--,,,FOUNDATIONS OF MATH AND PRE-CALCULUS 10 CHALLENGE,,,,,N,,,N,,,,,,,4
MFOOD10---,,,ADST ?  FOOD STUDIES 10,,,,,N,,,N,,,,,,,4
MMEDD10---,,,ADST ? MEDIA DESIGN 10,,,,,N,,,Y,,,,,,,4
MPHED10G--,,,PHYSICAL AND HEALTH EDUCATION 10 Girls,,,,,N,,,N,,,,,,,4
MSC--10C--,,,SCIENCE 10: CHALLENGE,,,,,N,,,N,,,,,,,4
MSP--10---,,,SPANISH 10,,,,,N,,,N,,,,,,,4
MSS--10C--,,,SOCIAL STUDIES 10 CHALLENGE,,,,,N,,,N,,,,,,,4
MTPOW10---,,,ADST ?  POWER TECHNOLOGY 10,,,,,N,,,N,,,,,,,4
YPA--0CX--,,,YOGA FOR MINDFULNESS 10,,,,,N,,,Y,,,,,,,4
ID,1756,Grade,9,,,,,,,,,,,,,,,
Course,,,,Description,,,Recommended,,,Alternate,,,,Alternate Courses,,,,Credit
MAC--11---,,,ACCOUNTING 11,,,,,N,,,Y,,,,,,,4
MEFWR10---,,,EFP WRITING 10,,,,,N,,,N,,,,,,,2
MFMP-10---,,,FOUNDATIONS OF MATH AND PRE-CALCULUS 10,,,,,N,,,N,,,,,,,4
MIDS-0C---,,,INDEPENDENT DIRECTED STUDIES 10C,,,,,N,,,N,,,,,,,4
MMUCB10--L,,,INSTRUMENTAL MUSIC: CONCERT BAND 10 Linear,,,,,N,,,N,,,,,,,4
MPHED10--L,,,PHYSICAL AND HEALTH EDUCATION 10 LINEAR,,,,,N,,,N,,,,,,,4
MSC--10---,,,SCIENCE 10,,,,,N,,,N,,,,,,,4
MSS--10---,,,SOCIAL STUDIES 10,,,,,N,,,N,,,,,,,4
MTPOW10---,,,ADST ?  POWER TECHNOLOGY 10,,,,,N,,,N,,,,,,,4
MVAPH10---,,,VISUAL ARTS: PHOTOGRAPHY 10,,,,,N,,,N,,,,,,,4
MWWK-10---,,,ADST ?  WOODWORK 10,,,,,N,,,Y,,,,,,,4
ID,1757,Grade,8,,,,,,,,,,,,,,,
Course,,,,Description,,,Recommended,,,Alternate,,,,Alternate Courses,,,,Credit
MADEM10---,,,ADST ? ENTREPRENEURSHIP AND MARKETING 10,,,,,N,,,N,,,,,,,4
MADT-09---,,,ADST - Textiles 9,,,,,N,,,Y,,,,,,,0
MDR--09---,,,DRAMA 9,,,,,N,,,Y,,,,,,,0
MEN--09---,,,ENGLISH LANGUAGE ARTS 9,,,,,N,,,N,,,,,,,0
MFR--09---,,,FRENCH 9,,,,,N,,,N,,,,,,,0
MMA--09---,,,MATHEMATICS 9,,,,,N,,,N,,,,,,,0
MPHE-09--L,,,PHYSICAL AND HEALTH EDUCATION 9 Linear,,,,,N,,,N,,,,,,,0
MSC--09---,,,SCIENCE 9,,,,,N,,,N,,,,,,,0
MSS--09---,,,SOCIAL STUDIES 9,,,,,N,,,N,,,,,,,0
XBA--09C-L,,,CONCERT BAND 9 Linear,,,,,N,,,N,,,,,,,0
XC---09--L,,,CONCERT CHOIR 9 Linear,,,,,N,,,N,,,,,,,0
ID,1758,Grade,8,,,,,,,,,,,,,,,
Course,,,,Description,,,Recommended,,,Alternate,,,,Alternate Courses,,,,Credit
MADER09---,,,ADST - Electronics and Robotics,,,,,N,,,N,,,,,,,0
MADGE09---,,,ADST 9 - General Explorations (Modules),,,,,N,,,Y,,,,,,,0
MADW-09---,,,ADST - Woodwork 9,,,,,N,,,Y,,,,,,,0
MEN--09---,,,ENGLISH LANGUAGE ARTS 9,,,,,N,,,N,,,,,,,0
MMA--09---,,,MATHEMATICS 9,,,,,N,,,N,,,,,,,0
MPHE-09B--,,,PHYSICAL AND HEALTH EDUCATION 9 Boys,,,,,N,,,N,,,,,,,0
MSC--09---,,,SCIENCE 9,,,,,N,,,N,,,,,,,0
MSS--09---,,,SOCIAL STUDIES 9,,,,,N,,,N,,,,,,,0
MWBDV10IT-,,,Information and Communications Technologies 10,,,,,N,,,N,,,,,,,4
XLDCB09M--,,,TECH ED 9: MECHANICS LD,,,,,N,,,N,,,,,,,0
ID,1759,Grade,8,,,,,,,,,,,,,,,
Course,,,,Description,,,Recommended,,,Alternate,,,,Alternate Courses,,,,Credit
MADT-09---,,,ADST - Textiles 9,,,,,N,,,N,,,,,,,0
MADW-09---,,,ADST - Woodwork 9,,,,,N,,,N,,,,,,,0
MEN--09---,,,ENGLISH LANGUAGE ARTS 9,,,,,N,,,N,,,,,,,0
MMA--09---,,,MATHEMATICS 9,,,,,N,,,N,,,,,,,0
MPHE-09---,,,PHYSICAL AND HEALTH EDUCATION 9,,,,,N,,,N,,,,,,,0
MPHE-09Y--,,,PHYSICAL AND HEALTH EDUCATION 9 Yoga for Mindfulns,,,,,N,,,Y,,,,,,,0
MSC--09---,,,SCIENCE 9,,,,,N,,,N,,,,,,,0
MSP--09---,,,SPANISH 9,,,,,N,,,N,,,,,,,0
MSS--09---,,,SOCIAL STUDIES 9,,,,,N,,,N,,,,,,,0
ID,1760,Grade,8,,,,,,,,,,,,,,,
Course,,,,Description,,,Recommended,,,Alternate,,,,Alternate Courses,,,,Credit
MADD-09---,,,ADST - Drafting 9,,,,,N,,,Y,,,,,,,0
MADER09---,,,ADST - Electronics and Robotics,,,,,N,,,Y,,,,,,,0
MADGE09---,,,ADST 9 - General Explorations (Modules),,,,,N,,,N,,,,,,,0
MEN--09---,,,ENGLISH LANGUAGE ARTS 9,,,,,N,,,N,,,,,,,0
MFR--09---,,,FRENCH 9,,,,,N,,,N,,,,,,,0
MMA--09---,,,MATHEMATICS 9,,,,,N,,,N,,,,,,,0
MPHE-09---,,,PHYSICAL AND HEALTH EDUCATION 9,,,,,N,,,N,,,,,,,0
MSC--09---,,,SCIENCE 9,,,,,N,,,N,,,,,,,0
MSS--09---,,,SOCIAL STUDIES 9,,,,,N,,,N,,,,,,,0
MWBDV10IT-,,,Information and Communications Technologies 10,,,,,N,,,N,,,,,,,4
ID,1761,Grade,8,,,,,,,,,,,,,,,
Course,,,,Description,,,Recommended,,,Alternate,,,,Alternate Courses,,,,Credit
MADD-09---,,,ADST - Drafting 9,,,,,N,,,Y,,,,,,,0
MADER09---,,,ADST - Electronics and Robotics,,,,,N,,,N,,,,,,,0
MADGE09---,,,ADST 9 - General Explorations (Modules),,,,,N,,,N,,,,,,,0
MEN--09C--,,,ENGLISH LANGUAGE ARTS 9 CHALLENGE,,,,,N,,,N,,,,,,,0
MMA--09C--,,,MATHEMATICS 9 CHALLENGE,,,,,N,,,N,,,,,,,0
MPHE-09B--,,,PHYSICAL AND HEALTH EDUCATION 9 Boys,,,,,N,,,N,,,,,,,0
MPHE-09Y--,,,PHYSICAL AND HEALTH EDUCATION 9 Yoga for Mindfulns,,,,,N,,,Y,,,,,,,0
MSC--09C--,,,SCIENCE 9: CHALLENGE,,,,,N,,,N,,,,,,,0
MSS--09C--,,,SOCIAL STUDIES 9 CHALLENGE,,,,,N,,,N,,,,,,,0
MWBDV10IT-,,,Information and Communications Technologies 10,,,,,N,,,N,,,,,,,4
ID,1762,Grade,8,,,,,,,,,,,,,,,
Course,,,,Description,,,Recommended,,,Alternate,,,,Alternate Courses,,,,Credit
MADEM10---,,,ADST ? ENTREPRENEURSHIP AND MARKETING 10,,,,,N,,,N,,,,,,,4
MADGE09---,,,ADST 9 - General Explorations (Modules),,,,,N,,,N,,,,,,,0
MADT-09---,,,ADST - Textiles 9,,,,,N,,,Y,,,,,,,0
MEN--09C--,,,ENGLISH LANGUAGE ARTS 9 CHALLENGE,,,,,N,,,N,,,,,,,0
MFR--11---,,,FRENCH 11,,,,,N,,,N,,,,,,,4
MMA--09C--,,,MATHEMATICS 9 CHALLENGE,,,,,N,,,N,,,,,,,0
MPHE-09---,,,PHYSICAL AND HEALTH EDUCATION 9,,,,,N,,,N,,,,,,,0
MSC--09C--,,,SCIENCE 9: CHALLENGE,,,,,N,,,N,,,,,,,0
MSS--09C--,,,SOCIAL STUDIES 9 CHALLENGE,,,,,N,,,N,,,,,,,0
MWBDV10IT-,,,Information and Communications Technologies 10,,,,,N,,,Y,,,,,,,4
XLDCB09S-L,,,STRINGS 9 LINEAR,,,,,N,,,N,,,,,,,0
ID,1763,Grade,8,,,,,,,,,,,,,,,
Course,,,,Description,,,Recommended,,,Alternate,,,,Alternate Courses,,,,Credit
MADEM10---,,,ADST ? ENTREPRENEURSHIP AND MARKETING 10,,,,,N,,,N,,,,,,,4
MDNC-09C-L,,,DANCE 9 Choreography Linear,,,,,N,,,N,,,,,,,0
MDNC-09H--,,,DANCE 9 HIP HOP,,,,,N,,,N,,,,,,,0
MDNC-09M-L,,,DANCE 9 Company: Platform 61 Linear,,,,,N,,,N,,,,,,,0
MDR--09---,,,DRAMA 9,,,,,N,,,Y,,,,,,,0
MEN--09---,,,ENGLISH LANGUAGE ARTS 9,,,,,N,,,N,,,,,,,0
MFR--09---,,,FRENCH 9,,,,,N,,,N,,,,,,,0
MMA--09---,,,MATHEMATICS 9,,,,,N,,,N,,,,,,,0
MPHE-09G--,,,PHYSICAL AND HEALTH EDUCATION 9 Girls,,,,,N,,,N,,,,,,,0
MSC--09---,,,SCIENCE 9,,,,,N,,,N,,,,,,,0
MSS--09---,,,SOCIAL STUDIES 9,,,,,N,,,N,,,,,,,0
MWBDV10IT-,,,Information and Communications Technologies 10,,,,,N,,,Y,,,,,,,4
ID,1764,Grade,8,,,,,,,,,,,,,,,
Course,,,,Description,,,Recommended,,,Alternate,,,,Alternate Courses,,,,Credit
MADER09---,,,ADST - Electronics and Robotics,,,,,N,,,N,,,,,,,0
MADGE09---,,,ADST 9 - General Explorations (Modules),,,,,N,,,N,,,,,,,0
MEN--09---,,,ENGLISH LANGUAGE ARTS 9,,,,,N,,,N,,,,,,,0
MFR--09---,,,FRENCH 9,,,,,N,,,N,,,,,,,0
MMA--09---,,,MATHEMATICS 9,,,,,N,,,N,,,,,,,0
MPHE-09B--,,,PHYSICAL AND HEALTH EDUCATION 9 Boys,,,,,N,,,N,,,,,,,0
MSC--09---,,,SCIENCE 9,,,,,N,,,N,,,,,,,0
MSS--09---,,,SOCIAL STUDIES 9,,,,,N,,,N,,,,,,,0
XBA--09G--,,,CONCERT BAND 9 - Guitar,,,,,N,,,Y,,,,,,,0
ID,1765,Grade,8,,,,,,,,,,,,,,,
Course,,,,Description,,,Recommended,,,Alternate,,,,Alternate Courses,,,,Credit
MADD-09---,,,ADST - Drafting 9,,,,,N,,,N,,,,,,,0
MADW-09---,,,ADST - Woodwork 9,,,,,N,,,Y,,,,,,,0
MEN--09---,,,ENGLISH LANGUAGE ARTS 9,,,,,N,,,N,,,,,,,0
MMA--09---,,,MATHEMATICS 9,,,,,N,,,N,,,,,,,0
MPHE-09---,,,PHYSICAL AND HEALTH EDUCATION 9,,,,,N,,,N,,,,,,,0
MSC--09---,,,SCIENCE 9,,,,,N,,,N,,,,,,,0
MSP--09---,,,SPANISH 9,,,,,N,,,Y,,,,,,,0
MSS--09---,,,SOCIAL STUDIES 9,,,,,N,,,N,,,,,,,0
MWBDV10IT-,,,Information and Communications Technologies 10,,,,,N,,,N,,,,,,,4
XLDCB09M--,,,TECH ED 9: MECHANICS LD,,,,,N,,,N,,,,,,,0
ID,1766,Grade,8,,,,,,,,,,,,,,,
Course,,,,Description,,,Recommended,,,Alternate,,,,Alternate Courses,,,,Credit
MADD-09---,,,ADST - Drafting 9,,,,,N,,,N,,,,,,,0
MADGE09---,,,ADST 9 - General Explorations (Modules),,,,,N,,,N,,,,,,,0
MADW-09---,,,ADST - Woodwork 9,,,,,N,,,Y,,,,,,,0
MEN--09C--,,,ENGLISH LANGUAGE ARTS 9 CHALLENGE,,,,,N,,,N,,,,,,,0
MMA--09C--,,,MATHEMATICS 9 CHALLENGE,,,,,N,,,N,,,,,,,0
MPHE-09---,,,PHYSICAL AND HEALTH EDUCATION 9,,,,,N,,,N,,,,,,,0
MSC--09C--,,,SCIENCE 9: CHALLENGE,,,,,N,,,N,,,,,,,0
MSS--09C--,,,SOCIAL STUDIES 9 CHALLENGE,,,,,N,,,N,,,,,,,0
MVA--09---,,,VISUAL ARTS 9,,,,,N,,,Y,,,,,,,0
MWBDV10IT-,,,Information and Communications Technologies 10,,,,,N,,,N,,,,,,,4
ID,1767,Grade,8,,,,,,,,,,,,,,,
Course,,,,Description,,,Recommended,,,Alternate,,,,Alternate Courses,,,,Credit
MADEM10---,,,ADST ? ENTREPRENEURSHIP AND MARKETING 10,,,,,N,,,N,,,,,,,4
MADGE09---,,,ADST 9 - General Explorations (Modules),,,,,N,,,N,,,,,,,0
MEN--09---,,,ENGLISH LANGUAGE ARTS 9,,,,,N,,,N,,,,,,,0
MMA--09---,,,MATHEMATICS 9,,,,,N,,,N,,,,,,,0
MPHE-09B--,,,PHYSICAL AND HEALTH EDUCATION 9 Boys,,,,,N,,,N,,,,,,,0
MSC--09---,,,SCIENCE 9,,,,,N,,,N,,,,,,,0
MSP--09---,,,SPANISH 9,,,,,N,,,N,,,,,,,0
MSS--09---,,,SOCIAL STUDIES 9,,,,,N,,,N,,,,,,,0
MWBDV10IT-,,,Information and Communications Technologies 10,,,,,N,,,Y,,,,,,,4
XLDCB09M--,,,TECH ED 9: MECHANICS LD,,,,,N,,,Y,,,,,,,0
ID,1768,Grade,8,,,,,,,,,,,,,,,
Course,,,,Description,,,Recommended,,,Alternate,,,,Alternate Courses,,,,Credit
MADT-09---,,,ADST - Textiles 9,,,,,N,,,Y,,,,,,,0
MDNC-09H--,,,DANCE 9 HIP HOP,,,,,N,,,N,,,,,,,0
MEN--09---,,,ENGLISH LANGUAGE ARTS 9,,,,,N,,,N,,,,,,,0
MFR--11---,,,FRENCH 11,,,,,N,,,N,,,,,,,4
MMA--09---,,,MATHEMATICS 9,,,,,N,,,N,,,,,,,0
MPHE-09G--,,,PHYSICAL AND HEALTH EDUCATION 9 Girls,,,,,N,,,N,,,,,,,0
MSC--09---,,,SCIENCE 9,,,,,N,,,N,,,,,,,0
MSS--09---,,,SOCIAL STUDIES 9,,,,,N,,,N,,,,,,,0
MVA--09---,,,VISUAL ARTS 9,,,,,N,,,N,,,,,,,0
ID,1769,Grade,8,,,,,,,,,,,,,,,
Course,,,,Description,,,Recommended,,,Alternate,,,,Alternate Courses,,,,Credit
MADD-09---,,,ADST - Drafting 9,,,,,N,,,N,,,,,,,0
MADER09---,,,ADST - Electronics and Robotics,,,,,N,,,Y,,,,,,,0
MADGE09---,,,ADST 9 - General Explorations (Modules),,,,,N,,,Y,,,,,,,0
MEN--09---,,,ENGLISH LANGUAGE ARTS 9,,,,,N,,,N,,,,,,,0
MMA--09---,,,MATHEMATICS 9,,,,,N,,,N,,,,,,,0
MPHE-09--L,,,PHYSICAL AND HEALTH EDUCATION 9 Linear,,,,,N,,,N,,,,,,,0
MSC--09---,,,SCIENCE 9,,,,,N,,,N,,,,,,,0
MSS--09---,,,SOCIAL STUDIES 9,,,,,N,,,N,,,,,,,0
MWBDV10IT-,,,Information and Communications Technologies 10,,,,,N,,,N,,,,,,,4
XBA--09C-L,,,CONCERT BAND 9 Linear,,,,,N,,,N,,,,,,,0
ID,1770,Grade,8,,,,,,,,,,,,,,,
Course,,,,Description,,,Recommended,,,Alternate,,,,Alternate Courses,,,,Credit
MADER09---,,,ADST - Electronics and Robotics,,,,,N,,,Y,,,,,,,0
MDNC-09F--,,,DANCE 9 Foundations,,,,,N,,,N,,,,,,,0
MDR--09---,,,DRAMA 9,,,,,N,,,Y,,,,,,,0
MEN--09C--,,,ENGLISH LANGUAGE ARTS 9 CHALLENGE,,,,,N,,,N,,,,,,,0
MFR--09---,,,FRENCH 9,,,,,N,,,N,,,,,,,0
MMA--09C--,,,MATHEMATICS 9 CHALLENGE,,,,,N,,,N,,,,,,,0
MPHE-09--L,,,PHYSICAL AND HEALTH EDUCATION 9 Linear,,,,,N,,,N,,,,,,,0
MSC--09C--,,,SCIENCE 9: CHALLENGE,,,,,N,,,N,,,,,,,0
MSS--09C--,,,SOCIAL STUDIES 9 CHALLENGE,,,,,N,,,N,,,,,,,0
XBA--09C-L,,,CONCERT BAND 9 Linear,,,,,N,,,N,,,,,,,0
XC---09--L,,,CONCERT CHOIR 9 Linear,,,,,N,,,N,,,,,,,0
XLDCB09S-L,,,STRINGS 9 LINEAR,,,,,N,,,N,,,,,,,0
ID,1771,Grade,8,,,,,,,,,,,,,,,
Course,,,,Description,,,Recommended,,,Alternate,,,,Alternate Courses,,,,Credit
MADEM10---,,,ADST ? ENTREPRENEURSHIP AND MARKETING 10,,,,,N,,,N,,,,,,,4
MADER09---,,,ADST - Electronics and Robotics,,,,,N,,,N,,,,,,,0
MEN--09C--,,,ENGLISH LANGUAGE ARTS 9 CHALLENGE,,,,,N,,,N,,,,,,,0
MMA--09C--,,,MATHEMATICS 9 CHALLENGE,,,,,N,,,N,,,,,,,0
MPHE-09--L,,,PHYSICAL AND HEALTH EDUCATION 9 Linear,,,,,N,,,N,,,,,,,0
MSC--09C--,,,SCIENCE 9: CHALLENGE,,,,,N,,,N,,,,,,,0
MSS--09C--,,,SOCIAL STUDIES 9 CHALLENGE,,,,,N,,,N,,,,,,,0
XBA--09C-L,,,CONCERT BAND 9 Linear,,,,,N,,,N,,,,,,,0
XBA--09G--,,,CONCERT BAND 9 - Guitar,,,,,N,,,Y,,,,,,,0
XBA--09J-L,,,JAZZ BAND 9 LINEAR,,,,,N,,,N,,,,,,,0
ID,1772,Grade,8,,,,,,,,,,,,,,,
Course,,,,Description,,,Recommended,,,Alternate,,,,Alternate Courses,,,,Credit
MADW-09---,,,ADST - Woodwork 9,,,,,N,,,Y,,,,,,,0
MDNC-09C-L,,,DANCE 9 Choreography Linear,,,,,N,,,N,,,,,,,0
MDNC-09M-L,,,DANCE 9 Company: Platform 61 Linear,,,,,N,,,N,,,,,,,0
MDR--09---,,,DRAMA 9,,,,,N,,,Y,,,,,,,0
MEN--09C--,,,ENGLISH LANGUAGE ARTS 9 CHALLENGE,,,,,N,,,N,,,,,,,0
MMA--09C--,,,MATHEMATICS 9 CHALLENGE,,,,,N,,,N,,,,,,,0
MPHE-09--L,,,PHYSICAL AND HEALTH EDUCATION 9 Linear,,,,,N,,,N,,,,,,,0
MSC--09C--,,,SCIENCE 9: CHALLENGE,,,,,N,,,N,,,,,,,0
MSS--09C--,,,SOCIAL STUDIES 9 CHALLENGE,,,,,N,,,N,,,,,,,0
XBA--09C-L,,,CONCERT BAND 9 Linear,,,,,N,,,N,,,,,,,0
XBA--09G--,,,CONCERT BAND 9 - Guitar,,,,,N,,,N,,,,,,,0
XBA--09J-L,,,JAZZ BAND 9 LINEAR,,,,,N,,,N,,,,,,,0
XC---09--L,,,CONCERT CHOIR 9 Linear,,,,,N,,,N,,,,,,,0
XLDCB09M--,,,TECH ED 9: MECHANICS LD,,,,,N,,,N,,,,,,,0
XLDCB09S-L,,,STRINGS 9 LINEAR,,,,,N,,,N,,,,,,,0
ID,1773,Grade,8,,,,,,,,,,,,,,,
Course,,,,Description,,,Recommended,,,Alternate,,,,Alternate Courses,,,,Credit
MADEM10---,,,ADST ? ENTREPRENEURSHIP AND MARKETING 10,,,,,N,,,Y,,,,,,,4
MADGE09---,,,ADST 9 - General Explorations (Modules),,,,,N,,,Y,,,,,,,0
MEN--09---,,,ENGLISH LANGUAGE ARTS 9,,,,,N,,,N,,,,,,,0
MFR--11---,,,FRENCH 11,,,,,N,,,N,,,,,,,4
MMA--09H--,,,MATHEMATICS 9 HONOURS,,,,,N,,,N,,,,,,,0
MPHE-09--L,,,PHYSICAL AND HEALTH EDUCATION 9 Linear,,,,,N,,,N,,,,,,,0
MSC--09---,,,SCIENCE 9,,,,,N,,,N,,,,,,,0
MSP--09---,,,SPANISH 9,,,,,N,,,N,,,,,,,0
MSS--09---,,,SOCIAL STUDIES 9,,,,,N,,,N,,,,,,,0
XBA--09C-L,,,CONCERT BAND 9 Linear,,,,,N,,,N,,,,,,,0
ID,1774,Grade,8,,,,,,,,,,,,,,,
Course,,,,Description,,,Recommended,,,Alternate,,,,Alternate Courses,,,,Credit
MEN--09C--,,,ENGLISH LANGUAGE ARTS 9 CHALLENGE,,,,,N,,,N,,,,,,,0
MFR--09---,,,FRENCH 9,,,,,N,,,N,,,,,,,0
MMA--09C--,,,MATHEMATICS 9 CHALLENGE,,,,,N,,,N,,,,,,,0
MPHE-09--L,,,PHYSICAL AND HEALTH EDUCATION 9 Linear,,,,,N,,,N,,,,,,,0
MPHE-09Y--,,,PHYSICAL AND HEALTH EDUCATION 9 Yoga for Mindfulns,,,,,N,,,Y,,,,,,,0
MSC--09C--,,,SCIENCE 9: CHALLENGE,,,,,N,,,N,,,,,,,0
MSP--09---,,,SPANISH 9,,,,,N,,,Y,,,,,,,0
MSS--09C--,,,SOCIAL STUDIES 9 CHALLENGE,,,,,N,,,N,,,,,,,0
MVA--09---,,,VISUAL ARTS 9,,,,,N,,,N,,,,,,,0
XBA--09C-L,,,CONCERT BAND 9 Linear,,,,,N,,,N,,,,,,,0
ID,1775,Grade,8,,,,,,,,,,,,,,,
Course,,,,Description,,,Recommended,,,Alternate,,,,Alternate Courses,,,,Credit
MADD-09---,,,ADST - Drafting 9,,,,,N,,,N,,,,,,,0
MADW-09---,,,ADST - Woodwork 9,,,,,N,,,Y,,,,,,,0
MEN--09---,,,ENGLISH LANGUAGE ARTS 9,,,,,N,,,N,,,,,,,0
MMA--09---,,,MATHEMATICS 9,,,,,N,,,N,,,,,,,0
MPHE-09B--,,,PHYSICAL AND HEALTH EDUCATION 9 Boys,,,,,N,,,N,,,,,,,0
MSC--09---,,,SCIENCE 9,,,,,N,,,N,,,,,,,0
MSS--09---,,,SOCIAL STUDIES 9,,,,,N,,,N,,,,,,,0
MVA--09---,,,VISUAL ARTS 9,,,,,N,,,N,,,,,,,0
MWBDV10IT-,,,Information and Communications Technologies 10,,,,,N,,,N,,,,,,,4
XBA--09G--,,,CONCERT BAND 9 - Guitar,,,,,N,,,Y,,,,,,,0
ID,1776,Grade,8,,,,,,,,,,,,,,,
Course,,,,Description,,,Recommended,,,Alternate,,,,Alternate Courses,,,,Credit
MADEM10---,,,ADST ? ENTREPRENEURSHIP AND MARKETING 10,,,,,N,,,N,,,,,,,4
MEN--09C--,,,ENGLISH LANGUAGE ARTS 9 CHALLENGE,,,,,N,,,N,,,,,,,0
MMA--09C--,,,MATHEMATICS 9 CHALLENGE,,,,,N,,,N,,,,,,,0
MPHE-09---,,,PHYSICAL AND HEALTH EDUCATION 9,,,,,N,,,N,,,,,,,0
MSC--09C--,,,SCIENCE 9: CHALLENGE,,,,,N,,,N,,,,,,,0
MSP--09---,,,SPANISH 9,,,,,N,,,N,,,,,,,0
MSS--09C--,,,SOCIAL STUDIES 9 CHALLENGE,,,,,N,,,N,,,,,,,0
MVA--09---,,,VISUAL ARTS 9,,,,,N,,,Y,,,,,,,0
MWBDV10IT-,,,Information and Communications Technologies 10,,,,,N,,,N,,,,,,,4
XBA--09G--,,,CONCERT BAND 9 - Guitar,,,,,N,,,Y,,,,,,,0
ID,1777,Grade,8,,,,,,,,,,,,,,,
Course,,,,Description,,,Recommended,,,Alternate,,,,Alternate Courses,,,,Credit
MDNC-09H--,,,DANCE 9 HIP HOP,,,,,N,,,N,,,,,,,0
MEN--09C--,,,ENGLISH LANGUAGE ARTS 9 CHALLENGE,,,,,N,,,N,,,,,,,0
MMA--09C--,,,MATHEMATICS 9 CHALLENGE,,,,,N,,,N,,,,,,,0
MPHE-09--L,,,PHYSICAL AND HEALTH EDUCATION 9 Linear,,,,,N,,,N,,,,,,,0
MSC--09C--,,,SCIENCE 9: CHALLENGE,,,,,N,,,N,,,,,,,0
MSP--09---,,,SPANISH 9,,,,,N,,,Y,,,,,,,0
MSS--09C--,,,SOCIAL STUDIES 9 CHALLENGE,,,,,N,,,N,,,,,,,0
MVA--09---,,,VISUAL ARTS 9,,,,,N,,,N,,,,,,,0
XBA--09C-L,,,CONCERT BAND 9 Linear,,,,,N,,,N,,,,,,,0
XBA--09G--,,,CONCERT BAND 9 - Guitar,,,,,N,,,Y,,,,,,,0
XBA--09J-L,,,JAZZ BAND 9 LINEAR,,,,,N,,,N,,,,,,,0
XC---09--L,,,CONCERT CHOIR 9 Linear,,,,,N,,,N,,,,,,,0
ID,1778,Grade,8,,,,,,,,,,,,,,,
Course,,,,Description,,,Recommended,,,Alternate,,,,Alternate Courses,,,,Credit
MADT-09---,,,ADST - Textiles 9,,,,,N,,,Y,,,,,,,0
MEN--09---,,,ENGLISH LANGUAGE ARTS 9,,,,,N,,,N,,,,,,,0
MMA--09---,,,MATHEMATICS 9,,,,,N,,,N,,,,,,,0
MPHE-09G--,,,PHYSICAL AND HEALTH EDUCATION 9 Girls,,,,,N,,,N,,,,,,,0
MSC--09---,,,SCIENCE 9,,,,,N,,,N,,,,,,,0
MSP--09---,,,SPANISH 9,,,,,N,,,N,,,,,,,0
MSS--09---,,,SOCIAL STUDIES 9,,,,,N,,,N,,,,,,,0
MVA--09---,,,VISUAL ARTS 9,,,,,N,,,N,,,,,,,0
XC---09--L,,,CONCERT CHOIR 9 Linear,,,,,N,,,N,,,,,,,0
XLDCB09LS-,,,LEARNING STRATEGIES 9 LD,,,,,N,,,N,,,,,,,0
ID,1779,Grade,8,,,,,,,,,,,,,,,
Course,,,,Description,,,Recommended,,,Alternate,,,,Alternate Courses,,,,Credit
MADD-09---,,,ADST - Drafting 9,,,,,N,,,Y,,,,,,,0
MADEM10---,,,ADST ? ENTREPRENEURSHIP AND MARKETING 10,,,,,N,,,N,,,,,,,4
MADER09---,,,ADST - Electronics and Robotics,,,,,N,,,Y,,,,,,,0
MADGE09---,,,ADST 9 - General Explorations (Modules),,,,,N,,,N,,,,,,,0
MEN--09C--,,,ENGLISH LANGUAGE ARTS 9 CHALLENGE,,,,,N,,,N,,,,,,,0
MMA--09C--,,,MATHEMATICS 9 CHALLENGE,,,,,N,,,N,,,,,,,0
MPHE-09---,,,PHYSICAL AND HEALTH EDUCATION 9,,,,,N,,,N,,,,,,,0
MSC--09C--,,,SCIENCE 9: CHALLENGE,,,,,N,,,N,,,,,,,0
MSS--09C--,,,SOCIAL STUDIES 9 CHALLENGE,,,,,N,,,N,,,,,,,0
MWBDV10IT-,,,Information and Communications Technologies 10,,,,,N,,,N,,,,,,,4
XLDCB09S-L,,,STRINGS 9 LINEAR,,,,,N,,,N,,,,,,,0
ID,1780,Grade,8,,,,,,,,,,,,,,,
Course,,,,Description,,,Recommended,,,Alternate,,,,Alternate Courses,,,,Credit
MADD-09---,,,ADST - Drafting 9,,,,,N,,,Y,,,,,,,0
MADER09---,,,ADST - Electronics and Robotics,,,,,N,,,N,,,,,,,0
MADGE09---,,,ADST 9 - General Explorations (Modules),,,,,N,,,N,,,,,,,0
MEN--09C--,,,ENGLISH LANGUAGE ARTS 9 CHALLENGE,,,,,N,,,N,,,,,,,0
MMA--09C--,,,MATHEMATICS 9 CHALLENGE,,,,,N,,,N,,,,,,,0
MPHE-09--L,,,PHYSICAL AND HEALTH EDUCATION 9 Linear,,,,,N,,,N,,,,,,,0
MSC--09C--,,,SCIENCE 9: CHALLENGE,,,,,N,,,N,,,,,,,0
MSS--09C--,,,SOCIAL STUDIES 9 CHALLENGE,,,,,N,,,N,,,,,,,0
MWBDV10IT-,,,Information and Communications Technologies 10,,,,,N,,,Y,,,,,,,4
XBA--09C-L,,,CONCERT BAND 9 Linear,,,,,N,,,N,,,,,,,0
XBA--09J-L,,,JAZZ BAND 9 LINEAR,,,,,N,,,N,,,,,,,0
XLDCB09S-L,,,STRINGS 9 LINEAR,,,,,N,,,N,,,,,,,0
ID,1781,Grade,8,,,,,,,,,,,,,,,
Course,,,,Description,,,Recommended,,,Alternate,,,,Alternate Courses,,,,Credit
MADER09---,,,ADST - Electronics and Robotics,,,,,N,,,Y,,,,,,,0
MADT-09---,,,ADST - Textiles 9,,,,,N,,,N,,,,,,,0
MADW-09---,,,ADST - Woodwork 9,,,,,N,,,Y,,,,,,,0
MEN--09---,,,ENGLISH LANGUAGE ARTS 9,,,,,N,,,N,,,,,,,0
MMA--09---,,,MATHEMATICS 9,,,,,N,,,N,,,,,,,0
MPHE-09B--,,,PHYSICAL AND HEALTH EDUCATION 9 Boys,,,,,N,,,N,,,,,,,0
MSC--09---,,,SCIENCE 9,,,,,N,,,N,,,,,,,0
MSS--09---,,,SOCIAL STUDIES 9,,,,,N,,,N,,,,,,,0
MVA--09---,,,VISUAL ARTS 9,,,,,N,,,N,,,,,,,0
XBA--09G--,,,CONCERT BAND 9 - Guitar,,,,,N,,,N,,,,,,,0
ID,1782,Grade,8,,,,,,,,,,,,,,,
Course,,,,Description,,,Recommended,,,Alternate,,,,Alternate Courses,,,,Credit
MADER09---,,,ADST - Electronics and Robotics,,,,,N,,,N,,,,,,,0
MADGE09---,,,ADST 9 - General Explorations (Modules),,,,,N,,,N,,,,,,,0
MADW-09---,,,ADST - Woodwork 9,,,,,N,,,Y,,,,,,,0
MEN--09C--,,,ENGLISH LANGUAGE ARTS 9 CHALLENGE,,,,,N,,,N,,,,,,,0
MMA--09C--,,,MATHEMATICS 9 CHALLENGE,,,,,N,,,N,,,,,,,0
MPHE-09--L,,,PHYSICAL AND HEALTH EDUCATION 9 Linear,,,,,N,,,N,,,,,,,0
MSC--09C--,,,SCIENCE 9: CHALLENGE,,,,,N,,,N,,,,,,,0
MSS--09C--,,,SOCIAL STUDIES 9 CHALLENGE,,,,,N,,,N,,,,,,,0
XBA--09C-L,,,CONCERT BAND 9 Linear,,,,,N,,,N,,,,,,,0
XBA--09J-L,,,JAZZ BAND 9 LINEAR,,,,,N,,,N,,,,,,,0
XLDCB09M--,,,TECH ED 9: MECHANICS LD,,,,,N,,,Y,,,,,,,0
ID,1783,Grade,8,,,,,,,,,,,,,,,
Course,,,,Description,,,Recommended,,,Alternate,,,,Alternate Courses,,,,Credit
MADEM10---,,,ADST ? ENTREPRENEURSHIP AND MARKETING 10,,,,,N,,,N,,,,,,,4
MEN--09---,,,ENGLISH LANGUAGE ARTS 9,,,,,N,,,N,,,,,,,0
MFR--11---,,,FRENCH 11,,,,,N,,,N,,,,,,,4
MMA--09H--,,,MATHEMATICS 9 HONOURS,,,,,N,,,N,,,,,,,0
MSC--09---,,,SCIENCE 9,,,,,N,,,N,,,,,,,0
MSS--09---,,,SOCIAL STUDIES 9,,,,,N,,,N,,,,,,,0
MWBDV10IT-,,,Information and Communications Technologies 10,,,,,N,,,Y,,,,,,,4
ID,1784,Grade,8,,,,,,,,,,,,,,,
Course,,,,Description,,,Recommended,,,Alternate,,,,Alternate Courses,,,,Credit
MADD-09---,,,ADST - Drafting 9,,,,,N,,,N,,,,,,,0
MADGE09---,,,ADST 9 - General Explorations (Modules),,,,,N,,,N,,,,,,,0
MADT-09---,,,ADST - Textiles 9,,,,,N,,,Y,,,,,,,0
MEN--09C--,,,ENGLISH LANGUAGE ARTS 9 CHALLENGE,,,,,N,,,N,,,,,,,0
MMA--09C--,,,MATHEMATICS 9 CHALLENGE,,,,,N,,,N,,,,,,,0
MPHE-09--L,,,PHYSICAL AND HEALTH EDUCATION 9 Linear,,,,,N,,,N,,,,,,,0
MSC--09C--,,,SCIENCE 9: CHALLENGE,,,,,N,,,N,,,,,,,0
MSS--09C--,,,SOCIAL STUDIES 9 CHALLENGE,,,,,N,,,N,,,,,,,0
XBA--09C-L,,,CONCERT BAND 9 Linear,,,,,N,,,N,,,,,,,0
XBA--09J-L,,,JAZZ BAND 9 LINEAR,,,,,N,,,N,,,,,,,0
XC---09--L,,,CONCERT CHOIR 9 Linear,,,,,N,,,N,,,,,,,0
ID,1785,Grade,8,,,,,,,,,,,,,,,
Course,,,,Description,,,Recommended,,,Alternate,,,,Alternate Courses,,,,Credit
MADD-09---,,,ADST - Drafting 9,,,,,N,,,N,,,,,,,0
MADEM10---,,,ADST ? ENTREPRENEURSHIP AND MARKETING 10,,,,,N,,,Y,,,,,,,4
MADT-09---,,,ADST - Textiles 9,,,,,N,,,Y,,,,,,,0
MEN--09---,,,ENGLISH LANGUAGE ARTS 9,,,,,N,,,N,,,,,,,0
MFR--09---,,,FRENCH 9,,,,,N,,,N,,,,,,,0
MMA--09H--,,,MATHEMATICS 9 HONOURS,,,,,N,,,N,,,,,,,0
MPHE-09G--,,,PHYSICAL AND HEALTH EDUCATION 9 Girls,,,,,N,,,N,,,,,,,0
MSC--09---,,,SCIENCE 9,,,,,N,,,N,,,,,,,0
MSS--09---,,,SOCIAL STUDIES 9,,,,,N,,,N,,,,,,,0
MWBDV10IT-,,,Information and Communications Technologies 10,,,,,N,,,N,,,,,,,4
XLDCB09S-L,,,STRINGS 9 LINEAR,,,,,N,,,N,,,,,,,0
ID,1786,Grade,8,,,,,,,,,,,,,,,
Course,,,,Description,,,Recommended,,,Alternate,,,,Alternate Courses,,,,Credit
MADD-09---,,,ADST - Drafting 9,,,,,N,,,N,,,,,,,0
MADEM10---,,,ADST ? ENTREPRENEURSHIP AND MARKETING 10,,,,,N,,,Y,,,,,,,4
MADER09---,,,ADST - Electronics and Robotics,,,,,N,,,N,,,,,,,0
MEN--09---,,,ENGLISH LANGUAGE ARTS 9,,,,,N,,,N,,,,,,,0
MMA--09H--,,,MATHEMATICS 9 HONOURS,,,,,N,,,N,,,,,,,0
MPHE-09B--,,,PHYSICAL AND HEALTH EDUCATION 9 Boys,,,,,N,,,N,,,,,,,0
MSC--09---,,,SCIENCE 9,,,,,N,,,N,,,,,,,0
MSP--09---,,,SPANISH 9,,,,,N,,,Y,,,,,,,0
MSS--09---,,,SOCIAL STUDIES 9,,,,,N,,,N,,,,,,,0
MWBDV10IT-,,,Information and Communications Technologies 10,,,,,N,,,N,,,,,,,4
ID,1787,Grade,8,,,,,,,,,,,,,,,
Course,,,,Description,,,Recommended,,,Alternate,,,,Alternate Courses,,,,Credit
MADD-09---,,,ADST - Drafting 9,,,,,N,,,Y,,,,,,,0
MADGE09---,,,ADST 9 - General Explorations (Modules),,,,,N,,,N,,,,,,,0
MEN--09---,,,ENGLISH LANGUAGE ARTS 9,,,,,N,,,N,,,,,,,0
MMA--09---,,,MATHEMATICS 9,,,,,N,,,N,,,,,,,0
MPHE-09--L,,,PHYSICAL AND HEALTH EDUCATION 9 Linear,,,,,N,,,N,,,,,,,0
MSC--09---,,,SCIENCE 9,,,,,N,,,N,,,,,,,0
MSP--09---,,,SPANISH 9,,,,,N,,,Y,,,,,,,0
MSS--09---,,,SOCIAL STUDIES 9,,,,,N,,,N,,,,,,,0
MVA--09---,,,VISUAL ARTS 9,,,,,N,,,N,,,,,,,0
XBA--09C-L,,,CONCERT BAND 9 Linear,,,,,N,,,N,,,,,,,0
XBA--09J-L,,,JAZZ BAND 9 LINEAR,,,,,N,,,N,,,,,,,0
ID,1788,Grade,8,,,,,,,,,,,,,,,
Course,,,,Description,,,Recommended,,,Alternate,,,,Alternate Courses,,,,Credit
MADEM10---,,,ADST ? ENTREPRENEURSHIP AND MARKETING 10,,,,,N,,,N,,,,,,,4
MADT-09---,,,ADST - Textiles 9,,,,,N,,,N,,,,,,,0
MDNC-09PT-,,,DANCE 9 Performance and Technique,,,,,N,,,Y,,,,,,,0
MEN--09---,,,ENGLISH LANGUAGE ARTS 9,,,,,N,,,N,,,,,,,0
MMA--09---,,,MATHEMATICS 9,,,,,N,,,N,,,,,,,0
MPHE-09G--,,,PHYSICAL AND HEALTH EDUCATION 9 Girls,,,,,N,,,N,,,,,,,0
MPHE-09Y--,,,PHYSICAL AND HEALTH EDUCATION 9 Yoga for Mindfulns,,,,,N,,,Y,,,,,,,0
MSC--09---,,,SCIENCE 9,,,,,N,,,N,,,,,,,0
MSP--09---,,,SPANISH 9,,,,,N,,,N,,,,,,,0
MSS--09---,,,SOCIAL STUDIES 9,,,,,N,,,N,,,,,,,0
ID,1789,Grade,8,,,,,,,,,,,,,,,
Course,,,,Description,,,Recommended,,,Alternate,,,,Alternate Courses,,,,Credit
MADW-09---,,,ADST - Woodwork 9,,,,,N,,,N,,,,,,,0
MEN--09---,,,ENGLISH LANGUAGE ARTS 9,,,,,N,,,N,,,,,,,0
MFR--09---,,,FRENCH 9,,,,,N,,,Y,,,,,,,0
MMA--09---,,,MATHEMATICS 9,,,,,N,,,N,,,,,,,0
MPHE-09FB-,,,PHYSICAL AND HEALTH EDUCATION 9 Football,,,,,N,,,N,,,,,,,0
MSC--09---,,,SCIENCE 9,,,,,N,,,N,,,,,,,0
MSP--09---,,,SPANISH 9,,,,,N,,,Y,,,,,,,0
MSS--09---,,,SOCIAL STUDIES 9,,,,,N,,,N,,,,,,,0
MVA--09---,,,VISUAL ARTS 9,,,,,N,,,N,,,,,,,0
YHRA-0AX--,,,CROSS TRAINING 10,,,,,N,,,N,,,,,,,4
ID,1790,Grade,8,,,,,,,,,,,,,,,
Course,,,,Description,,,Recommended,,,Alternate,,,,Alternate Courses,,,,Credit
MADEM10---,,,ADST ? ENTREPRENEURSHIP AND MARKETING 10,,,,,N,,,N,,,,,,,4
MADT-09---,,,ADST - Textiles 9,,,,,N,,,N,,,,,,,0
MDR--09---,,,DRAMA 9,,,,,N,,,Y,,,,,,,0
MEN--09---,,,ENGLISH LANGUAGE ARTS 9,,,,,N,,,N,,,,,,,0
MFR--09---,,,FRENCH 9,,,,,N,,,N,,,,,,,0
MMA--09---,,,MATHEMATICS 9,,,,,N,,,N,,,,,,,0
MPHE-09G--,,,PHYSICAL AND HEALTH EDUCATION 9 Girls,,,,,N,,,N,,,,,,,0
MSC--09---,,,SCIENCE 9,,,,,N,,,N,,,,,,,0
MSS--09---,,,SOCIAL STUDIES 9,,,,,N,,,N,,,,,,,0
MVA--09---,,,VISUAL ARTS 9,,,,,N,,,Y,,,,,,,0
ID,1791,Grade,8,,,,,,,,,,,,,,,
Course,,,,Description,,,Recommended,,,Alternate,,,,Alternate Courses,,,,Credit
MADD-09---,,,ADST - Drafting 9,,,,,N,,,Y,,,,,,,0
MADER09---,,,ADST - Electronics and Robotics,,,,,N,,,N,,,,,,,0
MADGE09---,,,ADST 9 - General Explorations (Modules),,,,,N,,,N,,,,,,,0
MEN--09C--,,,ENGLISH LANGUAGE ARTS 9 CHALLENGE,,,,,N,,,N,,,,,,,0
MFR--09---,,,FRENCH 9,,,,,N,,,Y,,,,,,,0
MMA--09C--,,,MATHEMATICS 9 CHALLENGE,,,,,N,,,N,,,,,,,0
MPHE-09---,,,PHYSICAL AND HEALTH EDUCATION 9,,,,,N,,,N,,,,,,,0
MSC--09C--,,,SCIENCE 9: CHALLENGE,,,,,N,,,N,,,,,,,0
MSS--09C--,,,SOCIAL STUDIES 9 CHALLENGE,,,,,N,,,N,,,,,,,0
MWBDV10IT-,,,Information and Communications Technologies 10,,,,,N,,,N,,,,,,,4
XC---09--L,,,CONCERT CHOIR 9 Linear,,,,,N,,,N,,,,,,,0
ID,1792,Grade,8,,,,,,,,,,,,,,,
Course,,,,Description,,,Recommended,,,Alternate,,,,Alternate Courses,,,,Credit
MADD-09---,,,ADST - Drafting 9,,,,,N,,,N,,,,,,,0
MADGE09---,,,ADST 9 - General Explorations (Modules),,,,,N,,,Y,,,,,,,0
MADW-09---,,,ADST - Woodwork 9,,,,,N,,,Y,,,,,,,0
MEN--09---,,,ENGLISH LANGUAGE ARTS 9,,,,,N,,,N,,,,,,,0
MFR--11---,,,FRENCH 11,,,,,N,,,N,,,,,,,4
MMA--09H--,,,MATHEMATICS 9 HONOURS,,,,,N,,,N,,,,,,,0
MPHE-09B--,,,PHYSICAL AND HEALTH EDUCATION 9 Boys,,,,,N,,,N,,,,,,,0
MSC--09---,,,SCIENCE 9,,,,,N,,,N,,,,,,,0
MSS--09---,,,SOCIAL STUDIES 9,,,,,N,,,N,,,,,,,0
MWBDV10IT-,,,Information and Communications Technologies 10,,,,,N,,,N,,,,,,,4
ID,1793,Grade,8,,,,,,,,,,,,,,,
Course,,,,Description,,,Recommended,,,Alternate,,,,Alternate Courses,,,,Credit
MADD-09---,,,ADST - Drafting 9,,,,,N,,,Y,,,,,,,0
MADEM10---,,,ADST ? ENTREPRENEURSHIP AND MARKETING 10,,,,,N,,,N,,,,,,,4
MADW-09---,,,ADST - Woodwork 9,,,,,N,,,Y,,,,,,,0
MEN--09---,,,ENGLISH LANGUAGE ARTS 9,,,,,N,,,N,,,,,,,0
MMA--09---,,,MATHEMATICS 9,,,,,N,,,N,,,,,,,0
MPHE-09--L,,,PHYSICAL AND HEALTH EDUCATION 9 Linear,,,,,N,,,N,,,,,,,0
MSC--09---,,,SCIENCE 9,,,,,N,,,N,,,,,,,0
MSS--09---,,,SOCIAL STUDIES 9,,,,,N,,,N,,,,,,,0
XBA--09C-L,,,CONCERT BAND 9 Linear,,,,,N,,,N,,,,,,,0
XLDCB09M--,,,TECH ED 9: MECHANICS LD,,,,,N,,,N,,,,,,,0
ID,1794,Grade,8,,,,,,,,,,,,,,,
Course,,,,Description,,,Recommended,,,Alternate,,,,Alternate Courses,,,,Credit
MADD-09---,,,ADST - Drafting 9,,,,,N,,,Y,,,,,,,0
MADT-09---,,,ADST - Textiles 9,,,,,N,,,N,,,,,,,0
MDR--09---,,,DRAMA 9,,,,,N,,,Y,,,,,,,0
MEN--09C--,,,ENGLISH LANGUAGE ARTS 9 CHALLENGE,,,,,N,,,N,,,,,,,0
MMA--09C--,,,MATHEMATICS 9 CHALLENGE,,,,,N,,,N,,,,,,,0
MPHE-09G--,,,PHYSICAL AND HEALTH EDUCATION 9 Girls,,,,,N,,,N,,,,,,,0
MSC--09C--,,,SCIENCE 9: CHALLENGE,,,,,N,,,N,,,,,,,0
MSS--09C--,,,SOCIAL STUDIES 9 CHALLENGE,,,,,N,,,N,,,,,,,0
MVA--09---,,,VISUAL ARTS 9,,,,,N,,,N,,,,,,,0
XLDCB09LS-,,,LEARNING STRATEGIES 9 LD,,,,,N,,,N,,,,,,,0
ID,1795,Grade,8,,,,,,,,,,,,,,,
Course,,,,Description,,,Recommended,,,Alternate,,,,Alternate Courses,,,,Credit
MADEM10---,,,ADST ? ENTREPRENEURSHIP AND MARKETING 10,,,,,N,,,N,,,,,,,4
MADGE09---,,,ADST 9 - General Explorations (Modules),,,,,N,,,Y,,,,,,,0
MEN--09C--,,,ENGLISH LANGUAGE ARTS 9 CHALLENGE,,,,,N,,,N,,,,,,,0
MFR--11---,,,FRENCH 11,,,,,N,,,N,,,,,,,4
MMA--09C--,,,MATHEMATICS 9 CHALLENGE,,,,,N,,,N,,,,,,,0
MPHE-09---,,,PHYSICAL AND HEALTH EDUCATION 9,,,,,N,,,N,,,,,,,0
MSC--09C--,,,SCIENCE 9: CHALLENGE,,,,,N,,,N,,,,,,,0
MSS--09C--,,,SOCIAL STUDIES 9 CHALLENGE,,,,,N,,,N,,,,,,,0
MWBDV10IT-,,,Information and Communications Technologies 10,,,,,N,,,N,,,,,,,4
XBA--09C-L,,,CONCERT BAND 9 Linear,,,,,N,,,Y,,,,,,,0
ID,1796,Grade,8,,,,,,,,,,,,,,,
Course,,,,Description,,,Recommended,,,Alternate,,,,Alternate Courses,,,,Credit
MADD-09---,,,ADST - Drafting 9,,,,,N,,,N,,,,,,,0
MADGE09---,,,ADST 9 - General Explorations (Modules),,,,,N,,,N,,,,,,,0
MEN--09---,,,ENGLISH LANGUAGE ARTS 9,,,,,N,,,N,,,,,,,0
MMA--09---,,,MATHEMATICS 9,,,,,N,,,N,,,,,,,0
MPHE-09---,,,PHYSICAL AND HEALTH EDUCATION 9,,,,,N,,,N,,,,,,,0
MSC--09---,,,SCIENCE 9,,,,,N,,,N,,,,,,,0
MSS--09---,,,SOCIAL STUDIES 9,,,,,N,,,N,,,,,,,0
XLDCB09M--,,,TECH ED 9: MECHANICS LD,,,,,N,,,N,,,,,,,0
ID,1797,Grade,8,,,,,,,,,,,,,,,
Course,,,,Description,,,Recommended,,,Alternate,,,,Alternate Courses,,,,Credit
MADD-09---,,,ADST - Drafting 9,,,,,N,,,Y,,,,,,,0
MADGE09---,,,ADST 9 - General Explorations (Modules),,,,,N,,,Y,,,,,,,0
MEN--09---,,,ENGLISH LANGUAGE ARTS 9,,,,,N,,,N,,,,,,,0
MMA--09H--,,,MATHEMATICS 9 HONOURS,,,,,N,,,N,,,,,,,0
MPHE-09--L,,,PHYSICAL AND HEALTH EDUCATION 9 Linear,,,,,N,,,N,,,,,,,0
MSC--09---,,,SCIENCE 9,,,,,N,,,N,,,,,,,0
MSS--09---,,,SOCIAL STUDIES 9,,,,,N,,,N,,,,,,,0
MWBDV10IT-,,,Information and Communications Technologies 10,,,,,N,,,N,,,,,,,4
XBA--09C-L,,,CONCERT BAND 9 Linear,,,,,N,,,N,,,,,,,0
XBA--09G--,,,CONCERT BAND 9 - Guitar,,,,,N,,,N,,,,,,,0
XBA--09J-L,,,JAZZ BAND 9 LINEAR,,,,,N,,,N,,,,,,,0
ID,1798,Grade,8,,,,,,,,,,,,,,,
Course,,,,Description,,,Recommended,,,Alternate,,,,Alternate Courses,,,,Credit
MADD-09---,,,ADST - Drafting 9,,,,,N,,,Y,,,,,,,0
MADEM10---,,,ADST ? ENTREPRENEURSHIP AND MARKETING 10,,,,,N,,,Y,,,,,,,4
MADGE09---,,,ADST 9 - General Explorations (Modules),,,,,N,,,N,,,,,,,0
MEN--09C--,,,ENGLISH LANGUAGE ARTS 9 CHALLENGE,,,,,N,,,N,,,,,,,0
MMA--09C--,,,MATHEMATICS 9 CHALLENGE,,,,,N,,,N,,,,,,,0
MPHE-09---,,,PHYSICAL AND HEALTH EDUCATION 9,,,,,N,,,N,,,,,,,0
MSC--09C--,,,SCIENCE 9: CHALLENGE,,,,,N,,,N,,,,,,,0
MSS--09C--,,,SOCIAL STUDIES 9 CHALLENGE,,,,,N,,,N,,,,,,,0
MVA--09---,,,VISUAL ARTS 9,,,,,N,,,N,,,,,,,0
MWBDV10IT-,,,Information and Communications Technologies 10,,,,,N,,,N,,,,,,,4
ID,1799,Grade,8,,,,,,,,,,,,,,,
Course,,,,Description,,,Recommended,,,Alternate,,,,Alternate Courses,,,,Credit
MADD-09---,,,ADST - Drafting 9,,,,,N,,,Y,,,,,,,0
MADER09---,,,ADST - Electronics and Robotics,,,,,N,,,Y,,,,,,,0
MADGE09---,,,ADST 9 - General Explorations (Modules),,,,,N,,,N,,,,,,,0
MEN--09C--,,,ENGLISH LANGUAGE ARTS 9 CHALLENGE,,,,,N,,,N,,,,,,,0
MFR--09---,,,FRENCH 9,,,,,N,,,N,,,,,,,0
MMA--09C--,,,MATHEMATICS 9 CHALLENGE,,,,,N,,,N,,,,,,,0
MPHE-09B--,,,PHYSICAL AND HEALTH EDUCATION 9 Boys,,,,,N,,,N,,,,,,,0
MSC--09C--,,,SCIENCE 9: CHALLENGE,,,,,N,,,N,,,,,,,0
MSS--09C--,,,SOCIAL STUDIES 9 CHALLENGE,,,,,N,,,N,,,,,,,0
XLDCB09M--,,,TECH ED 9: MECHANICS LD,,,,,N,,,N,,,,,,,0
ID,1800,Grade,8,,,,,,,,,,,,,,,
Course,,,,Description,,,Recommended,,,Alternate,,,,Alternate Courses,,,,Credit
MADW-09---,,,ADST - Woodwork 9,,,,,N,,,N,,,,,,,0
MDR--09---,,,DRAMA 9,,,,,N,,,N,,,,,,,0
MEN--09---,,,ENGLISH LANGUAGE ARTS 9,,,,,N,,,N,,,,,,,0
MMA--09---,,,MATHEMATICS 9,,,,,N,,,N,,,,,,,0
MPHE-09B--,,,PHYSICAL AND HEALTH EDUCATION 9 Boys,,,,,N,,,N,,,,,,,0
MSC--09---,,,SCIENCE 9,,,,,N,,,N,,,,,,,0
MSP--09---,,,SPANISH 9,,,,,N,,,N,,,,,,,0
MSS--09---,,,SOCIAL STUDIES 9,,,,,N,,,N,,,,,,,0
XBA--09G--,,,CONCERT BAND 9 - Guitar,,,,,N,,,Y,,,,,,,0
ID,1801,Grade,8,,,,,,,,,,,,,,,
Course,,,,Description,,,Recommended,,,Alternate,,,,Alternate Courses,,,,Credit
MDR--09---,,,DRAMA 9,,,,,N,,,N,,,,,,,0
MEN--09---,,,ENGLISH LANGUAGE ARTS 9,,,,,N,,,N,,,,,,,0
MMA--09---,,,MATHEMATICS 9,,,,,N,,,N,,,,,,,0
MPHE-09G--,,,PHYSICAL AND HEALTH EDUCATION 9 Girls,,,,,N,,,N,,,,,,,0
MPHE-09Y--,,,PHYSICAL AND HEALTH EDUCATION 9 Yoga for Mindfulns,,,,,N,,,Y,,,,,,,0
MSC--09---,,,SCIENCE 9,,,,,N,,,N,,,,,,,0
MSP--09---,,,SPANISH 9,,,,,N,,,N,,,,,,,0
MSS--09---,,,SOCIAL STUDIES 9,,,,,N,,,N,,,,,,,0
MVA--09---,,,VISUAL ARTS 9,,,,,N,,,Y,,,,,,,0
XBA--09G--,,,CONCERT BAND 9 - Guitar,,,,,N,,,N,,,,,,,0
XC---09--L,,,CONCERT CHOIR 9 Linear,,,,,N,,,N,,,,,,,0
ID,1802,Grade,8,,,,,,,,,,,,,,,
Course,,,,Description,,,Recommended,,,Alternate,,,,Alternate Courses,,,,Credit
MADD-09---,,,ADST - Drafting 9,,,,,N,,,Y,,,,,,,0
MEN--09---,,,ENGLISH LANGUAGE ARTS 9,,,,,N,,,N,,,,,,,0
MFR--09---,,,FRENCH 9,,,,,N,,,N,,,,,,,0
MMA--09---,,,MATHEMATICS 9,,,,,N,,,N,,,,,,,0
MPHE-09--L,,,PHYSICAL AND HEALTH EDUCATION 9 Linear,,,,,N,,,N,,,,,,,0
MSC--09---,,,SCIENCE 9,,,,,N,,,N,,,,,,,0
MSP--09---,,,SPANISH 9,,,,,N,,,Y,,,,,,,0
MSS--09---,,,SOCIAL STUDIES 9,,,,,N,,,N,,,,,,,0
MVA--09---,,,VISUAL ARTS 9,,,,,N,,,N,,,,,,,0
XBA--09C-L,,,CONCERT BAND 9 Linear,,,,,N,,,N,,,,,,,0
XC---09--L,,,CONCERT CHOIR 9 Linear,,,,,N,,,N,,,,,,,0
XLDCB09S-L,,,STRINGS 9 LINEAR,,,,,N,,,N,,,,,,,0
ID,1803,Grade,8,,,,,,,,,,,,,,,
Course,,,,Description,,,Recommended,,,Alternate,,,,Alternate Courses,,,,Credit
MADER09---,,,ADST - Electronics and Robotics,,,,,N,,,Y,,,,,,,0
MDNC-09F--,,,DANCE 9 Foundations,,,,,N,,,N,,,,,,,0
MDR--09---,,,DRAMA 9,,,,,N,,,Y,,,,,,,0
MEN--09---,,,ENGLISH LANGUAGE ARTS 9,,,,,N,,,N,,,,,,,0
MPHE-09G--,,,PHYSICAL AND HEALTH EDUCATION 9 Girls,,,,,N,,,N,,,,,,,0
MPHE-09Y--,,,PHYSICAL AND HEALTH EDUCATION 9 Yoga for Mindfulns,,,,,N,,,N,,,,,,,0
MSC--09---,,,SCIENCE 9,,,,,N,,,N,,,,,,,0
MSS--09---,,,SOCIAL STUDIES 9,,,,,N,,,N,,,,,,,0
XC---09--L,,,CONCERT CHOIR 9 Linear,,,,,N,,,N,,,,,,,0
XLDCB09LS-,,,LEARNING STRATEGIES 9 LD,,,,,N,,,N,,,,,,,0
XLDCE09NM-,,,NUMERACY 9,,,,,N,,,N,,,,,,,0
ID,1804,Grade,8,,,,,,,,,,,,,,,
Course,,,,Description,,,Recommended,,,Alternate,,,,Alternate Courses,,,,Credit
MADT-09---,,,ADST - Textiles 9,,,,,N,,,Y,,,,,,,0
MDNC-09F--,,,DANCE 9 Foundations,,,,,N,,,N,,,,,,,0
MDNC-09H--,,,DANCE 9 HIP HOP,,,,,N,,,N,,,,,,,0
MEN--09---,,,ENGLISH LANGUAGE ARTS 9,,,,,N,,,N,,,,,,,0
MMA--09---,,,MATHEMATICS 9,,,,,N,,,N,,,,,,,0
MPHE-09---,,,PHYSICAL AND HEALTH EDUCATION 9,,,,,N,,,N,,,,,,,0
MSC--09---,,,SCIENCE 9,,,,,N,,,N,,,,,,,0
MSS--09---,,,SOCIAL STUDIES 9,,,,,N,,,N,,,,,,,0
MVA--09---,,,VISUAL ARTS 9,,,,,N,,,N,,,,,,,0
XC---09--L,,,CONCERT CHOIR 9 Linear,,,,,N,,,N,,,,,,,0
ID,1805,Grade,8,,,,,,,,,,,,,,,
Course,,,,Description,,,Recommended,,,Alternate,,,,Alternate Courses,,,,Credit
MADD-09---,,,ADST - Drafting 9,,,,,N,,,Y,,,,,,,0
MDNC-09H--,,,DANCE 9 HIP HOP,,,,,N,,,N,,,,,,,0
MEN--09---,,,ENGLISH LANGUAGE ARTS 9,,,,,N,,,N,,,,,,,0
MPHE-09G--,,,PHYSICAL AND HEALTH EDUCATION 9 Girls,,,,,N,,,N,,,,,,,0
MSC--09---,,,SCIENCE 9,,,,,N,,,N,,,,,,,0
MSP--09---,,,SPANISH 9,,,,,N,,,N,,,,,,,0
MSS--09---,,,SOCIAL STUDIES 9,,,,,N,,,N,,,,,,,0
MWBDV10IT-,,,Information and Communications Technologies 10,,,,,N,,,Y,,,,,,,4
XLDCB09LS-,,,LEARNING STRATEGIES 9 LD,,,,,N,,,N,,,,,,,0
XLDCE09NM-,,,NUMERACY 9,,,,,N,,,N,,,,,,,0
ID,1806,Grade,8,,,,,,,,,,,,,,,
Course,,,,Description,,,Recommended,,,Alternate,,,,Alternate Courses,,,,Credit
MADW-09---,,,ADST - Woodwork 9,,,,,N,,,N,,,,,,,0
MEN--09---,,,ENGLISH LANGUAGE ARTS 9,,,,,N,,,N,,,,,,,0
MPHE-09B--,,,PHYSICAL AND HEALTH EDUCATION 9 Boys,,,,,N,,,N,,,,,,,0
MSC--09---,,,SCIENCE 9,,,,,N,,,N,,,,,,,0
MSS--09---,,,SOCIAL STUDIES 9,,,,,N,,,N,,,,,,,0
MVA--09---,,,VISUAL ARTS 9,,,,,N,,,Y,,,,,,,0
MWBDV10IT-,,,Information and Communications Technologies 10,,,,,N,,,N,,,,,,,4
XLDCB09LS-,,,LEARNING STRATEGIES 9 LD,,,,,N,,,N,,,,,,,0
XLDCB09M--,,,TECH ED 9: MECHANICS LD,,,,,N,,,Y,,,,,,,0
XLDCE09NM-,,,NUMERACY 9,,,,,N,,,N,,,,,,,0
ID,1807,Grade,8,,,,,,,,,,,,,,,
Course,,,,Description,,,Recommended,,,Alternate,,,,Alternate Courses,,,,Credit
MADD-09---,,,ADST - Drafting 9,,,,,N,,,Y,,,,,,,0
MADEM10---,,,ADST ? ENTREPRENEURSHIP AND MARKETING 10,,,,,N,,,Y,,,,,,,4
MEN--09---,,,ENGLISH LANGUAGE ARTS 9,,,,,N,,,N,,,,,,,0
MFR--11---,,,FRENCH 11,,,,,N,,,N,,,,,,,4
MMA--09---,,,MATHEMATICS 9,,,,,N,,,N,,,,,,,0
MPHE-09---,,,PHYSICAL AND HEALTH EDUCATION 9,,,,,N,,,N,,,,,,,0
MSC--09---,,,SCIENCE 9,,,,,N,,,N,,,,,,,0
MSS--09---,,,SOCIAL STUDIES 9,,,,,N,,,N,,,,,,,0
MVA--09---,,,VISUAL ARTS 9,,,,,N,,,N,,,,,,,0
MWBDV10IT-,,,Information and Communications Technologies 10,,,,,N,,,N,,,,,,,4
ID,1808,Grade,8,,,,,,,,,,,,,,,
Course,,,,Description,,,Recommended,,,Alternate,,,,Alternate Courses,,,,Credit
MADEM10---,,,ADST ? ENTREPRENEURSHIP AND MARKETING 10,,,,,N,,,Y,,,,,,,4
MADER09---,,,ADST - Electronics and Robotics,,,,,N,,,N,,,,,,,0
MADGE09---,,,ADST 9 - General Explorations (Modules),,,,,N,,,Y,,,,,,,0
MEN--09C--,,,ENGLISH LANGUAGE ARTS 9 CHALLENGE,,,,,N,,,N,,,,,,,0
MMA--09C--,,,MATHEMATICS 9 CHALLENGE,,,,,N,,,N,,,,,,,0
MPHE-09--L,,,PHYSICAL AND HEALTH EDUCATION 9 Linear,,,,,N,,,N,,,,,,,0
MSC--09C--,,,SCIENCE 9: CHALLENGE,,,,,N,,,N,,,,,,,0
MSS--09C--,,,SOCIAL STUDIES 9 CHALLENGE,,,,,N,,,N,,,,,,,0
MWBDV10IT-,,,Information and Communications Technologies 10,,,,,N,,,N,,,,,,,4
XBA--09C-L,,,CONCERT BAND 9 Linear,,,,,N,,,N,,,,,,,0
XBA--09J-L,,,JAZZ BAND 9 LINEAR,,,,,N,,,N,,,,,,,0
ID,1809,Grade,8,,,,,,,,,,,,,,,
Course,,,,Description,,,Recommended,,,Alternate,,,,Alternate Courses,,,,Credit
MADEM10---,,,ADST ? ENTREPRENEURSHIP AND MARKETING 10,,,,,N,,,N,,,,,,,4
MADT-09---,,,ADST - Textiles 9,,,,,N,,,Y,,,,,,,0
MDNC-09H--,,,DANCE 9 HIP HOP,,,,,N,,,Y,,,,,,,0
MEN--09---,,,ENGLISH LANGUAGE ARTS 9,,,,,N,,,N,,,,,,,0
MFR--11---,,,FRENCH 11,,,,,N,,,N,,,,,,,4
MMA--09H--,,,MATHEMATICS 9 HONOURS,,,,,N,,,N,,,,,,,0
MPHE-09--L,,,PHYSICAL AND HEALTH EDUCATION 9 Linear,,,,,N,,,N,,,,,,,0
MSC--09---,,,SCIENCE 9,,,,,N,,,N,,,,,,,0
MSS--09---,,,SOCIAL STUDIES 9,,,,,N,,,N,,,,,,,0
XBA--09C-L,,,CONCERT BAND 9 Linear,,,,,N,,,N,,,,,,,0
XLDCB09S-L,,,STRINGS 9 LINEAR,,,,,N,,,N,,,,,,,0
ID,1810,Grade,8,,,,,,,,,,,,,,,
Course,,,,Description,,,Recommended,,,Alternate,,,,Alternate Courses,,,,Credit
MADD-09---,,,ADST - Drafting 9,,,,,N,,,N,,,,,,,0
MADGE09---,,,ADST 9 - General Explorations (Modules),,,,,N,,,Y,,,,,,,0
MEN--09---,,,ENGLISH LANGUAGE ARTS 9,,,,,N,,,N,,,,,,,0
MFR--09---,,,FRENCH 9,,,,,N,,,N,,,,,,,0
MMA--09---,,,MATHEMATICS 9,,,,,N,,,N,,,,,,,0
MPHE-09G--,,,PHYSICAL AND HEALTH EDUCATION 9 Girls,,,,,N,,,N,,,,,,,0
MSC--09---,,,SCIENCE 9,,,,,N,,,N,,,,,,,0
MSS--09---,,,SOCIAL STUDIES 9,,,,,N,,,N,,,,,,,0
MWBDV10IT-,,,Information and Communications Technologies 10,,,,,N,,,N,,,,,,,4
XLDCB09M--,,,TECH ED 9: MECHANICS LD,,,,,N,,,Y,,,,,,,0
ID,1811,Grade,8,,,,,,,,,,,,,,,
Course,,,,Description,,,Recommended,,,Alternate,,,,Alternate Courses,,,,Credit
MADEM10---,,,ADST ? ENTREPRENEURSHIP AND MARKETING 10,,,,,N,,,Y,,,,,,,4
MADGE09---,,,ADST 9 - General Explorations (Modules),,,,,N,,,N,,,,,,,0
MADT-09---,,,ADST - Textiles 9,,,,,N,,,Y,,,,,,,0
MADW-09---,,,ADST - Woodwork 9,,,,,N,,,N,,,,,,,0
MEN--09---,,,ENGLISH LANGUAGE ARTS 9,,,,,N,,,N,,,,,,,0
MFR--11---,,,FRENCH 11,,,,,N,,,N,,,,,,,4
MMA--09---,,,MATHEMATICS 9,,,,,N,,,N,,,,,,,0
MPHE-09G--,,,PHYSICAL AND HEALTH EDUCATION 9 Girls,,,,,N,,,N,,,,,,,0
MSC--09---,,,SCIENCE 9,,,,,N,,,N,,,,,,,0
MSS--09---,,,SOCIAL STUDIES 9,,,,,N,,,N,,,,,,,0
ID,1812,Grade,8,,,,,,,,,,,,,,,
Course,,,,Description,,,Recommended,,,Alternate,,,,Alternate Courses,,,,Credit
MADD-09---,,,ADST - Drafting 9,,,,,N,,,Y,,,,,,,0
MADEM10---,,,ADST ? ENTREPRENEURSHIP AND MARKETING 10,,,,,N,,,N,,,,,,,4
MADW-09---,,,ADST - Woodwork 9,,,,,N,,,Y,,,,,,,0
MEN--09E--,,,ENGLISH 9 FOR ELL,,,,,N,,,N,,,,,,,0
MMA--09---,,,MATHEMATICS 9,,,,,N,,,N,,,,,,,0
MPHE-09B--,,,PHYSICAL AND HEALTH EDUCATION 9 Boys,,,,,N,,,N,,,,,,,0
MSC--09---,,,SCIENCE 9,,,,,N,,,N,,,,,,,0
MSS--09---,,,SOCIAL STUDIES 9,,,,,N,,,N,,,,,,,0
MVA--09---,,,VISUAL ARTS 9,,,,,N,,,N,,,,,,,0
MWBDV10IT-,,,Information and Communications Technologies 10,,,,,N,,,N,,,,,,,4
ID,1813,Grade,8,,,,,,,,,,,,,,,
Course,,,,Description,,,Recommended,,,Alternate,,,,Alternate Courses,,,,Credit
MADD-09---,,,ADST - Drafting 9,,,,,N,,,N,,,,,,,0
MDNC-09H--,,,DANCE 9 HIP HOP,,,,,N,,,Y,,,,,,,0
MEN--09---,,,ENGLISH LANGUAGE ARTS 9,,,,,N,,,N,,,,,,,0
MFR--11---,,,FRENCH 11,,,,,N,,,N,,,,,,,4
MMA--09H--,,,MATHEMATICS 9 HONOURS,,,,,N,,,N,,,,,,,0
MPHE-09B--,,,PHYSICAL AND HEALTH EDUCATION 9 Boys,,,,,N,,,N,,,,,,,0
MSC--09---,,,SCIENCE 9,,,,,N,,,N,,,,,,,0
MSS--09---,,,SOCIAL STUDIES 9,,,,,N,,,N,,,,,,,0
MWBDV10IT-,,,Information and Communications Technologies 10,,,,,N,,,N,,,,,,,4
XBA--09C-L,,,CONCERT BAND 9 Linear,,,,,N,,,Y,,,,,,,0
ID,1814,Grade,8,,,,,,,,,,,,,,,
Course,,,,Description,,,Recommended,,,Alternate,,,,Alternate Courses,,,,Credit
MADD-09---,,,ADST - Drafting 9,,,,,N,,,N,,,,,,,0
MADGE09---,,,ADST 9 - General Explorations (Modules),,,,,N,,,N,,,,,,,0
MEN--09C--,,,ENGLISH LANGUAGE ARTS 9 CHALLENGE,,,,,N,,,N,,,,,,,0
MMA--09C--,,,MATHEMATICS 9 CHALLENGE,,,,,N,,,N,,,,,,,0
MPHE-09---,,,PHYSICAL AND HEALTH EDUCATION 9,,,,,N,,,N,,,,,,,0
MSC--09C--,,,SCIENCE 9: CHALLENGE,,,,,N,,,N,,,,,,,0
MSS--09C--,,,SOCIAL STUDIES 9 CHALLENGE,,,,,N,,,N,,,,,,,0
MWBDV10IT-,,,Information and Communications Technologies 10,,,,,N,,,N,,,,,,,4
XBA--09C-L,,,CONCERT BAND 9 Linear,,,,,N,,,Y,,,,,,,0
XLDCB09M--,,,TECH ED 9: MECHANICS LD,,,,,N,,,Y,,,,,,,0
ID,1815,Grade,8,,,,,,,,,,,,,,,
Course,,,,Description,,,Recommended,,,Alternate,,,,Alternate Courses,,,,Credit
MADER09---,,,ADST - Electronics and Robotics,,,,,N,,,Y,,,,,,,0
MADGE09---,,,ADST 9 - General Explorations (Modules),,,,,N,,,N,,,,,,,0
MADW-09---,,,ADST - Woodwork 9,,,,,N,,,Y,,,,,,,0
MEN--09---,,,ENGLISH LANGUAGE ARTS 9,,,,,N,,,N,,,,,,,0
MMA--09---,,,MATHEMATICS 9,,,,,N,,,N,,,,,,,0
MPHE-09G--,,,PHYSICAL AND HEALTH EDUCATION 9 Girls,,,,,N,,,N,,,,,,,0
MSC--09---,,,SCIENCE 9,,,,,N,,,N,,,,,,,0
MSP--09---,,,SPANISH 9,,,,,N,,,N,,,,,,,0
MSS--09---,,,SOCIAL STUDIES 9,,,,,N,,,N,,,,,,,0
MVA--09---,,,VISUAL ARTS 9,,,,,N,,,N,,,,,,,0
ID,1816,Grade,8,,,,,,,,,,,,,,,
Course,,,,Description,,,Recommended,,,Alternate,,,,Alternate Courses,,,,Credit
MADT-09---,,,ADST - Textiles 9,,,,,N,,,N,,,,,,,0
MADW-09---,,,ADST - Woodwork 9,,,,,N,,,N,,,,,,,0
MEN--09---,,,ENGLISH LANGUAGE ARTS 9,,,,,N,,,N,,,,,,,0
MPHE-09G--,,,PHYSICAL AND HEALTH EDUCATION 9 Girls,,,,,N,,,N,,,,,,,0
MSC--09---,,,SCIENCE 9,,,,,N,,,N,,,,,,,0
MSS--09---,,,SOCIAL STUDIES 9,,,,,N,,,N,,,,,,,0
MVA--09---,,,VISUAL ARTS 9,,,,,N,,,N,,,,,,,0
XBA--09C-L,,,CONCERT BAND 9 Linear,,,,,N,,,Y,,,,,,,0
XLDCE09NM-,,,NUMERACY 9,,,,,N,,,N,,,,,,,0
ID,1817,Grade,8,,,,,,,,,,,,,,,
Course,,,,Description,,,Recommended,,,Alternate,,,,Alternate Courses,,,,Credit
MADGE09---,,,ADST 9 - General Explorations (Modules),,,,,N,,,Y,,,,,,,0
MADW-09---,,,ADST - Woodwork 9,,,,,N,,,N,,,,,,,0
MDR--09---,,,DRAMA 9,,,,,N,,,Y,,,,,,,0
MEN--09---,,,ENGLISH LANGUAGE ARTS 9,,,,,N,,,N,,,,,,,0
MMA--09---,,,MATHEMATICS 9,,,,,N,,,N,,,,,,,0
MPHE-09FB-,,,PHYSICAL AND HEALTH EDUCATION 9 Football,,,,,N,,,N,,,,,,,0
MSC--09---,,,SCIENCE 9,,,,,N,,,N,,,,,,,0
MSP--09---,,,SPANISH 9,,,,,N,,,N,,,,,,,0
MSS--09---,,,SOCIAL STUDIES 9,,,,,N,,,N,,,,,,,0
YHRA-0AX--,,,CROSS TRAINING 10,,,,,N,,,N,,,,,,,4
ID,1818,Grade,8,,,,,,,,,,,,,,,
Course,,,,Description,,,Recommended,,,Alternate,,,,Alternate Courses,,,,Credit
MADEM10---,,,ADST ? ENTREPRENEURSHIP AND MARKETING 10,,,,,N,,,Y,,,,,,,4
MADT-09---,,,ADST - Textiles 9,,,,,N,,,N,,,,,,,0
MDR--09---,,,DRAMA 9,,,,,N,,,Y,,,,,,,0
MEN--09---,,,ENGLISH LANGUAGE ARTS 9,,,,,N,,,N,,,,,,,0
MFR--09---,,,FRENCH 9,,,,,N,,,N,,,,,,,0
MPHE-09G--,,,PHYSICAL AND HEALTH EDUCATION 9 Girls,,,,,N,,,N,,,,,,,0
MSC--09---,,,SCIENCE 9,,,,,N,,,N,,,,,,,0
MSS--09---,,,SOCIAL STUDIES 9,,,,,N,,,N,,,,,,,0
MVA--09---,,,VISUAL ARTS 9,,,,,N,,,N,,,,,,,0
XC---09--L,,,CONCERT CHOIR 9 Linear,,,,,N,,,N,,,,,,,0
XLDCE09NM-,,,NUMERACY 9,,,,,N,,,N,,,,,,,0
ID,1819,Grade,8,,,,,,,,,,,,,,,
Course,,,,Description,,,Recommended,,,Alternate,,,,Alternate Courses,,,,Credit
MADGE09---,,,ADST 9 - General Explorations (Modules),,,,,N,,,N,,,,,,,0
MADW-09---,,,ADST - Woodwork 9,,,,,N,,,Y,,,,,,,0
MEN--09---,,,ENGLISH LANGUAGE ARTS 9,,,,,N,,,N,,,,,,,0
MFR--09---,,,FRENCH 9,,,,,N,,,N,,,,,,,0
MMA--09---,,,MATHEMATICS 9,,,,,N,,,N,,,,,,,0
MPHE-09FB-,,,PHYSICAL AND HEALTH EDUCATION 9 Football,,,,,N,,,N,,,,,,,0
MSC--09---,,,SCIENCE 9,,,,,N,,,N,,,,,,,0
MSS--09---,,,SOCIAL STUDIES 9,,,,,N,,,N,,,,,,,0
XLDCB09M--,,,TECH ED 9: MECHANICS LD,,,,,N,,,Y,,,,,,,0
YHRA-0AX--,,,CROSS TRAINING 10,,,,,N,,,N,,,,,,,4
ID,1820,Grade,8,,,,,,,,,,,,,,,
Course,,,,Description,,,Recommended,,,Alternate,,,,Alternate Courses,,,,Credit
MADD-09---,,,ADST - Drafting 9,,,,,N,,,N,,,,,,,0
MADGE09---,,,ADST 9 - General Explorations (Modules),,,,,N,,,N,,,,,,,0
MADW-09---,,,ADST - Woodwork 9,,,,,N,,,Y,,,,,,,0
MEN--09---,,,ENGLISH LANGUAGE ARTS 9,,,,,N,,,N,,,,,,,0
MFR--09---,,,FRENCH 9,,,,,N,,,N,,,,,,,0
MMA--09---,,,MATHEMATICS 9,,,,,N,,,N,,,,,,,0
MPHE-09B--,,,PHYSICAL AND HEALTH EDUCATION 9 Boys,,,,,N,,,N,,,,,,,0
MSC--09---,,,SCIENCE 9,,,,,N,,,N,,,,,,,0
MSS--09---,,,SOCIAL STUDIES 9,,,,,N,,,N,,,,,,,0
XLDCB09M--,,,TECH ED 9: MECHANICS LD,,,,,N,,,Y,,,,,,,0
ID,1821,Grade,8,,,,,,,,,,,,,,,
Course,,,,Description,,,Recommended,,,Alternate,,,,Alternate Courses,,,,Credit
MADER09---,,,ADST - Electronics and Robotics,,,,,N,,,N,,,,,,,0
MADGE09---,,,ADST 9 - General Explorations (Modules),,,,,N,,,N,,,,,,,0
MADW-09---,,,ADST - Woodwork 9,,,,,N,,,Y,,,,,,,0
MEN--09---,,,ENGLISH LANGUAGE ARTS 9,,,,,N,,,N,,,,,,,0
MMA--09---,,,MATHEMATICS 9,,,,,N,,,N,,,,,,,0
MPHE-09B--,,,PHYSICAL AND HEALTH EDUCATION 9 Boys,,,,,N,,,N,,,,,,,0
MSC--09---,,,SCIENCE 9,,,,,N,,,N,,,,,,,0
MSS--09---,,,SOCIAL STUDIES 9,,,,,N,,,N,,,,,,,0
XLDCB09LS-,,,LEARNING STRATEGIES 9 LD,,,,,N,,,N,,,,,,,0
XLDCB09M--,,,TECH ED 9: MECHANICS LD,,,,,N,,,Y,,,,,,,0
ID,1822,Grade,8,,,,,,,,,,,,,,,
Course,,,,Description,,,Recommended,,,Alternate,,,,Alternate Courses,,,,Credit
MADD-09---,,,ADST - Drafting 9,,,,,N,,,Y,,,,,,,0
MADW-09---,,,ADST - Woodwork 9,,,,,N,,,N,,,,,,,0
MEN--09---,,,ENGLISH LANGUAGE ARTS 9,,,,,N,,,N,,,,,,,0
MFR--09---,,,FRENCH 9,,,,,N,,,N,,,,,,,0
MMA--09---,,,MATHEMATICS 9,,,,,N,,,N,,,,,,,0
MPHE-09B--,,,PHYSICAL AND HEALTH EDUCATION 9 Boys,,,,,N,,,N,,,,,,,0
MSC--09---,,,SCIENCE 9,,,,,N,,,N,,,,,,,0
MSS--09---,,,SOCIAL STUDIES 9,,,,,N,,,N,,,,,,,0
MVA--09---,,,VISUAL ARTS 9,,,,,N,,,Y,,,,,,,0
XLDCB09M--,,,TECH ED 9: MECHANICS LD,,,,,N,,,N,,,,,,,0
ID,1823,Grade,8,,,,,,,,,,,,,,,
Course,,,,Description,,,Recommended,,,Alternate,,,,Alternate Courses,,,,Credit
MADEM10---,,,ADST ? ENTREPRENEURSHIP AND MARKETING 10,,,,,N,,,Y,,,,,,,4
MADT-09---,,,ADST - Textiles 9,,,,,N,,,N,,,,,,,0
MEN--09---,,,ENGLISH LANGUAGE ARTS 9,,,,,N,,,N,,,,,,,0
MMA--09---,,,MATHEMATICS 9,,,,,N,,,N,,,,,,,0
MPHE-09--L,,,PHYSICAL AND HEALTH EDUCATION 9 Linear,,,,,N,,,N,,,,,,,0
MSC--09---,,,SCIENCE 9,,,,,N,,,N,,,,,,,0
MSP--09---,,,SPANISH 9,,,,,N,,,N,,,,,,,0
MSS--09---,,,SOCIAL STUDIES 9,,,,,N,,,N,,,,,,,0
MVA--09---,,,VISUAL ARTS 9,,,,,N,,,Y,,,,,,,0
XBA--09C-L,,,CONCERT BAND 9 Linear,,,,,N,,,N,,,,,,,0
XBA--09J-L,,,JAZZ BAND 9 LINEAR,,,,,N,,,N,,,,,,,0
ID,1824,Grade,8,,,,,,,,,,,,,,,
Course,,,,Description,,,Recommended,,,Alternate,,,,Alternate Courses,,,,Credit
MADGE09---,,,ADST 9 - General Explorations (Modules),,,,,N,,,Y,,,,,,,0
MEN--09---,,,ENGLISH LANGUAGE ARTS 9,,,,,N,,,N,,,,,,,0
MFR--11---,,,FRENCH 11,,,,,N,,,N,,,,,,,4
MMA--09---,,,MATHEMATICS 9,,,,,N,,,N,,,,,,,0
MPHE-09--L,,,PHYSICAL AND HEALTH EDUCATION 9 Linear,,,,,N,,,N,,,,,,,0
MSC--09---,,,SCIENCE 9,,,,,N,,,N,,,,,,,0
MSS--09---,,,SOCIAL STUDIES 9,,,,,N,,,N,,,,,,,0
MVA--09---,,,VISUAL ARTS 9,,,,,N,,,N,,,,,,,0
XBA--09C-L,,,CONCERT BAND 9 Linear,,,,,N,,,N,,,,,,,0
XBA--09G--,,,CONCERT BAND 9 - Guitar,,,,,N,,,Y,,,,,,,0
XBA--09J-L,,,JAZZ BAND 9 LINEAR,,,,,N,,,N,,,,,,,0
ID,1825,Grade,8,,,,,,,,,,,,,,,
Course,,,,Description,,,Recommended,,,Alternate,,,,Alternate Courses,,,,Credit
MADEM10---,,,ADST ? ENTREPRENEURSHIP AND MARKETING 10,,,,,N,,,N,,,,,,,4
MADER09---,,,ADST - Electronics and Robotics,,,,,N,,,Y,,,,,,,0
MDR--09---,,,DRAMA 9,,,,,N,,,N,,,,,,,0
MEN--09---,,,ENGLISH LANGUAGE ARTS 9,,,,,N,,,N,,,,,,,0
MFR--11---,,,FRENCH 11,,,,,N,,,Y,,,,,,,4
MMA--09---,,,MATHEMATICS 9,,,,,N,,,N,,,,,,,0
MPHE-09--L,,,PHYSICAL AND HEALTH EDUCATION 9 Linear,,,,,N,,,N,,,,,,,0
MSC--09---,,,SCIENCE 9,,,,,N,,,N,,,,,,,0
MSS--09---,,,SOCIAL STUDIES 9,,,,,N,,,N,,,,,,,0
MWBDV10IT-,,,Information and Communications Technologies 10,,,,,N,,,Y,,,,,,,4
XBA--09C-L,,,CONCERT BAND 9 Linear,,,,,N,,,Y,,,,,,,0
XLDCB09LSL,,,LEARNING STRATEGIES 9 LD LINEAR,,,,,N,,,N,,,,,,,0
ID,1826,Grade,8,,,,,,,,,,,,,,,
Course,,,,Description,,,Recommended,,,Alternate,,,,Alternate Courses,,,,Credit
MADER09---,,,ADST - Electronics and Robotics,,,,,N,,,N,,,,,,,0
MADGE09---,,,ADST 9 - General Explorations (Modules),,,,,N,,,N,,,,,,,0
MEN--09C--,,,ENGLISH LANGUAGE ARTS 9 CHALLENGE,,,,,N,,,N,,,,,,,0
MFR--09---,,,FRENCH 9,,,,,N,,,Y,,,,,,,0
MMA--09C--,,,MATHEMATICS 9 CHALLENGE,,,,,N,,,N,,,,,,,0
MPHE-09G--,,,PHYSICAL AND HEALTH EDUCATION 9 Girls,,,,,N,,,N,,,,,,,0
MSC--09C--,,,SCIENCE 9: CHALLENGE,,,,,N,,,N,,,,,,,0
MSS--09C--,,,SOCIAL STUDIES 9 CHALLENGE,,,,,N,,,N,,,,,,,0
MWBDV10IT-,,,Information and Communications Technologies 10,,,,,N,,,Y,,,,,,,4
XLDCB09M--,,,TECH ED 9: MECHANICS LD,,,,,N,,,N,,,,,,,0
ID,1827,Grade,8,,,,,,,,,,,,,,,
Course,,,,Description,,,Recommended,,,Alternate,,,,Alternate Courses,,,,Credit
MADEM10---,,,ADST ? ENTREPRENEURSHIP AND MARKETING 10,,,,,N,,,N,,,,,,,4
MADT-09---,,,ADST - Textiles 9,,,,,N,,,Y,,,,,,,0
MDR--09---,,,DRAMA 9,,,,,N,,,Y,,,,,,,0
MEN--09---,,,ENGLISH LANGUAGE ARTS 9,,,,,N,,,N,,,,,,,0
MMA--09---,,,MATHEMATICS 9,,,,,N,,,N,,,,,,,0
MPHE-09--L,,,PHYSICAL AND HEALTH EDUCATION 9 Linear,,,,,N,,,N,,,,,,,0
MSC--09---,,,SCIENCE 9,,,,,N,,,N,,,,,,,0
MSS--09---,,,SOCIAL STUDIES 9,,,,,N,,,N,,,,,,,0
MVA--09---,,,VISUAL ARTS 9,,,,,N,,,N,,,,,,,0
XBA--09C-L,,,CONCERT BAND 9 Linear,,,,,N,,,N,,,,,,,0
ID,1828,Grade,8,,,,,,,,,,,,,,,
Course,,,,Description,,,Recommended,,,Alternate,,,,Alternate Courses,,,,Credit
MADEM10---,,,ADST ? ENTREPRENEURSHIP AND MARKETING 10,,,,,N,,,N,,,,,,,4
MDR--09---,,,DRAMA 9,,,,,N,,,Y,,,,,,,0
MEN--09C--,,,ENGLISH LANGUAGE ARTS 9 CHALLENGE,,,,,N,,,N,,,,,,,0
MMA--09C--,,,MATHEMATICS 9 CHALLENGE,,,,,N,,,N,,,,,,,0
MPHE-09--L,,,PHYSICAL AND HEALTH EDUCATION 9 Linear,,,,,N,,,N,,,,,,,0
MSC--09C--,,,SCIENCE 9: CHALLENGE,,,,,N,,,N,,,,,,,0
MSP--09---,,,SPANISH 9,,,,,N,,,Y,,,,,,,0
MSS--09C--,,,SOCIAL STUDIES 9 CHALLENGE,,,,,N,,,N,,,,,,,0
MVA--09---,,,VISUAL ARTS 9,,,,,N,,,N,,,,,,,0
XBA--09C-L,,,CONCERT BAND 9 Linear,,,,,N,,,N,,,,,,,0
ID,1829,Grade,8,,,,,,,,,,,,,,,
Course,,,,Description,,,Recommended,,,Alternate,,,,Alternate Courses,,,,Credit
MADD-09---,,,ADST - Drafting 9,,,,,N,,,Y,,,,,,,0
MADT-09---,,,ADST - Textiles 9,,,,,N,,,N,,,,,,,0
MADW-09---,,,ADST - Woodwork 9,,,,,N,,,N,,,,,,,0
MDR--09---,,,DRAMA 9,,,,,N,,,Y,,,,,,,0
MEN--09---,,,ENGLISH LANGUAGE ARTS 9,,,,,N,,,N,,,,,,,0
MMA--09---,,,MATHEMATICS 9,,,,,N,,,N,,,,,,,0
MPHE-09---,,,PHYSICAL AND HEALTH EDUCATION 9,,,,,N,,,N,,,,,,,0
MSC--09---,,,SCIENCE 9,,,,,N,,,N,,,,,,,0
MSP--09---,,,SPANISH 9,,,,,N,,,Y,,,,,,,0
MSS--09---,,,SOCIAL STUDIES 9,,,,,N,,,N,,,,,,,0
MVA--09---,,,VISUAL ARTS 9,,,,,N,,,N,,,,,,,0
XLDCB09M--,,,TECH ED 9: MECHANICS LD,,,,,N,,,Y,,,,,,,0
ID,1830,Grade,8,,,,,,,,,,,,,,,
Course,,,,Description,,,Recommended,,,Alternate,,,,Alternate Courses,,,,Credit
MADEM10---,,,ADST ? ENTREPRENEURSHIP AND MARKETING 10,,,,,N,,,Y,,,,,,,4
MADT-09---,,,ADST - Textiles 9,,,,,N,,,N,,,,,,,0
MDR--09---,,,DRAMA 9,,,,,N,,,N,,,,,,,0
MEN--09---,,,ENGLISH LANGUAGE ARTS 9,,,,,N,,,N,,,,,,,0
MMA--09---,,,MATHEMATICS 9,,,,,N,,,N,,,,,,,0
MPHE-09G--,,,PHYSICAL AND HEALTH EDUCATION 9 Girls,,,,,N,,,N,,,,,,,0
MSC--09---,,,SCIENCE 9,,,,,N,,,N,,,,,,,0
MSS--09---,,,SOCIAL STUDIES 9,,,,,N,,,N,,,,,,,0
MVA--09---,,,VISUAL ARTS 9,,,,,N,,,N,,,,,,,0
ID,1831,Grade,8,,,,,,,,,,,,,,,
Course,,,,Description,,,Recommended,,,Alternate,,,,Alternate Courses,,,,Credit
MADEM10---,,,ADST ? ENTREPRENEURSHIP AND MARKETING 10,,,,,N,,,N,,,,,,,4
MADGE09---,,,ADST 9 - General Explorations (Modules),,,,,N,,,N,,,,,,,0
MEN--09---,,,ENGLISH LANGUAGE ARTS 9,,,,,N,,,N,,,,,,,0
MMA--09---,,,MATHEMATICS 9,,,,,N,,,N,,,,,,,0
MPHE-09B--,,,PHYSICAL AND HEALTH EDUCATION 9 Boys,,,,,N,,,N,,,,,,,0
MSC--09---,,,SCIENCE 9,,,,,N,,,N,,,,,,,0
MSP--09---,,,SPANISH 9,,,,,N,,,N,,,,,,,0
MSS--09---,,,SOCIAL STUDIES 9,,,,,N,,,N,,,,,,,0
MWBDV10IT-,,,Information and Communications Technologies 10,,,,,N,,,Y,,,,,,,4
XLDCB09M--,,,TECH ED 9: MECHANICS LD,,,,,N,,,Y,,,,,,,0
ID,1832,Grade,8,,,,,,,,,,,,,,,
Course,,,,Description,,,Recommended,,,Alternate,,,,Alternate Courses,,,,Credit
MADD-09---,,,ADST - Drafting 9,,,,,N,,,N,,,,,,,0
MADEM10---,,,ADST ? ENTREPRENEURSHIP AND MARKETING 10,,,,,N,,,Y,,,,,,,4
MADER09---,,,ADST - Electronics and Robotics,,,,,N,,,N,,,,,,,0
MADW-09---,,,ADST - Woodwork 9,,,,,N,,,Y,,,,,,,0
MEN--09---,,,ENGLISH LANGUAGE ARTS 9,,,,,N,,,N,,,,,,,0
MMA--09---,,,MATHEMATICS 9,,,,,N,,,N,,,,,,,0
MPHE-09B--,,,PHYSICAL AND HEALTH EDUCATION 9 Boys,,,,,N,,,N,,,,,,,0
MSC--09---,,,SCIENCE 9,,,,,N,,,N,,,,,,,0
MSS--09---,,,SOCIAL STUDIES 9,,,,,N,,,N,,,,,,,0
MWBDV10IT-,,,Information and Communications Technologies 10,,,,,N,,,N,,,,,,,4
ID,1833,Grade,8,,,,,,,,,,,,,,,
Course,,,,Description,,,Recommended,,,Alternate,,,,Alternate Courses,,,,Credit
MADEM10---,,,ADST ? ENTREPRENEURSHIP AND MARKETING 10,,,,,N,,,N,,,,,,,4
MADGE09---,,,ADST 9 - General Explorations (Modules),,,,,N,,,Y,,,,,,,0
MEN--09C--,,,ENGLISH LANGUAGE ARTS 9 CHALLENGE,,,,,N,,,N,,,,,,,0
MFR--11---,,,FRENCH 11,,,,,N,,,N,,,,,,,4
MMA--09C--,,,MATHEMATICS 9 CHALLENGE,,,,,N,,,N,,,,,,,0
MPHE-09---,,,PHYSICAL AND HEALTH EDUCATION 9,,,,,N,,,N,,,,,,,0
MSC--09C--,,,SCIENCE 9: CHALLENGE,,,,,N,,,N,,,,,,,0
MSS--09C--,,,SOCIAL STUDIES 9 CHALLENGE,,,,,N,,,N,,,,,,,0
MWBDV10IT-,,,Information and Communications Technologies 10,,,,,N,,,N,,,,,,,4
XBA--09C-L,,,CONCERT BAND 9 Linear,,,,,N,,,Y,,,,,,,0
ID,1834,Grade,8,,,,,,,,,,,,,,,
Course,,,,Description,,,Recommended,,,Alternate,,,,Alternate Courses,,,,Credit
MDNC-09C-L,,,DANCE 9 Choreography Linear,,,,,N,,,N,,,,,,,0
MDNC-09H--,,,DANCE 9 HIP HOP,,,,,N,,,N,,,,,,,0
MDNC-09M-L,,,DANCE 9 Company: Platform 61 Linear,,,,,N,,,N,,,,,,,0
MEN--09---,,,ENGLISH LANGUAGE ARTS 9,,,,,N,,,N,,,,,,,0
MFR--09---,,,FRENCH 9,,,,,N,,,N,,,,,,,0
MMA--09---,,,MATHEMATICS 9,,,,,N,,,N,,,,,,,0
MPHE-09G--,,,PHYSICAL AND HEALTH EDUCATION 9 Girls,,,,,N,,,N,,,,,,,0
MSC--09---,,,SCIENCE 9,,,,,N,,,N,,,,,,,0
MSP--09---,,,SPANISH 9,,,,,N,,,N,,,,,,,0
MSS--09---,,,SOCIAL STUDIES 9,,,,,N,,,N,,,,,,,0
ID,1835,Grade,8,,,,,,,,,,,,,,,
Course,,,,Description,,,Recommended,,,Alternate,,,,Alternate Courses,,,,Credit
MADEM10---,,,ADST ? ENTREPRENEURSHIP AND MARKETING 10,,,,,N,,,Y,,,,,,,4
MDNC-09PT-,,,DANCE 9 Performance and Technique,,,,,N,,,N,,,,,,,0
MEN--09---,,,ENGLISH LANGUAGE ARTS 9,,,,,N,,,N,,,,,,,0
MFR--09---,,,FRENCH 9,,,,,N,,,Y,,,,,,,0
MMA--09H--,,,MATHEMATICS 9 HONOURS,,,,,N,,,N,,,,,,,0
MPHE-09--L,,,PHYSICAL AND HEALTH EDUCATION 9 Linear,,,,,N,,,N,,,,,,,0
MSC--09---,,,SCIENCE 9,,,,,N,,,N,,,,,,,0
MSS--09---,,,SOCIAL STUDIES 9,,,,,N,,,N,,,,,,,0
MVA--09---,,,VISUAL ARTS 9,,,,,N,,,N,,,,,,,0
XBA--09C-L,,,CONCERT BAND 9 Linear,,,,,N,,,N,,,,,,,0
XC---09--L,,,CONCERT CHOIR 9 Linear,,,,,N,,,N,,,,,,,0
ID,1836,Grade,8,,,,,,,,,,,,,,,
Course,,,,Description,,,Recommended,,,Alternate,,,,Alternate Courses,,,,Credit
MADT-09---,,,ADST - Textiles 9,,,,,N,,,Y,,,,,,,0
MDNC-09H--,,,DANCE 9 HIP HOP,,,,,N,,,N,,,,,,,0
MEN--09---,,,ENGLISH LANGUAGE ARTS 9,,,,,N,,,N,,,,,,,0
MFR--09---,,,FRENCH 9,,,,,N,,,Y,,,,,,,0
MMA--09---,,,MATHEMATICS 9,,,,,N,,,N,,,,,,,0
MPHE-09G--,,,PHYSICAL AND HEALTH EDUCATION 9 Girls,,,,,N,,,N,,,,,,,0
MSC--09---,,,SCIENCE 9,,,,,N,,,N,,,,,,,0
MSP--09---,,,SPANISH 9,,,,,N,,,N,,,,,,,0
MSS--09---,,,SOCIAL STUDIES 9,,,,,N,,,N,,,,,,,0
MWBDV10IT-,,,Information and Communications Technologies 10,,,,,N,,,N,,,,,,,4
ID,1837,Grade,8,,,,,,,,,,,,,,,
Course,,,,Description,,,Recommended,,,Alternate,,,,Alternate Courses,,,,Credit
MDNC-09H--,,,DANCE 9 HIP HOP,,,,,N,,,N,,,,,,,0
MDR--09---,,,DRAMA 9,,,,,N,,,N,,,,,,,0
MEN--09---,,,ENGLISH LANGUAGE ARTS 9,,,,,N,,,N,,,,,,,0
MFR--09---,,,FRENCH 9,,,,,N,,,Y,,,,,,,0
MMA--09---,,,MATHEMATICS 9,,,,,N,,,N,,,,,,,0
MPHE-09G--,,,PHYSICAL AND HEALTH EDUCATION 9 Girls,,,,,N,,,N,,,,,,,0
MPHE-09Y--,,,PHYSICAL AND HEALTH EDUCATION 9 Yoga for Mindfulns,,,,,N,,,N,,,,,,,0
MSC--09---,,,SCIENCE 9,,,,,N,,,N,,,,,,,0
MSS--09---,,,SOCIAL STUDIES 9,,,,,N,,,N,,,,,,,0
ID,1838,Grade,8,,,,,,,,,,,,,,,
Course,,,,Description,,,Recommended,,,Alternate,,,,Alternate Courses,,,,Credit
MADD-09---,,,ADST - Drafting 9,,,,,N,,,N,,,,,,,0
MADGE09---,,,ADST 9 - General Explorations (Modules),,,,,N,,,Y,,,,,,,0
MADW-09---,,,ADST - Woodwork 9,,,,,N,,,Y,,,,,,,0
MEN--09C--,,,ENGLISH LANGUAGE ARTS 9 CHALLENGE,,,,,N,,,N,,,,,,,0
MMA--09C--,,,MATHEMATICS 9 CHALLENGE,,,,,N,,,N,,,,,,,0
MPHE-09B--,,,PHYSICAL AND HEALTH EDUCATION 9 Boys,,,,,N,,,N,,,,,,,0
MSC--09C--,,,SCIENCE 9: CHALLENGE,,,,,N,,,N,,,,,,,0
MSP--09---,,,SPANISH 9,,,,,N,,,N,,,,,,,0
MSS--09C--,,,SOCIAL STUDIES 9 CHALLENGE,,,,,N,,,N,,,,,,,0
XLDCB09M--,,,TECH ED 9: MECHANICS LD,,,,,N,,,N,,,,,,,0
ID,1839,Grade,8,,,,,,,,,,,,,,,
Course,,,,Description,,,Recommended,,,Alternate,,,,Alternate Courses,,,,Credit
MADGE09---,,,ADST 9 - General Explorations (Modules),,,,,N,,,Y,,,,,,,0
MADW-09---,,,ADST - Woodwork 9,,,,,N,,,N,,,,,,,0
MEN--09---,,,ENGLISH LANGUAGE ARTS 9,,,,,N,,,N,,,,,,,0
MFR--09---,,,FRENCH 9,,,,,N,,,Y,,,,,,,0
MPHE-09G--,,,PHYSICAL AND HEALTH EDUCATION 9 Girls,,,,,N,,,N,,,,,,,0
MSC--09---,,,SCIENCE 9,,,,,N,,,N,,,,,,,0
MSS--09---,,,SOCIAL STUDIES 9,,,,,N,,,N,,,,,,,0
MVA--09---,,,VISUAL ARTS 9,,,,,N,,,N,,,,,,,0
XBA--09G--,,,CONCERT BAND 9 - Guitar,,,,,N,,,N,,,,,,,0
XC---09--L,,,CONCERT CHOIR 9 Linear,,,,,N,,,N,,,,,,,0
XLDCE09NM-,,,NUMERACY 9,,,,,N,,,N,,,,,,,0
ID,1840,Grade,8,,,,,,,,,,,,,,,
Course,,,,Description,,,Recommended,,,Alternate,,,,Alternate Courses,,,,Credit
MADD-09---,,,ADST - Drafting 9,,,,,N,,,N,,,,,,,0
MADEM10---,,,ADST ? ENTREPRENEURSHIP AND MARKETING 10,,,,,N,,,Y,,,,,,,4
MADER09---,,,ADST - Electronics and Robotics,,,,,N,,,N,,,,,,,0
MADGE09---,,,ADST 9 - General Explorations (Modules),,,,,N,,,Y,,,,,,,0
MEN--09---,,,ENGLISH LANGUAGE ARTS 9,,,,,N,,,N,,,,,,,0
MMA--09H--,,,MATHEMATICS 9 HONOURS,,,,,N,,,N,,,,,,,0
MPHE-09---,,,PHYSICAL AND HEALTH EDUCATION 9,,,,,N,,,N,,,,,,,0
MSC--09---,,,SCIENCE 9,,,,,N,,,N,,,,,,,0
MSS--09---,,,SOCIAL STUDIES 9,,,,,N,,,N,,,,,,,0
XBA--09G--,,,CONCERT BAND 9 - Guitar,,,,,N,,,N,,,,,,,0
ID,1841,Grade,8,,,,,,,,,,,,,,,
Course,,,,Description,,,Recommended,,,Alternate,,,,Alternate Courses,,,,Credit
MADEM10---,,,ADST ? ENTREPRENEURSHIP AND MARKETING 10,,,,,N,,,Y,,,,,,,4
MADW-09---,,,ADST - Woodwork 9,,,,,N,,,Y,,,,,,,0
MEN--09---,,,ENGLISH LANGUAGE ARTS 9,,,,,N,,,N,,,,,,,0
MFR--09---,,,FRENCH 9,,,,,N,,,N,,,,,,,0
MMA--09H--,,,MATHEMATICS 9 HONOURS,,,,,N,,,N,,,,,,,0
MPHE-09B--,,,PHYSICAL AND HEALTH EDUCATION 9 Boys,,,,,N,,,N,,,,,,,0
MSC--09---,,,SCIENCE 9,,,,,N,,,N,,,,,,,0
MSP--09---,,,SPANISH 9,,,,,N,,,N,,,,,,,0
MSS--09---,,,SOCIAL STUDIES 9,,,,,N,,,N,,,,,,,0
XBA--09G--,,,CONCERT BAND 9 - Guitar,,,,,N,,,N,,,,,,,0
ID,1842,Grade,8,,,,,,,,,,,,,,,
Course,,,,Description,,,Recommended,,,Alternate,,,,Alternate Courses,,,,Credit
MADD-09---,,,ADST - Drafting 9,,,,,N,,,Y,,,,,,,0
MADER09---,,,ADST - Electronics and Robotics,,,,,N,,,Y,,,,,,,0
MADGE09---,,,ADST 9 - General Explorations (Modules),,,,,N,,,N,,,,,,,0
MEN--09E--,,,ENGLISH 9 FOR ELL,,,,,N,,,N,,,,,,,0
MMA--09---,,,MATHEMATICS 9,,,,,N,,,N,,,,,,,0
MPHE-09B--,,,PHYSICAL AND HEALTH EDUCATION 9 Boys,,,,,N,,,N,,,,,,,0
MSC--09---,,,SCIENCE 9,,,,,N,,,N,,,,,,,0
MSS--09---,,,SOCIAL STUDIES 9,,,,,N,,,N,,,,,,,0
MVA--09---,,,VISUAL ARTS 9,,,,,N,,,N,,,,,,,0
MWBDV10IT-,,,Information and Communications Technologies 10,,,,,N,,,N,,,,,,,4
ID,1843,Grade,8,,,,,,,,,,,,,,,
Course,,,,Description,,,Recommended,,,Alternate,,,,Alternate Courses,,,,Credit
MDNC-09C-L,,,DANCE 9 Choreography Linear,,,,,N,,,N,,,,,,,0
MDNC-09H--,,,DANCE 9 HIP HOP,,,,,N,,,Y,,,,,,,0
MDNC-09M-L,,,DANCE 9 Company: Platform 61 Linear,,,,,N,,,N,,,,,,,0
MDNC-09PT-,,,DANCE 9 Performance and Technique,,,,,N,,,N,,,,,,,0
MEN--09---,,,ENGLISH LANGUAGE ARTS 9,,,,,N,,,N,,,,,,,0
MFR--09---,,,FRENCH 9,,,,,N,,,N,,,,,,,0
MMA--09---,,,MATHEMATICS 9,,,,,N,,,N,,,,,,,0
MPHE-09G--,,,PHYSICAL AND HEALTH EDUCATION 9 Girls,,,,,N,,,N,,,,,,,0
MSC--09---,,,SCIENCE 9,,,,,N,,,N,,,,,,,0
MSS--09---,,,SOCIAL STUDIES 9,,,,,N,,,N,,,,,,,0
MVA--09---,,,VISUAL ARTS 9,,,,,N,,,N,,,,,,,0
ID,1844,Grade,8,,,,,,,,,,,,,,,
Course,,,,Description,,,Recommended,,,Alternate,,,,Alternate Courses,,,,Credit
MADEM10---,,,ADST ? ENTREPRENEURSHIP AND MARKETING 10,,,,,N,,,N,,,,,,,4
MADT-09---,,,ADST - Textiles 9,,,,,N,,,Y,,,,,,,0
MDNC-09F--,,,DANCE 9 Foundations,,,,,N,,,N,,,,,,,0
MEN--09---,,,ENGLISH LANGUAGE ARTS 9,,,,,N,,,N,,,,,,,0
MFR--09---,,,FRENCH 9,,,,,N,,,N,,,,,,,0
MMA--09---,,,MATHEMATICS 9,,,,,N,,,N,,,,,,,0
MPHE-09G--,,,PHYSICAL AND HEALTH EDUCATION 9 Girls,,,,,N,,,N,,,,,,,0
MSC--09---,,,SCIENCE 9,,,,,N,,,N,,,,,,,0
MSS--09---,,,SOCIAL STUDIES 9,,,,,N,,,N,,,,,,,0
MVA--09---,,,VISUAL ARTS 9,,,,,N,,,Y,,,,,,,0
ID,1845,Grade,8,,,,,,,,,,,,,,,
Course,,,,Description,,,Recommended,,,Alternate,,,,Alternate Courses,,,,Credit
MADD-09---,,,ADST - Drafting 9,,,,,N,,,Y,,,,,,,0
MDNC-09PT-,,,DANCE 9 Performance and Technique,,,,,N,,,N,,,,,,,0
MEN--09C--,,,ENGLISH LANGUAGE ARTS 9 CHALLENGE,,,,,N,,,N,,,,,,,0
MFR--09---,,,FRENCH 9,,,,,N,,,N,,,,,,,0
MMA--09C--,,,MATHEMATICS 9 CHALLENGE,,,,,N,,,N,,,,,,,0
MPHE-09---,,,PHYSICAL AND HEALTH EDUCATION 9,,,,,N,,,N,,,,,,,0
MSC--09C--,,,SCIENCE 9: CHALLENGE,,,,,N,,,N,,,,,,,0
MSS--09C--,,,SOCIAL STUDIES 9 CHALLENGE,,,,,N,,,N,,,,,,,0
MVA--09---,,,VISUAL ARTS 9,,,,,N,,,N,,,,,,,0
MWBDV10IT-,,,Information and Communications Technologies 10,,,,,N,,,Y,,,,,,,4
XC---09--L,,,CONCERT CHOIR 9 Linear,,,,,N,,,N,,,,,,,0
ID,1846,Grade,8,,,,,,,,,,,,,,,
Course,,,,Description,,,Recommended,,,Alternate,,,,Alternate Courses,,,,Credit
MADD-09---,,,ADST - Drafting 9,,,,,N,,,Y,,,,,,,0
MADGE09---,,,ADST 9 - General Explorations (Modules),,,,,N,,,Y,,,,,,,0
MDNC-09F--,,,DANCE 9 Foundations,,,,,N,,,N,,,,,,,0
MEN--09---,,,ENGLISH LANGUAGE ARTS 9,,,,,N,,,N,,,,,,,0
MMA--09---,,,MATHEMATICS 9,,,,,N,,,N,,,,,,,0
MPHE-09G--,,,PHYSICAL AND HEALTH EDUCATION 9 Girls,,,,,N,,,N,,,,,,,0
MSC--09---,,,SCIENCE 9,,,,,N,,,N,,,,,,,0
MSS--09---,,,SOCIAL STUDIES 9,,,,,N,,,N,,,,,,,0
MVA--09---,,,VISUAL ARTS 9,,,,,N,,,N,,,,,,,0
MWBDV10IT-,,,Information and Communications Technologies 10,,,,,N,,,N,,,,,,,4
ID,1847,Grade,8,,,,,,,,,,,,,,,
Course,,,,Description,,,Recommended,,,Alternate,,,,Alternate Courses,,,,Credit
MADD-09---,,,ADST - Drafting 9,,,,,N,,,N,,,,,,,0
MADEM10---,,,ADST ? ENTREPRENEURSHIP AND MARKETING 10,,,,,N,,,Y,,,,,,,4
MADER09---,,,ADST - Electronics and Robotics,,,,,N,,,Y,,,,,,,0
MADGE09---,,,ADST 9 - General Explorations (Modules),,,,,N,,,N,,,,,,,0
MEN--09C--,,,ENGLISH LANGUAGE ARTS 9 CHALLENGE,,,,,N,,,N,,,,,,,0
MMA--09C--,,,MATHEMATICS 9 CHALLENGE,,,,,N,,,N,,,,,,,0
MPHE-09---,,,PHYSICAL AND HEALTH EDUCATION 9,,,,,N,,,N,,,,,,,0
MSC--09C--,,,SCIENCE 9: CHALLENGE,,,,,N,,,N,,,,,,,0
MSS--09C--,,,SOCIAL STUDIES 9 CHALLENGE,,,,,N,,,N,,,,,,,0
MWBDV10IT-,,,Information and Communications Technologies 10,,,,,N,,,N,,,,,,,4
ID,1848,Grade,8,,,,,,,,,,,,,,,
Course,,,,Description,,,Recommended,,,Alternate,,,,Alternate Courses,,,,Credit
MDR--09---,,,DRAMA 9,,,,,N,,,Y,,,,,,,0
MEN--09---,,,ENGLISH LANGUAGE ARTS 9,,,,,N,,,N,,,,,,,0
MMA--09---,,,MATHEMATICS 9,,,,,N,,,N,,,,,,,0
MPHE-09G--,,,PHYSICAL AND HEALTH EDUCATION 9 Girls,,,,,N,,,N,,,,,,,0
MPHE-09Y--,,,PHYSICAL AND HEALTH EDUCATION 9 Yoga for Mindfulns,,,,,N,,,N,,,,,,,0
ID,1849,Grade,8,,,,,,,,,,,,,,,
Course,,,,Description,,,Recommended,,,Alternate,,,,Alternate Courses,,,,Credit
MADEM10---,,,ADST ? ENTREPRENEURSHIP AND MARKETING 10,,,,,N,,,N,,,,,,,4
MADT-09---,,,ADST - Textiles 9,,,,,N,,,N,,,,,,,0
MDR--09---,,,DRAMA 9,,,,,N,,,Y,,,,,,,0
MEN--09---,,,ENGLISH LANGUAGE ARTS 9,,,,,N,,,N,,,,,,,0
MFR--09---,,,FRENCH 9,,,,,N,,,N,,,,,,,0
MMA--09---,,,MATHEMATICS 9,,,,,N,,,N,,,,,,,0
MPHE-09---,,,PHYSICAL AND HEALTH EDUCATION 9,,,,,N,,,N,,,,,,,0
MSC--09---,,,SCIENCE 9,,,,,N,,,N,,,,,,,0
MSS--09---,,,SOCIAL STUDIES 9,,,,,N,,,N,,,,,,,0
MVA--09---,,,VISUAL ARTS 9,,,,,N,,,Y,,,,,,,0
XC---09--L,,,CONCERT CHOIR 9 Linear,,,,,N,,,N,,,,,,,0
ID,1850,Grade,8,,,,,,,,,,,,,,,
Course,,,,Description,,,Recommended,,,Alternate,,,,Alternate Courses,,,,Credit
MADD-09---,,,ADST - Drafting 9,,,,,N,,,N,,,,,,,0
MADEM10---,,,ADST ? ENTREPRENEURSHIP AND MARKETING 10,,,,,N,,,Y,,,,,,,4
MADT-09---,,,ADST - Textiles 9,,,,,N,,,N,,,,,,,0
MADW-09---,,,ADST - Woodwork 9,,,,,N,,,Y,,,,,,,0
MEN--09---,,,ENGLISH LANGUAGE ARTS 9,,,,,N,,,N,,,,,,,0
MMA--09H--,,,MATHEMATICS 9 HONOURS,,,,,N,,,N,,,,,,,0
MPHE-09G--,,,PHYSICAL AND HEALTH EDUCATION 9 Girls,,,,,N,,,N,,,,,,,0
MSC--09---,,,SCIENCE 9,,,,,N,,,N,,,,,,,0
MSS--09---,,,SOCIAL STUDIES 9,,,,,N,,,N,,,,,,,0
MVA--09---,,,VISUAL ARTS 9,,,,,N,,,N,,,,,,,0
XLDCB09S-L,,,STRINGS 9 LINEAR,,,,,N,,,N,,,,,,,0
ID,1851,Grade,8,,,,,,,,,,,,,,,
Course,,,,Description,,,Recommended,,,Alternate,,,,Alternate Courses,,,,Credit
MADD-09---,,,ADST - Drafting 9,,,,,N,,,N,,,,,,,0
MADER09---,,,ADST - Electronics and Robotics,,,,,N,,,Y,,,,,,,0
MADGE09---,,,ADST 9 - General Explorations (Modules),,,,,N,,,Y,,,,,,,0
MEN--09---,,,ENGLISH LANGUAGE ARTS 9,,,,,N,,,N,,,,,,,0
MMA--09H--,,,MATHEMATICS 9 HONOURS,,,,,N,,,N,,,,,,,0
MPHE-09--L,,,PHYSICAL AND HEALTH EDUCATION 9 Linear,,,,,N,,,N,,,,,,,0
MSC--09---,,,SCIENCE 9,,,,,N,,,N,,,,,,,0
MSS--09---,,,SOCIAL STUDIES 9,,,,,N,,,N,,,,,,,0
MWBDV10IT-,,,Information and Communications Technologies 10,,,,,N,,,N,,,,,,,4
XBA--09C-L,,,CONCERT BAND 9 Linear,,,,,N,,,N,,,,,,,0
ID,1852,Grade,8,,,,,,,,,,,,,,,
Course,,,,Description,,,Recommended,,,Alternate,,,,Alternate Courses,,,,Credit
MADD-09---,,,ADST - Drafting 9,,,,,N,,,N,,,,,,,0
MADT-09---,,,ADST - Textiles 9,,,,,N,,,Y,,,,,,,0
MADW-09---,,,ADST - Woodwork 9,,,,,N,,,N,,,,,,,0
MEN--09E--,,,ENGLISH 9 FOR ELL,,,,,N,,,N,,,,,,,0
MFR--09---,,,FRENCH 9,,,,,N,,,Y,,,,,,,0
MPHE-09G--,,,PHYSICAL AND HEALTH EDUCATION 9 Girls,,,,,N,,,N,,,,,,,0
MSC--09---,,,SCIENCE 9,,,,,N,,,N,,,,,,,0
MSS--09---,,,SOCIAL STUDIES 9,,,,,N,,,N,,,,,,,0
MVA--09---,,,VISUAL ARTS 9,,,,,N,,,N,,,,,,,0
XLDCE09NM-,,,NUMERACY 9,,,,,N,,,N,,,,,,,0
ID,1853,Grade,8,,,,,,,,,,,,,,,
Course,,,,Description,,,Recommended,,,Alternate,,,,Alternate Courses,,,,Credit
MADT-09---,,,ADST - Textiles 9,,,,,N,,,Y,,,,,,,0
MDNC-09H--,,,DANCE 9 HIP HOP,,,,,N,,,N,,,,,,,0
MEN--09---,,,ENGLISH LANGUAGE ARTS 9,,,,,N,,,N,,,,,,,0
MFR--09---,,,FRENCH 9,,,,,N,,,Y,,,,,,,0
MMA--09---,,,MATHEMATICS 9,,,,,N,,,N,,,,,,,0
MPHE-09G--,,,PHYSICAL AND HEALTH EDUCATION 9 Girls,,,,,N,,,N,,,,,,,0
MSC--09---,,,SCIENCE 9,,,,,N,,,N,,,,,,,0
MSP--09---,,,SPANISH 9,,,,,N,,,N,,,,,,,0
MSS--09---,,,SOCIAL STUDIES 9,,,,,N,,,N,,,,,,,0
MWBDV10IT-,,,Information and Communications Technologies 10,,,,,N,,,N,,,,,,,4
ID,1854,Grade,8,,,,,,,,,,,,,,,
Course,,,,Description,,,Recommended,,,Alternate,,,,Alternate Courses,,,,Credit
MDNC-09PT-,,,DANCE 9 Performance and Technique,,,,,N,,,Y,,,,,,,0
MEN--09E--,,,ENGLISH 9 FOR ELL,,,,,N,,,N,,,,,,,0
MFR--09---,,,FRENCH 9,,,,,N,,,Y,,,,,,,0
MMA--09H--,,,MATHEMATICS 9 HONOURS,,,,,N,,,N,,,,,,,0
MPHE-09G--,,,PHYSICAL AND HEALTH EDUCATION 9 Girls,,,,,N,,,N,,,,,,,0
MSC--09---,,,SCIENCE 9,,,,,N,,,N,,,,,,,0
MSS--09---,,,SOCIAL STUDIES 9,,,,,N,,,N,,,,,,,0
MVA--09---,,,VISUAL ARTS 9,,,,,N,,,N,,,,,,,0
XBA--09G--,,,CONCERT BAND 9 - Guitar,,,,,N,,,N,,,,,,,0
XLDCB09LS-,,,LEARNING STRATEGIES 9 LD,,,,,N,,,N,,,,,,,0
ID,1855,Grade,8,,,,,,,,,,,,,,,
Course,,,,Description,,,Recommended,,,Alternate,,,,Alternate Courses,,,,Credit
MADEM10---,,,ADST ? ENTREPRENEURSHIP AND MARKETING 10,,,,,N,,,N,,,,,,,4
MADGE09---,,,ADST 9 - General Explorations (Modules),,,,,N,,,N,,,,,,,0
MEN--09C--,,,ENGLISH LANGUAGE ARTS 9 CHALLENGE,,,,,N,,,N,,,,,,,0
MMA--09C--,,,MATHEMATICS 9 CHALLENGE,,,,,N,,,N,,,,,,,0
MPHE-09---,,,PHYSICAL AND HEALTH EDUCATION 9,,,,,N,,,N,,,,,,,0
MSC--09C--,,,SCIENCE 9: CHALLENGE,,,,,N,,,N,,,,,,,0
MSS--09C--,,,SOCIAL STUDIES 9 CHALLENGE,,,,,N,,,N,,,,,,,0
MVA--09---,,,VISUAL ARTS 9,,,,,N,,,Y,,,,,,,0
XBA--09C-L,,,CONCERT BAND 9 Linear,,,,,N,,,Y,,,,,,,0
XLDCB09M--,,,TECH ED 9: MECHANICS LD,,,,,N,,,N,,,,,,,0
XLDCB09S-L,,,STRINGS 9 LINEAR,,,,,N,,,N,,,,,,,0
ID,1856,Grade,8,,,,,,,,,,,,,,,
Course,,,,Description,,,Recommended,,,Alternate,,,,Alternate Courses,,,,Credit
MADER09---,,,ADST - Electronics and Robotics,,,,,N,,,Y,,,,,,,0
MADGE09---,,,ADST 9 - General Explorations (Modules),,,,,N,,,N,,,,,,,0
MEN--09C--,,,ENGLISH LANGUAGE ARTS 9 CHALLENGE,,,,,N,,,N,,,,,,,0
MFR--11---,,,FRENCH 11,,,,,N,,,N,,,,,,,4
MMA--09C--,,,MATHEMATICS 9 CHALLENGE,,,,,N,,,N,,,,,,,0
MPHE-09---,,,PHYSICAL AND HEALTH EDUCATION 9,,,,,N,,,N,,,,,,,0
MSC--09C--,,,SCIENCE 9: CHALLENGE,,,,,N,,,N,,,,,,,0
MSS--09C--,,,SOCIAL STUDIES 9 CHALLENGE,,,,,N,,,N,,,,,,,0
MWBDV10IT-,,,Information and Communications Technologies 10,,,,,N,,,N,,,,,,,4
XLDCB09LS-,,,LEARNING STRATEGIES 9 LD,,,,,N,,,Y,,,,,,,0
ID,1857,Grade,8,,,,,,,,,,,,,,,
Course,,,,Description,,,Recommended,,,Alternate,,,,Alternate Courses,,,,Credit
MADEM10---,,,ADST ? ENTREPRENEURSHIP AND MARKETING 10,,,,,N,,,Y,,,,,,,4
MADER09---,,,ADST - Electronics and Robotics,,,,,N,,,N,,,,,,,0
MDNC-09H--,,,DANCE 9 HIP HOP,,,,,N,,,N,,,,,,,0
MDR--09---,,,DRAMA 9,,,,,N,,,Y,,,,,,,0
MEN--09C--,,,ENGLISH LANGUAGE ARTS 9 CHALLENGE,,,,,N,,,N,,,,,,,0
MFR--09---,,,FRENCH 9,,,,,N,,,N,,,,,,,0
MMA--09C--,,,MATHEMATICS 9 CHALLENGE,,,,,N,,,N,,,,,,,0
MPHE-09B--,,,PHYSICAL AND HEALTH EDUCATION 9 Boys,,,,,N,,,N,,,,,,,0
MSC--09C--,,,SCIENCE 9: CHALLENGE,,,,,N,,,N,,,,,,,0
MSS--09C--,,,SOCIAL STUDIES 9 CHALLENGE,,,,,N,,,N,,,,,,,0
ID,1858,Grade,8,,,,,,,,,,,,,,,
Course,,,,Description,,,Recommended,,,Alternate,,,,Alternate Courses,,,,Credit
MADD-09---,,,ADST - Drafting 9,,,,,N,,,Y,,,,,,,0
MADER09---,,,ADST - Electronics and Robotics,,,,,N,,,Y,,,,,,,0
MADGE09---,,,ADST 9 - General Explorations (Modules),,,,,N,,,N,,,,,,,0
MEN--09---,,,ENGLISH LANGUAGE ARTS 9,,,,,N,,,N,,,,,,,0
MFR--09---,,,FRENCH 9,,,,,N,,,N,,,,,,,0
MMA--09---,,,MATHEMATICS 9,,,,,N,,,N,,,,,,,0
MPHE-09---,,,PHYSICAL AND HEALTH EDUCATION 9,,,,,N,,,N,,,,,,,0
MSC--09---,,,SCIENCE 9,,,,,N,,,N,,,,,,,0
MSS--09---,,,SOCIAL STUDIES 9,,,,,N,,,N,,,,,,,0
MWBDV10IT-,,,Information and Communications Technologies 10,,,,,N,,,N,,,,,,,4
ID,1859,Grade,8,,,,,,,,,,,,,,,
Course,,,,Description,,,Recommended,,,Alternate,,,,Alternate Courses,,,,Credit
MADEM10---,,,ADST ? ENTREPRENEURSHIP AND MARKETING 10,,,,,N,,,N,,,,,,,4
MADGE09---,,,ADST 9 - General Explorations (Modules),,,,,N,,,Y,,,,,,,0
MEN--09C--,,,ENGLISH LANGUAGE ARTS 9 CHALLENGE,,,,,N,,,N,,,,,,,0
MMA--09C--,,,MATHEMATICS 9 CHALLENGE,,,,,N,,,N,,,,,,,0
MPHE-09B--,,,PHYSICAL AND HEALTH EDUCATION 9 Boys,,,,,N,,,N,,,,,,,0
MSC--09C--,,,SCIENCE 9: CHALLENGE,,,,,N,,,N,,,,,,,0
MSP--09---,,,SPANISH 9,,,,,N,,,N,,,,,,,0
MSS--09C--,,,SOCIAL STUDIES 9 CHALLENGE,,,,,N,,,N,,,,,,,0
MVA--09---,,,VISUAL ARTS 9,,,,,N,,,Y,,,,,,,0
MWBDV10IT-,,,Information and Communications Technologies 10,,,,,N,,,N,,,,,,,4
ID,1860,Grade,8,,,,,,,,,,,,,,,
Course,,,,Description,,,Recommended,,,Alternate,,,,Alternate Courses,,,,Credit
MADER09---,,,ADST - Electronics and Robotics,,,,,N,,,Y,,,,,,,0
MADW-09---,,,ADST - Woodwork 9,,,,,N,,,Y,,,,,,,0
MEN--09---,,,ENGLISH LANGUAGE ARTS 9,,,,,N,,,N,,,,,,,0
MPHE-09--L,,,PHYSICAL AND HEALTH EDUCATION 9 Linear,,,,,N,,,N,,,,,,,0
MSC--09---,,,SCIENCE 9,,,,,N,,,N,,,,,,,0
MSS--09---,,,SOCIAL STUDIES 9,,,,,N,,,N,,,,,,,0
MVA--09---,,,VISUAL ARTS 9,,,,,N,,,N,,,,,,,0
XBA--09G--,,,CONCERT BAND 9 - Guitar,,,,,N,,,Y,,,,,,,0
XLDCB09LSL,,,LEARNING STRATEGIES 9 LD LINEAR,,,,,N,,,N,,,,,,,0
XLDCB09M--,,,TECH ED 9: MECHANICS LD,,,,,N,,,N,,,,,,,0
XLDCE09NM-,,,NUMERACY 9,,,,,N,,,N,,,,,,,0
ID,1861,Grade,8,,,,,,,,,,,,,,,
Course,,,,Description,,,Recommended,,,Alternate,,,,Alternate Courses,,,,Credit
MADER09---,,,ADST - Electronics and Robotics,,,,,N,,,Y,,,,,,,0
MADGE09---,,,ADST 9 - General Explorations (Modules),,,,,N,,,N,,,,,,,0
MEN--09---,,,ENGLISH LANGUAGE ARTS 9,,,,,N,,,N,,,,,,,0
MMA--09H--,,,MATHEMATICS 9 HONOURS,,,,,N,,,N,,,,,,,0
MPHE-09---,,,PHYSICAL AND HEALTH EDUCATION 9,,,,,N,,,N,,,,,,,0
MSC--09---,,,SCIENCE 9,,,,,N,,,N,,,,,,,0
MSS--09---,,,SOCIAL STUDIES 9,,,,,N,,,N,,,,,,,0
MVA--09---,,,VISUAL ARTS 9,,,,,N,,,N,,,,,,,0
XLDCB09M--,,,TECH ED 9: MECHANICS LD,,,,,N,,,N,,,,,,,0
ID,1862,Grade,8,,,,,,,,,,,,,,,
Course,,,,Description,,,Recommended,,,Alternate,,,,Alternate Courses,,,,Credit
MADD-09---,,,ADST - Drafting 9,,,,,N,,,Y,,,,,,,0
MADGE09---,,,ADST 9 - General Explorations (Modules),,,,,N,,,Y,,,,,,,0
MADW-09---,,,ADST - Woodwork 9,,,,,N,,,N,,,,,,,0
MEN--09---,,,ENGLISH LANGUAGE ARTS 9,,,,,N,,,N,,,,,,,0
MMA--09H--,,,MATHEMATICS 9 HONOURS,,,,,N,,,N,,,,,,,0
MPHE-09--L,,,PHYSICAL AND HEALTH EDUCATION 9 Linear,,,,,N,,,N,,,,,,,0
MSC--09---,,,SCIENCE 9,,,,,N,,,N,,,,,,,0
MSS--09---,,,SOCIAL STUDIES 9,,,,,N,,,N,,,,,,,0
XBA--09C-L,,,CONCERT BAND 9 Linear,,,,,N,,,N,,,,,,,0
XBA--09G--,,,CONCERT BAND 9 - Guitar,,,,,N,,,N,,,,,,,0
ID,1863,Grade,8,,,,,,,,,,,,,,,
Course,,,,Description,,,Recommended,,,Alternate,,,,Alternate Courses,,,,Credit
MADD-09---,,,ADST - Drafting 9,,,,,N,,,N,,,,,,,0
MADW-09---,,,ADST - Woodwork 9,,,,,N,,,Y,,,,,,,0
MDR--09---,,,DRAMA 9,,,,,N,,,Y,,,,,,,0
MEN--09E--,,,ENGLISH 9 FOR ELL,,,,,N,,,N,,,,,,,0
MMA--09---,,,MATHEMATICS 9,,,,,N,,,N,,,,,,,0
MPHE-09G--,,,PHYSICAL AND HEALTH EDUCATION 9 Girls,,,,,N,,,N,,,,,,,0
MPHE-09Y--,,,PHYSICAL AND HEALTH EDUCATION 9 Yoga for Mindfulns,,,,,N,,,N,,,,,,,0
MSC--09---,,,SCIENCE 9,,,,,N,,,N,,,,,,,0
MSS--09---,,,SOCIAL STUDIES 9,,,,,N,,,N,,,,,,,0
MVA--09---,,,VISUAL ARTS 9,,,,,N,,,N,,,,,,,0
ID,1864,Grade,8,,,,,,,,,,,,,,,
Course,,,,Description,,,Recommended,,,Alternate,,,,Alternate Courses,,,,Credit
MADEM10---,,,ADST ? ENTREPRENEURSHIP AND MARKETING 10,,,,,N,,,N,,,,,,,4
MADGE09---,,,ADST 9 - General Explorations (Modules),,,,,N,,,Y,,,,,,,0
MADT-09---,,,ADST - Textiles 9,,,,,N,,,N,,,,,,,0
MEN--09---,,,ENGLISH LANGUAGE ARTS 9,,,,,N,,,N,,,,,,,0
MMA--09---,,,MATHEMATICS 9,,,,,N,,,N,,,,,,,0
MPHE-09G--,,,PHYSICAL AND HEALTH EDUCATION 9 Girls,,,,,N,,,N,,,,,,,0
MSC--09---,,,SCIENCE 9,,,,,N,,,N,,,,,,,0
MSS--09---,,,SOCIAL STUDIES 9,,,,,N,,,N,,,,,,,0
MVA--09---,,,VISUAL ARTS 9,,,,,N,,,N,,,,,,,0
ID,1865,Grade,8,,,,,,,,,,,,,,,
Course,,,,Description,,,Recommended,,,Alternate,,,,Alternate Courses,,,,Credit
MDR--09---,,,DRAMA 9,,,,,N,,,Y,,,,,,,0
MEN--09---,,,ENGLISH LANGUAGE ARTS 9,,,,,N,,,N,,,,,,,0
MFR--11---,,,FRENCH 11,,,,,N,,,N,,,,,,,4
MMA--09---,,,MATHEMATICS 9,,,,,N,,,N,,,,,,,0
MPHE-09G--,,,PHYSICAL AND HEALTH EDUCATION 9 Girls,,,,,N,,,N,,,,,,,0
MSC--09---,,,SCIENCE 9,,,,,N,,,N,,,,,,,0
MSS--09---,,,SOCIAL STUDIES 9,,,,,N,,,N,,,,,,,0
MVA--09---,,,VISUAL ARTS 9,,,,,N,,,N,,,,,,,0
MWBDV10IT-,,,Information and Communications Technologies 10,,,,,N,,,N,,,,,,,4
ID,1866,Grade,8,,,,,,,,,,,,,,,
Course,,,,Description,,,Recommended,,,Alternate,,,,Alternate Courses,,,,Credit
MADEM10---,,,ADST ? ENTREPRENEURSHIP AND MARKETING 10,,,,,N,,,N,,,,,,,4
MDNC-09C-L,,,DANCE 9 Choreography Linear,,,,,N,,,N,,,,,,,0
MDNC-09H--,,,DANCE 9 HIP HOP,,,,,N,,,Y,,,,,,,0
MDNC-09M-L,,,DANCE 9 Company: Platform 61 Linear,,,,,N,,,N,,,,,,,0
MDNC-09PT-,,,DANCE 9 Performance and Technique,,,,,N,,,N,,,,,,,0
MEN--09C--,,,ENGLISH LANGUAGE ARTS 9 CHALLENGE,,,,,N,,,N,,,,,,,0
MFR--09---,,,FRENCH 9,,,,,N,,,N,,,,,,,0
MMA--09C--,,,MATHEMATICS 9 CHALLENGE,,,,,N,,,N,,,,,,,0
MPHE-09---,,,PHYSICAL AND HEALTH EDUCATION 9,,,,,N,,,N,,,,,,,0
MSC--09C--,,,SCIENCE 9: CHALLENGE,,,,,N,,,N,,,,,,,0
MSS--09C--,,,SOCIAL STUDIES 9 CHALLENGE,,,,,N,,,N,,,,,,,0
MWBDV10IT-,,,Information and Communications Technologies 10,,,,,N,,,Y,,,,,,,4
ID,1867,Grade,8,,,,,,,,,,,,,,,
Course,,,,Description,,,Recommended,,,Alternate,,,,Alternate Courses,,,,Credit
MADEM10---,,,ADST ? ENTREPRENEURSHIP AND MARKETING 10,,,,,N,,,Y,,,,,,,4
MADER09---,,,ADST - Electronics and Robotics,,,,,N,,,N,,,,,,,0
MADGE09---,,,ADST 9 - General Explorations (Modules),,,,,N,,,N,,,,,,,0
MEN--09---,,,ENGLISH LANGUAGE ARTS 9,,,,,N,,,N,,,,,,,0
MMA--09---,,,MATHEMATICS 9,,,,,N,,,N,,,,,,,0
MPHE-09--L,,,PHYSICAL AND HEALTH EDUCATION 9 Linear,,,,,N,,,N,,,,,,,0
MSC--09---,,,SCIENCE 9,,,,,N,,,N,,,,,,,0
MSS--09---,,,SOCIAL STUDIES 9,,,,,N,,,N,,,,,,,0
XBA--09C-L,,,CONCERT BAND 9 Linear,,,,,N,,,N,,,,,,,0
XBA--09G--,,,CONCERT BAND 9 - Guitar,,,,,N,,,Y,,,,,,,0
XBA--09J-L,,,JAZZ BAND 9 LINEAR,,,,,N,,,N,,,,,,,0
ID,1868,Grade,8,,,,,,,,,,,,,,,
Course,,,,Description,,,Recommended,,,Alternate,,,,Alternate Courses,,,,Credit
MADD-09---,,,ADST - Drafting 9,,,,,N,,,N,,,,,,,0
MADER09---,,,ADST - Electronics and Robotics,,,,,N,,,N,,,,,,,0
MADGE09---,,,ADST 9 - General Explorations (Modules),,,,,N,,,Y,,,,,,,0
MADW-09---,,,ADST - Woodwork 9,,,,,N,,,Y,,,,,,,0
MEN--09---,,,ENGLISH LANGUAGE ARTS 9,,,,,N,,,N,,,,,,,0
MMA--09---,,,MATHEMATICS 9,,,,,N,,,N,,,,,,,0
MPHE-09---,,,PHYSICAL AND HEALTH EDUCATION 9,,,,,N,,,N,,,,,,,0
MSC--09---,,,SCIENCE 9,,,,,N,,,N,,,,,,,0
MSS--09---,,,SOCIAL STUDIES 9,,,,,N,,,N,,,,,,,0
XLDCB09M--,,,TECH ED 9: MECHANICS LD,,,,,N,,,N,,,,,,,0
ID,1869,Grade,8,,,,,,,,,,,,,,,
Course,,,,Description,,,Recommended,,,Alternate,,,,Alternate Courses,,,,Credit
MADEM10---,,,ADST ? ENTREPRENEURSHIP AND MARKETING 10,,,,,N,,,N,,,,,,,4
MADT-09---,,,ADST - Textiles 9,,,,,N,,,Y,,,,,,,0
MDNC-09C-L,,,DANCE 9 Choreography Linear,,,,,N,,,N,,,,,,,0
MDNC-09H--,,,DANCE 9 HIP HOP,,,,,N,,,N,,,,,,,0
MDNC-09M-L,,,DANCE 9 Company: Platform 61 Linear,,,,,N,,,N,,,,,,,0
MDR--09---,,,DRAMA 9,,,,,N,,,Y,,,,,,,0
MEN--09---,,,ENGLISH LANGUAGE ARTS 9,,,,,N,,,N,,,,,,,0
MFR--09---,,,FRENCH 9,,,,,N,,,N,,,,,,,0
MMA--09---,,,MATHEMATICS 9,,,,,N,,,N,,,,,,,0
MPHE-09G--,,,PHYSICAL AND HEALTH EDUCATION 9 Girls,,,,,N,,,N,,,,,,,0
MSC--09---,,,SCIENCE 9,,,,,N,,,N,,,,,,,0
MSS--09---,,,SOCIAL STUDIES 9,,,,,N,,,N,,,,,,,0
ID,1870,Grade,8,,,,,,,,,,,,,,,
Course,,,,Description,,,Recommended,,,Alternate,,,,Alternate Courses,,,,Credit
MADEM10---,,,ADST ? ENTREPRENEURSHIP AND MARKETING 10,,,,,N,,,N,,,,,,,4
MDNC-09C-L,,,DANCE 9 Choreography Linear,,,,,N,,,N,,,,,,,0
MDNC-09H--,,,DANCE 9 HIP HOP,,,,,N,,,Y,,,,,,,0
MDNC-09M-L,,,DANCE 9 Company: Platform 61 Linear,,,,,N,,,N,,,,,,,0
MDNC-09PT-,,,DANCE 9 Performance and Technique,,,,,N,,,N,,,,,,,0
MEN--09---,,,ENGLISH LANGUAGE ARTS 9,,,,,N,,,N,,,,,,,0
MFR--09---,,,FRENCH 9,,,,,N,,,N,,,,,,,0
MMA--09---,,,MATHEMATICS 9,,,,,N,,,N,,,,,,,0
MPHE-09---,,,PHYSICAL AND HEALTH EDUCATION 9,,,,,N,,,N,,,,,,,0
MSC--09---,,,SCIENCE 9,,,,,N,,,N,,,,,,,0
MSS--09---,,,SOCIAL STUDIES 9,,,,,N,,,N,,,,,,,0
MWBDV10IT-,,,Information and Communications Technologies 10,,,,,N,,,Y,,,,,,,4
XC---09--L,,,CONCERT CHOIR 9 Linear,,,,,N,,,N,,,,,,,0
ID,1871,Grade,8,,,,,,,,,,,,,,,
Course,,,,Description,,,Recommended,,,Alternate,,,,Alternate Courses,,,,Credit
MADGE09---,,,ADST 9 - General Explorations (Modules),,,,,N,,,Y,,,,,,,0
MADT-09---,,,ADST - Textiles 9,,,,,N,,,N,,,,,,,0
MADW-09---,,,ADST - Woodwork 9,,,,,N,,,N,,,,,,,0
MEN--09---,,,ENGLISH LANGUAGE ARTS 9,,,,,N,,,N,,,,,,,0
MMA--09---,,,MATHEMATICS 9,,,,,N,,,N,,,,,,,0
MPHE-09---,,,PHYSICAL AND HEALTH EDUCATION 9,,,,,N,,,N,,,,,,,0
MSC--09---,,,SCIENCE 9,,,,,N,,,N,,,,,,,0
MSP--09---,,,SPANISH 9,,,,,N,,,N,,,,,,,0
MSS--09---,,,SOCIAL STUDIES 9,,,,,N,,,N,,,,,,,0
MWBDV10IT-,,,Information and Communications Technologies 10,,,,,N,,,Y,,,,,,,4
ID,1872,Grade,8,,,,,,,,,,,,,,,
Course,,,,Description,,,Recommended,,,Alternate,,,,Alternate Courses,,,,Credit
MADD-09---,,,ADST - Drafting 9,,,,,N,,,N,,,,,,,0
MADEM10---,,,ADST ? ENTREPRENEURSHIP AND MARKETING 10,,,,,N,,,Y,,,,,,,4
MEN--09---,,,ENGLISH LANGUAGE ARTS 9,,,,,N,,,N,,,,,,,0
MFR--11---,,,FRENCH 11,,,,,N,,,N,,,,,,,4
MMA--09---,,,MATHEMATICS 9,,,,,N,,,N,,,,,,,0
MPHE-09G--,,,PHYSICAL AND HEALTH EDUCATION 9 Girls,,,,,N,,,N,,,,,,,0
MSC--09---,,,SCIENCE 9,,,,,N,,,N,,,,,,,0
MSS--09---,,,SOCIAL STUDIES 9,,,,,N,,,N,,,,,,,0
MWBDV10IT-,,,Information and Communications Technologies 10,,,,,N,,,N,,,,,,,4
XBA--09C-L,,,CONCERT BAND 9 Linear,,,,,N,,,Y,,,,,,,0
ID,1873,Grade,8,,,,,,,,,,,,,,,
Course,,,,Description,,,Recommended,,,Alternate,,,,Alternate Courses,,,,Credit
MADEM10---,,,ADST ? ENTREPRENEURSHIP AND MARKETING 10,,,,,N,,,N,,,,,,,4
MADER09---,,,ADST - Electronics and Robotics,,,,,N,,,Y,,,,,,,0
MADGE09---,,,ADST 9 - General Explorations (Modules),,,,,N,,,N,,,,,,,0
MADW-09---,,,ADST - Woodwork 9,,,,,N,,,Y,,,,,,,0
MEN--09---,,,ENGLISH LANGUAGE ARTS 9,,,,,N,,,N,,,,,,,0
MMA--09---,,,MATHEMATICS 9,,,,,N,,,N,,,,,,,0
MPHE-09---,,,PHYSICAL AND HEALTH EDUCATION 9,,,,,N,,,N,,,,,,,0
MSC--09---,,,SCIENCE 9,,,,,N,,,N,,,,,,,0
MSP--09---,,,SPANISH 9,,,,,N,,,N,,,,,,,0
MSS--09---,,,SOCIAL STUDIES 9,,,,,N,,,N,,,,,,,0
ID,1874,Grade,8,,,,,,,,,,,,,,,
Course,,,,Description,,,Recommended,,,Alternate,,,,Alternate Courses,,,,Credit
MADD-09---,,,ADST - Drafting 9,,,,,N,,,N,,,,,,,0
MADEM10---,,,ADST ? ENTREPRENEURSHIP AND MARKETING 10,,,,,N,,,Y,,,,,,,4
MADT-09---,,,ADST - Textiles 9,,,,,N,,,Y,,,,,,,0
MEN--09---,,,ENGLISH LANGUAGE ARTS 9,,,,,N,,,N,,,,,,,0
MFR--11---,,,FRENCH 11,,,,,N,,,N,,,,,,,4
MMA--09---,,,MATHEMATICS 9,,,,,N,,,N,,,,,,,0
MPHE-09G--,,,PHYSICAL AND HEALTH EDUCATION 9 Girls,,,,,N,,,N,,,,,,,0
MSC--09---,,,SCIENCE 9,,,,,N,,,N,,,,,,,0
MSS--09---,,,SOCIAL STUDIES 9,,,,,N,,,N,,,,,,,0
MVA--09---,,,VISUAL ARTS 9,,,,,N,,,N,,,,,,,0
ID,1875,Grade,8,,,,,,,,,,,,,,,
Course,,,,Description,,,Recommended,,,Alternate,,,,Alternate Courses,,,,Credit
MADD-09---,,,ADST - Drafting 9,,,,,N,,,N,,,,,,,0
MADT-09---,,,ADST - Textiles 9,,,,,N,,,N,,,,,,,0
MDNC-09F--,,,DANCE 9 Foundations,,,,,N,,,N,,,,,,,0
MDR--09---,,,DRAMA 9,,,,,N,,,Y,,,,,,,0
MEN--09---,,,ENGLISH LANGUAGE ARTS 9,,,,,N,,,N,,,,,,,0
MMA--09---,,,MATHEMATICS 9,,,,,N,,,N,,,,,,,0
MPHE-09---,,,PHYSICAL AND HEALTH EDUCATION 9,,,,,N,,,N,,,,,,,0
MSC--09---,,,SCIENCE 9,,,,,N,,,N,,,,,,,0
MSS--09---,,,SOCIAL STUDIES 9,,,,,N,,,N,,,,,,,0
MVA--09---,,,VISUAL ARTS 9,,,,,N,,,Y,,,,,,,0
ID,1876,Grade,8,,,,,,,,,,,,,,,
Course,,,,Description,,,Recommended,,,Alternate,,,,Alternate Courses,,,,Credit
MADEM10---,,,ADST ? ENTREPRENEURSHIP AND MARKETING 10,,,,,N,,,N,,,,,,,4
MADGE09---,,,ADST 9 - General Explorations (Modules),,,,,N,,,N,,,,,,,0
MEN--09---,,,ENGLISH LANGUAGE ARTS 9,,,,,N,,,N,,,,,,,0
MMA--09---,,,MATHEMATICS 9,,,,,N,,,N,,,,,,,0
MPHE-09B--,,,PHYSICAL AND HEALTH EDUCATION 9 Boys,,,,,N,,,N,,,,,,,0
MSC--09---,,,SCIENCE 9,,,,,N,,,N,,,,,,,0
MSP--09---,,,SPANISH 9,,,,,N,,,N,,,,,,,0
MSS--09---,,,SOCIAL STUDIES 9,,,,,N,,,N,,,,,,,0
MWBDV10IT-,,,Information and Communications Technologies 10,,,,,N,,,Y,,,,,,,4
XLDCB09M--,,,TECH ED 9: MECHANICS LD,,,,,N,,,Y,,,,,,,0
ID,1877,Grade,8,,,,,,,,,,,,,,,
Course,,,,Description,,,Recommended,,,Alternate,,,,Alternate Courses,,,,Credit
MADT-09---,,,ADST - Textiles 9,,,,,N,,,Y,,,,,,,0
MDNC-09F--,,,DANCE 9 Foundations,,,,,N,,,Y,,,,,,,0
MDNC-09H--,,,DANCE 9 HIP HOP,,,,,N,,,N,,,,,,,0
MEN--09---,,,ENGLISH LANGUAGE ARTS 9,,,,,N,,,N,,,,,,,0
MMA--09H--,,,MATHEMATICS 9 HONOURS,,,,,N,,,N,,,,,,,0
MPHE-09G--,,,PHYSICAL AND HEALTH EDUCATION 9 Girls,,,,,N,,,N,,,,,,,0
MSC--09---,,,SCIENCE 9,,,,,N,,,N,,,,,,,0
MSP--09---,,,SPANISH 9,,,,,N,,,N,,,,,,,0
MSS--09---,,,SOCIAL STUDIES 9,,,,,N,,,N,,,,,,,0
MVA--09---,,,VISUAL ARTS 9,,,,,N,,,N,,,,,,,0
XLDCB09S-L,,,STRINGS 9 LINEAR,,,,,N,,,N,,,,,,,0
ID,1878,Grade,8,,,,,,,,,,,,,,,
Course,,,,Description,,,Recommended,,,Alternate,,,,Alternate Courses,,,,Credit
MADD-09---,,,ADST - Drafting 9,,,,,N,,,N,,,,,,,0
MADER09---,,,ADST - Electronics and Robotics,,,,,N,,,N,,,,,,,0
MADER09---,,,ADST - Electronics and Robotics,,,,,N,,,N,,,,,,,0
MADGE09---,,,ADST 9 - General Explorations (Modules),,,,,N,,,Y,,,,,,,0
MEN--09---,,,ENGLISH LANGUAGE ARTS 9,,,,,N,,,N,,,,,,,0
MMA--09---,,,MATHEMATICS 9,,,,,N,,,N,,,,,,,0
MPHE-09B--,,,PHYSICAL AND HEALTH EDUCATION 9 Boys,,,,,N,,,N,,,,,,,0
MSC--09---,,,SCIENCE 9,,,,,N,,,N,,,,,,,0
MSS--09---,,,SOCIAL STUDIES 9,,,,,N,,,N,,,,,,,0
XLDCB09M--,,,TECH ED 9: MECHANICS LD,,,,,N,,,Y,,,,,,,0
ID,1879,Grade,8,,,,,,,,,,,,,,,
Course,,,,Description,,,Recommended,,,Alternate,,,,Alternate Courses,,,,Credit
MDNC-09F--,,,DANCE 9 Foundations,,,,,N,,,Y,,,,,,,0
MEN--09---,,,ENGLISH LANGUAGE ARTS 9,,,,,N,,,N,,,,,,,0
MMA--09---,,,MATHEMATICS 9,,,,,N,,,N,,,,,,,0
MPHE-09G--,,,PHYSICAL AND HEALTH EDUCATION 9 Girls,,,,,N,,,N,,,,,,,0
MSC--09---,,,SCIENCE 9,,,,,N,,,N,,,,,,,0
MSP--09---,,,SPANISH 9,,,,,N,,,N,,,,,,,0
MSS--09---,,,SOCIAL STUDIES 9,,,,,N,,,N,,,,,,,0
MVA--09---,,,VISUAL ARTS 9,,,,,N,,,Y,,,,,,,0
MWBDV10IT-,,,Information and Communications Technologies 10,,,,,N,,,N,,,,,,,4
XLDCB09LS-,,,LEARNING STRATEGIES 9 LD,,,,,N,,,N,,,,,,,0
ID,1880,Grade,8,,,,,,,,,,,,,,,
Course,,,,Description,,,Recommended,,,Alternate,,,,Alternate Courses,,,,Credit
MADD-09---,,,ADST - Drafting 9,,,,,N,,,N,,,,,,,0
MADEM10---,,,ADST ? ENTREPRENEURSHIP AND MARKETING 10,,,,,N,,,Y,,,,,,,4
MADER09---,,,ADST - Electronics and Robotics,,,,,N,,,Y,,,,,,,0
MADGE09---,,,ADST 9 - General Explorations (Modules),,,,,N,,,N,,,,,,,0
MEN--09C--,,,ENGLISH LANGUAGE ARTS 9 CHALLENGE,,,,,N,,,N,,,,,,,0
MMA--09C--,,,MATHEMATICS 9 CHALLENGE,,,,,N,,,N,,,,,,,0
MPHE-09---,,,PHYSICAL AND HEALTH EDUCATION 9,,,,,N,,,N,,,,,,,0
MSC--09C--,,,SCIENCE 9: CHALLENGE,,,,,N,,,N,,,,,,,0
MSS--09C--,,,SOCIAL STUDIES 9 CHALLENGE,,,,,N,,,N,,,,,,,0
MWBDV10IT-,,,Information and Communications Technologies 10,,,,,N,,,N,,,,,,,4
ID,1881,Grade,8,,,,,,,,,,,,,,,
Course,,,,Description,,,Recommended,,,Alternate,,,,Alternate Courses,,,,Credit
MADD-09---,,,ADST - Drafting 9,,,,,N,,,N,,,,,,,0
MADEM10---,,,ADST ? ENTREPRENEURSHIP AND MARKETING 10,,,,,N,,,N,,,,,,,4
MADGE09---,,,ADST 9 - General Explorations (Modules),,,,,N,,,Y,,,,,,,0
MEN--09E--,,,ENGLISH 9 FOR ELL,,,,,N,,,N,,,,,,,0
MMA--09---,,,MATHEMATICS 9,,,,,N,,,N,,,,,,,0
MPHE-09B--,,,PHYSICAL AND HEALTH EDUCATION 9 Boys,,,,,N,,,N,,,,,,,0
MSC--09---,,,SCIENCE 9,,,,,N,,,N,,,,,,,0
MSS--09---,,,SOCIAL STUDIES 9,,,,,N,,,N,,,,,,,0
MWBDV10IT-,,,Information and Communications Technologies 10,,,,,N,,,N,,,,,,,4
ID,1882,Grade,8,,,,,,,,,,,,,,,
Course,,,,Description,,,Recommended,,,Alternate,,,,Alternate Courses,,,,Credit
MADD-09---,,,ADST - Drafting 9,,,,,N,,,N,,,,,,,0
MADW-09---,,,ADST - Woodwork 9,,,,,N,,,Y,,,,,,,0
MEN--09---,,,ENGLISH LANGUAGE ARTS 9,,,,,N,,,N,,,,,,,0
MFR--09---,,,FRENCH 9,,,,,N,,,N,,,,,,,0
MMA--09---,,,MATHEMATICS 9,,,,,N,,,N,,,,,,,0
MPHE-09---,,,PHYSICAL AND HEALTH EDUCATION 9,,,,,N,,,N,,,,,,,0
MSC--09---,,,SCIENCE 9,,,,,N,,,N,,,,,,,0
MSS--09---,,,SOCIAL STUDIES 9,,,,,N,,,N,,,,,,,0
MWBDV10IT-,,,Information and Communications Technologies 10,,,,,N,,,Y,,,,,,,4
XLDCB09M--,,,TECH ED 9: MECHANICS LD,,,,,N,,,N,,,,,,,0
ID,1883,Grade,8,,,,,,,,,,,,,,,
Course,,,,Description,,,Recommended,,,Alternate,,,,Alternate Courses,,,,Credit
MADEM10---,,,ADST ? ENTREPRENEURSHIP AND MARKETING 10,,,,,N,,,N,,,,,,,4
MADT-09---,,,ADST - Textiles 9,,,,,N,,,Y,,,,,,,0
MADW-09---,,,ADST - Woodwork 9,,,,,N,,,N,,,,,,,0
MEN--09---,,,ENGLISH LANGUAGE ARTS 9,,,,,N,,,N,,,,,,,0
MFR--09---,,,FRENCH 9,,,,,N,,,N,,,,,,,0
MMA--09---,,,MATHEMATICS 9,,,,,N,,,N,,,,,,,0
MPHE-09G--,,,PHYSICAL AND HEALTH EDUCATION 9 Girls,,,,,N,,,N,,,,,,,0
MPHE-09Y--,,,PHYSICAL AND HEALTH EDUCATION 9 Yoga for Mindfulns,,,,,N,,,Y,,,,,,,0
MSC--09---,,,SCIENCE 9,,,,,N,,,N,,,,,,,0
MSS--09---,,,SOCIAL STUDIES 9,,,,,N,,,N,,,,,,,0
ID,1884,Grade,8,,,,,,,,,,,,,,,
Course,,,,Description,,,Recommended,,,Alternate,,,,Alternate Courses,,,,Credit
MADD-09---,,,ADST - Drafting 9,,,,,N,,,Y,,,,,,,0
MADER09---,,,ADST - Electronics and Robotics,,,,,N,,,N,,,,,,,0
MADGE09---,,,ADST 9 - General Explorations (Modules),,,,,N,,,Y,,,,,,,0
MADT-09---,,,ADST - Textiles 9,,,,,N,,,N,,,,,,,0
MEN--09---,,,ENGLISH LANGUAGE ARTS 9,,,,,N,,,N,,,,,,,0
MMA--09H--,,,MATHEMATICS 9 HONOURS,,,,,N,,,N,,,,,,,0
MPHE-09G--,,,PHYSICAL AND HEALTH EDUCATION 9 Girls,,,,,N,,,N,,,,,,,0
MSC--09---,,,SCIENCE 9,,,,,N,,,N,,,,,,,0
MSS--09---,,,SOCIAL STUDIES 9,,,,,N,,,N,,,,,,,0
MWBDV10IT-,,,Information and Communications Technologies 10,,,,,N,,,Y,,,,,,,4
XC---09--L,,,CONCERT CHOIR 9 Linear,,,,,N,,,N,,,,,,,0
XLDCB09M--,,,TECH ED 9: MECHANICS LD,,,,,N,,,N,,,,,,,0
XLDCB09S-L,,,STRINGS 9 LINEAR,,,,,N,,,N,,,,,,,0
ID,1885,Grade,8,,,,,,,,,,,,,,,
Course,,,,Description,,,Recommended,,,Alternate,,,,Alternate Courses,,,,Credit
MEN--09---,,,ENGLISH LANGUAGE ARTS 9,,,,,N,,,N,,,,,,,0
MFR--09---,,,FRENCH 9,,,,,N,,,N,,,,,,,0
MMA--09---,,,MATHEMATICS 9,,,,,N,,,N,,,,,,,0
MPHE-09--L,,,PHYSICAL AND HEALTH EDUCATION 9 Linear,,,,,N,,,N,,,,,,,0
MSC--09---,,,SCIENCE 9,,,,,N,,,N,,,,,,,0
MSS--09---,,,SOCIAL STUDIES 9,,,,,N,,,N,,,,,,,0
MVA--09---,,,VISUAL ARTS 9,,,,,N,,,N,,,,,,,0
XLDCB09LSL,,,LEARNING STRATEGIES 9 LD LINEAR,,,,,N,,,N,,,,,,,0
ID,1886,Grade,8,,,,,,,,,,,,,,,
Course,,,,Description,,,Recommended,,,Alternate,,,,Alternate Courses,,,,Credit
MADD-09---,,,ADST - Drafting 9,,,,,N,,,N,,,,,,,0
MADEM10---,,,ADST ? ENTREPRENEURSHIP AND MARKETING 10,,,,,N,,,N,,,,,,,4
MADGE09---,,,ADST 9 - General Explorations (Modules),,,,,N,,,Y,,,,,,,0
MDR--09---,,,DRAMA 9,,,,,N,,,Y,,,,,,,0
MEN--09---,,,ENGLISH LANGUAGE ARTS 9,,,,,N,,,N,,,,,,,0
MMA--09H--,,,MATHEMATICS 9 HONOURS,,,,,N,,,N,,,,,,,0
MPHE-09G--,,,PHYSICAL AND HEALTH EDUCATION 9 Girls,,,,,N,,,N,,,,,,,0
MSC--09---,,,SCIENCE 9,,,,,N,,,N,,,,,,,0
MSP--09---,,,SPANISH 9,,,,,N,,,N,,,,,,,0
MSS--09---,,,SOCIAL STUDIES 9,,,,,N,,,N,,,,,,,0
ID,1887,Grade,8,,,,,,,,,,,,,,,
Course,,,,Description,,,Recommended,,,Alternate,,,,Alternate Courses,,,,Credit
MADEM10---,,,ADST ? ENTREPRENEURSHIP AND MARKETING 10,,,,,N,,,N,,,,,,,4
MADT-09---,,,ADST - Textiles 9,,,,,N,,,Y,,,,,,,0
MDNC-09F--,,,DANCE 9 Foundations,,,,,N,,,N,,,,,,,0
MEN--09---,,,ENGLISH LANGUAGE ARTS 9,,,,,N,,,N,,,,,,,0
MFR--09---,,,FRENCH 9,,,,,N,,,N,,,,,,,0
MMA--09---,,,MATHEMATICS 9,,,,,N,,,N,,,,,,,0
MPHE-09G--,,,PHYSICAL AND HEALTH EDUCATION 9 Girls,,,,,N,,,N,,,,,,,0
MSC--09---,,,SCIENCE 9,,,,,N,,,N,,,,,,,0
MSS--09---,,,SOCIAL STUDIES 9,,,,,N,,,N,,,,,,,0
XBA--09G--,,,CONCERT BAND 9 - Guitar,,,,,N,,,Y,,,,,,,0
ID,1888,Grade,8,,,,,,,,,,,,,,,
Course,,,,Description,,,Recommended,,,Alternate,,,,Alternate Courses,,,,Credit
MADEM10---,,,ADST ? ENTREPRENEURSHIP AND MARKETING 10,,,,,N,,,Y,,,,,,,4
MADGE09---,,,ADST 9 - General Explorations (Modules),,,,,N,,,N,,,,,,,0
MEN--09---,,,ENGLISH LANGUAGE ARTS 9,,,,,N,,,N,,,,,,,0
MFR--11---,,,FRENCH 11,,,,,N,,,N,,,,,,,4
MMA--09---,,,MATHEMATICS 9,,,,,N,,,N,,,,,,,0
MPHE-09B--,,,PHYSICAL AND HEALTH EDUCATION 9 Boys,,,,,N,,,N,,,,,,,0
MSC--09---,,,SCIENCE 9,,,,,N,,,N,,,,,,,0
MSP--09---,,,SPANISH 9,,,,,N,,,Y,,,,,,,0
MSS--09---,,,SOCIAL STUDIES 9,,,,,N,,,N,,,,,,,0
XLDCB09M--,,,TECH ED 9: MECHANICS LD,,,,,N,,,N,,,,,,,0
ID,1889,Grade,8,,,,,,,,,,,,,,,
Course,,,,Description,,,Recommended,,,Alternate,,,,Alternate Courses,,,,Credit
MADEM10---,,,ADST ? ENTREPRENEURSHIP AND MARKETING 10,,,,,N,,,N,,,,,,,4
MADGE09---,,,ADST 9 - General Explorations (Modules),,,,,N,,,Y,,,,,,,0
MADW-09---,,,ADST - Woodwork 9,,,,,N,,,N,,,,,,,0
MEN--09---,,,ENGLISH LANGUAGE ARTS 9,,,,,N,,,N,,,,,,,0
MMA--09---,,,MATHEMATICS 9,,,,,N,,,N,,,,,,,0
MPHE-09Y--,,,PHYSICAL AND HEALTH EDUCATION 9 Yoga for Mindfulns,,,,,N,,,Y,,,,,,,0
MSC--09---,,,SCIENCE 9,,,,,N,,,N,,,,,,,0
MSS--09---,,,SOCIAL STUDIES 9,,,,,N,,,N,,,,,,,0
ID,1890,Grade,8,,,,,,,,,,,,,,,
Course,,,,Description,,,Recommended,,,Alternate,,,,Alternate Courses,,,,Credit
MADD-09---,,,ADST - Drafting 9,,,,,N,,,N,,,,,,,0
MADEM10---,,,ADST ? ENTREPRENEURSHIP AND MARKETING 10,,,,,N,,,Y,,,,,,,4
MADT-09---,,,ADST - Textiles 9,,,,,N,,,Y,,,,,,,0
MEN--09---,,,ENGLISH LANGUAGE ARTS 9,,,,,N,,,N,,,,,,,0
MMA--09---,,,MATHEMATICS 9,,,,,N,,,N,,,,,,,0
MPHE-09G--,,,PHYSICAL AND HEALTH EDUCATION 9 Girls,,,,,N,,,N,,,,,,,0
MSC--09---,,,SCIENCE 9,,,,,N,,,N,,,,,,,0
MSP--09---,,,SPANISH 9,,,,,N,,,N,,,,,,,0
MSS--09---,,,SOCIAL STUDIES 9,,,,,N,,,N,,,,,,,0
MWBDV10IT-,,,Information and Communications Technologies 10,,,,,N,,,N,,,,,,,4
ID,1891,Grade,8,,,,,,,,,,,,,,,
Course,,,,Description,,,Recommended,,,Alternate,,,,Alternate Courses,,,,Credit
MADEM10---,,,ADST ? ENTREPRENEURSHIP AND MARKETING 10,,,,,N,,,Y,,,,,,,4
MADGE09---,,,ADST 9 - General Explorations (Modules),,,,,N,,,N,,,,,,,0
MADW-09---,,,ADST - Woodwork 9,,,,,N,,,N,,,,,,,0
MEN--09---,,,ENGLISH LANGUAGE ARTS 9,,,,,N,,,N,,,,,,,0
MMA--09---,,,MATHEMATICS 9,,,,,N,,,N,,,,,,,0
MPHE-09---,,,PHYSICAL AND HEALTH EDUCATION 9,,,,,N,,,N,,,,,,,0
MSC--09---,,,SCIENCE 9,,,,,N,,,N,,,,,,,0
MSS--09---,,,SOCIAL STUDIES 9,,,,,N,,,N,,,,,,,0
XBA--09G--,,,CONCERT BAND 9 - Guitar,,,,,N,,,Y,,,,,,,0
XLDCB09M--,,,TECH ED 9: MECHANICS LD,,,,,N,,,N,,,,,,,0
ID,1892,Grade,8,,,,,,,,,,,,,,,
Course,,,,Description,,,Recommended,,,Alternate,,,,Alternate Courses,,,,Credit
MADGE09---,,,ADST 9 - General Explorations (Modules),,,,,N,,,N,,,,,,,0
MEN--09---,,,ENGLISH LANGUAGE ARTS 9,,,,,N,,,N,,,,,,,0
MMA--09---,,,MATHEMATICS 9,,,,,N,,,N,,,,,,,0
MPHE-09---,,,PHYSICAL AND HEALTH EDUCATION 9,,,,,N,,,N,,,,,,,0
MSC--09---,,,SCIENCE 9,,,,,N,,,N,,,,,,,0
MSP--09---,,,SPANISH 9,,,,,N,,,N,,,,,,,0
MSS--09---,,,SOCIAL STUDIES 9,,,,,N,,,N,,,,,,,0
XLDCB09M--,,,TECH ED 9: MECHANICS LD,,,,,N,,,N,,,,,,,0
ID,1893,Grade,8,,,,,,,,,,,,,,,
Course,,,,Description,,,Recommended,,,Alternate,,,,Alternate Courses,,,,Credit
MADD-09---,,,ADST - Drafting 9,,,,,N,,,N,,,,,,,0
MADT-09---,,,ADST - Textiles 9,,,,,N,,,N,,,,,,,0
MEN--09---,,,ENGLISH LANGUAGE ARTS 9,,,,,N,,,N,,,,,,,0
MFR--09---,,,FRENCH 9,,,,,N,,,Y,,,,,,,0
MMA--09---,,,MATHEMATICS 9,,,,,N,,,N,,,,,,,0
MPHE-09---,,,PHYSICAL AND HEALTH EDUCATION 9,,,,,N,,,N,,,,,,,0
MSC--09---,,,SCIENCE 9,,,,,N,,,N,,,,,,,0
MSP--09---,,,SPANISH 9,,,,,N,,,Y,,,,,,,0
MSS--09---,,,SOCIAL STUDIES 9,,,,,N,,,N,,,,,,,0
MVA--09---,,,VISUAL ARTS 9,,,,,N,,,N,,,,,,,0
ID,1894,Grade,8,,,,,,,,,,,,,,,
Course,,,,Description,,,Recommended,,,Alternate,,,,Alternate Courses,,,,Credit
MADER09---,,,ADST - Electronics and Robotics,,,,,N,,,N,,,,,,,0
MADGE09---,,,ADST 9 - General Explorations (Modules),,,,,N,,,N,,,,,,,0
MEN--09---,,,ENGLISH LANGUAGE ARTS 9,,,,,N,,,N,,,,,,,0
MFR--09---,,,FRENCH 9,,,,,N,,,Y,,,,,,,0
MMA--09H--,,,MATHEMATICS 9 HONOURS,,,,,N,,,N,,,,,,,0
MPHE-09B--,,,PHYSICAL AND HEALTH EDUCATION 9 Boys,,,,,N,,,N,,,,,,,0
MSC--09---,,,SCIENCE 9,,,,,N,,,N,,,,,,,0
MSS--09---,,,SOCIAL STUDIES 9,,,,,N,,,N,,,,,,,0
MWBDV10IT-,,,Information and Communications Technologies 10,,,,,N,,,N,,,,,,,4
XLDCB09M--,,,TECH ED 9: MECHANICS LD,,,,,N,,,Y,,,,,,,0
ID,1895,Grade,8,,,,,,,,,,,,,,,
Course,,,,Description,,,Recommended,,,Alternate,,,,Alternate Courses,,,,Credit
MEN--09---,,,ENGLISH LANGUAGE ARTS 9,,,,,N,,,N,,,,,,,0
MEN--09E--,,,ENGLISH 9 FOR ELL,,,,,N,,,N,,,,,,,0
MMA--09---,,,MATHEMATICS 9,,,,,N,,,N,,,,,,,0
MPHE-09B--,,,PHYSICAL AND HEALTH EDUCATION 9 Boys,,,,,N,,,N,,,,,,,0
MSC--09---,,,SCIENCE 9,,,,,N,,,N,,,,,,,0
MSS--09---,,,SOCIAL STUDIES 9,,,,,N,,,N,,,,,,,0
MVA--09---,,,VISUAL ARTS 9,,,,,N,,,N,,,,,,,0
MWBDV10IT-,,,Information and Communications Technologies 10,,,,,N,,,N,,,,,,,4
ID,1896,Grade,8,,,,,,,,,,,,,,,
Course,,,,Description,,,Recommended,,,Alternate,,,,Alternate Courses,,,,Credit
MDR--09---,,,DRAMA 9,,,,,N,,,Y,,,,,,,0
MEN--09---,,,ENGLISH LANGUAGE ARTS 9,,,,,N,,,N,,,,,,,0
MMA--09---,,,MATHEMATICS 9,,,,,N,,,N,,,,,,,0
MSC--09---,,,SCIENCE 9,,,,,N,,,N,,,,,,,0
MSS--09---,,,SOCIAL STUDIES 9,,,,,N,,,N,,,,,,,0
MVA--09---,,,VISUAL ARTS 9,,,,,N,,,Y,,,,,,,0
ID,1897,Grade,8,,,,,,,,,,,,,,,
Course,,,,Description,,,Recommended,,,Alternate,,,,Alternate Courses,,,,Credit
MADER09---,,,ADST - Electronics and Robotics,,,,,N,,,N,,,,,,,0
MADGE09---,,,ADST 9 - General Explorations (Modules),,,,,N,,,N,,,,,,,0
MADW-09---,,,ADST - Woodwork 9,,,,,N,,,N,,,,,,,0
MEN--09---,,,ENGLISH LANGUAGE ARTS 9,,,,,N,,,N,,,,,,,0
MFR--09---,,,FRENCH 9,,,,,N,,,Y,,,,,,,0
MMA--09---,,,MATHEMATICS 9,,,,,N,,,N,,,,,,,0
MPHE-09---,,,PHYSICAL AND HEALTH EDUCATION 9,,,,,N,,,N,,,,,,,0
MSC--09---,,,SCIENCE 9,,,,,N,,,N,,,,,,,0
MSS--09---,,,SOCIAL STUDIES 9,,,,,N,,,N,,,,,,,0
XLDCB09M--,,,TECH ED 9: MECHANICS LD,,,,,N,,,Y,,,,,,,0
ID,1898,Grade,8,,,,,,,,,,,,,,,
Course,,,,Description,,,Recommended,,,Alternate,,,,Alternate Courses,,,,Credit
MADEM10---,,,ADST ? ENTREPRENEURSHIP AND MARKETING 10,,,,,N,,,Y,,,,,,,4
MADGE09---,,,ADST 9 - General Explorations (Modules),,,,,N,,,N,,,,,,,0
MEN--09C--,,,ENGLISH LANGUAGE ARTS 9 CHALLENGE,,,,,N,,,N,,,,,,,0
MFR--11---,,,FRENCH 11,,,,,N,,,N,,,,,,,4
MMA--09C--,,,MATHEMATICS 9 CHALLENGE,,,,,N,,,N,,,,,,,0
MPHE-09---,,,PHYSICAL AND HEALTH EDUCATION 9,,,,,N,,,N,,,,,,,0
MSC--09C--,,,SCIENCE 9: CHALLENGE,,,,,N,,,N,,,,,,,0
MSS--09C--,,,SOCIAL STUDIES 9 CHALLENGE,,,,,N,,,N,,,,,,,0
MWBDV10IT-,,,Information and Communications Technologies 10,,,,,N,,,N,,,,,,,4
XBA--09C-L,,,CONCERT BAND 9 Linear,,,,,N,,,Y,,,,,,,0
ID,1899,Grade,8,,,,,,,,,,,,,,,
Course,,,,Description,,,Recommended,,,Alternate,,,,Alternate Courses,,,,Credit
MADEM10---,,,ADST ? ENTREPRENEURSHIP AND MARKETING 10,,,,,N,,,N,,,,,,,4
MADT-09---,,,ADST - Textiles 9,,,,,N,,,Y,,,,,,,0
MEN--09---,,,ENGLISH LANGUAGE ARTS 9,,,,,N,,,N,,,,,,,0
MMA--09---,,,MATHEMATICS 9,,,,,N,,,N,,,,,,,0
MPHE-09G--,,,PHYSICAL AND HEALTH EDUCATION 9 Girls,,,,,N,,,N,,,,,,,0
MPHE-09Y--,,,PHYSICAL AND HEALTH EDUCATION 9 Yoga for Mindfulns,,,,,N,,,Y,,,,,,,0
MSC--09---,,,SCIENCE 9,,,,,N,,,N,,,,,,,0
MSP--09---,,,SPANISH 9,,,,,N,,,N,,,,,,,0
MSS--09---,,,SOCIAL STUDIES 9,,,,,N,,,N,,,,,,,0
MVA--09---,,,VISUAL ARTS 9,,,,,N,,,N,,,,,,,0
ID,1900,Grade,8,,,,,,,,,,,,,,,
Course,,,,Description,,,Recommended,,,Alternate,,,,Alternate Courses,,,,Credit
MADER09---,,,ADST - Electronics and Robotics,,,,,N,,,N,,,,,,,0
MDR--09---,,,DRAMA 9,,,,,N,,,Y,,,,,,,0
MEN--09---,,,ENGLISH LANGUAGE ARTS 9,,,,,N,,,N,,,,,,,0
MFR--09---,,,FRENCH 9,,,,,N,,,N,,,,,,,0
MMA--09H--,,,MATHEMATICS 9 HONOURS,,,,,N,,,N,,,,,,,0
MPHE-09G--,,,PHYSICAL AND HEALTH EDUCATION 9 Girls,,,,,N,,,N,,,,,,,0
MSC--09---,,,SCIENCE 9,,,,,N,,,N,,,,,,,0
MSS--09---,,,SOCIAL STUDIES 9,,,,,N,,,N,,,,,,,0
MVA--09---,,,VISUAL ARTS 9,,,,,N,,,Y,,,,,,,0
XBA--09G--,,,CONCERT BAND 9 - Guitar,,,,,N,,,N,,,,,,,0
ID,1901,Grade,8,,,,,,,,,,,,,,,
Course,,,,Description,,,Recommended,,,Alternate,,,,Alternate Courses,,,,Credit
MADD-09---,,,ADST - Drafting 9,,,,,N,,,N,,,,,,,0
MADEM10---,,,ADST ? ENTREPRENEURSHIP AND MARKETING 10,,,,,N,,,Y,,,,,,,4
MADER09---,,,ADST - Electronics and Robotics,,,,,N,,,Y,,,,,,,0
MADGE09---,,,ADST 9 - General Explorations (Modules),,,,,N,,,N,,,,,,,0
MEN--09C--,,,ENGLISH LANGUAGE ARTS 9 CHALLENGE,,,,,N,,,N,,,,,,,0
MMA--09C--,,,MATHEMATICS 9 CHALLENGE,,,,,N,,,N,,,,,,,0
MPHE-09---,,,PHYSICAL AND HEALTH EDUCATION 9,,,,,N,,,N,,,,,,,0
MSC--09C--,,,SCIENCE 9: CHALLENGE,,,,,N,,,N,,,,,,,0
MSS--09C--,,,SOCIAL STUDIES 9 CHALLENGE,,,,,N,,,N,,,,,,,0
XLDCB09M--,,,TECH ED 9: MECHANICS LD,,,,,N,,,N,,,,,,,0
ID,1902,Grade,8,,,,,,,,,,,,,,,
Course,,,,Description,,,Recommended,,,Alternate,,,,Alternate Courses,,,,Credit
MADGE09---,,,ADST 9 - General Explorations (Modules),,,,,N,,,Y,,,,,,,0
MADT-09---,,,ADST - Textiles 9,,,,,N,,,Y,,,,,,,0
MDNC-09H--,,,DANCE 9 HIP HOP,,,,,N,,,N,,,,,,,0
MEN--09---,,,ENGLISH LANGUAGE ARTS 9,,,,,N,,,N,,,,,,,0
MMA--09---,,,MATHEMATICS 9,,,,,N,,,N,,,,,,,0
MPHE-09G--,,,PHYSICAL AND HEALTH EDUCATION 9 Girls,,,,,N,,,N,,,,,,,0
MSC--09---,,,SCIENCE 9,,,,,N,,,N,,,,,,,0
MSP--09---,,,SPANISH 9,,,,,N,,,N,,,,,,,0
MSS--09---,,,SOCIAL STUDIES 9,,,,,N,,,N,,,,,,,0
MWBDV10IT-,,,Information and Communications Technologies 10,,,,,N,,,N,,,,,,,4
ID,1903,Grade,8,,,,,,,,,,,,,,,
Course,,,,Description,,,Recommended,,,Alternate,,,,Alternate Courses,,,,Credit
MADD-09---,,,ADST - Drafting 9,,,,,N,,,Y,,,,,,,0
MADEM10---,,,ADST ? ENTREPRENEURSHIP AND MARKETING 10,,,,,N,,,Y,,,,,,,4
MEN--09---,,,ENGLISH LANGUAGE ARTS 9,,,,,N,,,N,,,,,,,0
MFR--11---,,,FRENCH 11,,,,,N,,,N,,,,,,,4
MMA--09---,,,MATHEMATICS 9,,,,,N,,,N,,,,,,,0
MPHE-09B--,,,PHYSICAL AND HEALTH EDUCATION 9 Boys,,,,,N,,,N,,,,,,,0
MSC--09---,,,SCIENCE 9,,,,,N,,,N,,,,,,,0
MSP--09---,,,SPANISH 9,,,,,N,,,N,,,,,,,0
MSS--09---,,,SOCIAL STUDIES 9,,,,,N,,,N,,,,,,,0
MWBDV10IT-,,,Information and Communications Technologies 10,,,,,N,,,N,,,,,,,4
ID,1904,Grade,8,,,,,,,,,,,,,,,
Course,,,,Description,,,Recommended,,,Alternate,,,,Alternate Courses,,,,Credit
MADD-09---,,,ADST - Drafting 9,,,,,N,,,Y,,,,,,,0
MADEM10---,,,ADST ? ENTREPRENEURSHIP AND MARKETING 10,,,,,N,,,N,,,,,,,4
MADGE09---,,,ADST 9 - General Explorations (Modules),,,,,N,,,Y,,,,,,,0
MEN--09---,,,ENGLISH LANGUAGE ARTS 9,,,,,N,,,N,,,,,,,0
MFR--11---,,,FRENCH 11,,,,,N,,,N,,,,,,,4
MMA--09H--,,,MATHEMATICS 9 HONOURS,,,,,N,,,N,,,,,,,0
MPHE-09G--,,,PHYSICAL AND HEALTH EDUCATION 9 Girls,,,,,N,,,N,,,,,,,0
MSC--09---,,,SCIENCE 9,,,,,N,,,N,,,,,,,0
MSS--09---,,,SOCIAL STUDIES 9,,,,,N,,,N,,,,,,,0
MWBDV10IT-,,,Information and Communications Technologies 10,,,,,N,,,N,,,,,,,4
ID,1905,Grade,8,,,,,,,,,,,,,,,
Course,,,,Description,,,Recommended,,,Alternate,,,,Alternate Courses,,,,Credit
MADD-09---,,,ADST - Drafting 9,,,,,N,,,Y,,,,,,,0
MADEM10---,,,ADST ? ENTREPRENEURSHIP AND MARKETING 10,,,,,N,,,N,,,,,,,4
MADGE09---,,,ADST 9 - General Explorations (Modules),,,,,N,,,N,,,,,,,0
MDNC-09H--,,,DANCE 9 HIP HOP,,,,,N,,,Y,,,,,,,0
MEN--09---,,,ENGLISH LANGUAGE ARTS 9,,,,,N,,,N,,,,,,,0
MMA--09---,,,MATHEMATICS 9,,,,,N,,,N,,,,,,,0
MPHE-09---,,,PHYSICAL AND HEALTH EDUCATION 9,,,,,N,,,N,,,,,,,0
MSC--09---,,,SCIENCE 9,,,,,N,,,N,,,,,,,0
MSS--09---,,,SOCIAL STUDIES 9,,,,,N,,,N,,,,,,,0
MWBDV10IT-,,,Information and Communications Technologies 10,,,,,N,,,N,,,,,,,4
ID,1906,Grade,8,,,,,,,,,,,,,,,
Course,,,,Description,,,Recommended,,,Alternate,,,,Alternate Courses,,,,Credit
MADD-09---,,,ADST - Drafting 9,,,,,N,,,N,,,,,,,0
MADEM10---,,,ADST ? ENTREPRENEURSHIP AND MARKETING 10,,,,,N,,,Y,,,,,,,4
MADER09---,,,ADST - Electronics and Robotics,,,,,N,,,N,,,,,,,0
MADGE09---,,,ADST 9 - General Explorations (Modules),,,,,N,,,Y,,,,,,,0
MEN--09C--,,,ENGLISH LANGUAGE ARTS 9 CHALLENGE,,,,,N,,,N,,,,,,,0
MMA--09C--,,,MATHEMATICS 9 CHALLENGE,,,,,N,,,N,,,,,,,0
MPHE-09--L,,,PHYSICAL AND HEALTH EDUCATION 9 Linear,,,,,N,,,N,,,,,,,0
MSC--09C--,,,SCIENCE 9: CHALLENGE,,,,,N,,,N,,,,,,,0
MSS--09C--,,,SOCIAL STUDIES 9 CHALLENGE,,,,,N,,,N,,,,,,,0
XBA--09C-L,,,CONCERT BAND 9 Linear,,,,,N,,,N,,,,,,,0
ID,1907,Grade,8,,,,,,,,,,,,,,,
Course,,,,Description,,,Recommended,,,Alternate,,,,Alternate Courses,,,,Credit
MADGE09---,,,ADST 9 - General Explorations (Modules),,,,,N,,,Y,,,,,,,0
MADW-09---,,,ADST - Woodwork 9,,,,,N,,,N,,,,,,,0
MEN--09---,,,ENGLISH LANGUAGE ARTS 9,,,,,N,,,N,,,,,,,0
MMA--09---,,,MATHEMATICS 9,,,,,N,,,N,,,,,,,0
MPHE-09--L,,,PHYSICAL AND HEALTH EDUCATION 9 Linear,,,,,N,,,N,,,,,,,0
MSC--09---,,,SCIENCE 9,,,,,N,,,N,,,,,,,0
MSS--09---,,,SOCIAL STUDIES 9,,,,,N,,,N,,,,,,,0
XBA--09C-L,,,CONCERT BAND 9 Linear,,,,,N,,,N,,,,,,,0
XBA--09G--,,,CONCERT BAND 9 - Guitar,,,,,N,,,Y,,,,,,,0
XBA--09J-L,,,JAZZ BAND 9 LINEAR,,,,,N,,,N,,,,,,,0
XLDCB09M--,,,TECH ED 9: MECHANICS LD,,,,,N,,,N,,,,,,,0
ID,1908,Grade,8,,,,,,,,,,,,,,,
Course,,,,Description,,,Recommended,,,Alternate,,,,Alternate Courses,,,,Credit
MADEM10---,,,ADST ? ENTREPRENEURSHIP AND MARKETING 10,,,,,N,,,Y,,,,,,,4
MADER09---,,,ADST - Electronics and Robotics,,,,,N,,,N,,,,,,,0
MEN--09C--,,,ENGLISH LANGUAGE ARTS 9 CHALLENGE,,,,,N,,,N,,,,,,,0
MFR--09---,,,FRENCH 9,,,,,N,,,Y,,,,,,,0
MMA--09C--,,,MATHEMATICS 9 CHALLENGE,,,,,N,,,N,,,,,,,0
MPHE-09--L,,,PHYSICAL AND HEALTH EDUCATION 9 Linear,,,,,N,,,N,,,,,,,0
MSC--09C--,,,SCIENCE 9: CHALLENGE,,,,,N,,,N,,,,,,,0
MSS--09C--,,,SOCIAL STUDIES 9 CHALLENGE,,,,,N,,,N,,,,,,,0
MWBDV10IT-,,,Information and Communications Technologies 10,,,,,N,,,N,,,,,,,4
XBA--09C-L,,,CONCERT BAND 9 Linear,,,,,N,,,N,,,,,,,0
XBA--09J-L,,,JAZZ BAND 9 LINEAR,,,,,N,,,N,,,,,,,0
XLDCB09S-L,,,STRINGS 9 LINEAR,,,,,N,,,N,,,,,,,0
ID,1909,Grade,8,,,,,,,,,,,,,,,
Course,,,,Description,,,Recommended,,,Alternate,,,,Alternate Courses,,,,Credit
MADD-09---,,,ADST - Drafting 9,,,,,N,,,Y,,,,,,,0
MADER09---,,,ADST - Electronics and Robotics,,,,,N,,,N,,,,,,,0
MADGE09---,,,ADST 9 - General Explorations (Modules),,,,,N,,,N,,,,,,,0
MEN--09---,,,ENGLISH LANGUAGE ARTS 9,,,,,N,,,N,,,,,,,0
MMA--09---,,,MATHEMATICS 9,,,,,N,,,N,,,,,,,0
MPHE-09B--,,,PHYSICAL AND HEALTH EDUCATION 9 Boys,,,,,N,,,N,,,,,,,0
MSC--09---,,,SCIENCE 9,,,,,N,,,N,,,,,,,0
MSP--09---,,,SPANISH 9,,,,,N,,,Y,,,,,,,0
MSS--09---,,,SOCIAL STUDIES 9,,,,,N,,,N,,,,,,,0
MWBDV10IT-,,,Information and Communications Technologies 10,,,,,N,,,N,,,,,,,4
ID,1910,Grade,8,,,,,,,,,,,,,,,
Course,,,,Description,,,Recommended,,,Alternate,,,,Alternate Courses,,,,Credit
MADW-09---,,,ADST - Woodwork 9,,,,,N,,,N,,,,,,,0
MEN--09---,,,ENGLISH LANGUAGE ARTS 9,,,,,N,,,N,,,,,,,0
MMA--09---,,,MATHEMATICS 9,,,,,N,,,N,,,,,,,0
MPHE-09B--,,,PHYSICAL AND HEALTH EDUCATION 9 Boys,,,,,N,,,N,,,,,,,0
MSC--09---,,,SCIENCE 9,,,,,N,,,N,,,,,,,0
MSS--09---,,,SOCIAL STUDIES 9,,,,,N,,,N,,,,,,,0
MVA--09---,,,VISUAL ARTS 9,,,,,N,,,N,,,,,,,0
XBA--09G--,,,CONCERT BAND 9 - Guitar,,,,,N,,,N,,,,,,,0
ID,1911,Grade,8,,,,,,,,,,,,,,,
Course,,,,Description,,,Recommended,,,Alternate,,,,Alternate Courses,,,,Credit
MADEM10---,,,ADST ? ENTREPRENEURSHIP AND MARKETING 10,,,,,N,,,Y,,,,,,,4
MADER09---,,,ADST - Electronics and Robotics,,,,,N,,,N,,,,,,,0
MADGE09---,,,ADST 9 - General Explorations (Modules),,,,,N,,,Y,,,,,,,0
MEN--09C--,,,ENGLISH LANGUAGE ARTS 9 CHALLENGE,,,,,N,,,N,,,,,,,0
MFR--09---,,,FRENCH 9,,,,,N,,,N,,,,,,,0
MMA--09C--,,,MATHEMATICS 9 CHALLENGE,,,,,N,,,N,,,,,,,0
MPHE-09B--,,,PHYSICAL AND HEALTH EDUCATION 9 Boys,,,,,N,,,N,,,,,,,0
MSC--09C--,,,SCIENCE 9: CHALLENGE,,,,,N,,,N,,,,,,,0
MSS--09C--,,,SOCIAL STUDIES 9 CHALLENGE,,,,,N,,,N,,,,,,,0
MWBDV10IT-,,,Information and Communications Technologies 10,,,,,N,,,N,,,,,,,4
ID,1912,Grade,8,,,,,,,,,,,,,,,
Course,,,,Description,,,Recommended,,,Alternate,,,,Alternate Courses,,,,Credit
MADGE09---,,,ADST 9 - General Explorations (Modules),,,,,N,,,N,,,,,,,0
MADW-09---,,,ADST - Woodwork 9,,,,,N,,,Y,,,,,,,0
MEN--09---,,,ENGLISH LANGUAGE ARTS 9,,,,,N,,,N,,,,,,,0
MFR--11---,,,FRENCH 11,,,,,N,,,N,,,,,,,4
MMA--09---,,,MATHEMATICS 9,,,,,N,,,N,,,,,,,0
MPHE-09FB-,,,PHYSICAL AND HEALTH EDUCATION 9 Football,,,,,N,,,N,,,,,,,0
MPHE-09Y--,,,PHYSICAL AND HEALTH EDUCATION 9 Yoga for Mindfulns,,,,,N,,,Y,,,,,,,0
MSC--09---,,,SCIENCE 9,,,,,N,,,N,,,,,,,0
MSS--09---,,,SOCIAL STUDIES 9,,,,,N,,,N,,,,,,,0
YHRA-0AX--,,,CROSS TRAINING 10,,,,,N,,,N,,,,,,,4
ID,1913,Grade,8,,,,,,,,,,,,,,,
Course,,,,Description,,,Recommended,,,Alternate,,,,Alternate Courses,,,,Credit
MADT-09---,,,ADST - Textiles 9,,,,,N,,,Y,,,,,,,0
MADW-09---,,,ADST - Woodwork 9,,,,,N,,,Y,,,,,,,0
MDNC-09C-L,,,DANCE 9 Choreography Linear,,,,,N,,,N,,,,,,,0
MDNC-09F--,,,DANCE 9 Foundations,,,,,N,,,N,,,,,,,0
MDNC-09M-L,,,DANCE 9 Company: Platform 61 Linear,,,,,N,,,N,,,,,,,0
MEN--09---,,,ENGLISH LANGUAGE ARTS 9,,,,,N,,,N,,,,,,,0
MMA--09---,,,MATHEMATICS 9,,,,,N,,,N,,,,,,,0
MPHE-09G--,,,PHYSICAL AND HEALTH EDUCATION 9 Girls,,,,,N,,,N,,,,,,,0
MSC--09---,,,SCIENCE 9,,,,,N,,,N,,,,,,,0
MSP--09---,,,SPANISH 9,,,,,N,,,N,,,,,,,0
MSS--09---,,,SOCIAL STUDIES 9,,,,,N,,,N,,,,,,,0
XLDCB09M--,,,TECH ED 9: MECHANICS LD,,,,,N,,,N,,,,,,,0
ID,1914,Grade,8,,,,,,,,,,,,,,,
Course,,,,Description,,,Recommended,,,Alternate,,,,Alternate Courses,,,,Credit
MADT-09---,,,ADST - Textiles 9,,,,,N,,,Y,,,,,,,0
MDNC-09F--,,,DANCE 9 Foundations,,,,,N,,,Y,,,,,,,0
MEN--09---,,,ENGLISH LANGUAGE ARTS 9,,,,,N,,,N,,,,,,,0
MPHE-09G--,,,PHYSICAL AND HEALTH EDUCATION 9 Girls,,,,,N,,,N,,,,,,,0
MPHE-09Y--,,,PHYSICAL AND HEALTH EDUCATION 9 Yoga for Mindfulns,,,,,N,,,N,,,,,,,0
MSC--09---,,,SCIENCE 9,,,,,N,,,N,,,,,,,0
MSP--09---,,,SPANISH 9,,,,,N,,,N,,,,,,,0
MSS--09---,,,SOCIAL STUDIES 9,,,,,N,,,N,,,,,,,0
XLDCB09LS-,,,LEARNING STRATEGIES 9 LD,,,,,N,,,N,,,,,,,0
XLDCE09NM-,,,NUMERACY 9,,,,,N,,,N,,,,,,,0
ID,1915,Grade,8,,,,,,,,,,,,,,,
Course,,,,Description,,,Recommended,,,Alternate,,,,Alternate Courses,,,,Credit
MADD-09---,,,ADST - Drafting 9,,,,,N,,,Y,,,,,,,0
MMA--09---,,,MATHEMATICS 9,,,,,N,,,N,,,,,,,0
MPHE-09FB-,,,PHYSICAL AND HEALTH EDUCATION 9 Football,,,,,N,,,N,,,,,,,0
MSC--09---,,,SCIENCE 9,,,,,N,,,N,,,,,,,0
MSP--09---,,,SPANISH 9,,,,,N,,,N,,,,,,,0
MSS--09---,,,SOCIAL STUDIES 9,,,,,N,,,N,,,,,,,0
MWBDV10IT-,,,Information and Communications Technologies 10,,,,,N,,,N,,,,,,,4
XLDCB09M--,,,TECH ED 9: MECHANICS LD,,,,,N,,,N,,,,,,,0
YHRA-0AX--,,,CROSS TRAINING 10,,,,,N,,,N,,,,,,,4
ID,1916,Grade,8,,,,,,,,,,,,,,,
Course,,,,Description,,,Recommended,,,Alternate,,,,Alternate Courses,,,,Credit
MADD-09---,,,ADST - Drafting 9,,,,,N,,,N,,,,,,,0
MADEM10---,,,ADST ? ENTREPRENEURSHIP AND MARKETING 10,,,,,N,,,N,,,,,,,4
MADER09---,,,ADST - Electronics and Robotics,,,,,N,,,N,,,,,,,0
MADW-09---,,,ADST - Woodwork 9,,,,,N,,,Y,,,,,,,0
MEN--09---,,,ENGLISH LANGUAGE ARTS 9,,,,,N,,,N,,,,,,,0
MMA--09---,,,MATHEMATICS 9,,,,,N,,,N,,,,,,,0
MPHE-09---,,,PHYSICAL AND HEALTH EDUCATION 9,,,,,N,,,N,,,,,,,0
MSC--09---,,,SCIENCE 9,,,,,N,,,N,,,,,,,0
MSS--09---,,,SOCIAL STUDIES 9,,,,,N,,,N,,,,,,,0
XLDCB09M--,,,TECH ED 9: MECHANICS LD,,,,,N,,,Y,,,,,,,0
ID,1917,Grade,8,,,,,,,,,,,,,,,
Course,,,,Description,,,Recommended,,,Alternate,,,,Alternate Courses,,,,Credit
MADEM10---,,,ADST ? ENTREPRENEURSHIP AND MARKETING 10,,,,,N,,,N,,,,,,,4
MADT-09---,,,ADST - Textiles 9,,,,,N,,,Y,,,,,,,0
MEN--09---,,,ENGLISH LANGUAGE ARTS 9,,,,,N,,,N,,,,,,,0
MFR--11---,,,FRENCH 11,,,,,N,,,N,,,,,,,4
MMA--09---,,,MATHEMATICS 9,,,,,N,,,N,,,,,,,0
MPHE-09G--,,,PHYSICAL AND HEALTH EDUCATION 9 Girls,,,,,N,,,N,,,,,,,0
MSC--09---,,,SCIENCE 9,,,,,N,,,N,,,,,,,0
MSP--09---,,,SPANISH 9,,,,,N,,,Y,,,,,,,0
MSS--09---,,,SOCIAL STUDIES 9,,,,,N,,,N,,,,,,,0
MVA--09---,,,VISUAL ARTS 9,,,,,N,,,N,,,,,,,0
ID,1918,Grade,8,,,,,,,,,,,,,,,
Course,,,,Description,,,Recommended,,,Alternate,,,,Alternate Courses,,,,Credit
MADD-09---,,,ADST - Drafting 9,,,,,N,,,N,,,,,,,0
MADEM10---,,,ADST ? ENTREPRENEURSHIP AND MARKETING 10,,,,,N,,,Y,,,,,,,4
MADER09---,,,ADST - Electronics and Robotics,,,,,N,,,N,,,,,,,0
MADGE09---,,,ADST 9 - General Explorations (Modules),,,,,N,,,Y,,,,,,,0
MEN--09---,,,ENGLISH LANGUAGE ARTS 9,,,,,N,,,N,,,,,,,0
MMA--09---,,,MATHEMATICS 9,,,,,N,,,N,,,,,,,0
MPHE-09---,,,PHYSICAL AND HEALTH EDUCATION 9,,,,,N,,,N,,,,,,,0
MSC--09---,,,SCIENCE 9,,,,,N,,,N,,,,,,,0
MSS--09---,,,SOCIAL STUDIES 9,,,,,N,,,N,,,,,,,0
MWBDV10IT-,,,Information and Communications Technologies 10,,,,,N,,,N,,,,,,,4
ID,1919,Grade,8,,,,,,,,,,,,,,,
Course,,,,Description,,,Recommended,,,Alternate,,,,Alternate Courses,,,,Credit
MADT-09---,,,ADST - Textiles 9,,,,,N,,,N,,,,,,,0
MDNC-09C-L,,,DANCE 9 Choreography Linear,,,,,N,,,N,,,,,,,0
MDNC-09H--,,,DANCE 9 HIP HOP,,,,,N,,,N,,,,,,,0
MDNC-09M-L,,,DANCE 9 Company: Platform 61 Linear,,,,,N,,,N,,,,,,,0
MEN--09---,,,ENGLISH LANGUAGE ARTS 9,,,,,N,,,N,,,,,,,0
MMA--09---,,,MATHEMATICS 9,,,,,N,,,N,,,,,,,0
MPHE-09G--,,,PHYSICAL AND HEALTH EDUCATION 9 Girls,,,,,N,,,N,,,,,,,0
MSC--09---,,,SCIENCE 9,,,,,N,,,N,,,,,,,0
MSP--09---,,,SPANISH 9,,,,,N,,,N,,,,,,,0
MSS--09---,,,SOCIAL STUDIES 9,,,,,N,,,N,,,,,,,0
XBA--09C-L,,,CONCERT BAND 9 Linear,,,,,N,,,Y,,,,,,,0
ID,1920,Grade,8,,,,,,,,,,,,,,,
Course,,,,Description,,,Recommended,,,Alternate,,,,Alternate Courses,,,,Credit
MADD-09---,,,ADST - Drafting 9,,,,,N,,,N,,,,,,,0
MADEM10---,,,ADST ? ENTREPRENEURSHIP AND MARKETING 10,,,,,N,,,Y,,,,,,,4
MADER09---,,,ADST - Electronics and Robotics,,,,,N,,,Y,,,,,,,0
MADGE09---,,,ADST 9 - General Explorations (Modules),,,,,N,,,N,,,,,,,0
MEN--09C--,,,ENGLISH LANGUAGE ARTS 9 CHALLENGE,,,,,N,,,N,,,,,,,0
MMA--09C--,,,MATHEMATICS 9 CHALLENGE,,,,,N,,,N,,,,,,,0
MPHE-09---,,,PHYSICAL AND HEALTH EDUCATION 9,,,,,N,,,N,,,,,,,0
MSC--09C--,,,SCIENCE 9: CHALLENGE,,,,,N,,,N,,,,,,,0
MSS--09C--,,,SOCIAL STUDIES 9 CHALLENGE,,,,,N,,,N,,,,,,,0
MWBDV10IT-,,,Information and Communications Technologies 10,,,,,N,,,N,,,,,,,4
ID,1921,Grade,8,,,,,,,,,,,,,,,
Course,,,,Description,,,Recommended,,,Alternate,,,,Alternate Courses,,,,Credit
MADD-09---,,,ADST - Drafting 9,,,,,N,,,N,,,,,,,0
MADW-09---,,,ADST - Woodwork 9,,,,,N,,,N,,,,,,,0
MEN--09---,,,ENGLISH LANGUAGE ARTS 9,,,,,N,,,N,,,,,,,0
MMA--09---,,,MATHEMATICS 9,,,,,N,,,N,,,,,,,0
MPHE-09--L,,,PHYSICAL AND HEALTH EDUCATION 9 Linear,,,,,N,,,N,,,,,,,0
MSC--09---,,,SCIENCE 9,,,,,N,,,N,,,,,,,0
MSS--09---,,,SOCIAL STUDIES 9,,,,,N,,,N,,,,,,,0
MVA--09---,,,VISUAL ARTS 9,,,,,N,,,Y,,,,,,,0
XBA--09C-L,,,CONCERT BAND 9 Linear,,,,,N,,,N,,,,,,,0
ID,1922,Grade,8,,,,,,,,,,,,,,,
Course,,,,Description,,,Recommended,,,Alternate,,,,Alternate Courses,,,,Credit
MADD-09---,,,ADST - Drafting 9,,,,,N,,,Y,,,,,,,0
MADEM10---,,,ADST ? ENTREPRENEURSHIP AND MARKETING 10,,,,,N,,,N,,,,,,,4
MADGE09---,,,ADST 9 - General Explorations (Modules),,,,,N,,,N,,,,,,,0
MEN--09E--,,,ENGLISH 9 FOR ELL,,,,,N,,,N,,,,,,,0
MMA--09---,,,MATHEMATICS 9,,,,,N,,,N,,,,,,,0
MPHE-09---,,,PHYSICAL AND HEALTH EDUCATION 9,,,,,N,,,N,,,,,,,0
MSC--09---,,,SCIENCE 9,,,,,N,,,N,,,,,,,0
MSS--09---,,,SOCIAL STUDIES 9,,,,,N,,,N,,,,,,,0
MWBDV10IT-,,,Information and Communications Technologies 10,,,,,N,,,N,,,,,,,4
XLDCB09M--,,,TECH ED 9: MECHANICS LD,,,,,N,,,Y,,,,,,,0
ID,1923,Grade,8,,,,,,,,,,,,,,,
Course,,,,Description,,,Recommended,,,Alternate,,,,Alternate Courses,,,,Credit
MADGE09---,,,ADST 9 - General Explorations (Modules),,,,,N,,,Y,,,,,,,0
MDNC-09H--,,,DANCE 9 HIP HOP,,,,,N,,,N,,,,,,,0
MDNC-09PT-,,,DANCE 9 Performance and Technique,,,,,N,,,Y,,,,,,,0
MEN--09---,,,ENGLISH LANGUAGE ARTS 9,,,,,N,,,N,,,,,,,0
MMA--09---,,,MATHEMATICS 9,,,,,N,,,N,,,,,,,0
MPHE-09G--,,,PHYSICAL AND HEALTH EDUCATION 9 Girls,,,,,N,,,N,,,,,,,0
MSC--09---,,,SCIENCE 9,,,,,N,,,N,,,,,,,0
MSP--09---,,,SPANISH 9,,,,,N,,,N,,,,,,,0
MSS--09---,,,SOCIAL STUDIES 9,,,,,N,,,N,,,,,,,0
MWBDV10IT-,,,Information and Communications Technologies 10,,,,,N,,,N,,,,,,,4
ID,1924,Grade,8,,,,,,,,,,,,,,,
Course,,,,Description,,,Recommended,,,Alternate,,,,Alternate Courses,,,,Credit
MADT-09---,,,ADST - Textiles 9,,,,,N,,,N,,,,,,,0
MDNC-09C-L,,,DANCE 9 Choreography Linear,,,,,N,,,N,,,,,,,0
MDNC-09M-L,,,DANCE 9 Company: Platform 61 Linear,,,,,N,,,N,,,,,,,0
MDNC-09PT-,,,DANCE 9 Performance and Technique,,,,,N,,,N,,,,,,,0
MEN--09---,,,ENGLISH LANGUAGE ARTS 9,,,,,N,,,N,,,,,,,0
MMA--09---,,,MATHEMATICS 9,,,,,N,,,N,,,,,,,0
MPHE-09G--,,,PHYSICAL AND HEALTH EDUCATION 9 Girls,,,,,N,,,N,,,,,,,0
MSC--09---,,,SCIENCE 9,,,,,N,,,N,,,,,,,0
MSP--09---,,,SPANISH 9,,,,,N,,,N,,,,,,,0
MSS--09---,,,SOCIAL STUDIES 9,,,,,N,,,N,,,,,,,0
MVA--09---,,,VISUAL ARTS 9,,,,,N,,,Y,,,,,,,0
ID,1925,Grade,8,,,,,,,,,,,,,,,
Course,,,,Description,,,Recommended,,,Alternate,,,,Alternate Courses,,,,Credit
MADW-09---,,,ADST - Woodwork 9,,,,,N,,,Y,,,,,,,0
MDR--09---,,,DRAMA 9,,,,,N,,,N,,,,,,,0
MEN--09---,,,ENGLISH LANGUAGE ARTS 9,,,,,N,,,N,,,,,,,0
MFR--09---,,,FRENCH 9,,,,,N,,,N,,,,,,,0
MMA--09---,,,MATHEMATICS 9,,,,,N,,,N,,,,,,,0
MPHE-09G--,,,PHYSICAL AND HEALTH EDUCATION 9 Girls,,,,,N,,,N,,,,,,,0
MSC--09---,,,SCIENCE 9,,,,,N,,,N,,,,,,,0
MSS--09---,,,SOCIAL STUDIES 9,,,,,N,,,N,,,,,,,0
MVA--09---,,,VISUAL ARTS 9,,,,,N,,,Y,,,,,,,0
XBA--09G--,,,CONCERT BAND 9 - Guitar,,,,,N,,,N,,,,,,,0
ID,1926,Grade,8,,,,,,,,,,,,,,,
Course,,,,Description,,,Recommended,,,Alternate,,,,Alternate Courses,,,,Credit
MADD-09---,,,ADST - Drafting 9,,,,,N,,,Y,,,,,,,0
MADEM10---,,,ADST ? ENTREPRENEURSHIP AND MARKETING 10,,,,,N,,,Y,,,,,,,4
MADER09---,,,ADST - Electronics and Robotics,,,,,N,,,N,,,,,,,0
MEN--09---,,,ENGLISH LANGUAGE ARTS 9,,,,,N,,,N,,,,,,,0
MMA--09---,,,MATHEMATICS 9,,,,,N,,,N,,,,,,,0
MPHE-09--L,,,PHYSICAL AND HEALTH EDUCATION 9 Linear,,,,,N,,,N,,,,,,,0
MSC--09---,,,SCIENCE 9,,,,,N,,,N,,,,,,,0
MSS--09---,,,SOCIAL STUDIES 9,,,,,N,,,N,,,,,,,0
MVA--09---,,,VISUAL ARTS 9,,,,,N,,,Y,,,,,,,0
MWBDV10IT-,,,Information and Communications Technologies 10,,,,,N,,,N,,,,,,,4
XLDCB09LSL,,,LEARNING STRATEGIES 9 LD LINEAR,,,,,N,,,N,,,,,,,0
ID,1927,Grade,8,,,,,,,,,,,,,,,
Course,,,,Description,,,Recommended,,,Alternate,,,,Alternate Courses,,,,Credit
MADD-09---,,,ADST - Drafting 9,,,,,N,,,Y,,,,,,,0
MADT-09---,,,ADST - Textiles 9,,,,,N,,,N,,,,,,,0
MEN--09---,,,ENGLISH LANGUAGE ARTS 9,,,,,N,,,N,,,,,,,0
MFR--09---,,,FRENCH 9,,,,,N,,,N,,,,,,,0
MMA--09---,,,MATHEMATICS 9,,,,,N,,,N,,,,,,,0
MPHE-09G--,,,PHYSICAL AND HEALTH EDUCATION 9 Girls,,,,,N,,,N,,,,,,,0
MSC--09---,,,SCIENCE 9,,,,,N,,,N,,,,,,,0
MSP--09---,,,SPANISH 9,,,,,N,,,Y,,,,,,,0
MSS--09---,,,SOCIAL STUDIES 9,,,,,N,,,N,,,,,,,0
MWBDV10IT-,,,Information and Communications Technologies 10,,,,,N,,,N,,,,,,,4
ID,1928,Grade,8,,,,,,,,,,,,,,,
Course,,,,Description,,,Recommended,,,Alternate,,,,Alternate Courses,,,,Credit
MADD-09---,,,ADST - Drafting 9,,,,,N,,,N,,,,,,,0
MDNC-09C-L,,,DANCE 9 Choreography Linear,,,,,N,,,N,,,,,,,0
MDNC-09M-L,,,DANCE 9 Company: Platform 61 Linear,,,,,N,,,N,,,,,,,0
MDNC-09PT-,,,DANCE 9 Performance and Technique,,,,,N,,,N,,,,,,,0
MDR--09---,,,DRAMA 9,,,,,N,,,Y,,,,,,,0
MEN--09E--,,,ENGLISH 9 FOR ELL,,,,,N,,,N,,,,,,,0
MMA--09---,,,MATHEMATICS 9,,,,,N,,,N,,,,,,,0
MPHE-09G--,,,PHYSICAL AND HEALTH EDUCATION 9 Girls,,,,,N,,,N,,,,,,,0
MSC--09---,,,SCIENCE 9,,,,,N,,,N,,,,,,,0
MSP--09---,,,SPANISH 9,,,,,N,,,Y,,,,,,,0
MSS--09---,,,SOCIAL STUDIES 9,,,,,N,,,N,,,,,,,0
XBA--09G--,,,CONCERT BAND 9 - Guitar,,,,,N,,,N,,,,,,,0
ID,1929,Grade,8,,,,,,,,,,,,,,,
Course,,,,Description,,,Recommended,,,Alternate,,,,Alternate Courses,,,,Credit
MADD-09---,,,ADST - Drafting 9,,,,,N,,,N,,,,,,,0
MADGE09---,,,ADST 9 - General Explorations (Modules),,,,,N,,,Y,,,,,,,0
MEN--09---,,,ENGLISH LANGUAGE ARTS 9,,,,,N,,,N,,,,,,,0
MMA--09---,,,MATHEMATICS 9,,,,,N,,,N,,,,,,,0
MPHE-09B--,,,PHYSICAL AND HEALTH EDUCATION 9 Boys,,,,,N,,,N,,,,,,,0
MSC--09---,,,SCIENCE 9,,,,,N,,,N,,,,,,,0
MSS--09---,,,SOCIAL STUDIES 9,,,,,N,,,N,,,,,,,0
MWBDV10IT-,,,Information and Communications Technologies 10,,,,,N,,,N,,,,,,,4
XBA--09G--,,,CONCERT BAND 9 - Guitar,,,,,N,,,Y,,,,,,,0
XLDCB09M--,,,TECH ED 9: MECHANICS LD,,,,,N,,,N,,,,,,,0
ID,1930,Grade,8,,,,,,,,,,,,,,,
Course,,,,Description,,,Recommended,,,Alternate,,,,Alternate Courses,,,,Credit
MADD-09---,,,ADST - Drafting 9,,,,,N,,,N,,,,,,,0
MADEM10---,,,ADST ? ENTREPRENEURSHIP AND MARKETING 10,,,,,N,,,N,,,,,,,4
MADER09---,,,ADST - Electronics and Robotics,,,,,N,,,N,,,,,,,0
MADGE09---,,,ADST 9 - General Explorations (Modules),,,,,N,,,Y,,,,,,,0
MADW-09---,,,ADST - Woodwork 9,,,,,N,,,Y,,,,,,,0
MEN--09E--,,,ENGLISH 9 FOR ELL,,,,,N,,,N,,,,,,,0
MMA--09---,,,MATHEMATICS 9,,,,,N,,,N,,,,,,,0
MPHE-09B--,,,PHYSICAL AND HEALTH EDUCATION 9 Boys,,,,,N,,,N,,,,,,,0
MSC--09---,,,SCIENCE 9,,,,,N,,,N,,,,,,,0
MSS--09---,,,SOCIAL STUDIES 9,,,,,N,,,N,,,,,,,0
ID,1931,Grade,8,,,,,,,,,,,,,,,
Course,,,,Description,,,Recommended,,,Alternate,,,,Alternate Courses,,,,Credit
MADD-09---,,,ADST - Drafting 9,,,,,N,,,Y,,,,,,,0
MADER09---,,,ADST - Electronics and Robotics,,,,,N,,,N,,,,,,,0
MADGE09---,,,ADST 9 - General Explorations (Modules),,,,,N,,,N,,,,,,,0
MEN--09C--,,,ENGLISH LANGUAGE ARTS 9 CHALLENGE,,,,,N,,,N,,,,,,,0
MMA--09C--,,,MATHEMATICS 9 CHALLENGE,,,,,N,,,N,,,,,,,0
MPHE-09--L,,,PHYSICAL AND HEALTH EDUCATION 9 Linear,,,,,N,,,N,,,,,,,0
MSC--09C--,,,SCIENCE 9: CHALLENGE,,,,,N,,,N,,,,,,,0
MSP--09---,,,SPANISH 9,,,,,N,,,Y,,,,,,,0
MSS--09C--,,,SOCIAL STUDIES 9 CHALLENGE,,,,,N,,,N,,,,,,,0
XBA--09C-L,,,CONCERT BAND 9 Linear,,,,,N,,,N,,,,,,,0
XBA--09J-L,,,JAZZ BAND 9 LINEAR,,,,,N,,,N,,,,,,,0
ID,1932,Grade,8,,,,,,,,,,,,,,,
Course,,,,Description,,,Recommended,,,Alternate,,,,Alternate Courses,,,,Credit
MADGE09---,,,ADST 9 - General Explorations (Modules),,,,,N,,,N,,,,,,,0
MEN--09C--,,,ENGLISH LANGUAGE ARTS 9 CHALLENGE,,,,,N,,,N,,,,,,,0
MFR--11---,,,FRENCH 11,,,,,N,,,N,,,,,,,4
MMA--09C--,,,MATHEMATICS 9 CHALLENGE,,,,,N,,,N,,,,,,,0
MPHE-09B--,,,PHYSICAL AND HEALTH EDUCATION 9 Boys,,,,,N,,,N,,,,,,,0
MSC--09C--,,,SCIENCE 9: CHALLENGE,,,,,N,,,N,,,,,,,0
MSS--09C--,,,SOCIAL STUDIES 9 CHALLENGE,,,,,N,,,N,,,,,,,0
MWBDV10IT-,,,Information and Communications Technologies 10,,,,,N,,,N,,,,,,,4
XLDCB09M--,,,TECH ED 9: MECHANICS LD,,,,,N,,,Y,,,,,,,0
ID,1933,Grade,8,,,,,,,,,,,,,,,
Course,,,,Description,,,Recommended,,,Alternate,,,,Alternate Courses,,,,Credit
MADEM10---,,,ADST ? ENTREPRENEURSHIP AND MARKETING 10,,,,,N,,,N,,,,,,,4
MDR--09---,,,DRAMA 9,,,,,N,,,N,,,,,,,0
MEN--09---,,,ENGLISH LANGUAGE ARTS 9,,,,,N,,,N,,,,,,,0
MMA--09H--,,,MATHEMATICS 9 HONOURS,,,,,N,,,N,,,,,,,0
MPHE-09G--,,,PHYSICAL AND HEALTH EDUCATION 9 Girls,,,,,N,,,N,,,,,,,0
MSC--09---,,,SCIENCE 9,,,,,N,,,N,,,,,,,0
MSS--09---,,,SOCIAL STUDIES 9,,,,,N,,,N,,,,,,,0
MVA--09---,,,VISUAL ARTS 9,,,,,N,,,N,,,,,,,0
ID,1934,Grade,8,,,,,,,,,,,,,,,
Course,,,,Description,,,Recommended,,,Alternate,,,,Alternate Courses,,,,Credit
MADEM10---,,,ADST ? ENTREPRENEURSHIP AND MARKETING 10,,,,,N,,,N,,,,,,,4
MADER09---,,,ADST - Electronics and Robotics,,,,,N,,,Y,,,,,,,0
MEN--09C--,,,ENGLISH LANGUAGE ARTS 9 CHALLENGE,,,,,N,,,N,,,,,,,0
MFR--11---,,,FRENCH 11,,,,,N,,,N,,,,,,,4
MMA--09C--,,,MATHEMATICS 9 CHALLENGE,,,,,N,,,N,,,,,,,0
MPHE-09---,,,PHYSICAL AND HEALTH EDUCATION 9,,,,,N,,,N,,,,,,,0
MPHE-09--L,,,PHYSICAL AND HEALTH EDUCATION 9 Linear,,,,,N,,,Y,,,,,,,0
MSC--09C--,,,SCIENCE 9: CHALLENGE,,,,,N,,,N,,,,,,,0
MSS--09C--,,,SOCIAL STUDIES 9 CHALLENGE,,,,,N,,,N,,,,,,,0
MWBDV10IT-,,,Information and Communications Technologies 10,,,,,N,,,N,,,,,,,4
XBA--09C-L,,,CONCERT BAND 9 Linear,,,,,N,,,Y,,,,,,,0
ID,1935,Grade,8,,,,,,,,,,,,,,,
Course,,,,Description,,,Recommended,,,Alternate,,,,Alternate Courses,,,,Credit
MADT-09---,,,ADST - Textiles 9,,,,,N,,,N,,,,,,,0
MDNC-09F--,,,DANCE 9 Foundations,,,,,N,,,Y,,,,,,,0
MDR--09---,,,DRAMA 9,,,,,N,,,N,,,,,,,0
MEN--09---,,,ENGLISH LANGUAGE ARTS 9,,,,,N,,,N,,,,,,,0
MMA--09H--,,,MATHEMATICS 9 HONOURS,,,,,N,,,N,,,,,,,0
MPHE-09G--,,,PHYSICAL AND HEALTH EDUCATION 9 Girls,,,,,N,,,N,,,,,,,0
MSC--09---,,,SCIENCE 9,,,,,N,,,N,,,,,,,0
MSS--09---,,,SOCIAL STUDIES 9,,,,,N,,,N,,,,,,,0
MVA--09---,,,VISUAL ARTS 9,,,,,N,,,N,,,,,,,0
XC---09--L,,,CONCERT CHOIR 9 Linear,,,,,N,,,N,,,,,,,0
ID,1936,Grade,8,,,,,,,,,,,,,,,
Course,,,,Description,,,Recommended,,,Alternate,,,,Alternate Courses,,,,Credit
MADT-09---,,,ADST - Textiles 9,,,,,N,,,Y,,,,,,,0
MDNC-09F--,,,DANCE 9 Foundations,,,,,N,,,Y,,,,,,,0
MDR--09---,,,DRAMA 9,,,,,N,,,N,,,,,,,0
MEN--09---,,,ENGLISH LANGUAGE ARTS 9,,,,,N,,,N,,,,,,,0
MFR--09---,,,FRENCH 9,,,,,N,,,N,,,,,,,0
MMA--09H--,,,MATHEMATICS 9 HONOURS,,,,,N,,,N,,,,,,,0
MPHE-09G--,,,PHYSICAL AND HEALTH EDUCATION 9 Girls,,,,,N,,,N,,,,,,,0
MSC--09---,,,SCIENCE 9,,,,,N,,,N,,,,,,,0
MSS--09---,,,SOCIAL STUDIES 9,,,,,N,,,N,,,,,,,0
MVA--09---,,,VISUAL ARTS 9,,,,,N,,,N,,,,,,,0
XC---09--L,,,CONCERT CHOIR 9 Linear,,,,,N,,,N,,,,,,,0
XLDCB09S-L,,,STRINGS 9 LINEAR,,,,,N,,,N,,,,,,,0
ID,1937,Grade,8,,,,,,,,,,,,,,,
Course,,,,Description,,,Recommended,,,Alternate,,,,Alternate Courses,,,,Credit
MADEM10---,,,ADST ? ENTREPRENEURSHIP AND MARKETING 10,,,,,N,,,Y,,,,,,,4
MADGE09---,,,ADST 9 - General Explorations (Modules),,,,,N,,,Y,,,,,,,0
MEN--09C--,,,ENGLISH LANGUAGE ARTS 9 CHALLENGE,,,,,N,,,N,,,,,,,0
MFR--11---,,,FRENCH 11,,,,,N,,,N,,,,,,,4
MMA--09C--,,,MATHEMATICS 9 CHALLENGE,,,,,N,,,N,,,,,,,0
MPHE-09---,,,PHYSICAL AND HEALTH EDUCATION 9,,,,,N,,,N,,,,,,,0
MSC--09C--,,,SCIENCE 9: CHALLENGE,,,,,N,,,N,,,,,,,0
MSS--09C--,,,SOCIAL STUDIES 9 CHALLENGE,,,,,N,,,N,,,,,,,0
MVA--09---,,,VISUAL ARTS 9,,,,,N,,,N,,,,,,,0
MWBDV10IT-,,,Information and Communications Technologies 10,,,,,N,,,N,,,,,,,4
ID,1938,Grade,8,,,,,,,,,,,,,,,
Course,,,,Description,,,Recommended,,,Alternate,,,,Alternate Courses,,,,Credit
MADEM10---,,,ADST ? ENTREPRENEURSHIP AND MARKETING 10,,,,,N,,,Y,,,,,,,4
MADGE09---,,,ADST 9 - General Explorations (Modules),,,,,N,,,N,,,,,,,0
MEN--09C--,,,ENGLISH LANGUAGE ARTS 9 CHALLENGE,,,,,N,,,N,,,,,,,0
MMA--09C--,,,MATHEMATICS 9 CHALLENGE,,,,,N,,,N,,,,,,,0
MPHE-09B--,,,PHYSICAL AND HEALTH EDUCATION 9 Boys,,,,,N,,,N,,,,,,,0
MSC--09C--,,,SCIENCE 9: CHALLENGE,,,,,N,,,N,,,,,,,0
MSP--09---,,,SPANISH 9,,,,,N,,,N,,,,,,,0
MSS--09C--,,,SOCIAL STUDIES 9 CHALLENGE,,,,,N,,,N,,,,,,,0
MWBDV10IT-,,,Information and Communications Technologies 10,,,,,N,,,N,,,,,,,4
XLDCB09M--,,,TECH ED 9: MECHANICS LD,,,,,N,,,Y,,,,,,,0
ID,1939,Grade,8,,,,,,,,,,,,,,,
Course,,,,Description,,,Recommended,,,Alternate,,,,Alternate Courses,,,,Credit
MADT-09---,,,ADST - Textiles 9,,,,,N,,,N,,,,,,,0
MDNC-09F--,,,DANCE 9 Foundations,,,,,N,,,N,,,,,,,0
MDNC-09H--,,,DANCE 9 HIP HOP,,,,,N,,,Y,,,,,,,0
MEN--09E--,,,ENGLISH 9 FOR ELL,,,,,N,,,N,,,,,,,0
MMA--09---,,,MATHEMATICS 9,,,,,N,,,N,,,,,,,0
MPHE-09G--,,,PHYSICAL AND HEALTH EDUCATION 9 Girls,,,,,N,,,N,,,,,,,0
MPHE-09Y--,,,PHYSICAL AND HEALTH EDUCATION 9 Yoga for Mindfulns,,,,,N,,,Y,,,,,,,0
MSC--09---,,,SCIENCE 9,,,,,N,,,N,,,,,,,0
MSS--09---,,,SOCIAL STUDIES 9,,,,,N,,,N,,,,,,,0
MVA--09---,,,VISUAL ARTS 9,,,,,N,,,N,,,,,,,0
ID,1940,Grade,8,,,,,,,,,,,,,,,
Course,,,,Description,,,Recommended,,,Alternate,,,,Alternate Courses,,,,Credit
MADEM10---,,,ADST ? ENTREPRENEURSHIP AND MARKETING 10,,,,,N,,,N,,,,,,,4
MADER09---,,,ADST - Electronics and Robotics,,,,,N,,,N,,,,,,,0
MADGE09---,,,ADST 9 - General Explorations (Modules),,,,,N,,,Y,,,,,,,0
MEN--09C--,,,ENGLISH LANGUAGE ARTS 9 CHALLENGE,,,,,N,,,N,,,,,,,0
MMA--09C--,,,MATHEMATICS 9 CHALLENGE,,,,,N,,,N,,,,,,,0
MPHE-09---,,,PHYSICAL AND HEALTH EDUCATION 9,,,,,N,,,N,,,,,,,0
MSC--09C--,,,SCIENCE 9: CHALLENGE,,,,,N,,,N,,,,,,,0
MSS--09C--,,,SOCIAL STUDIES 9 CHALLENGE,,,,,N,,,N,,,,,,,0
MWBDV10IT-,,,Information and Communications Technologies 10,,,,,N,,,N,,,,,,,4
XLDCB09M--,,,TECH ED 9: MECHANICS LD,,,,,N,,,Y,,,,,,,0
ID,1941,Grade,8,,,,,,,,,,,,,,,
Course,,,,Description,,,Recommended,,,Alternate,,,,Alternate Courses,,,,Credit
MADD-09---,,,ADST - Drafting 9,,,,,N,,,Y,,,,,,,0
MADEM10---,,,ADST ? ENTREPRENEURSHIP AND MARKETING 10,,,,,N,,,N,,,,,,,4
MADGE09---,,,ADST 9 - General Explorations (Modules),,,,,N,,,Y,,,,,,,0
MEN--09---,,,ENGLISH LANGUAGE ARTS 9,,,,,N,,,N,,,,,,,0
MFR--11---,,,FRENCH 11,,,,,N,,,N,,,,,,,4
MMA--09H--,,,MATHEMATICS 9 HONOURS,,,,,N,,,N,,,,,,,0
MPHE-09G--,,,PHYSICAL AND HEALTH EDUCATION 9 Girls,,,,,N,,,N,,,,,,,0
MSC--09---,,,SCIENCE 9,,,,,N,,,N,,,,,,,0
MSS--09---,,,SOCIAL STUDIES 9,,,,,N,,,N,,,,,,,0
MWBDV10IT-,,,Information and Communications Technologies 10,,,,,N,,,N,,,,,,,4
ID,1942,Grade,8,,,,,,,,,,,,,,,
Course,,,,Description,,,Recommended,,,Alternate,,,,Alternate Courses,,,,Credit
MADD-09---,,,ADST - Drafting 9,,,,,N,,,Y,,,,,,,0
MADEM10---,,,ADST ? ENTREPRENEURSHIP AND MARKETING 10,,,,,N,,,N,,,,,,,4
MADGE09---,,,ADST 9 - General Explorations (Modules),,,,,N,,,Y,,,,,,,0
MADT-09---,,,ADST - Textiles 9,,,,,N,,,N,,,,,,,0
MEN--09---,,,ENGLISH LANGUAGE ARTS 9,,,,,N,,,N,,,,,,,0
MMA--09H--,,,MATHEMATICS 9 HONOURS,,,,,N,,,N,,,,,,,0
MPHE-09---,,,PHYSICAL AND HEALTH EDUCATION 9,,,,,N,,,N,,,,,,,0
MSC--09---,,,SCIENCE 9,,,,,N,,,N,,,,,,,0
MSS--09---,,,SOCIAL STUDIES 9,,,,,N,,,N,,,,,,,0
XBA--09G--,,,CONCERT BAND 9 - Guitar,,,,,N,,,N,,,,,,,0
ID,1943,Grade,8,,,,,,,,,,,,,,,
Course,,,,Description,,,Recommended,,,Alternate,,,,Alternate Courses,,,,Credit
MADEM10---,,,ADST ? ENTREPRENEURSHIP AND MARKETING 10,,,,,N,,,Y,,,,,,,4
MADER09---,,,ADST - Electronics and Robotics,,,,,N,,,Y,,,,,,,0
MADGE09---,,,ADST 9 - General Explorations (Modules),,,,,N,,,Y,,,,,,,0
MADW-09---,,,ADST - Woodwork 9,,,,,N,,,N,,,,,,,0
MEN--09---,,,ENGLISH LANGUAGE ARTS 9,,,,,N,,,N,,,,,,,0
MMA--09---,,,MATHEMATICS 9,,,,,N,,,N,,,,,,,0
MPHE-09--L,,,PHYSICAL AND HEALTH EDUCATION 9 Linear,,,,,N,,,N,,,,,,,0
MSC--09---,,,SCIENCE 9,,,,,N,,,N,,,,,,,0
MSS--09---,,,SOCIAL STUDIES 9,,,,,N,,,N,,,,,,,0
XLDCB09LSL,,,LEARNING STRATEGIES 9 LD LINEAR,,,,,N,,,N,,,,,,,0
XLDCB09M--,,,TECH ED 9: MECHANICS LD,,,,,N,,,N,,,,,,,0
ID,1944,Grade,8,,,,,,,,,,,,,,,
Course,,,,Description,,,Recommended,,,Alternate,,,,Alternate Courses,,,,Credit
MADER09---,,,ADST - Electronics and Robotics,,,,,N,,,N,,,,,,,0
MADGE09---,,,ADST 9 - General Explorations (Modules),,,,,N,,,Y,,,,,,,0
MEN--09E--,,,ENGLISH 9 FOR ELL,,,,,N,,,N,,,,,,,0
MFR--09---,,,FRENCH 9,,,,,N,,,N,,,,,,,0
MPHE-09B--,,,PHYSICAL AND HEALTH EDUCATION 9 Boys,,,,,N,,,N,,,,,,,0
MSC--09---,,,SCIENCE 9,,,,,N,,,N,,,,,,,0
MSS--09---,,,SOCIAL STUDIES 9,,,,,N,,,N,,,,,,,0
XLDCB09LS-,,,LEARNING STRATEGIES 9 LD,,,,,N,,,N,,,,,,,0
XLDCB09M--,,,TECH ED 9: MECHANICS LD,,,,,N,,,Y,,,,,,,0
XLDCE09NM-,,,NUMERACY 9,,,,,N,,,N,,,,,,,0
ID,1945,Grade,8,,,,,,,,,,,,,,,
Course,,,,Description,,,Recommended,,,Alternate,,,,Alternate Courses,,,,Credit
MADEM10---,,,ADST ? ENTREPRENEURSHIP AND MARKETING 10,,,,,N,,,N,,,,,,,4
MEN--09---,,,ENGLISH LANGUAGE ARTS 9,,,,,N,,,N,,,,,,,0
MMA--09H--,,,MATHEMATICS 9 HONOURS,,,,,N,,,N,,,,,,,0
MPHE-09--L,,,PHYSICAL AND HEALTH EDUCATION 9 Linear,,,,,N,,,N,,,,,,,0
MSC--09---,,,SCIENCE 9,,,,,N,,,N,,,,,,,0
MSS--09---,,,SOCIAL STUDIES 9,,,,,N,,,N,,,,,,,0
MVA--09---,,,VISUAL ARTS 9,,,,,N,,,N,,,,,,,0
MWBDV10IT-,,,Information and Communications Technologies 10,,,,,N,,,Y,,,,,,,4
XBA--09C-L,,,CONCERT BAND 9 Linear,,,,,N,,,N,,,,,,,0
XBA--09J-L,,,JAZZ BAND 9 LINEAR,,,,,N,,,N,,,,,,,0
XLDCB09S-L,,,STRINGS 9 LINEAR,,,,,N,,,N,,,,,,,0
ID,1946,Grade,8,,,,,,,,,,,,,,,
Course,,,,Description,,,Recommended,,,Alternate,,,,Alternate Courses,,,,Credit
MADT-09---,,,ADST - Textiles 9,,,,,N,,,N,,,,,,,0
MDNC-09C-L,,,DANCE 9 Choreography Linear,,,,,N,,,N,,,,,,,0
MDNC-09F--,,,DANCE 9 Foundations,,,,,N,,,Y,,,,,,,0
MDNC-09H--,,,DANCE 9 HIP HOP,,,,,N,,,N,,,,,,,0
MDNC-09M-L,,,DANCE 9 Company: Platform 61 Linear,,,,,N,,,N,,,,,,,0
MEN--09---,,,ENGLISH LANGUAGE ARTS 9,,,,,N,,,N,,,,,,,0
MMA--09---,,,MATHEMATICS 9,,,,,N,,,N,,,,,,,0
MPHE-09G--,,,PHYSICAL AND HEALTH EDUCATION 9 Girls,,,,,N,,,N,,,,,,,0
MPHE-09Y--,,,PHYSICAL AND HEALTH EDUCATION 9 Yoga for Mindfulns,,,,,N,,,Y,,,,,,,0
MSC--09---,,,SCIENCE 9,,,,,N,,,N,,,,,,,0
MSP--09---,,,SPANISH 9,,,,,N,,,N,,,,,,,0
MSS--09---,,,SOCIAL STUDIES 9,,,,,N,,,N,,,,,,,0
ID,1947,Grade,8,,,,,,,,,,,,,,,
Course,,,,Description,,,Recommended,,,Alternate,,,,Alternate Courses,,,,Credit
MADER09---,,,ADST - Electronics and Robotics,,,,,N,,,Y,,,,,,,0
MADGE09---,,,ADST 9 - General Explorations (Modules),,,,,N,,,Y,,,,,,,0
MEN--09---,,,ENGLISH LANGUAGE ARTS 9,,,,,N,,,N,,,,,,,0
MFR--09---,,,FRENCH 9,,,,,N,,,N,,,,,,,0
MMA--09H--,,,MATHEMATICS 9 HONOURS,,,,,N,,,N,,,,,,,0
MPHE-09--L,,,PHYSICAL AND HEALTH EDUCATION 9 Linear,,,,,N,,,N,,,,,,,0
MSC--09---,,,SCIENCE 9,,,,,N,,,N,,,,,,,0
MSS--09---,,,SOCIAL STUDIES 9,,,,,N,,,N,,,,,,,0
MWBDV10IT-,,,Information and Communications Technologies 10,,,,,N,,,N,,,,,,,4
XBA--09C-L,,,CONCERT BAND 9 Linear,,,,,N,,,N,,,,,,,0
XLDCB09S-L,,,STRINGS 9 LINEAR,,,,,N,,,N,,,,,,,0
ID,1948,Grade,8,,,,,,,,,,,,,,,
Course,,,,Description,,,Recommended,,,Alternate,,,,Alternate Courses,,,,Credit
MADD-09---,,,ADST - Drafting 9,,,,,N,,,N,,,,,,,0
MADEM10---,,,ADST ? ENTREPRENEURSHIP AND MARKETING 10,,,,,N,,,Y,,,,,,,4
MADT-09---,,,ADST - Textiles 9,,,,,N,,,N,,,,,,,0
MEN--09---,,,ENGLISH LANGUAGE ARTS 9,,,,,N,,,N,,,,,,,0
MMA--09---,,,MATHEMATICS 9,,,,,N,,,N,,,,,,,0
MPHE-09G--,,,PHYSICAL AND HEALTH EDUCATION 9 Girls,,,,,N,,,N,,,,,,,0
MPHE-09Y--,,,PHYSICAL AND HEALTH EDUCATION 9 Yoga for Mindfulns,,,,,N,,,N,,,,,,,0
MSC--09---,,,SCIENCE 9,,,,,N,,,N,,,,,,,0
MSS--09---,,,SOCIAL STUDIES 9,,,,,N,,,N,,,,,,,0
MVA--09---,,,VISUAL ARTS 9,,,,,N,,,Y,,,,,,,0
ID,1949,Grade,8,,,,,,,,,,,,,,,
Course,,,,Description,,,Recommended,,,Alternate,,,,Alternate Courses,,,,Credit
MDR--09---,,,DRAMA 9,,,,,N,,,Y,,,,,,,0
MEN--09---,,,ENGLISH LANGUAGE ARTS 9,,,,,N,,,N,,,,,,,0
MFR--09---,,,FRENCH 9,,,,,N,,,Y,,,,,,,0
MMA--09---,,,MATHEMATICS 9,,,,,N,,,N,,,,,,,0
MPHE-09--L,,,PHYSICAL AND HEALTH EDUCATION 9 Linear,,,,,N,,,N,,,,,,,0
MPHE-09Y--,,,PHYSICAL AND HEALTH EDUCATION 9 Yoga for Mindfulns,,,,,N,,,N,,,,,,,0
MSC--09---,,,SCIENCE 9,,,,,N,,,N,,,,,,,0
MSS--09---,,,SOCIAL STUDIES 9,,,,,N,,,N,,,,,,,0
XBA--09C-L,,,CONCERT BAND 9 Linear,,,,,N,,,N,,,,,,,0
XBA--09G--,,,CONCERT BAND 9 - Guitar,,,,,N,,,N,,,,,,,0
ID,1950,Grade,8,,,,,,,,,,,,,,,
Course,,,,Description,,,Recommended,,,Alternate,,,,Alternate Courses,,,,Credit
MADD-09---,,,ADST - Drafting 9,,,,,N,,,N,,,,,,,0
MADGE09---,,,ADST 9 - General Explorations (Modules),,,,,N,,,N,,,,,,,0
MADW-09---,,,ADST - Woodwork 9,,,,,N,,,Y,,,,,,,0
MEN--09---,,,ENGLISH LANGUAGE ARTS 9,,,,,N,,,N,,,,,,,0
MFR--09---,,,FRENCH 9,,,,,N,,,Y,,,,,,,0
MMA--09---,,,MATHEMATICS 9,,,,,N,,,N,,,,,,,0
MPHE-09--L,,,PHYSICAL AND HEALTH EDUCATION 9 Linear,,,,,N,,,N,,,,,,,0
MSC--09---,,,SCIENCE 9,,,,,N,,,N,,,,,,,0
MSS--09---,,,SOCIAL STUDIES 9,,,,,N,,,N,,,,,,,0
XBA--09C-L,,,CONCERT BAND 9 Linear,,,,,N,,,N,,,,,,,0
ID,1951,Grade,8,,,,,,,,,,,,,,,
Course,,,,Description,,,Recommended,,,Alternate,,,,Alternate Courses,,,,Credit
MADEM10---,,,ADST ? ENTREPRENEURSHIP AND MARKETING 10,,,,,N,,,N,,,,,,,4
MADGE09---,,,ADST 9 - General Explorations (Modules),,,,,N,,,Y,,,,,,,0
MEN--09C--,,,ENGLISH LANGUAGE ARTS 9 CHALLENGE,,,,,N,,,N,,,,,,,0
MFR--11---,,,FRENCH 11,,,,,N,,,N,,,,,,,4
MMA--09C--,,,MATHEMATICS 9 CHALLENGE,,,,,N,,,N,,,,,,,0
MPHE-09---,,,PHYSICAL AND HEALTH EDUCATION 9,,,,,N,,,N,,,,,,,0
MSC--09C--,,,SCIENCE 9: CHALLENGE,,,,,N,,,N,,,,,,,0
MSS--09C--,,,SOCIAL STUDIES 9 CHALLENGE,,,,,N,,,N,,,,,,,0
MWBDV10IT-,,,Information and Communications Technologies 10,,,,,N,,,N,,,,,,,4
XBA--09C-L,,,CONCERT BAND 9 Linear,,,,,N,,,Y,,,,,,,0
ID,1952,Grade,8,,,,,,,,,,,,,,,
Course,,,,Description,,,Recommended,,,Alternate,,,,Alternate Courses,,,,Credit
MADEM10---,,,ADST ? ENTREPRENEURSHIP AND MARKETING 10,,,,,N,,,Y,,,,,,,4
MADGE09---,,,ADST 9 - General Explorations (Modules),,,,,N,,,N,,,,,,,0
MEN--09C--,,,ENGLISH LANGUAGE ARTS 9 CHALLENGE,,,,,N,,,N,,,,,,,0
MFR--11---,,,FRENCH 11,,,,,N,,,N,,,,,,,4
MMA--09C--,,,MATHEMATICS 9 CHALLENGE,,,,,N,,,N,,,,,,,0
MPHE-09---,,,PHYSICAL AND HEALTH EDUCATION 9,,,,,N,,,N,,,,,,,0
MSC--09C--,,,SCIENCE 9: CHALLENGE,,,,,N,,,N,,,,,,,0
MSS--09C--,,,SOCIAL STUDIES 9 CHALLENGE,,,,,N,,,N,,,,,,,0
MWBDV10IT-,,,Information and Communications Technologies 10,,,,,N,,,N,,,,,,,4
XLDCB09M--,,,TECH ED 9: MECHANICS LD,,,,,N,,,Y,,,,,,,0
ID,1953,Grade,8,,,,,,,,,,,,,,,
Course,,,,Description,,,Recommended,,,Alternate,,,,Alternate Courses,,,,Credit
MADEM10---,,,ADST ? ENTREPRENEURSHIP AND MARKETING 10,,,,,N,,,N,,,,,,,4
MADT-09---,,,ADST - Textiles 9,,,,,N,,,Y,,,,,,,0
MDNC-09F--,,,DANCE 9 Foundations,,,,,N,,,N,,,,,,,0
MDNC-09PT-,,,DANCE 9 Performance and Technique,,,,,N,,,Y,,,,,,,0
MEN--09---,,,ENGLISH LANGUAGE ARTS 9,,,,,N,,,N,,,,,,,0
MFR--11---,,,FRENCH 11,,,,,N,,,N,,,,,,,4
MMA--09---,,,MATHEMATICS 9,,,,,N,,,N,,,,,,,0
MPHE-09G--,,,PHYSICAL AND HEALTH EDUCATION 9 Girls,,,,,N,,,N,,,,,,,0
MSC--09---,,,SCIENCE 9,,,,,N,,,N,,,,,,,0
MSS--09---,,,SOCIAL STUDIES 9,,,,,N,,,N,,,,,,,0
ID,1954,Grade,0,,,,,,,,,,,,,,,
