Student,Block 0,Block 1,Block 2,Block 3,Block 4,Block 5,Block 6,Block 7
1000,PRE-CALCULUS 12 (Room 221),SOCIAL JUSTICE 12 (Room 121),20th CENTURY WORLD HISTORY 12 (Room 107),ECONOMICS 12 (Room 209),CALCULUS 12 (Room 106),ENGLISH FIRST PEOPLES 12 (Room 207A),COMPARATIVE CULTURES 12 (Room 209),PSYCHOLOGY 11 (Room 122)
1001,unassigned,ANATOMY AND PHYSIOLOGY 12 (Room 219),CONCERT BAND 9 - Guitar (Room NO ROOM FOUND),unassigned,unassigned,FRENCH 10 (Room A-3),PRE-CALCULUS 12 (Room 212),unassigned
1002,DANCE FOUNDATIONS 12 (Room Studio),SOCIAL JUSTICE 12 (Room 121),TEXTILES 12 (Room A-7),ENGLISH FIRST PEOPLES 12 (Room 207A),LEARNING STRATEGIES 12 (Room 109),YOGA FOR MINDFULNESS 12 (Room Gym),unassigned,unassigned
1003,PRE-CALCULUS 12 (Room 212),ANATOMY AND PHYSIOLOGY 12 (Room 219),ENGLISH STUDIES 12 (Room 205B),AUTOMOTIVE TECHNOLOGY 12 (Room 102),unassigned,unassigned,ACTIVE LIVING 12 (Room Gym),ENVIRONMENTAL SCIENCE 12 - CLIMATE CHANGE (Room 123)
1004,CHEMISTRY 12 (Room 219),ENGLISH STUDIES 12 CHALLENGE (Room A-6),PHYSICS 12 (Room 219),FOOD STUDIES 12 (Room 206),DRAFTING 12 (Room 105),ENGINEERING 12 (Room 105),AP CALCULUS AB 12 external credential (Room 221),unassigned
1005,PHYSICS 11 (Room 216),PRE-CALCULUS 12 HONOURS (Room 221),ENGLISH STUDIES 12 (Room 205B),CHEMISTRY 12 (Room 223),CALCULUS 12 (Room 106),ANATOMY AND PHYSIOLOGY 12 (Room 211),PHYSICS 12 (Room 223),unassigned
1006,SPANISH 11 (Room 205A),CRIMINOLOGY 12 (Room 123),TEXTILES 12 (Room A-7),PRE-CALCULUS 12 (Room 212),LAW STUDIES 12 (Room 107),CALCULUS 12 (Room 221),CHEMISTRY 12 (Room 216),SPANISH 12 (Room 208)
1007,CHEMISTRY 12 (Room 219),AP PHYSICS C (MECHANICS) 12 external credential (Room 225),3D ANIMATION 12 (Room 114),ENGINEERING 12 (Room 105),AP ENGLISH LITERATURE & COMPOSITION 12 (Room A-6),AP PHYSICS C (MECHANICS) 12 external credential (Room 225),LITERARY STUDIES 12 (Room 208),CALCULUS 12 (Room 106)
1008,PRE-CALCULUS 12 (Room 221),ENGLISH STUDIES 12 CHALLENGE (Room A-6),PHYSICS 12 (Room 219),ECONOMICS 12 (Room 209),AP ENGLISH LITERATURE & COMPOSITION 12 (Room A-6),ENGINEERING 12 (Room 105),CHEMISTRY 12 (Room 216),CALCULUS 12 (Room 106)
1009,ANATOMY AND PHYSIOLOGY 12 (Room 225),CHEMISTRY 12 (Room 226),PHYSICS 12 (Room 219),FOOD STUDIES 12 (Room 206),ENGLISH STUDIES 12 (Room 123),PRE-CALCULUS 12 (Room 220),OUTDOOR EDUCATION 12 (Room _CHECK THIS THING IDK),PSYCHOLOGY 11 (Room 122)
1010,PRE-CALCULUS 12 (Room 221),AP PHYSICS C (MECHANICS) 12 external credential (Room 225),COMPUTER PROGRAMMING 12 AI and (Room 203),PHYSICS 12 (Room 226),AP ENGLISH LITERATURE & COMPOSITION 12 (Room A-6),AP PHYSICS C (MECHANICS) 12 external credential (Room 225),LITERARY STUDIES 12 (Room 208),CALCULUS 12 (Room 106)
1011,CHEMISTRY 12 (Room 219),unassigned,PHYSICS 12 (Room 219),AUTOMOTIVE TECHNOLOGY 12 (Room 102),AP ENGLISH LITERATURE & COMPOSITION 12 (Room A-6),unassigned,LITERARY STUDIES 12 (Room 208),DRAFTING 12 (Room 105)
1012,unassigned,SOCIAL JUSTICE 12 (Room 121),AUTOMOTIVE TECHNOLOGY 12 (Room 102),FOOD STUDIES 12 (Room 206),LEARNING STRATEGIES 12 (Room 109),ENGLISH STUDIES 12 (Room A-6),ACTIVE LIVING 12 (Room Gym),unassigned
1013,ENGLISH FIRST PEOPLES 12 (Room 122),ECONOMICS 12 (Room 209),CRIMINOLOGY 12 (Room A-3),FOOD STUDIES 12 (Room 206),unassigned,PRE-CALCULUS 12 (Room 220),PSYCHOLOGY 11 (Room 207A),TEXTILES 12 (Room A-7)
1014,unassigned,unassigned,FOUNDATIONS OF MATHEMATICS 11 (Room 221),LIFE SCIENCES 11 (Room 219),COMPOSITION 11 (Room 205B),unassigned,PHYSICAL GEOGRAPHY 12 (Room 121),unassigned
1015,PRE-CALCULUS 12 (Room 221),PHOTOGRAPHY 11 (Room 113),ENGLISH STUDIES 12 (Room 205B),FOOD STUDIES 12 (Room 206),LAW STUDIES 12 (Room 107),CALCULUS 12 (Room 221),PSYCHOLOGY 11 (Room 207A),WOODWORK 12 (Room 101)
1016,unassigned,SOCIAL JUSTICE 12 (Room 121),AUTOMOTIVE TECHNOLOGY 12 (Room 102),FOOD STUDIES 12 (Room 206),FOUNDATIONS OF MATHEMATICS 11 (Room 214),ENGLISH STUDIES 12 (Room A-6),PHYSICAL GEOGRAPHY 12 (Room 121),ENVIRONMENTAL SCIENCE 12 - CLIMATE CHANGE (Room 123)
1017,ELL Academic Literacy 11 (Room 208),unassigned,ACCOUNTING 11 (Room 206),ENGLISH FIRST PEOPLES 12 Year (Room 222),unassigned,PRE-CALCULUS 12 (Room 220),DRAFTING 12 (Room 105),ENGLISH FIRST PEOPLES 12 Year (Room 222)
1018,PRE-CALCULUS 12 (Room 221),AP PHYSICS C (MECHANICS) 12 external credential (Room 225),TEXTILES 12 (Room A-7),CHEMISTRY 12 (Room 223),CALCULUS 12 (Room 106),AP PHYSICS C (MECHANICS) 12 external credential (Room 225),OUTDOOR EDUCATION 12 (Room _CHECK THIS THING IDK),ENGLISH STUDIES 12 (Room 107)
1019,unassigned,unassigned,CRIMINOLOGY 12 (Room A-3),MEDIA DESIGN 12 (Room 114),FRENCH 11 (Room 208),unassigned,unassigned,ENGLISH STUDIES 12 (Room 107)
1020,unassigned,unassigned,ACCOUNTING 11 (Room 206),unassigned,unassigned,PRE-CALCULUS 12 (Room 106),PHYSICS 12 (Room 223),ENGLISH STUDIES 12 (Room 107)
1021,DANCE FOUNDATIONS 12 (Room Studio),unassigned,CHEMISTRY 11 (Room 227),PRE-CALCULUS 12 (Room 212),unassigned,ENGLISH FIRST PEOPLES 12 (Room 207A),CHEMISTRY 12 (Room 216),ANATOMY AND PHYSIOLOGY 12 (Room 225)
1022,unassigned,PSYCHOLOGY 11 (Room 205A),ENGLISH STUDIES 12 (Room 205B),PRE-CALCULUS 11 (Room 106),ART STUDIO 12 (Room 116),PRE-CALCULUS 12 (Room 220),COMPARATIVE CULTURES 12 (Room 209),TEXTILES 12 (Room A-7)
1023,PRE-CALCULUS 12 (Room 221),ANATOMY AND PHYSIOLOGY 12 (Room 219),ENGLISH STUDIES 12 (Room 205B),FOOD STUDIES 12 (Room 206),PHYSICS 11 (Room 219),CALCULUS 12 (Room 221),TEXTILES 12 (Room A-7),CHEMISTRY 12 (Room 219)
1024,CHEMISTRY 11 (Room 226),unassigned,ENGLISH STUDIES 12 (Room 205B),AUTOMOTIVE TECHNOLOGY 12 (Room 102),unassigned,PRE-CALCULUS 12 (Room 106),OUTDOOR EDUCATION 12 (Room _CHECK THIS THING IDK),CHEMISTRY 12 (Room 216)
1025,unassigned,unassigned,unassigned,PHYSICS 12 (Room 226),unassigned,PRE-CALCULUS 12 (Room 220),CHEMISTRY 12 (Room 216),ENGLISH STUDIES 12 (Room 107)
1026,unassigned,PRE-CALCULUS 12 HONOURS (Room 221),ENGLISH STUDIES 12 CHALLENGE (Room 209),FOOD STUDIES 12 (Room 206),unassigned,ENGINEERING 12 (Room 105),AP CALCULUS AB 12 external credential (Room 221),CHEMISTRY 12 (Room 219)
1027,ANATOMY AND PHYSIOLOGY 12 (Room 225),SOCIAL JUSTICE 12 (Room 121),FOUNDATIONS OF MATHEMATICS 11 (Room 221),unassigned,LAW STUDIES 12 (Room 107),CRIMINOLOGY 12 (Room 205A),TEXTILES 12 (Room A-7),ENGLISH STUDIES 12 (Room 107)
1028,DANCE FOUNDATIONS 12 (Room Studio),unassigned,unassigned,FOOD STUDIES 12 (Room 206),unassigned,ANATOMY AND PHYSIOLOGY 12 (Room 211),unassigned,unassigned
1029,PRE-CALCULUS 12 (Room 212),SOCIAL JUSTICE 12 (Room 121),LAW STUDIES 12 (Room 121),unassigned,AP ENGLISH LITERATURE & COMPOSITION 12 (Room A-6),20th CENTURY WORLD HISTORY 12 (Room 121),LITERARY STUDIES 12 (Room 208),unassigned
1030,PRE-CALCULUS 12 (Room 221),LAW STUDIES 12 (Room 222),PHYSICS 12 (Room 219),FOOD STUDIES 12 (Room 206),CALCULUS 12 (Room 106),ENGLISH STUDIES 12 (Room A-6),ACTIVE LIVING 12 (Room Gym),CHEMISTRY 12 (Room 219)
1031,unassigned,unassigned,CRIMINOLOGY 12 (Room A-3),unassigned,unassigned,unassigned,PRE-CALCULUS 12 (Room 212),ENGLISH STUDIES 12 (Room 107)
1032,ENGLISH FIRST PEOPLES 12 (Room 122),CAREER LIFE EDUCATION 10 (Room 201),20th CENTURY WORLD HISTORY 12 (Room 107),FOOD STUDIES 12 (Room 206),ACCOUNTING 11 (Room 206),YOGA FOR MINDFULNESS 12 (Room Gym),PHYSICAL GEOGRAPHY 12 (Room 121),TEXTILES 12 (Room A-7)
1033,CONTEMPORARY INDIGENOUS STUDIES 12 (Room 121),PRE-CALCULUS 11 (Room 212),ACCOUNTING 12 (Room 206),ECONOMICS 12 (Room 209),FOUNDATIONS OF MATHEMATICS 11 (Room 214),YOGA FOR MINDFULNESS 12 (Room Gym),ACTIVE LIVING 12 (Room Gym),ENGLISH STUDIES 12 (Room 107)
1034,LIFE SCIENCES 11 (Room 211),SOCIAL JUSTICE 12 (Room A-3),ENGLISH STUDIES 12 (Room 205B),FOOD STUDIES 12 (Room 206),LEARNING STRATEGIES 12 (Room 109),20th CENTURY WORLD HISTORY 12 (Room 121),PRE-CALCULUS 12 (Room 212),ENVIRONMENTAL SCIENCE 12 - CLIMATE CHANGE (Room 123)
1035,WORKPLACE MATHEMATICS 11 (Room 123),E-COMMERCE 12 (Room 209),ACCOUNTING 11 (Room 206),ENTREPRENEURSHIP 12 (Room 107),FOUNDATIONS OF MATHEMATICS 11 (Room 214),unassigned,ENGLISH STUDIES 12 (Room A-2),unassigned
1036,PRE-CALCULUS 12 (Room 212),ENGLISH STUDIES 12 CHALLENGE (Room A-6),unassigned,CHEMISTRY 12 (Room 223),PHYSICS 11 (Room 219),unassigned,AP CALCULUS AB 12 external credential (Room 221),unassigned
1037,CHEMISTRY 12 (Room 219),ECONOMICS 12 (Room 209),PHYSICS 12 (Room 219),PRE-CALCULUS 12 (Room 212),AP ENGLISH LITERATURE & COMPOSITION 12 (Room A-6),ANATOMY AND PHYSIOLOGY 12 (Room 211),LITERARY STUDIES 12 (Room 208),CALCULUS 12 (Room 106)
1038,LAW STUDIES 12 (Room A-2),PHOTOGRAPHY 11 (Room 113),FOUNDATIONS OF MATHEMATICS 11 (Room 221),CHEMISTRY 11 (Room 227),CROSS TRAINING 12 (Room 120),ANATOMY AND PHYSIOLOGY 12 (Room 227),AUTOMOTIVE TECHNOLOGY 12 (Room 102),ENGLISH STUDIES 12 (Room 107)
1039,CHEMISTRY 12 (Room 219),AP PHYSICS C (MECHANICS) 12 external credential (Room 225),ENGLISH STUDIES 12 (Room 205B),ECONOMICS 12 (Room 209),unassigned,AP PHYSICS C (MECHANICS) 12 external credential (Room 225),AP CALCULUS AB 12 external credential (Room 221),ANATOMY AND PHYSIOLOGY 12 (Room 225)
1040,PRE-CALCULUS 12 (Room 221),unassigned,unassigned,ENTREPRENEURSHIP 12 (Room 107),unassigned,ENGLISH STUDIES 12 (Room A-6),PHYSICS 12 (Room 219),unassigned
1041,CONTEMPORARY INDIGENOUS STUDIES 12 (Room 121),CRIMINOLOGY 12 (Room 123),20th CENTURY WORLD HISTORY 12 (Room 107),FOOD STUDIES 12 (Room 206),LAW STUDIES 12 (Room 107),ENGLISH FIRST PEOPLES 12 (Room 207A),DANCE TECHNIQUE AND PERFORMANCE 12 (Room Studio),PSYCHOLOGY 11 (Room 122)
1042,unassigned,unassigned,unassigned,LIFE SCIENCES 11 (Room 219),COMPOSITION 11 (Room 205B),unassigned,unassigned,SPANISH 12 (Room 208)
1043,unassigned,unassigned,ENGLISH STUDIES 12 (Room 205B),unassigned,FRENCH 12 (Room 208),PRE-CALCULUS 12 (Room 220),unassigned,SPANISH 12 (Room 208)
1044,ANATOMY AND PHYSIOLOGY 12 (Room 225),SOCIAL JUSTICE 12 (Room 121),20th CENTURY WORLD HISTORY 12 (Room 107),unassigned,unassigned,ENGLISH STUDIES 12 (Room A-6),PSYCHOLOGY 11 (Room 207A),unassigned
1045,PRE-CALCULUS 12 (Room 212),AP PHYSICS C (MECHANICS) 12 external credential (Room 225),ENGLISH STUDIES 12 CHALLENGE (Room 209),CHEMISTRY 11 (Room 227),CALCULUS 12 (Room 106),AP PHYSICS C (MECHANICS) 12 external credential (Room 225),PHYSICS 12 (Room 223),CHEMISTRY 12 (Room 219)
1046,AP STATISTICS 12 (Room 220),ENGLISH STUDIES 12 CHALLENGE (Room A-6),PHYSICS 12 (Room 219),ECONOMICS 12 (Room 209),AP STATISTICS 12 (Room 220),CALCULUS 12 (Room 221),PHYSICAL GEOGRAPHY 12 (Room 121),CHEMISTRY 12 (Room 216)
1047,ENGLISH FIRST PEOPLES 12 (Room 122),unassigned,ENGINEERING 12 (Room 105),FOOD STUDIES 12 (Room 206),INSTRUMENTAL MUSIC 12: GUITAR (Room 119),unassigned,PRE-CALCULUS 12 (Room 212),DRAFTING 12 (Room 105)
1048,PRE-CALCULUS 12 (Room 212),SOCIAL JUSTICE 12 (Room A-3),ENGLISH STUDIES 12 (Room 205B),ENTREPRENEURSHIP 12 (Room 107),unassigned,20th CENTURY WORLD HISTORY 12 (Room 121),COMPARATIVE CULTURES 12 (Room 209),ENVIRONMENTAL SCIENCE 12 - CLIMATE CHANGE (Room 123)
1049,ANATOMY AND PHYSIOLOGY 12 (Room 225),AP PHYSICS C (MECHANICS) 12 external credential (Room 225),AUTOMOTIVE TECHNOLOGY 12 (Room 102),PRE-CALCULUS 12 (Room 212),AP ENGLISH LITERATURE & COMPOSITION 12 (Room A-6),AP PHYSICS C (MECHANICS) 12 external credential (Room 225),LITERARY STUDIES 12 (Room 208),CHEMISTRY 12 (Room 219)
1050,CHEMISTRY 12 (Room 219),SOCIAL JUSTICE 12 (Room 121),ENGLISH STUDIES 12 (Room 205B),FOOD STUDIES 12 (Room 206),unassigned,ANATOMY AND PHYSIOLOGY 12 (Room 227),PRE-CALCULUS 12 (Room 212),ENVIRONMENTAL SCIENCE 12 - CLIMATE CHANGE (Room 123)
1051,ANATOMY AND PHYSIOLOGY 12 (Room 225),PRE-CALCULUS 12 HONOURS (Room 221),TEXTILES 12 (Room A-7),FOOD STUDIES 12 (Room 206),COMPUTER SCIENCE 12 (Room 203),ENGLISH STUDIES 12 (Room A-6),ART STUDIO 12 (Room 116),CALCULUS 12 (Room 106)
1052,AP STATISTICS 12 (Room 220),unassigned,20th CENTURY WORLD HISTORY 12 (Room 107),ENGLISH FIRST PEOPLES 12 (Room 207A),AP STATISTICS 12 (Room 220),unassigned,CHEMISTRY 12 (Room 216),unassigned
1053,CHEMISTRY 12 (Room 219),PRE-CALCULUS 12 HONOURS (Room 221),ENGINEERING 12 (Room 105),PHYSICS 12 (Room 226),unassigned,ENGLISH FIRST PEOPLES 12 (Room 207A),ACTIVE LIVING 12 (Room Gym),unassigned
1054,unassigned,unassigned,ENGINEERING 12 (Room 105),unassigned,INSTRUMENTAL MUSIC 12: GUITAR (Room 119),20th CENTURY WORLD HISTORY 12 (Room 121),PHYSICS 12 (Room 219),unassigned
1055,PRE-CALCULUS 12 (Room 221),SOCIAL JUSTICE 12 (Room 121),unassigned,unassigned,unassigned,ENGLISH STUDIES 12 (Room A-6),DANCE TECHNIQUE AND PERFORMANCE 12 (Room Studio),unassigned
1056,unassigned,unassigned,unassigned,CHEMISTRY 12 (Room 223),unassigned,PRE-CALCULUS 12 (Room 220),PHYSICS 12 (Room 219),ENGLISH STUDIES 12 (Room 107)
1057,unassigned,unassigned,unassigned,FOOD STUDIES 12 (Room 206),ENGLISH STUDIES 12 (Room 123),20th CENTURY WORLD HISTORY 12 (Room 121),AUTOMOTIVE TECHNOLOGY 12 (Room 102),SPANISH 12 (Room 208)
1058,PRE-CALCULUS 12 (Room 212),ANATOMY AND PHYSIOLOGY 12 (Room 219),unassigned,unassigned,unassigned,unassigned,PHYSICS 12 (Room 223),ROBOTICS 12 (Room 104)
1059,DANCE FOUNDATIONS 12 (Room Studio),LEARNING STRATEGIES 12 (Room 108),CRIMINOLOGY 12 (Room A-3),CAREER LIFE EDUCATION 10 (Room 104),ART STUDIO 12 (Room 116),ENGLISH STUDIES 12 (Room A-6),DANCE TECHNIQUE AND PERFORMANCE 12 (Room Studio),CONTEMPORARY INDIGENOUS STUDIES 12 (Room A-2)
1060,unassigned,SOCIAL JUSTICE 12 (Room 121),LIFE SCIENCES 11 (Room 225),unassigned,unassigned,PRE-CALCULUS 12 (Room 106),ENGLISH STUDIES 12 (Room A-2),unassigned
1061,unassigned,unassigned,FOUNDATIONS OF MATHEMATICS 11 (Room 221),LIFE SCIENCES 11 (Room 219),unassigned,20th CENTURY WORLD HISTORY 12 (Room 121),ENGLISH STUDIES 12 (Room A-2),unassigned
1062,unassigned,ANATOMY AND PHYSIOLOGY 12 (Room 219),20th CENTURY WORLD HISTORY 12 (Room 107),unassigned,unassigned,PRE-CALCULUS 12 (Room 220),PHYSICS 12 (Room 219),unassigned
1063,unassigned,ECONOMICS 12 (Room 209),LAW STUDIES 12 (Room 121),CHEMISTRY 12 (Room 223),ENGLISH STUDIES 12 (Room 123),YOGA FOR MINDFULNESS 12 (Room Gym),PHOTOGRAPHY 12 (Room 113),unassigned
1064,LAW STUDIES 12 (Room A-2),PRE-CALCULUS 12 HONOURS (Room 221),COMPUTER PROGRAMMING 12 AI and (Room 203),PHYSICS 12 (Room 226),AP ENGLISH LITERATURE & COMPOSITION 12 (Room A-6),unassigned,LITERARY STUDIES 12 (Room 208),CHEMISTRY 12 (Room 219)
1065,CHEMISTRY 12 (Room 219),PRE-CALCULUS 12 HONOURS (Room 221),ENGLISH STUDIES 12 CHALLENGE (Room 209),MEDIA DESIGN 12 (Room 114),unassigned,ANATOMY AND PHYSIOLOGY 12 (Room 227),AP CALCULUS AB 12 external credential (Room 221),unassigned
1066,PRE-CALCULUS 12 (Room 221),LAW STUDIES 12 (Room 222),ACCOUNTING 11 (Room 206),MARKETING AND PROMOTION 11 (Room 107),CALCULUS 12 (Room 106),20th CENTURY WORLD HISTORY 12 (Room 121),AUTOMOTIVE TECHNOLOGY 12 (Room 102),ENGLISH STUDIES 12 (Room 107)
1067,MEDIA DESIGN 12 (Room 114),PRE-CALCULUS 11 (Room 212),CRIMINOLOGY 12 (Room A-3),FOOD STUDIES 12 (Room 206),INSTRUMENTAL MUSIC 12: GUITAR (Room 119),DRAMA 12 (Room A-1),AUTOMOTIVE TECHNOLOGY 12 (Room 102),ENGLISH STUDIES 12 (Room 107)
1068,PRE-CALCULUS 12 (Room 212),ANATOMY AND PHYSIOLOGY 12 (Room 219),unassigned,PHYSICS 12 (Room 226),CALCULUS 12 (Room 106),ENGLISH STUDIES 12 (Room A-6),CHEMISTRY 12 (Room 216),unassigned
1069,CHEMISTRY 11 (Room 226),SOCIAL JUSTICE 12 (Room 121),FOUNDATIONS OF MATH AND PRE-CALCULUS 10 (Room 106),FOOD STUDIES 12 (Room 206),PHYSICS 11 (Room 219),ENGLISH FIRST PEOPLES 12 (Room 207A),unassigned,ANATOMY AND PHYSIOLOGY 12 (Room 225)
1070,PRE-CALCULUS 12 (Room 221),PHYSICS 11 (Room 223),20th CENTURY WORLD HISTORY 12 (Room 107),ENGINEERING 12 (Room 105),CALCULUS 12 (Room 106),ENGLISH FIRST PEOPLES 12 (Room 207A),PHYSICS 12 (Room 223),unassigned
1071,PHYSICS 11 (Room 216),ENGLISH STUDIES 12 CHALLENGE (Room A-6),AUTOMOTIVE TECHNOLOGY 12 (Room 102),PRE-CALCULUS 12 (Room 212),CALCULUS 12 (Room 106),ANATOMY AND PHYSIOLOGY 12 (Room 211),PHYSICS 12 (Room 219),PSYCHOLOGY 11 (Room 122)
1072,ENGLISH FIRST PEOPLES 12 (Room 122),SOCIAL JUSTICE 12 (Room 121),CRIMINOLOGY 12 (Room A-3),FOOD STUDIES 12 (Room 206),unassigned,ENGINEERING 12 (Room 105),ACTIVE LIVING 12 (Room Gym),WOODWORK 12 (Room 101)
1073,ANATOMY AND PHYSIOLOGY 12 (Room 225),SOCIAL JUSTICE 12 (Room 121),unassigned,PRE-CALCULUS 12 (Room 212),unassigned,ENGLISH STUDIES 12 (Room A-6),unassigned,ENVIRONMENTAL SCIENCE 12 - CLIMATE CHANGE (Room 123)
1074,ANATOMY AND PHYSIOLOGY 12 (Room 225),CHEMISTRY 12 (Room 226),ENGLISH STUDIES 12 (Room 205B),PRE-CALCULUS 12 (Room 212),DANCE CONDITIONING 12 (Room Studio),CALCULUS 12 (Room 221),DANCE TECHNIQUE AND PERFORMANCE 12 (Room Studio),PSYCHOLOGY 11 (Room 122)
1075,unassigned,unassigned,unassigned,COMPOSITION 11 (Room 208),FOUNDATIONS OF MATHEMATICS 11 (Room 214),LIFE SCIENCES 11 (Room 219),EXPLORATIONS IN SOCIAL STUDIES 11 (Room 207B),unassigned
1076,ENGLISH FIRST PEOPLES 12 (Room 122),unassigned,FOUNDATIONS OF MATHEMATICS 11 (Room 221),AUTOMOTIVE TECHNOLOGY 12 (Room 102),LEARNING STRATEGIES 12 (Room 109),CRIMINOLOGY 12 (Room 205A),ACTIVE LIVING 12 (Room Gym),unassigned
1077,unassigned,ANATOMY AND PHYSIOLOGY 12 (Room 219),ENGLISH STUDIES 12 (Room 205B),unassigned,unassigned,PRE-CALCULUS 12 (Room 220),PHYSICS 12 (Room 223),unassigned
1078,ENGLISH FIRST PEOPLES 12 (Room 122),PHYSICS 11 (Room 223),unassigned,CHEMISTRY 12 (Room 223),CALCULUS 12 (Room 106),ANATOMY AND PHYSIOLOGY 12 (Room 227),PHYSICS 12 (Room 223),unassigned
1079,ENGLISH FIRST PEOPLES 12 (Room 122),SOCIAL JUSTICE 12 (Room 121),unassigned,FOOD STUDIES 12 (Room 206),unassigned,YOGA FOR MINDFULNESS 12 (Room Gym),unassigned,CONTEMPORARY INDIGENOUS STUDIES 12 (Room A-2)
1080,CHEMISTRY 12 (Room 219),PRE-CALCULUS 12 HONOURS (Room 221),ENGLISH STUDIES 12 CHALLENGE (Room 209),AUTOMOTIVE TECHNOLOGY 12 (Room 102),INSTRUMENTAL MUSIC 12: GUITAR (Room 119),FRENCH 12 (Room 122),AP CALCULUS AB 12 external credential (Room 221),ROBOTICS 12 (Room 104)
1081,PRE-CALCULUS 12 (Room 212),CHEMISTRY 12 (Room 226),unassigned,unassigned,FRENCH 12 (Room 208),unassigned,ENGLISH STUDIES 12 (Room A-2),unassigned
1082,ANATOMY AND PHYSIOLOGY 12 (Room 225),PSYCHOLOGY 11 (Room 205A),unassigned,PRE-CALCULUS 12 (Room 212),unassigned,ENGLISH STUDIES 12 (Room A-6),unassigned,unassigned
1083,ENGLISH FIRST PEOPLES 12 (Room 122),ART STUDIO 12 (Room 116),3D ANIMATION 12 (Room 114),ENTREPRENEURSHIP 12 (Room 107),LIFE SCIENCES 11 (Room 227),20th CENTURY WORLD HISTORY 12 (Room 121),ACTIVE LIVING 12 (Room Gym),PSYCHOLOGY 11 (Room 122)
1084,COMPUTER SCIENCE 11 (Room 203),PSYCHOLOGY 11 (Room 205A),CRIMINOLOGY 12 (Room A-3),CHEMISTRY 12 (Room 223),COMPUTER SCIENCE 12 (Room 203),ENGLISH STUDIES 12 (Room A-6),PHYSICS 12 (Room 223),WOODWORK 12 (Room 101)
1085,unassigned,ANATOMY AND PHYSIOLOGY 12 (Room 219),FOUNDATIONS OF MATHEMATICS 11 (Room 221),CHEMISTRY 12 (Room 223),DRAFTING 12 (Room 105),ENGLISH STUDIES 12 (Room A-6),PSYCHOLOGY 11 (Room 207A),ENVIRONMENTAL SCIENCE 12 - CLIMATE CHANGE (Room 123)
1086,ANATOMY AND PHYSIOLOGY 12 (Room 225),CHEMISTRY 12 (Room 226),ENGLISH STUDIES 12 (Room 205B),PHYSICS 12 (Room 226),LEARNING STRATEGIES 12 (Room 109),PRE-CALCULUS 12 (Room 220),ACTIVE LIVING 12 (Room Gym),WOODWORK 12 (Room 101)
1087,unassigned,unassigned,FOUNDATIONS OF MATHEMATICS 11 (Room 221),FOOD STUDIES 12 (Room 206),unassigned,unassigned,unassigned,ENGLISH STUDIES 12 (Room 107)
1088,LAW STUDIES 12 (Room A-2),SOCIAL JUSTICE 12 (Room 121),20th CENTURY WORLD HISTORY 12 (Room 107),FOOD STUDIES 12 (Room 206),LEARNING STRATEGIES 12 (Room 109),ENGLISH FIRST PEOPLES 12 (Room 207A),PHOTOGRAPHY 11 (Room 113),ENVIRONMENTAL SCIENCE 12 - CLIMATE CHANGE (Room 123)
1089,ENGLISH FIRST PEOPLES 12 (Room 122),ANATOMY AND PHYSIOLOGY 12 (Room 219),LAW STUDIES 12 (Room 121),INTRODUCTORY SPANISH 11 (Room A-3),PHYSICS 11 (Room 219),DRAMA 12 (Room A-1),PRE-CALCULUS 12 (Room 212),AP COMPUTER SCIENCE A 12 (Room 203)
1090,CHEMISTRY 12 (Room 219),unassigned,unassigned,AUTOMOTIVE TECHNOLOGY 12 (Room 102),ENGLISH STUDIES 12 (Room 123),PRE-CALCULUS 12 (Room 106),unassigned,ANATOMY AND PHYSIOLOGY 12 (Room 225)
1091,AP STATISTICS 12 (Room 220),E-COMMERCE 12 (Room 209),ACCOUNTING 12 (Room 206),ECONOMICS 12 (Room 209),AP STATISTICS 12 (Room 220),PRE-CALCULUS 12 (Room 220),PHYSICS 12 (Room 223),ENGLISH STUDIES 12 (Room 107)
1092,ENGLISH FIRST PEOPLES 12 (Room 122),ECONOMICS 12 (Room 209),unassigned,unassigned,CALCULUS 12 (Room 106),ANATOMY AND PHYSIOLOGY 12 (Room 211),CHEMISTRY 12 (Room 216),COMPUTER SCIENCE 11 (Room 203)
1093,ENGLISH FIRST PEOPLES 12 (Room 122),SOCIAL JUSTICE 12 (Room 121),AUTOMOTIVE TECHNOLOGY 12 (Room 102),FOOD STUDIES 12 (Room 206),FOUNDATIONS OF MATHEMATICS 11 (Room 214),DRAMA 12 (Room A-1),ACTIVE LIVING 12 (Room Gym),DRAFTING 12 (Room 105)
1094,ANATOMY AND PHYSIOLOGY 12 (Room 225),ECONOMICS 12 (Room 209),PHYSICS 12 (Room 219),ENGLISH FIRST PEOPLES 12 (Room 207A),DRAFTING 12 (Room 105),CALCULUS 12 (Room 221),CHEMISTRY 12 (Room 216),unassigned
1095,ELL Academic Literacy 11 (Room 208),SOCIAL JUSTICE 12 (Room 121),unassigned,ENGLISH FIRST PEOPLES 12 Year (Room 222),INSTRUMENTAL MUSIC 12: GUITAR (Room 119),PRE-CALCULUS 12 (Room 220),ACTIVE LIVING 12 (Room Gym),ENGLISH FIRST PEOPLES 12 Year (Room 222)
1096,unassigned,CRIMINOLOGY 12 (Room 123),AUTOMOTIVE TECHNOLOGY 12 (Room 102),FOOD STUDIES 12 (Room 206),FOUNDATIONS OF MATHEMATICS 11 (Room 214),ENGLISH STUDIES 12 (Room A-6),OUTDOOR EDUCATION 12 (Room _CHECK THIS THING IDK),TEXTILES 12 (Room A-7)
1097,ANATOMY AND PHYSIOLOGY 12 (Room 225),CHEMISTRY 12 (Room 226),PHYSICS 12 (Room 219),FOOD STUDIES 12 (Room 206),ENGLISH STUDIES 12 (Room 123),PRE-CALCULUS 12 (Room 220),OUTDOOR EDUCATION 12 (Room _CHECK THIS THING IDK),ENVIRONMENTAL SCIENCE 12 - CLIMATE CHANGE (Room 123)
1098,AP STATISTICS 12 (Room 220),E-COMMERCE 12 (Room 209),LAW STUDIES 12 (Room 121),PRE-CALCULUS 12 (Room 212),AP STATISTICS 12 (Room 220),ENGLISH STUDIES 12 (Room A-6),PHYSICS 12 (Room 223),CALCULUS 12 (Room 106)
1099,PHYSICS 11 (Room 216),ECONOMICS 12 (Room 209),CHEMISTRY 11 (Room 227),ENGLISH FIRST PEOPLES 12 (Room 207A),COMPUTER SCIENCE 12 (Room 203),CALCULUS 12 (Room 221),PHYSICS 12 (Room 223),CHEMISTRY 12 (Room 219)
1100,PHYSICS 11 (Room 216),ENGLISH STUDIES 12 CHALLENGE (Room A-6),3D ANIMATION 12 (Room 114),PRE-CALCULUS 12 (Room 212),CALCULUS 12 (Room 106),20th CENTURY WORLD HISTORY 12 (Room 121),PHYSICS 12 (Room 219),CHEMISTRY 12 (Room 219)
1101,ANATOMY AND PHYSIOLOGY 12 (Room 225),AP PHYSICS C (MECHANICS) 12 external credential (Room 225),ENGLISH STUDIES 12 CHALLENGE (Room 209),ECONOMICS 12 (Room 209),CALCULUS 12 (Room 106),AP PHYSICS C (MECHANICS) 12 external credential (Room 225),CHEMISTRY 12 (Room 216),unassigned
1102,unassigned,ANATOMY AND PHYSIOLOGY 12 (Room 219),TEXTILES 12 (Room A-7),AUTOMOTIVE TECHNOLOGY 12 (Room 102),ART STUDIO 12 (Room 116),unassigned,PRE-CALCULUS 12 (Room 212),ENGLISH STUDIES 12 (Room 107)
1103,PRE-CALCULUS 12 (Room 212),ENGLISH STUDIES 12 CHALLENGE (Room A-6),unassigned,PHYSICS 12 (Room 226),CALCULUS 12 (Room 106),ANATOMY AND PHYSIOLOGY 12 (Room 227),CHEMISTRY 12 (Room 216),unassigned
1104,PRE-CALCULUS 12 (Room 221),unassigned,unassigned,FOOD STUDIES 12 (Room 206),PHYSICS 11 (Room 223),ENGLISH FIRST PEOPLES 12 (Room 207A),CHEMISTRY 12 (Room 216),ANATOMY AND PHYSIOLOGY 12 (Room 225)
1105,CHEMISTRY 12 (Room 219),PRE-CALCULUS 12 HONOURS (Room 221),TEXTILES 12 (Room A-7),FOOD STUDIES 12 (Room 206),ART STUDIO 12 (Room 116),ENGLISH STUDIES 12 (Room A-6),PHYSICS 12 (Room 223),CALCULUS 12 (Room 106)
1106,LIFE SCIENCES 11 (Room 211),PHOTOGRAPHY 11 (Room 113),ENGLISH STUDIES 12 (Room 205B),FOOD STUDIES 12 (Room 206),FOUNDATIONS OF MATHEMATICS 11 (Room 214),ANATOMY AND PHYSIOLOGY 12 (Room 227),ART STUDIO 12 (Room 116),SPANISH 12 (Room 208)
1107,unassigned,PRE-CALCULUS 12 HONOURS (Room 221),unassigned,CHEMISTRY 12 (Room 223),unassigned,ENGLISH STUDIES 12 (Room A-6),AP CALCULUS AB 12 external credential (Room 221),ANATOMY AND PHYSIOLOGY 12 (Room 225)
1108,SPOKEN LANGUAGE 11 (Room 208),unassigned,3D ANIMATION 12 (Room 114),ENGINEERING 12 (Room 105),unassigned,unassigned,PRE-CALCULUS 12 (Room 212),CONTEMPORARY INDIGENOUS STUDIES 12 (Room A-2)
1109,unassigned,ECONOMICS 12 (Room 209),FOUNDATIONS OF MATHEMATICS 11 (Room 221),FOOD STUDIES 12 (Room 206),ACCOUNTING 12 (Room 206),ENGLISH FIRST PEOPLES 12 (Room 207A),AUTOMOTIVE TECHNOLOGY 12 (Room 102),unassigned
1110,unassigned,PHOTOGRAPHY 11 (Room 113),20th CENTURY WORLD HISTORY 12 (Room 107),unassigned,FRENCH 12 (Room 208),unassigned,ENGLISH STUDIES 12 (Room A-2),unassigned
1111,MEDIA DESIGN 12 (Room 114),LEARNING STRATEGIES 12 (Room 108),AUTOMOTIVE TECHNOLOGY 12 (Room 102),FOOD STUDIES 12 (Room 206),ACCOUNTING 12 (Room 206),20th CENTURY WORLD HISTORY 12 (Room 121),PRE-CALCULUS 12 (Room 212),ENGLISH STUDIES 12 (Room 107)
1112,ELL Academic Literacy 11 (Room 208),SOCIAL JUSTICE 12 (Room A-3),FOUNDATIONS OF MATHEMATICS 11 (Room 221),FOOD STUDIES 12 (Room 206),LAW STUDIES 12 (Room 107),unassigned,unassigned,SPANISH 11 (Room 208)
1113,ANATOMY AND PHYSIOLOGY 12 (Room 225),PSYCHOLOGY 11 (Room 205A),COMPUTER PROGRAMMING 12 AI and (Room 203),PRE-CALCULUS 11 (Room 221),LAW STUDIES 12 (Room 107),PRE-CALCULUS 12 (Room 220),PHYSICS 12 (Room 223),CHEMISTRY 12 (Room 219)
1114,ANATOMY AND PHYSIOLOGY 12 (Room 225),PRE-CALCULUS 12 HONOURS (Room 221),PHYSICS 12 (Room 219),ECONOMICS 12 (Room 209),AP ENGLISH LITERATURE & COMPOSITION 12 (Room A-6),CALCULUS 12 (Room 221),LITERARY STUDIES 12 (Room 208),CHEMISTRY 12 (Room 219)
1115,PRE-CALCULUS 12 (Room 212),E-COMMERCE 12 (Room 209),ENGLISH STUDIES 12 (Room 205B),ECONOMICS 12 (Room 209),COMPUTER SCIENCE 12 (Room 203),CALCULUS 12 (Room 221),PHYSICS 12 (Room 223),PSYCHOLOGY 11 (Room 122)
1116,unassigned,unassigned,20th CENTURY WORLD HISTORY 12 (Room 107),unassigned,FRENCH 12 (Room 208),unassigned,DANCE TECHNIQUE AND PERFORMANCE 12 (Room Studio),ENGLISH STUDIES 12 (Room 107)
1117,ANATOMY AND PHYSIOLOGY 12 (Room 225),ECONOMICS 12 (Room 209),PHYSICS 12 (Room 219),FOOD STUDIES 12 (Room 206),unassigned,ENGLISH FIRST PEOPLES 12 (Room 207A),PHYSICAL GEOGRAPHY 12 (Room 121),CALCULUS 12 (Room 106)
1118,LAW STUDIES 12 (Room A-2),unassigned,20th CENTURY WORLD HISTORY 12 (Room 107),FOOD STUDIES 12 (Room 206),unassigned,ENGLISH FIRST PEOPLES 12 (Room 207A),COMPARATIVE CULTURES 12 (Room 209),ANATOMY AND PHYSIOLOGY 12 (Room 225)
1119,SPOKEN LANGUAGE 11 (Room 208),LEARNING STRATEGIES 12 (Room 108),TEXTILES 12 (Room A-7),ENGLISH FIRST PEOPLES 12 Year (Room 222),unassigned,ACTIVE LIVING 12 Girls (Room Gym),WORKPLACE MATHEMATICS 11 (Room 210),ENGLISH FIRST PEOPLES 12 Year (Room 222)
1120,ENGLISH FIRST PEOPLES 12 (Room 122),EXPLORATIONS IN SOCIAL STUDIES 11 (Room 107),AUTOMOTIVE TECHNOLOGY 12 (Room 102),FOOD STUDIES 12 (Room 206),unassigned,ENVIRONMENTAL SCIENCE 11 (Room 123),WORKPLACE MATHEMATICS 11 (Room 210),CAREER LIFE EDUCATION 10 (Room 201)
1121,ELL Academic Literacy 11 (Room 208),SOCIAL JUSTICE 12 (Room 121),LIFE SCIENCES 11 (Room 225),CHEMISTRY 12 (Room 223),DANCE CONDITIONING 12 (Room Studio),ANATOMY AND PHYSIOLOGY 12 (Room 227),PRE-CALCULUS 12 (Room 212),PSYCHOLOGY 11 (Room 122)
1122,unassigned,AP PHYSICS C (MECHANICS) 12 external credential (Room 225),ENGLISH STUDIES 12 CHALLENGE (Room 209),ENTREPRENEURSHIP 12 (Room 107),LAW STUDIES 12 (Room 107),AP PHYSICS C (MECHANICS) 12 external credential (Room 225),AP CALCULUS AB 12 external credential (Room 221),CHEMISTRY 12 (Room 219)
1123,LIFE SCIENCES 11 (Room 211),LAW STUDIES 12 (Room 222),CHEMISTRY 11 (Room 227),ECONOMICS 12 (Room 209),INSTRUMENTAL MUSIC 12: GUITAR (Room 119),ENGLISH FIRST PEOPLES 12 (Room 207A),PRE-CALCULUS 12 (Room 212),CHEMISTRY 12 (Room 219)
1124,PRE-CALCULUS 12 (Room 221),CHEMISTRY 12 (Room 226),LIFE SCIENCES 11 (Room 225),PHYSICS 12 (Room 226),ENGLISH STUDIES 12 (Room 123),ANATOMY AND PHYSIOLOGY 12 (Room 211),OUTDOOR EDUCATION 12 (Room _CHECK THIS THING IDK),CALCULUS 12 (Room 106)
1125,PRE-CALCULUS 12 (Room 212),ANATOMY AND PHYSIOLOGY 12 (Room 219),PHYSICS 12 (Room 219),ENGLISH FIRST PEOPLES 12 (Room 207A),unassigned,CALCULUS 12 (Room 221),CHEMISTRY 12 (Room 216),unassigned
1126,LIFE SCIENCES 11 (Room 211),TEXTILES 12 (Room A-7),20th CENTURY WORLD HISTORY 12 (Room 107),FOOD STUDIES 12 (Room 206),ENGLISH STUDIES 12 (Room 123),ANATOMY AND PHYSIOLOGY 12 (Room 227),PHOTOGRAPHY 11 (Room 113),PSYCHOLOGY 11 (Room 122)
1127,CHEMISTRY 12 (Room 219),ART STUDIO 12 (Room 116),LAW STUDIES 12 (Room 121),PRE-CALCULUS 12 (Room 212),AP ENGLISH LITERATURE & COMPOSITION 12 (Room A-6),ANATOMY AND PHYSIOLOGY 12 (Room 227),LITERARY STUDIES 12 (Room 208),CALCULUS 12 (Room 106)
1128,CHEMISTRY 12 (Room 219),SOCIAL JUSTICE 12 (Room 121),LIFE SCIENCES 11 (Room 225),FOOD STUDIES 12 (Room 206),ENGLISH STUDIES 12 (Room 123),PRE-CALCULUS 12 (Room 220),PHYSICS 12 (Room 223),ANATOMY AND PHYSIOLOGY 12 (Room 225)
1129,PRE-CALCULUS 12 (Room 212),ANATOMY AND PHYSIOLOGY 12 (Room 219),20th CENTURY WORLD HISTORY 12 (Room 107),PHYSICS 12 (Room 226),ENGLISH STUDIES 12 (Room 123),ACTIVE LIVING 12 Girls (Room Gym),PHYSICAL GEOGRAPHY 12 (Room 121),PSYCHOLOGY 11 (Room 122)
1130,PRE-CALCULUS 12 (Room 212),unassigned,unassigned,PHYSICS 12 (Room 226),AP ENGLISH LITERATURE & COMPOSITION 12 (Room A-6),CALCULUS 12 (Room 221),PHYSICAL GEOGRAPHY 12 (Room 121),CHEMISTRY 12 (Room 216)
1131,LAW STUDIES 12 (Room A-2),ANATOMY AND PHYSIOLOGY 12 (Room 219),3D ANIMATION 12 (Room 114),PRE-CALCULUS 12 (Room 212),COMPUTER SCIENCE 11 (Room 203),unassigned,ENGLISH STUDIES 12 (Room A-2),CALCULUS 12 (Room 106)
1132,PRE-CALCULUS 12 (Room 212),ECONOMICS 12 (Room 209),ENGLISH STUDIES 12 CHALLENGE (Room 209),PHYSICS 12 (Room 226),LAW STUDIES 12 (Room 107),unassigned,AP CALCULUS AB 12 external credential (Room 221),CALCULUS 12 (Room 106)
1133,unassigned,PRE-CALCULUS 12 HONOURS (Room 221),PHYSICS 12 (Room 219),FOOD STUDIES 12 (Room 206),AP ENGLISH LITERATURE & COMPOSITION 12 (Room A-6),CRIMINOLOGY 12 (Room 205A),LITERARY STUDIES 12 (Room 208),CHEMISTRY 12 (Room 219)
1134,PRE-CALCULUS 12 (Room 212),AP PHYSICS C (MECHANICS) 12 external credential (Room 225),ENGINEERING 12 (Room 105),CHEMISTRY 12 (Room 223),CALCULUS 12 (Room 106),AP PHYSICS C (MECHANICS) 12 external credential (Room 225),ENGLISH STUDIES 12 (Room A-2),ROBOTICS 12 (Room 104)
1135,unassigned,unassigned,unassigned,FOOD STUDIES 12 (Room 206),ENGLISH STUDIES 12 (Room 123),unassigned,ENGINE AND DRIVETRAIN 12 (Room 102),WOODWORK 12 (Room 101)
1136,ENGLISH FIRST PEOPLES 12 (Room 122),SOCIAL JUSTICE 12 (Room A-3),20th CENTURY WORLD HISTORY 12 (Room 107),ECONOMICS 12 (Room 209),unassigned,PRE-CALCULUS 12 (Room 106),COMPARATIVE CULTURES 12 (Room 209),ANATOMY AND PHYSIOLOGY 12 (Room 225)
1137,PRE-CALCULUS 12 (Room 212),ECONOMICS 12 (Room 209),LAW STUDIES 12 (Room 121),E-COMMERCE 12 (Room 209),INSTRUMENTAL MUSIC 12: GUITAR (Room 119),ENGLISH FIRST PEOPLES 12 (Room 207A),unassigned,CALCULUS 12 (Room 106)
1138,PHYSICS 11 (Room 216),SOCIAL JUSTICE 12 (Room 121),LAW STUDIES 12 (Room 121),PRE-CALCULUS 12 (Room 212),ENGLISH STUDIES 12 (Room 123),CALCULUS 12 (Room 221),PHYSICS 12 (Room 223),CHEMISTRY 12 (Room 219)
1139,CHEMISTRY 12 (Room 219),PRE-CALCULUS 12 HONOURS (Room 221),ENGINEERING 12 (Room 105),FOOD STUDIES 12 (Room 206),AP ENGLISH LITERATURE & COMPOSITION 12 (Room A-6),CALCULUS 12 (Room 221),LITERARY STUDIES 12 (Room 208),TEXTILES 12 (Room A-7)
1140,ENGLISH FIRST PEOPLES 12 (Room 122),unassigned,unassigned,FOOD STUDIES 12 (Room 206),CROSS TRAINING 12 (Room 120),unassigned,ACTIVE LIVING 12 (Room Gym),unassigned
1141,SPANISH 12 (Room 205A),ENGLISH STUDIES 12 CHALLENGE (Room A-6),LAW STUDIES 12 (Room 121),ECONOMICS 12 (Room 209),unassigned,unassigned,PRE-CALCULUS 12 (Room 212),ENVIRONMENTAL SCIENCE 12 - CLIMATE CHANGE (Room 123)
1142,unassigned,E-COMMERCE 12 (Room 209),ACCOUNTING 11 (Room 206),PRE-CALCULUS 11 (Room 106),ACCOUNTING 12 (Room 206),ENGLISH FIRST PEOPLES 12 (Room 207A),PRE-CALCULUS 12 (Room 212),ANATOMY AND PHYSIOLOGY 12 (Room 225)
1143,unassigned,ROBOTICS 12 (Room 104),AUTOMOTIVE TECHNOLOGY 12 (Room 102),FOOD STUDIES 12 (Room 206),CROSS TRAINING 12 (Room 120),unassigned,ACTIVE LIVING 12 (Room Gym),ENGLISH STUDIES 12 (Room 107)
1144,PRE-CALCULUS 12 (Room 221),CHEMISTRY 12 (Room 226),ENGINEERING 12 (Room 105),PHYSICS 12 (Room 226),DRAFTING 12 (Room 105),ENGLISH FIRST PEOPLES 12 (Room 207A),AP CALCULUS AB 12 external credential (Room 221),unassigned
1145,ENGLISH FIRST PEOPLES 12 (Room 122),unassigned,CHEMISTRY 11 (Room 227),PHYSICS 12 (Room 226),CALCULUS 12 (Room 106),ANATOMY AND PHYSIOLOGY 12 (Room 227),PHYSICAL GEOGRAPHY 12 (Room 121),ENVIRONMENTAL SCIENCE 12 - CLIMATE CHANGE (Room 123)
1146,ENVIRONMENTAL SCIENCE 11 (Room 207B),SOCIAL JUSTICE 12 (Room A-3),unassigned,FOOD STUDIES 12 (Room 206),LEARNING STRATEGIES 12 (Room 109),ENGLISH FIRST PEOPLES 12 (Room 207A),DANCE TECHNIQUE AND PERFORMANCE 12 (Room Studio),unassigned
1147,unassigned,ANATOMY AND PHYSIOLOGY 12 (Room 219),TEXTILES 12 (Room A-7),ENGINE AND DRIVETRAIN 12 (Room 102),ENGLISH STUDIES 12 (Room 123),20th CENTURY WORLD HISTORY 12 (Room 121),COMPARATIVE CULTURES 12 (Room 209),ENVIRONMENTAL SCIENCE 12 - CLIMATE CHANGE (Room 123)
1148,CONTEMPORARY INDIGENOUS STUDIES 12 (Room 121),SOCIAL JUSTICE 12 (Room 121),AUTOMOTIVE TECHNOLOGY 12 (Room 102),PRE-CALCULUS 12 (Room 212),DANCE CONDITIONING 12 (Room Studio),ENGLISH FIRST PEOPLES 12 (Room 207A),CHEMISTRY 12 (Room 216),CALCULUS 12 (Room 106)
1149,CHEMISTRY 12 (Room 219),SOCIAL JUSTICE 12 (Room 121),unassigned,FOOD STUDIES 12 (Room 206),unassigned,ANATOMY AND PHYSIOLOGY 12 (Room 227),PSYCHOLOGY 11 (Room 207A),ENGLISH STUDIES 12 (Room 107)
1150,PRE-CALCULUS 12 (Room 221),LAW STUDIES 12 (Room 222),CHEMISTRY 11 (Room 227),FOOD STUDIES 12 (Room 206),ART STUDIO 12 (Room 116),CALCULUS 12 (Room 221),OUTDOOR EDUCATION 12 (Room _CHECK THIS THING IDK),CHEMISTRY 12 (Room 216)
1151,ENGLISH FIRST PEOPLES 12 (Room 122),unassigned,unassigned,LIFE SCIENCES 11 (Room 219),unassigned,ACTIVE LIVING 12 Girls (Room Gym),INTRODUCTORY SPANISH 11 (Room A-3),ANATOMY AND PHYSIOLOGY 12 (Room 225)
1152,PRE-CALCULUS 12 (Room 212),CRIMINOLOGY 12 (Room 123),LAW STUDIES 12 (Room 121),ENGLISH FIRST PEOPLES 12 (Room 207A),LEARNING STRATEGIES 12 (Room 109),ANATOMY AND PHYSIOLOGY 12 (Room 227),AUTOMOTIVE TECHNOLOGY 12 (Room 102),WOODWORK 12 (Room 101)
1153,unassigned,PRE-CALCULUS 11 (Room 212),ENGLISH STUDIES 12 (Room 205B),INSTRUMENTAL MUSIC 12: CONCERT BAND LINEAR (Room 119),unassigned,PRE-CALCULUS 12 (Room 220),INSTRUMENTAL MUSIC 12: CONCERT BAND LINEAR (Room 119),ENVIRONMENTAL SCIENCE 12 - CLIMATE CHANGE (Room 123)
1154,unassigned,unassigned,20th CENTURY WORLD HISTORY 12 (Room 107),PRE-CALCULUS 12 (Room 212),ACCOUNTING 12 (Room 206),ENGLISH STUDIES 12 (Room A-6),PHYSICAL GEOGRAPHY 12 (Room 121),CALCULUS 12 (Room 106)
1155,CONTEMPORARY INDIGENOUS STUDIES 12 (Room 121),SOCIAL JUSTICE 12 (Room A-3),CRIMINOLOGY 12 (Room A-3),ENGLISH FIRST PEOPLES 12 (Room 207A),unassigned,PRE-CALCULUS 12 (Room 106),DANCE TECHNIQUE AND PERFORMANCE 12 (Room Studio),PSYCHOLOGY 11 (Room 122)
1156,DANCE FOUNDATIONS 12 (Room Studio),SOCIAL JUSTICE 12 (Room 121),LAW STUDIES 12 (Room 121),FOOD STUDIES 12 (Room 206),ENGLISH STUDIES 12 (Room 123),YOGA FOR MINDFULNESS 12 (Room Gym),COMPARATIVE CULTURES 12 (Room 209),TEXTILES 12 (Room A-7)
1157,PRE-CALCULUS 12 (Room 221),CHEMISTRY 12 (Room 226),PHYSICS 12 (Room 219),AUTOMOTIVE TECHNOLOGY 12 (Room 102),AP ENGLISH LITERATURE & COMPOSITION 12 (Room A-6),CALCULUS 12 (Room 221),LITERARY STUDIES 12 (Room 208),TEXTILES 12 (Room A-7)
1158,MEDIA DESIGN 12 (Room 114),SOCIAL JUSTICE 12 (Room 121),unassigned,INSTRUMENTAL MUSIC 12: CONCERT BAND LINEAR (Room 119),AP ENGLISH LITERATURE & COMPOSITION 12 (Room A-6),unassigned,INSTRUMENTAL MUSIC 12: CONCERT BAND LINEAR (Room 119),unassigned
1159,ENGLISH FIRST PEOPLES 12 (Room 122),unassigned,3D ANIMATION 12 (Room 114),FOOD STUDIES 12 (Room 206),unassigned,unassigned,WORKPLACE MATHEMATICS 11 (Room 210),ROBOTICS 12 (Room 104)
1160,WOODWORK 12 (Room 101),CHEMISTRY 12 (Room 226),AUTOMOTIVE TECHNOLOGY 12 (Room 102),ENGLISH FIRST PEOPLES 12 (Room 207A),PHYSICS 11 (Room 219),ENVIRONMENTAL SCIENCE 11 (Room 123),PRE-CALCULUS 12 (Room 212),ANATOMY AND PHYSIOLOGY 12 (Room 225)
1161,COMPOSITION 11 (Room 209),EXPLORATIONS IN SOCIAL STUDIES 11 (Room 107),CAREER LIFE EDUCATION 10 (Room 201),ECONOMICS 12 (Room 209),FOUNDATIONS OF MATHEMATICS 11 (Room 214),ENGLISH FIRST PEOPLES 12 (Room 207A),ACTIVE LIVING 12 (Room Gym),SPANISH 12 (Room 208)
1162,unassigned,E-COMMERCE 12 (Room 209),20th CENTURY WORLD HISTORY 12 (Room 107),ENTREPRENEURSHIP 12 (Room 107),unassigned,PRE-CALCULUS 12 (Room 106),ACTIVE LIVING 12 (Room Gym),ENGLISH STUDIES 12 (Room 107)
1163,PRE-CALCULUS 12 (Room 221),ANATOMY AND PHYSIOLOGY 12 (Room 219),unassigned,CHEMISTRY 12 (Room 223),unassigned,CALCULUS 12 (Room 221),ENGLISH STUDIES 12 (Room A-2),unassigned
1164,PRE-CALCULUS 12 (Room 212),ENGLISH STUDIES 12 CHALLENGE (Room A-6),AUTOMOTIVE TECHNOLOGY 12 (Room 102),ECONOMICS 12 (Room 209),CALCULUS 12 (Room 106),ENGINEERING 12 (Room 105),PHYSICS 12 (Room 223),CHEMISTRY 12 (Room 219)
1165,ENGLISH FIRST PEOPLES 12 (Room 122),SOCIAL JUSTICE 12 (Room 121),unassigned,FOOD STUDIES 12 (Room 206),unassigned,unassigned,unassigned,unassigned
1166,DRAFTING 12 (Room 105),AP PHYSICS C (MECHANICS) 12 external credential (Room 225),ENGLISH STUDIES 12 (Room 205B),AUTOMOTIVE TECHNOLOGY 12 (Room 102),COMPUTER SCIENCE 11 (Room 203),AP PHYSICS C (MECHANICS) 12 external credential (Room 225),AP CALCULUS AB 12 external credential (Room 221),CHEMISTRY 12 (Room 216)
1167,unassigned,LEARNING STRATEGIES 12 (Room 108),CRIMINOLOGY 12 (Room A-3),FOOD STUDIES 12 (Room 206),unassigned,ENGLISH STUDIES 12 (Room A-6),ACTIVE LIVING 12 (Room Gym),PSYCHOLOGY 11 (Room 122)
1168,PRE-CALCULUS 12 (Room 221),unassigned,ENGLISH STUDIES 12 (Room 205B),FOOD STUDIES 12 (Room 206),unassigned,CALCULUS 12 (Room 221),PHYSICS 12 (Room 223),CHEMISTRY 12 (Room 219)
1169,COMPUTER SCIENCE 12 (Room 203),unassigned,3D ANIMATION 12 (Room 114),FOOD STUDIES 12 (Room 206),ACCOUNTING 12 (Room 206),ENGLISH FIRST PEOPLES 12 (Room 207A),ENGINEERING 12 (Room 104),CHEMISTRY 12 (Room 219)
1170,CHEMISTRY 12 (Room 219),ROBOTICS 12 (Room 104),CRIMINOLOGY 12 (Room A-3),ENGINEERING 12 (Room 105),unassigned,unassigned,DRAFTING 12 (Room 105),ENGLISH STUDIES 12 (Room 107)
1171,CHEMISTRY 11 (Room 226),LEARNING STRATEGIES 12 (Room 108),COMPOSITION 11 (Room 123),LIFE SCIENCES 11 (Room 219),PRE-CALCULUS 11 (Room 221),DRAMA 12 (Room A-1),ENGLISH STUDIES 12 (Room A-2),CONTEMPORARY INDIGENOUS STUDIES 12 (Room A-2)
1172,PHYSICS 11 (Room 216),CHEMISTRY 12 (Room 226),TEXTILES 12 (Room A-7),PRE-CALCULUS 12 (Room 212),AP ENGLISH LITERATURE & COMPOSITION 12 (Room A-6),CALCULUS 12 (Room 221),LITERARY STUDIES 12 (Room 208),ENVIRONMENTAL SCIENCE 12 - CLIMATE CHANGE (Room 123)
1173,PRE-CALCULUS 12 (Room 212),CHEMISTRY 12 (Room 226),AUTOMOTIVE TECHNOLOGY 12 (Room 102),PHYSICS 12 (Room 226),ACCOUNTING 11 (Room 206),ENGLISH FIRST PEOPLES 12 (Room 207A),ACTIVE LIVING 12 (Room Gym),CALCULUS 12 (Room 106)
1174,PHYSICS 11 (Room 227),SOCIAL JUSTICE 12 (Room A-3),20th CENTURY WORLD HISTORY 12 (Room 107),PRE-CALCULUS 12 (Room 212),ENGLISH STUDIES 12 (Room 123),ENGINEERING 12 (Room 105),PHYSICS 12 (Room 219),CALCULUS 12 (Room 106)
1175,unassigned,unassigned,20th CENTURY WORLD HISTORY 12 (Room 107),unassigned,ENGLISH STUDIES 12 (Room 123),ANATOMY AND PHYSIOLOGY 12 (Room 211),PHOTOGRAPHY 11 (Room 113),unassigned
1176,ENGLISH FIRST PEOPLES 12 (Room 122),CHEMISTRY 12 (Room 226),LAW STUDIES 12 (Room 121),PRE-CALCULUS 12 (Room 212),CALCULUS 12 (Room 106),unassigned,PHYSICS 12 (Room 223),ANATOMY AND PHYSIOLOGY 12 (Room 225)
1177,PRE-CALCULUS 12 (Room 221),SOCIAL JUSTICE 12 (Room A-3),LAW STUDIES 12 (Room 121),ECONOMICS 12 (Room 209),ENGLISH STUDIES 12 (Room 123),20th CENTURY WORLD HISTORY 12 (Room 121),COMPARATIVE CULTURES 12 (Room 209),CHEMISTRY 12 (Room 219)
1178,unassigned,TEXTILES 12 (Room A-7),PHYSICS 12 (Room 219),PRE-CALCULUS 12 (Room 212),ENGLISH STUDIES 12 (Room 123),CALCULUS 12 (Room 221),CHEMISTRY 12 (Room 216),ANATOMY AND PHYSIOLOGY 12 (Room 225)
1179,ENGLISH FIRST PEOPLES 12 (Room 122),ECONOMICS 12 (Room 209),TEXTILES 12 (Room A-7),FOOD STUDIES 12 (Room 206),FOUNDATIONS OF MATHEMATICS 11 (Room 214),ACTIVE LIVING 12 Girls (Room Gym),COMPARATIVE CULTURES 12 (Room 209),PSYCHOLOGY 11 (Room 122)
1180,unassigned,unassigned,ENGLISH STUDIES 12 (Room 205B),unassigned,unassigned,PRE-CALCULUS 12 (Room 220),PHYSICS 12 (Room 223),SPANISH 12 (Room 208)
1181,ENVIRONMENTAL SCIENCE 11 (Room 207B),PSYCHOLOGY 11 (Room 205A),FOUNDATIONS OF MATHEMATICS 11 (Room 221),unassigned,unassigned,20th CENTURY WORLD HISTORY 12 (Room 121),ENGLISH STUDIES 12 (Room A-2),CONTEMPORARY INDIGENOUS STUDIES 12 (Room A-2)
1182,PRE-CALCULUS 12 (Room 221),CHEMISTRY 12 (Room 226),ENGINEERING 12 (Room 105),INSTRUMENTAL MUSIC 12: CONCERT BAND LINEAR (Room 119),PHYSICS 11 (Room 223),ENGLISH STUDIES 12 (Room A-6),INSTRUMENTAL MUSIC 12: CONCERT BAND LINEAR (Room 119),CALCULUS 12 (Room 106)
1183,PRE-CALCULUS 12 (Room 212),PSYCHOLOGY 11 (Room 205A),ENGLISH STUDIES 12 (Room 205B),unassigned,DANCE CONDITIONING 12 (Room Studio),YOGA FOR MINDFULNESS 12 (Room Gym),CHEMISTRY 12 (Room 216),CALCULUS 12 (Room 106)
1184,unassigned,ENVIRONMENTAL SCIENCE 11 (Room 208),unassigned,EXPLORATIONS IN SOCIAL STUDIES 11 (Room 122),CROSS TRAINING 12 (Room 120),unassigned,AUTOMOTIVE TECHNOLOGY 12 (Room 102),ENGLISH STUDIES 12 (Room 107)
1185,DANCE FOUNDATIONS 11 (Room Studio),unassigned,COMPOSITION 11 (Room 208),FOOD STUDIES 11 (Room 206),PRE-CALCULUS 11 (Room 221),unassigned,unassigned,unassigned
1186,ENGLISH FIRST PEOPLES 12 (Room 122),PHYSICS 11 (Room 223),20th CENTURY WORLD HISTORY 12 (Room 107),FOOD STUDIES 12 (Room 206),DRAFTING 12 (Room 105),DRAMA 12 (Room A-1),PRE-CALCULUS 12 (Room 212),ENVIRONMENTAL SCIENCE 12 - CLIMATE CHANGE (Room 123)
1187,ENGLISH FIRST PEOPLES 12 (Room 122),unassigned,unassigned,FOOD STUDIES 12 (Room 206),INSTRUMENTAL MUSIC 12: GUITAR (Room 119),unassigned,EXPLORATIONS IN SOCIAL STUDIES 11 (Room 207B),unassigned
1188,ENGLISH FIRST PEOPLES 12 (Room 122),CHEMISTRY 12 (Room 226),LAW STUDIES 12 (Room 121),PRE-CALCULUS 12 (Room 212),unassigned,unassigned,PHYSICS 12 (Room 219),CALCULUS 12 (Room 106)
1189,PRE-CALCULUS 12 (Room 221),PSYCHOLOGY 11 (Room 205A),ENGLISH STUDIES 12 (Room 205B),AUTOMOTIVE TECHNOLOGY 12 (Room 102),LAW STUDIES 12 (Room 107),20th CENTURY WORLD HISTORY 12 (Room 121),ENGINE AND DRIVETRAIN 12 (Room 102),CHEMISTRY 12 (Room 216)
1190,ANATOMY AND PHYSIOLOGY 12 (Room 225),CRIMINOLOGY 12 (Room 123),20th CENTURY WORLD HISTORY 12 (Room 107),FOOD STUDIES 12 (Room 206),ENGLISH STUDIES 12 (Room 123),PRE-CALCULUS 12 (Room 220),ACTIVE LIVING 12 (Room Gym),ENVIRONMENTAL SCIENCE 12 - CLIMATE CHANGE (Room 123)
1191,ENVIRONMENTAL SCIENCE 11 (Room 207B),PHOTOGRAPHY 11 (Room 113),AUTOMOTIVE TECHNOLOGY 12 (Room 102),INSTRUMENTAL MUSIC 12: CONCERT BAND LINEAR (Room 119),LAW STUDIES 12 (Room 107),ENGLISH FIRST PEOPLES 12 (Room 207A),INSTRUMENTAL MUSIC 12: CONCERT BAND LINEAR (Room 119),CAREER LIFE EDUCATION 10 (Room 201)
1192,unassigned,PSYCHOLOGY 11 (Room 205A),unassigned,FOOD STUDIES 12 (Room 206),ART STUDIO 12 (Room 116),DRAMA 12 (Room A-1),INTRODUCTORY SPANISH 11 (Room A-3),ENGLISH STUDIES 12 (Room 107)
1193,PRE-CALCULUS 12 (Room 212),SOCIAL JUSTICE 12 (Room A-3),ENGLISH STUDIES 12 (Room 205B),FOOD STUDIES 12 (Room 206),PHYSICS 11 (Room 223),ANATOMY AND PHYSIOLOGY 12 (Room 227),CHEMISTRY 12 (Room 216),CALCULUS 12 (Room 106)
1194,unassigned,ANATOMY AND PHYSIOLOGY 12 (Room 219),ENGINEERING 12 (Room 105),PRE-CALCULUS 12 (Room 212),unassigned,unassigned,ENGLISH STUDIES 12 (Room A-2),unassigned
1195,ELL Academic Literacy 11 (Room 208),SOCIAL JUSTICE 12 (Room A-3),20th CENTURY WORLD HISTORY 12 (Room 107),ENGLISH FIRST PEOPLES 12 Year (Room 222),DANCE CONDITIONING 12 (Room Studio),PRE-CALCULUS 12 (Room 106),COMPARATIVE CULTURES 12 (Room 209),ENGLISH FIRST PEOPLES 12 Year (Room 222)
1196,ELL Academic Literacy 11 (Room 208),unassigned,COMPUTER PROGRAMMING 12 AI and (Room 203),ENGLISH FIRST PEOPLES 12 Year (Room 222),LAW STUDIES 12 (Room 107),PRE-CALCULUS 12 (Room 220),ENGINEERING 12 (Room 104),ENGLISH FIRST PEOPLES 12 Year (Room 222)
1197,PRE-CALCULUS 12 (Room 212),ANATOMY AND PHYSIOLOGY 12 (Room 219),PHYSICS 12 (Room 219),FOOD STUDIES 12 (Room 206),CALCULUS 12 (Room 106),ENGLISH FIRST PEOPLES 12 (Room 207A),DANCE TECHNIQUE AND PERFORMANCE 12 (Room Studio),CHEMISTRY 12 (Room 216)
1198,ANATOMY AND PHYSIOLOGY 12 (Room 225),SOCIAL JUSTICE 12 (Room 121),ENGLISH STUDIES 12 (Room 205B),unassigned,DANCE CONDITIONING 12 (Room Studio),YOGA FOR MINDFULNESS 12 (Room Gym),unassigned,ENVIRONMENTAL SCIENCE 12 - CLIMATE CHANGE (Room 123)
1199,PRE-CALCULUS 12 (Room 212),ECONOMICS 12 (Room 209),CRIMINOLOGY 12 (Room A-3),E-COMMERCE 12 (Room 209),unassigned,ENGLISH FIRST PEOPLES 12 (Room 207A),AUTOMOTIVE TECHNOLOGY 12 (Room 102),CHEMISTRY 12 (Room 216)
1200,AP STATISTICS 12 (Room 220),unassigned,ACCOUNTING 12 (Room 206),PHYSICS 12 (Room 226),AP STATISTICS 12 (Room 220),ENGLISH STUDIES 12 (Room A-6),INTRODUCTORY SPANISH 11 (Room A-3),CHEMISTRY 12 (Room 219)
1201,CHEMISTRY 11 (Room 226),ECONOMICS 12 (Room 209),PHYSICS 12 (Room 219),ENGLISH FIRST PEOPLES 12 (Room 207A),unassigned,PRE-CALCULUS 12 (Room 106),ACTIVE LIVING 12 (Room Gym),ANATOMY AND PHYSIOLOGY 12 (Room 225)
1202,ANATOMY AND PHYSIOLOGY 12 (Room 225),ART STUDIO 12 (Room 116),TEXTILES 12 (Room A-7),CHEMISTRY 12 (Room 223),ENGLISH STUDIES 12 (Room 123),PRE-CALCULUS 12 (Room 106),INTRODUCTORY SPANISH 11 (Room A-3),SPANISH 11 (Room 208)
1203,WORKPLACE MATHEMATICS 11 (Room 123),LAW STUDIES 12 (Room 222),20th CENTURY WORLD HISTORY 12 (Room 107),FOOD STUDIES 12 (Room 206),FOUNDATIONS OF MATHEMATICS 11 (Room 214),ENGLISH STUDIES 12 (Room A-6),COMPARATIVE CULTURES 12 (Room 209),TEXTILES 12 (Room A-7)
1204,PRE-CALCULUS 12 (Room 212),ANATOMY AND PHYSIOLOGY 12 (Room 219),unassigned,FOOD STUDIES 12 (Room 206),DRAFTING 12 (Room 105),ENGLISH FIRST PEOPLES 12 (Room 207A),OUTDOOR EDUCATION 12 (Room _CHECK THIS THING IDK),CHEMISTRY 12 (Room 216)
1205,PRE-CALCULUS 12 (Room 221),unassigned,unassigned,ENGLISH FIRST PEOPLES 12 (Room 207A),DRAFTING 12 (Room 105),ENGINEERING 12 (Room 105),PHYSICS 12 (Room 219),CALCULUS 12 (Room 106)
1206,CHEMISTRY 12 (Room 219),PRE-CALCULUS 12 HONOURS (Room 221),ENGLISH STUDIES 12 CHALLENGE (Room 209),ECONOMICS 12 (Room 209),CALCULUS 12 (Room 106),ANATOMY AND PHYSIOLOGY 12 (Room 227),PSYCHOLOGY 11 (Room 207A),AP COMPUTER SCIENCE A 12 (Room 203)
1207,LAW STUDIES 12 (Room A-2),PRE-CALCULUS 12 HONOURS (Room 221),CRIMINOLOGY 12 (Room A-3),unassigned,FRENCH 12 (Room 208),ENGLISH STUDIES 12 (Room A-6),DANCE TECHNIQUE AND PERFORMANCE 12 (Room Studio),SPANISH 12 (Room 208)
1208,LAW STUDIES 12 (Room A-2),ECONOMICS 12 (Room 209),ENGLISH STUDIES 12 CHALLENGE (Room 209),PHYSICS 12 (Room 226),DRAFTING 12 (Room 105),CALCULUS 12 (Room 221),AP CALCULUS AB 12 external credential (Room 221),CHEMISTRY 12 (Room 219)
1209,PRE-CALCULUS 12 (Room 221),ANATOMY AND PHYSIOLOGY 12 (Room 219),unassigned,ECONOMICS 12 (Room 209),AP ENGLISH LITERATURE & COMPOSITION 12 (Room A-6),CALCULUS 12 (Room 221),LITERARY STUDIES 12 (Room 208),CHEMISTRY 12 (Room 216)
1210,ENGLISH FIRST PEOPLES 12 (Room 122),ECONOMICS 12 (Room 209),unassigned,PRE-CALCULUS 12 (Room 212),CALCULUS 12 (Room 106),ACTIVE LIVING 12 Girls (Room Gym),INTRODUCTORY SPANISH 11 (Room A-3),ENVIRONMENTAL SCIENCE 12 - CLIMATE CHANGE (Room 123)
1211,COMPUTER SCIENCE 12 (Room 203),ENGLISH STUDIES 12 CHALLENGE (Room A-6),ENGINEERING 12 (Room 105),LIFE SCIENCES 11 (Room 219),DRAFTING 12 (Room 105),CALCULUS 12 (Room 221),PHYSICS 12 (Room 219),CHEMISTRY 12 (Room 216)
1212,DRAFTING 12 (Room 105),CRIMINOLOGY 12 (Room 123),AUTOMOTIVE TECHNOLOGY 12 (Room 102),FOOD STUDIES 12 (Room 206),FOUNDATIONS OF MATHEMATICS 11 (Room 214),ENGLISH FIRST PEOPLES 12 (Room 207A),ACTIVE LIVING 12 (Room Gym),PSYCHOLOGY 11 (Room 122)
1213,ENGLISH FIRST PEOPLES 12 (Room 122),unassigned,CHEMISTRY 11 (Room 227),PHYSICS 12 (Room 226),DRAFTING 12 (Room 105),ENGINEERING 12 (Room 105),ENGINE AND DRIVETRAIN 12 (Room 102),CALCULUS 12 (Room 106)
1214,PRE-CALCULUS 12 (Room 221),ANATOMY AND PHYSIOLOGY 12 (Room 219),LAW STUDIES 12 (Room 121),ECONOMICS 12 (Room 209),AP ENGLISH LITERATURE & COMPOSITION 12 (Room A-6),CALCULUS 12 (Room 221),LITERARY STUDIES 12 (Room 208),CHEMISTRY 12 (Room 216)
1215,ANATOMY AND PHYSIOLOGY 12 (Room 225),CHEMISTRY 12 (Room 226),unassigned,ENGLISH FIRST PEOPLES 12 (Room 207A),unassigned,unassigned,PSYCHOLOGY 11 (Room 207A),ENGLISH STUDIES 12 (Room 107)
1216,LAW STUDIES 12 (Room A-2),PRE-CALCULUS 12 HONOURS (Room 221),ACCOUNTING 11 (Room 206),PHYSICS 12 (Room 226),ENGLISH STUDIES 12 (Room 123),unassigned,AP CALCULUS AB 12 external credential (Room 221),CHEMISTRY 12 (Room 216)
1217,AP STATISTICS 12 (Room 220),CHEMISTRY 12 (Room 226),COMPUTER PROGRAMMING 12 AI and (Room 203),FOOD STUDIES 12 (Room 206),AP STATISTICS 12 (Room 220),PRE-CALCULUS 12 (Room 220),ENGLISH STUDIES 12 (Room A-2),ROBOTICS 12 (Room 104)
1218,unassigned,PSYCHOLOGY 11 (Room 205A),LIFE SCIENCES 11 (Room 225),unassigned,FRENCH 12 (Room 208),unassigned,OUTDOOR EDUCATION 12 (Room _CHECK THIS THING IDK),unassigned
1219,PHYSICS 11 (Room 227),PSYCHOLOGY 11 (Room 205A),CRIMINOLOGY 12 (Room A-3),CHEMISTRY 12 (Room 223),AP ENGLISH LITERATURE & COMPOSITION 12 (Room A-6),PRE-CALCULUS 12 (Room 106),LITERARY STUDIES 12 (Room 208),ANATOMY AND PHYSIOLOGY 12 (Room 225)
1220,ENGLISH FIRST PEOPLES 12 (Room 122),CHEMISTRY 12 (Room 226),CRIMINOLOGY 12 (Room A-3),FOOD STUDIES 12 (Room 206),INSTRUMENTAL MUSIC 12: GUITAR (Room 119),ANATOMY AND PHYSIOLOGY 12 (Room 211),PHYSICS 12 (Room 223),CALCULUS 12 (Room 106)
1221,CHEMISTRY 12 (Room 219),ENGLISH STUDIES 12 CHALLENGE (Room A-6),PHYSICS 12 (Room 219),FOOD STUDIES 12 (Room 206),DRAFTING 12 (Room 105),ACTIVE LIVING 12 Girls (Room Gym),AP CALCULUS AB 12 external credential (Room 221),TEXTILES 12 (Room A-7)
1222,CHEMISTRY 11 (Room 226),CRIMINOLOGY 12 (Room 123),3D ANIMATION 12 (Room 114),MEDIA DESIGN 12 (Room 114),ENGLISH STUDIES 12 (Room 123),PRE-CALCULUS 12 (Room 220),PHYSICS 12 (Room 219),CHEMISTRY 12 (Room 216)
1223,PRE-CALCULUS 12 (Room 212),ANATOMY AND PHYSIOLOGY 12 (Room 219),ENGLISH STUDIES 12 (Room 205B),FOOD STUDIES 12 (Room 206),CALCULUS 12 (Room 106),DRAMA 12 (Room A-1),PHYSICAL GEOGRAPHY 12 (Room 121),CHEMISTRY 12 (Room 216)
1224,SPANISH 12 (Room 205A),CHEMISTRY 12 (Room 226),ENGLISH STUDIES 12 (Room 205B),PRE-CALCULUS 12 (Room 212),ART STUDIO 12 (Room 116),ANATOMY AND PHYSIOLOGY 12 (Room 211),PHYSICS 12 (Room 219),CALCULUS 12 (Room 106)
1225,ELL Academic Literacy 11 (Room 208),unassigned,unassigned,ENGLISH FIRST PEOPLES 12 Year (Room 222),ART STUDIO 12 (Room 116),ANATOMY AND PHYSIOLOGY 12 (Room 227),DANCE TECHNIQUE AND PERFORMANCE 12 (Room Studio),ENGLISH FIRST PEOPLES 12 Year (Room 222)
1226,PRE-CALCULUS 12 (Room 212),CRIMINOLOGY 12 (Room 123),PHYSICS 12 (Room 219),LIFE SCIENCES 11 (Room 219),AP ENGLISH LITERATURE & COMPOSITION 12 (Room A-6),FRENCH 12 (Room 122),LITERARY STUDIES 12 (Room 208),CALCULUS 12 (Room 106)
1227,unassigned,unassigned,unassigned,PRE-CALCULUS 11 (Room 221),LIFE SCIENCES 11 (Room 227),ACTIVE LIVING 12 Girls (Room Gym),ENGLISH STUDIES 12 (Room A-2),unassigned
1228,LIFE SCIENCES 11 (Room 211),PSYCHOLOGY 11 (Room 205A),PHYSICS 12 (Room 219),AUTOMOTIVE TECHNOLOGY 12 (Room 102),AP ENGLISH LITERATURE & COMPOSITION 12 (Room A-6),CALCULUS 12 (Room 221),LITERARY STUDIES 12 (Room 208),CHEMISTRY 12 (Room 216)
1229,SPANISH 12 (Room 205A),unassigned,ENGLISH STUDIES 12 (Room 205B),PRE-CALCULUS 12 (Room 212),unassigned,ANATOMY AND PHYSIOLOGY 12 (Room 211),PHYSICS 12 (Room 219),CHEMISTRY 12 (Room 219)
1230,unassigned,SOCIAL JUSTICE 12 (Room 121),LAW STUDIES 12 (Room 121),FOOD STUDIES 12 (Room 206),LEARNING STRATEGIES 12 (Room 109),unassigned,PHOTOGRAPHY 11 (Room 113),ENGLISH STUDIES 12 (Room 107)
1231,unassigned,ANATOMY AND PHYSIOLOGY 12 (Room 219),FOUNDATIONS OF MATHEMATICS 11 (Room 221),CHEMISTRY 12 (Room 223),DANCE CONDITIONING 12 (Room Studio),ENGLISH STUDIES 12 (Room A-6),DANCE TECHNIQUE AND PERFORMANCE 12 (Room Studio),TEXTILES 12 (Room A-7)
1232,CHEMISTRY 11 (Room 226),LEARNING STRATEGIES 12 (Room 108),FOUNDATIONS OF MATHEMATICS 11 (Room 221),FOOD STUDIES 12 (Room 206),unassigned,unassigned,ENGLISH STUDIES 12 (Room A-2),unassigned
1233,PRE-CALCULUS 12 (Room 212),PHYSICS 11 (Room 223),ENGINEERING 12 (Room 105),ENTREPRENEURSHIP 12 (Room 107),CROSS TRAINING 12 (Room 120),ENGLISH FIRST PEOPLES 12 (Room 207A),ACTIVE LIVING 12 (Room Gym),DRAFTING 12 (Room 105)
1234,CHEMISTRY 12 (Room 219),PRE-CALCULUS 12 HONOURS (Room 221),20th CENTURY WORLD HISTORY 12 (Room 107),ENGLISH FIRST PEOPLES 12 (Room 207A),COMPUTER SCIENCE 11 (Room 203),unassigned,PHYSICS 12 (Room 219),CALCULUS 12 (Room 106)
1235,PRE-CALCULUS 12 (Room 221),SOCIAL JUSTICE 12 (Room A-3),CRIMINOLOGY 12 (Room A-3),PHYSICS 12 (Room 226),AP ENGLISH LITERATURE & COMPOSITION 12 (Room A-6),ACTIVE LIVING 12 Girls (Room Gym),LITERARY STUDIES 12 (Room 208),CHEMISTRY 12 (Room 216)
1236,ANATOMY AND PHYSIOLOGY 12 (Room 225),TEXTILES 12 (Room A-7),unassigned,PRE-CALCULUS 12 (Room 212),DANCE CONDITIONING 12 (Room Studio),ENGLISH STUDIES 12 (Room A-6),unassigned,unassigned
1237,PRE-CALCULUS 12 (Room 212),PHOTOGRAPHY 11 (Room 113),ENGLISH STUDIES 12 CHALLENGE (Room 209),ECONOMICS 12 (Room 209),CALCULUS 12 (Room 106),unassigned,PHYSICS 12 (Room 219),CHEMISTRY 12 (Room 216)
1238,unassigned,CHEMISTRY 12 (Room 226),unassigned,AUTOMOTIVE TECHNOLOGY 12 (Room 102),CALCULUS 12 (Room 106),ENGINEERING 12 (Room 105),PHYSICAL GEOGRAPHY 12 (Room 121),ENGLISH STUDIES 12 (Room 107)
1239,AP STATISTICS 12 (Room 220),PRE-CALCULUS 12 HONOURS (Room 221),ENGLISH STUDIES 12 CHALLENGE (Room 209),CHEMISTRY 12 (Room 223),AP STATISTICS 12 (Room 220),ANATOMY AND PHYSIOLOGY 12 (Room 227),AP CALCULUS AB 12 external credential (Room 221),unassigned
1240,PRE-CALCULUS 12 (Room 221),ECONOMICS 12 (Room 209),LAW STUDIES 12 (Room 121),ENGLISH FIRST PEOPLES 12 (Room 207A),INSTRUMENTAL MUSIC 12: GUITAR (Room 119),CRIMINOLOGY 12 (Room 205A),COMPARATIVE CULTURES 12 (Room 209),unassigned
1241,ANATOMY AND PHYSIOLOGY 12 (Room 225),PRE-CALCULUS 12 HONOURS (Room 221),20th CENTURY WORLD HISTORY 12 (Room 107),CHEMISTRY 12 (Room 223),AP ENGLISH LITERATURE & COMPOSITION 12 (Room A-6),CALCULUS 12 (Room 221),LITERARY STUDIES 12 (Room 208),PSYCHOLOGY 11 (Room 122)
1242,CONTEMPORARY INDIGENOUS STUDIES 12 (Room 121),CRIMINOLOGY 12 (Room 123),LAW STUDIES 12 (Room 121),unassigned,ENGLISH STUDIES 12 (Room 123),20th CENTURY WORLD HISTORY 12 (Room 121),unassigned,unassigned
1243,ENGLISH FIRST PEOPLES 12 (Room 122),EXPLORATIONS IN SOCIAL STUDIES 11 (Room 107),unassigned,FOOD STUDIES 12 (Room 206),LEARNING STRATEGIES 12 (Room 109),unassigned,AUTOMOTIVE TECHNOLOGY 12 (Room 102),WOODWORK 12 (Room 101)
1244,AP STATISTICS 12 (Room 220),PRE-CALCULUS 12 HONOURS (Room 221),LAW STUDIES 12 (Room 121),CHEMISTRY 12 (Room 223),AP STATISTICS 12 (Room 220),ENGLISH FIRST PEOPLES 12 (Room 207A),OUTDOOR EDUCATION 12 (Room _CHECK THIS THING IDK),ANATOMY AND PHYSIOLOGY 12 (Room 225)
1245,MEDIA DESIGN 12 (Room 114),PHOTOGRAPHY 11 (Room 113),CAREER LIFE EDUCATION 10 (Room 201),FOOD STUDIES 12 (Room 206),unassigned,ENGLISH FIRST PEOPLES 12 (Room 207A),ACTIVE LIVING 12 (Room Gym),WOODWORK 12 (Room 101)
1246,WORKPLACE MATHEMATICS 11 (Room 123),SOCIAL JUSTICE 12 (Room 121),unassigned,FOOD STUDIES 12 (Room 206),unassigned,ENGLISH FIRST PEOPLES 12 (Room 207A),ACTIVE LIVING 12 (Room Gym),unassigned
1247,CONTEMPORARY INDIGENOUS STUDIES 12 (Room 121),LAW STUDIES 12 (Room 222),ENGLISH STUDIES 12 (Room 205B),ECONOMICS 12 (Room 209),ACCOUNTING 11 (Room 206),PRE-CALCULUS 12 (Room 220),AUTOMOTIVE TECHNOLOGY 12 (Room 102),PSYCHOLOGY 11 (Room 122)
1248,unassigned,LEARNING STRATEGIES 12 (Room 108),COMPOSITION 11 (Room 123),AUTOMOTIVE TECHNOLOGY 12 (Room 102),CROSS TRAINING 12 (Room 120),ENGLISH STUDIES 12 (Room A-6),ACTIVE LIVING 12 (Room Gym),unassigned
1249,unassigned,CAREER LIFE EDUCATION 10 (Room 201),AUTOMOTIVE TECHNOLOGY 12 (Room 102),FOOD STUDIES 12 (Room 206),LEARNING STRATEGIES 12 (Room 109),ENGLISH FIRST PEOPLES 12 (Room 207A),ACTIVE LIVING 12 (Room Gym),unassigned
1250,SPOKEN LANGUAGE 11 (Room 208),unassigned,TEXTILES 12 (Room A-7),ENGLISH FIRST PEOPLES 12 Year (Room 222),INSTRUMENTAL MUSIC 12: GUITAR (Room 119),CRIMINOLOGY 12 (Room 205A),PRE-CALCULUS 12 (Room 212),ENGLISH FIRST PEOPLES 12 Year (Room 222)
1251,PHYSICS 11 (Room 216),SOCIAL JUSTICE 12 (Room A-3),LIFE SCIENCES 11 (Room 225),ENGLISH FIRST PEOPLES 12 (Room 207A),LEARNING STRATEGIES 12 (Room 109),PRE-CALCULUS 12 (Room 220),PHYSICS 12 (Room 219),ENVIRONMENTAL SCIENCE 12 - CLIMATE CHANGE (Room 123)
1252,CHEMISTRY 12 (Room 219),LAW STUDIES 12 (Room 222),TEXTILES 12 (Room A-7),AUTOMOTIVE TECHNOLOGY 12 (Room 102),ENGLISH STUDIES 12 (Room 123),PRE-CALCULUS 12 (Room 106),OUTDOOR EDUCATION 12 (Room _CHECK THIS THING IDK),ANATOMY AND PHYSIOLOGY 12 (Room 225)
1253,PRE-CALCULUS 12 (Room 212),ENGLISH STUDIES 12 CHALLENGE (Room A-6),ENGINEERING 12 (Room 105),CHEMISTRY 12 (Room 223),CROSS TRAINING 12 (Room 120),ANATOMY AND PHYSIOLOGY 12 (Room 211),PHYSICS 12 (Room 223),CALCULUS 12 (Room 106)
1254,AP STATISTICS 12 (Room 220),AP PHYSICS C (MECHANICS) 12 external credential (Room 225),3D ANIMATION 12 (Room 114),FOOD STUDIES 12 (Room 206),AP STATISTICS 12 (Room 220),AP PHYSICS C (MECHANICS) 12 external credential (Room 225),AP CALCULUS AB 12 external credential (Room 221),ENGLISH STUDIES 12 (Room 107)
1255,unassigned,unassigned,unassigned,ENGLISH FIRST PEOPLES 12 (Room 207A),FOUNDATIONS OF MATHEMATICS 11 (Room 214),unassigned,unassigned,unassigned
1256,ANATOMY AND PHYSIOLOGY 12 (Room 225),PSYCHOLOGY 11 (Room 205A),ENGLISH STUDIES 12 CHALLENGE (Room 209),PRE-CALCULUS 12 (Room 212),DRAFTING 12 (Room 105),CALCULUS 12 (Room 221),PHYSICS 12 (Room 223),CHEMISTRY 12 (Room 219)
1257,LIFE SCIENCES 11 (Room 211),PRE-CALCULUS 12 HONOURS (Room 221),ENGLISH STUDIES 12 CHALLENGE (Room 209),ECONOMICS 12 (Room 209),LAW STUDIES 12 (Room 107),ANATOMY AND PHYSIOLOGY 12 (Room 211),AP CALCULUS AB 12 external credential (Room 221),CHEMISTRY 12 (Room 216)
1258,ANATOMY AND PHYSIOLOGY 12 (Room 225),ENGLISH STUDIES 12 CHALLENGE (Room A-6),PHYSICS 12 (Room 219),ECONOMICS 12 (Room 209),CALCULUS 12 (Room 106),20th CENTURY WORLD HISTORY 12 (Room 121),PHYSICAL GEOGRAPHY 12 (Room 121),unassigned
1259,AP STATISTICS 12 (Room 220),AP PHYSICS C (MECHANICS) 12 external credential (Room 225),ENGLISH STUDIES 12 CHALLENGE (Room 209),CHEMISTRY 12 (Room 223),AP STATISTICS 12 (Room 220),AP PHYSICS C (MECHANICS) 12 external credential (Room 225),AP CALCULUS AB 12 external credential (Room 221),unassigned
1260,PHYSICS 11 (Room 216),PRE-CALCULUS 12 HONOURS (Room 221),20th CENTURY WORLD HISTORY 12 (Room 107),unassigned,AP ENGLISH LITERATURE & COMPOSITION 12 (Room A-6),ANATOMY AND PHYSIOLOGY 12 (Room 211),LITERARY STUDIES 12 (Room 208),CHEMISTRY 12 (Room 219)
1261,SPOKEN LANGUAGE 11 (Room 208),SOCIAL JUSTICE 12 (Room A-3),PHYSICS 12 (Room 219),PRE-CALCULUS 12 (Room 212),LAW STUDIES 12 (Room 107),CALCULUS 12 (Room 221),ACTIVE LIVING 12 (Room Gym),CONTEMPORARY INDIGENOUS STUDIES 12 (Room A-2)
1262,COMPUTER SCIENCE 11 (Room 203),ANATOMY AND PHYSIOLOGY 12 (Room 219),3D ANIMATION 12 (Room 114),PRE-CALCULUS 11 (Room 106),FOUNDATIONS OF MATHEMATICS 11 (Room 214),20th CENTURY WORLD HISTORY 12 (Room 121),AUTOMOTIVE TECHNOLOGY 12 (Room 102),ENGLISH STUDIES 12 (Room 107)
1263,PRE-CALCULUS 12 (Room 221),CHEMISTRY 12 (Room 226),unassigned,INSTRUMENTAL MUSIC 12: CONCERT BAND LINEAR (Room 119),AP ENGLISH LITERATURE & COMPOSITION 12 (Room A-6),ANATOMY AND PHYSIOLOGY 12 (Room 211),INSTRUMENTAL MUSIC 12: CONCERT BAND LINEAR (Room 119),CALCULUS 12 (Room 106)
1264,CHEMISTRY 12 (Room 219),PRE-CALCULUS 12 HONOURS (Room 221),ENGLISH STUDIES 12 CHALLENGE (Room 209),PHYSICS 12 (Room 226),CALCULUS 12 (Room 106),ANATOMY AND PHYSIOLOGY 12 (Room 227),AP CALCULUS AB 12 external credential (Room 221),unassigned
1265,PRE-CALCULUS 12 (Room 212),unassigned,AUTOMOTIVE TECHNOLOGY 12 (Room 102),FOOD STUDIES 12 (Room 206),ENGLISH STUDIES 12 (Room 123),DRAMA 12 (Room A-1),ACTIVE LIVING 12 (Room Gym),CONTEMPORARY INDIGENOUS STUDIES 12 (Room A-2)
1266,ENGLISH FIRST PEOPLES 12 (Room 122),CHEMISTRY 12 (Room 226),PHYSICS 12 (Room 219),FOOD STUDIES 12 (Room 206),CALCULUS 12 (Room 106),ENGINEERING 12 (Room 105),OUTDOOR EDUCATION 12 (Room _CHECK THIS THING IDK),ENVIRONMENTAL SCIENCE 12 - CLIMATE CHANGE (Room 123)
1267,ENGLISH FIRST PEOPLES 12 (Room 122),PHOTOGRAPHY 11 (Room 113),3D ANIMATION 12 (Room 114),MEDIA DESIGN 12 (Room 114),LAW STUDIES 12 (Room 107),20th CENTURY WORLD HISTORY 12 (Room 121),PHOTOGRAPHY 12 (Room 113),TEXTILES 12 (Room A-7)
1268,PHYSICS 11 (Room 227),E-COMMERCE 12 (Room 209),ENGLISH STUDIES 12 (Room 205B),unassigned,unassigned,CALCULUS 12 (Room 221),PHYSICS 12 (Room 219),unassigned
1269,ELL Academic Literacy 11 (Room 208),unassigned,CHEMISTRY 11 (Room 227),PRE-CALCULUS 12 (Room 212),CALCULUS 12 (Room 106),ANATOMY AND PHYSIOLOGY 12 (Room 211),PHYSICS 12 (Room 219),CHEMISTRY 12 (Room 216)
1270,ELL Academic Literacy 11 (Room 208),ECONOMICS 12 (Room 209),20th CENTURY WORLD HISTORY 12 (Room 107),ENGLISH FIRST PEOPLES 12 Year (Room 222),unassigned,DRAMA 12 (Room A-1),PRE-CALCULUS 12 (Room 212),ENGLISH FIRST PEOPLES 12 Year (Room 222)
1271,ANATOMY AND PHYSIOLOGY 12 (Room 225),SOCIAL JUSTICE 12 (Room A-3),PHYSICS 12 (Room 219),ENGLISH FIRST PEOPLES 12 (Room 207A),DRAFTING 12 (Room 105),PRE-CALCULUS 12 (Room 220),ACTIVE LIVING 12 (Room Gym),CHEMISTRY 12 (Room 216)
1272,CHEMISTRY 12 (Room 219),PRE-CALCULUS 12 HONOURS (Room 221),ENGLISH STUDIES 12 CHALLENGE (Room 209),INSTRUMENTAL MUSIC 12: CONCERT BAND LINEAR (Room 119),PHYSICS 11 (Room 223),CALCULUS 12 (Room 221),INSTRUMENTAL MUSIC 12: CONCERT BAND LINEAR (Room 119),unassigned
1273,ELL Academic Literacy 11 (Room 208),unassigned,CHEMISTRY 11 (Room 223),ENGLISH FIRST PEOPLES 12 Year (Room 222),PHYSICS 11 (Room 223),ANATOMY AND PHYSIOLOGY 12 (Room 227),PSYCHOLOGY 11 (Room 207A),ENGLISH FIRST PEOPLES 12 Year (Room 222)
1274,unassigned,PSYCHOLOGY 11 (Room 205A),CRIMINOLOGY 12 (Room A-3),unassigned,FOUNDATIONS OF MATHEMATICS 11 (Room 214),unassigned,ENGLISH STUDIES 12 (Room A-2),unassigned
1275,LIFE SCIENCES 11 (Room 211),LAW STUDIES 12 (Room 222),TEXTILES 12 (Room A-7),ENGLISH FIRST PEOPLES 12 (Room 207A),DANCE CONDITIONING 12 (Room Studio),FRENCH 12 (Room 122),DANCE TECHNIQUE AND PERFORMANCE 12 (Room Studio),ENVIRONMENTAL SCIENCE 12 - CLIMATE CHANGE (Room 123)
1276,LAW STUDIES 12 (Room A-2),CRIMINOLOGY 12 (Room 123),AUTOMOTIVE TECHNOLOGY 11 (Room 102),FOOD STUDIES 11 (Room 206),COMPOSITION 11 (Room 209),PRE-CALCULUS 11 (Room 212),COMPARATIVE CULTURES 12 (Room 209),PHYSICS 11 (Room 226)
1277,CHEMISTRY 11 (Room 226),PHYSICS 11 (Room 223),CAREER LIFE EDUCATION 10 (Room 201),CONTEMPORARY INDIGENOUS STUDIES 12 CHALLENGE (Room 207B),LITERARY STUDIES 11 Challenge (Room A-7),PRE-CALCULUS 11 (Room 212),unassigned,unassigned
1278,PHYSICS 11 (Room 227),SOCIAL JUSTICE 12 (Room A-3),COMPOSITION 11 (Room A-6),LIFE SCIENCES 11 (Room 219),PRE-CALCULUS 11 (Room 221),CRIMINOLOGY 12 (Room 205A),PSYCHOLOGY 11 (Room 207A),CHEMISTRY 11 (Room 223)
1279,COMPOSITION 11 (Room 209),PHYSICS 11 (Room 223),ENGINEERING 11 (Room 105),INSTRUMENTAL MUSIC 11: CONCERT BAND LINEAR (Room 119),COMPUTER SCIENCE 11 (Room 203),PRE-CALCULUS 11 (Room 212),INSTRUMENTAL MUSIC 11: CONCERT BAND LINEAR (Room 119),CONTEMPORARY INDIGENOUS STUDIES 12 (Room A-2)
1280,COMPOSITION 11 (Room 209),PRE-CALCULUS 11 (Room 212),ACCOUNTING 11 (Room 206),ENGINEERING 11 (Room 105),PHYSICS 11 (Room 219),FRENCH 10 (Room A-3),EXPLORATIONS IN SOCIAL STUDIES 11 (Room 207B),CAREER LIFE EDUCATION 10 (Room 201)
1281,CHEMISTRY 11 (Room 226),PRE-CALCULUS 11 (Room 212),FRENCH 10 (Room 207B),EXPLORATIONS IN SOCIAL STUDIES 11 (Room 122),COMPOSITION 11 (Room 205B),LIFE SCIENCES 11 (Room 219),TEXTILES 11 (Room A-7),CAREER LIFE EDUCATION 10 (Room 201)
1282,COMPOSITION 11 (Room 209),LAW STUDIES 12 (Room 222),TEXTILES 11 (Room A-7),CHEMISTRY 11 (Room 227),PRE-CALCULUS 11 (Room 221),LIFE SCIENCES 11 (Room 219),AUTOMOTIVE TECHNOLOGY 11 (Room 102),SPANISH 11 (Room 208)
1283,CHEMISTRY 11 (Room 226),PHYSICS 11 (Room 223),COMPOSITION 11 (Room 205A),PRE-CALCULUS 11 (Room 221),ART STUDIO 11 (Room 116),CAREER LIFE EDUCATION 10 (Room 104),DRAFTING 11 (Room 105),CONTEMPORARY INDIGENOUS STUDIES 12 (Room A-2)
1284,PHYSICS 11 (Room 216),EXPLORATIONS IN SOCIAL STUDIES 11 (Room 107),LIFE SCIENCES 11 (Room 225),FOOD STUDIES 11 (Room 206),PRE-CALCULUS 11 (Room 221),FRENCH 11 (Room 122),CHEMISTRY 11 (Room 225),COMPOSITION 11 (Room 207A)
1285,COMPOSITION 11 (Room 209),ENVIRONMENTAL SCIENCE 11 (Room 208),CRIMINOLOGY 12 (Room A-3),CAREER LIFE EDUCATION 10 (Room 104),LAW STUDIES 12 (Room 107),YOGA FOR MINDFULNESS 11 (Room Gym),WORKPLACE MATHEMATICS 11 (Room 210),TEXTILES 11 (Room A-7)
1286,unassigned,unassigned,LIFE SCIENCES 11 (Room 225),MEDIA DESIGN 11 (Room 114),PRE-CALCULUS 11 (Room 221),unassigned,EXPLORATIONS IN SOCIAL STUDIES 11 (Room 207B),unassigned
1287,PHYSICS 11 (Room 227),CRIMINOLOGY 12 (Room 123),CHEMISTRY 11 (Room 227),CONTEMPORARY INDIGENOUS STUDIES 12 CHALLENGE (Room 207B),LITERARY STUDIES 11 Challenge (Room A-7),PRE-CALCULUS 11 (Room 212),PSYCHOLOGY 11 (Room 207A),DRAFTING 11 (Room 105)
1288,ENVIRONMENTAL SCIENCE 11 (Room 207B),PRE-CALCULUS 11 (Room 212),COMPOSITION 11 (Room 205A),FOOD STUDIES 11 (Room 206),FRENCH 11 (Room 208),ACTIVE LIVING 11 Girls (Room Gym),EXPLORATIONS IN SOCIAL STUDIES 11 (Room 207B),unassigned
1289,LIFE SCIENCES 11 (Room 211),unassigned,COMPOSITION 11 (Room 123),unassigned,FOUNDATIONS OF MATHEMATICS 11 (Room 214),unassigned,EXPLORATIONS IN SOCIAL STUDIES 11 (Room 207B),unassigned
1290,unassigned,unassigned,FOUNDATIONS OF MATHEMATICS 11 (Room 221),LIFE SCIENCES 11 (Room 219),COMPOSITION 11 (Room 205B),unassigned,EXPLORATIONS IN SOCIAL STUDIES 11 (Room 207B),unassigned
1291,INSTRUMENTAL MUSIC 11: GUITAR (Room 119),ENVIRONMENTAL SCIENCE 11 (Room 208),FOUNDATIONS OF MATHEMATICS 11 (Room 221),COMPOSITION 11 (Room 208),LAW STUDIES 12 (Room 107),CRIMINOLOGY 12 (Room 205A),AUTOMOTIVE TECHNOLOGY 11 (Room 102),CAREER LIFE EDUCATION 10 (Room 201)
1292,unassigned,PRE-CALCULUS 11 (Room 212),COMPOSITION 11 (Room A-6),MEDIA DESIGN 11 (Room 114),CROSS TRAINING 11 (Room 120),unassigned,unassigned,unassigned
1293,LITERARY STUDIES 11 Challenge (Room A-7),ECONOMICS 12 (Room 209),CRIMINOLOGY 12 (Room A-3),CONTEMPORARY INDIGENOUS STUDIES 12 CHALLENGE (Room 207B),PRE-CALCULUS 11 (Room 221),ANATOMY AND PHYSIOLOGY 12 (Room 211),PSYCHOLOGY 11 (Room 207A),PHYSICS 11 (Room 226)
1294,CHEMISTRY 11 (Room 226),PSYCHOLOGY 11 (Room 205A),COMPOSITION 11 (Room 205A),PRE-CALCULUS 11 (Room 221),LIFE SCIENCES 11 (Room 227),YOGA FOR MINDFULNESS 11 (Room Gym),COMPARATIVE CULTURES 12 (Room 209),PHYSICS 11 (Room 226)
1295,COMPOSITION 11 (Room 209),PSYCHOLOGY 11 (Room 205A),LAW STUDIES 12 (Room 121),PRE-CALCULUS 11 (Room 221),PHYSICS 11 (Room 223),CRIMINOLOGY 12 (Room 205A),CHEMISTRY 11 (Room 225),TEXTILES 11 (Room A-7)
1296,CONTEMPORARY INDIGENOUS STUDIES 12 (Room 121),unassigned,FOUNDATIONS OF MATHEMATICS 11 (Room 221),LEARNING STRATEGIES 11 LINEAR (Room 108),LEARNING STRATEGIES 11 LINEAR (Room 108),LIFE SCIENCES 11 (Room 219),ACTIVE LIVING 11 Football (Room Gym),COMPOSITION 11 (Room 207A)
1297,MEDIA DESIGN 11 (Room 114),PRE-CALCULUS 11 (Room 212),COMPOSITION 11 (Room A-6),EXPLORATIONS IN SOCIAL STUDIES 11 (Room 122),ENGLISH STUDIES 12 (Room 123),PRE-CALCULUS 12 (Room 220),COMPARATIVE CULTURES 12 (Room 209),CHEMISTRY 11 (Room 223)
1298,LIFE SCIENCES 11 (Room 211),LAW STUDIES 12 (Room 222),CHEMISTRY 11 (Room 227),CONTEMPORARY INDIGENOUS STUDIES 12 CHALLENGE (Room 207B),LITERARY STUDIES 11 Challenge (Room A-7),CAREER LIFE EDUCATION 10 (Room 104),PRE-CALCULUS 12 (Room 212),PHYSICS 11 (Room 226)
1299,unassigned,unassigned,COMPOSITION 11 (Room 205A),PRE-CALCULUS 11 (Room 221),unassigned,FRENCH 11 (Room 122),PSYCHOLOGY 11 (Room 207A),unassigned
1300,WORKPLACE MATHEMATICS 11 (Room 123),EXPLORATIONS IN SOCIAL STUDIES 11 (Room 107),COMPOSITION 11 (Room 205A),AUTOMOTIVE TECHNOLOGY 11 (Room 102),PHYSICS 11 (Room 219),CAREER LIFE EDUCATION 10 (Room 104),OUTDOOR EDUCATION 11 (Room _CHECK THIS THING IDK),LEARNING STRATEGIES 11 (Room 108)
1301,LAW STUDIES 12 (Room A-2),unassigned,COMPOSITION 11 (Room 123),LEARNING STRATEGIES 11 LINEAR (Room 108),LEARNING STRATEGIES 11 LINEAR (Room 108),PRE-CALCULUS 11 (Room 212),CHEMISTRY 11 (Room 225),unassigned
1302,LITERARY STUDIES 11 Challenge (Room A-7),PRE-CALCULUS 11 (Room 212),LIFE SCIENCES 11 (Room 225),CAREER LIFE EDUCATION 10 (Room 104),PHYSICS 11 (Room 219),CRIMINOLOGY 12 (Room 205A),CHEMISTRY 11 (Room 225),COMPUTER SCIENCE 11 (Room 203)
1303,WORKPLACE MATHEMATICS 11 (Room 123),LAW STUDIES 12 (Room 222),COMPOSITION 11 (Room 208),FOOD STUDIES 11 (Room 206),CROSS TRAINING 11 (Room 120),ENVIRONMENTAL SCIENCE 11 (Room 123),ACTIVE LIVING 11 Football (Room Gym),CAREER LIFE EDUCATION 10 (Room 201)
1304,LAW STUDIES 12 (Room A-2),ENVIRONMENTAL SCIENCE 11 (Room 208),COMPOSITION 11 (Room 205A),CAREER LIFE EDUCATION 10 (Room 104),CROSS TRAINING 11 (Room 120),FRENCH 11 (Room 122),WORKPLACE MATHEMATICS 11 (Room 210),unassigned
1305,unassigned,CRIMINOLOGY 12 (Room 123),LIFE SCIENCES 11 (Room 225),MARKETING AND PROMOTION 11 (Room 107),COMPOSITION 11 (Room 205B),unassigned,unassigned,unassigned
1306,CONTEMPORARY INDIGENOUS STUDIES 12 (Room 121),CRIMINOLOGY 12 (Room 123),TEXTILES 11 (Room A-7),CHEMISTRY 11 (Room 227),COMPOSITION 11 (Room 205B),PRE-CALCULUS 11 (Room 212),PSYCHOLOGY 11 (Room 207A),PHYSICS 11 (Room 226)
1307,LIFE SCIENCES 11 (Room 211),EXPLORATIONS IN SOCIAL STUDIES 11 (Room 107),TEXTILES 11 (Room A-7),CHEMISTRY 11 (Room 227),PRE-CALCULUS 11 (Room 221),CAREER LIFE EDUCATION 10 (Room 104),DANCE TECHNIQUE AND PERFORMANCE 11 (Room Studio),COMPOSITION 11 (Room 207A)
1308,CONTEMPORARY INDIGENOUS STUDIES 12 CHALLENGE (Room 222),PRE-CALCULUS 11 (Room 220),CHEMISTRY 11 (Room 227),FOOD STUDIES 11 (Room 206),LITERARY STUDIES 11 Challenge (Room A-7),unassigned,AUTOMOTIVE TECHNOLOGY 11 (Room 102),PHYSICS 11 (Room 226)
1309,MEDIA DESIGN 11 (Room 114),EXPLORATIONS IN SOCIAL STUDIES 11 (Room 107),COMPOSITION 11 (Room 123),MARKETING AND PROMOTION 11 (Room 107),ACCOUNTING 11 (Room 206),PRE-CALCULUS 11 (Room 212),TEXTILES 11 (Room A-7),CHEMISTRY 11 (Room 223)
1310,CONTEMPORARY INDIGENOUS STUDIES 12 CHALLENGE (Room 222),ECONOMICS 12 (Room 209),CAREER LIFE EDUCATION 10 (Room 201),PRE-CALCULUS 11 HONOURS (Room 210),LITERARY STUDIES 11 Challenge (Room A-7),LIFE SCIENCES 11 (Room 219),CHEMISTRY 11 (Room 225),PHYSICS 11 (Room 226)
1311,ENVIRONMENTAL SCIENCE 11 (Room 207B),ECONOMICS 12 (Room 209),COMPOSITION 11 (Room 208),CAREER LIFE EDUCATION 10 (Room 104),PRE-CALCULUS 11 (Room 221),LIFE SCIENCES 11 (Room 219),EXPLORATIONS IN SOCIAL STUDIES 11 (Room 207B),CHEMISTRY 11 (Room 223)
1312,PHYSICS 11 (Room 216),CRIMINOLOGY 12 (Room 123),COMPOSITION 11 (Room 205A),CAREER LIFE EDUCATION 10 (Room 104),LAW STUDIES 12 (Room 107),PRE-CALCULUS 11 (Room 212),CHEMISTRY 11 (Room 225),PSYCHOLOGY 11 (Room 122)
1313,CONTEMPORARY INDIGENOUS STUDIES 12 CHALLENGE (Room 222),CAREER LIFE EDUCATION 10 (Room 201),LIFE SCIENCES 11 (Room 225),PRE-CALCULUS 11 HONOURS (Room 210),LITERARY STUDIES 11 Challenge (Room A-7),FRENCH 11 (Room 122),CHEMISTRY 11 (Room 225),COMPUTER SCIENCE 12 (Room 203)
1314,PHYSICS 11 (Room 227),LAW STUDIES 12 (Room 222),20th CENTURY WORLD HISTORY 12 (Room 107),COMPOSITION 11 (Room 208),PRE-CALCULUS 11 (Room 221),CRIMINOLOGY 12 (Room 205A),ACTIVE LIVING 11 (Room Gym),SPANISH 11 (Room 208)
1315,LAW STUDIES 12 (Room A-2),PSYCHOLOGY 11 (Room 205A),ENGINEERING 11 (Room 105),CHEMISTRY 11 (Room 227),LIFE SCIENCES 11 (Room 227),PRE-CALCULUS 11 (Room 212),COMPUTER PROGRAMMING 11 AI and (Room 203),COMPOSITION 11 (Room 207A)
1316,CHEMISTRY 11 (Room 226),PRE-CALCULUS 11 (Room 220),COMPOSITION 11 (Room 123),FOOD STUDIES 11 (Room 206),CROSS TRAINING 11 (Room 120),20th CENTURY WORLD HISTORY 12 (Room 121),ACTIVE LIVING 11 Football (Room Gym),PSYCHOLOGY 11 (Room 122)
1317,WORKPLACE MATHEMATICS 11 (Room 123),ENVIRONMENTAL SCIENCE 11 (Room 208),COMPOSITION 11 (Room 208),FOOD STUDIES 11 (Room 206),LAW STUDIES 12 (Room 107),CAREER LIFE EDUCATION 10 (Room 104),ACTIVE LIVING 11 Football (Room Gym),LEARNING STRATEGIES 11 (Room 108)
1318,COMPOSITION 11 (Room 209),PHOTOGRAPHY 11 (Room 113),LAW STUDIES 12 (Room 121),PRE-CALCULUS 11 (Room 221),PHYSICS 11 (Room 223),CRIMINOLOGY 12 (Room 205A),AUTOMOTIVE TECHNOLOGY 11 (Room 102),CAREER LIFE EDUCATION 10 (Room 201)
1319,LAW STUDIES 12 (Room A-2),CAREER LIFE EDUCATION 10 (Room 201),COMPOSITION 11 (Room 208),CHEMISTRY 11 (Room 227),PHYSICS 11 (Room 223),ANATOMY AND PHYSIOLOGY 12 (Room 211),PSYCHOLOGY 11 (Room 207A),COMPUTER SCIENCE 11 (Room 203)
1320,WORKPLACE MATHEMATICS 11 (Room 123),PHOTOGRAPHY 11 (Room 113),CRIMINOLOGY 12 (Room A-3),FOOD STUDIES 11 (Room 206),COMPOSITION 11 (Room 205B),ENVIRONMENTAL SCIENCE 11 (Room 123),PHYSICAL GEOGRAPHY 12 (Room 121),CAREER LIFE EDUCATION 10 (Room 201)
1321,LIFE SCIENCES 11 (Room 211),SOCIAL JUSTICE 12 (Room 121),COMPOSITION 11 (Room A-6),FOOD STUDIES 11 (Room 206),PRE-CALCULUS 11 (Room 221),FRENCH 11 (Room 122),CHEMISTRY 11 (Room 225),TEXTILES 11 (Room A-7)
1322,PHYSICS 11 (Room 227),PHOTOGRAPHY 11 (Room 113),ACCOUNTING 11 (Room 206),CAREER LIFE EDUCATION 10 (Room 104),COMPOSITION 11 (Room 205B),PRE-CALCULUS 11 (Room 212),COMPARATIVE CULTURES 12 (Room 209),PSYCHOLOGY 11 (Room 122)
1323,CHEMISTRY 11 (Room 226),CAREER LIFE EDUCATION 10 (Room 201),CRIMINOLOGY 12 (Room A-3),PRE-CALCULUS 11 HONOURS (Room 210),PHYSICS 11 (Room 219),LIFE SCIENCES 11 (Room 219),PHYSICAL GEOGRAPHY 12 (Room 121),COMPOSITION 11 (Room 207A)
1324,LITERARY STUDIES 11 Challenge (Room A-7),PRE-CALCULUS 11 (Room 220),LIFE SCIENCES 11 (Room 225),CONTEMPORARY INDIGENOUS STUDIES 12 CHALLENGE (Room 207B),PHYSICS 11 (Room 223),unassigned,CHEMISTRY 11 (Room 225),unassigned
1325,WORKPLACE MATHEMATICS 11 (Room 123),TEXTILES 11 (Room A-7),LIFE SCIENCES 11 (Room 225),EXPLORATIONS IN SOCIAL STUDIES 11 (Room 122),DANCE CONDITIONING 11 (Room Studio),CRIMINOLOGY 12 (Room 205A),DANCE TECHNIQUE AND PERFORMANCE 11 (Room Studio),CAREER LIFE EDUCATION 10 (Room 201)
1326,ENVIRONMENTAL SCIENCE 11 (Room 207B),PRE-CALCULUS 11 (Room 212),COMPOSITION 11 (Room 123),EXPLORATIONS IN SOCIAL STUDIES 11 (Room 122),LAW STUDIES 12 (Room 107),CRIMINOLOGY 12 (Room 205A),ACTIVE LIVING 11 (Room Gym),WOODWORK 11 (Room 101)
1327,PHYSICS 11 (Room 216),PSYCHOLOGY 11 (Room 205A),3D ANIMATION 12 (Room 114),CHEMISTRY 11 (Room 227),COMPOSITION 11 (Room 205B),PRE-CALCULUS 11 (Room 212),COMPARATIVE CULTURES 12 (Room 209),DRAFTING 11 (Room 105)
1328,WORKPLACE MATHEMATICS 10 (Room 210),LAW STUDIES 12 (Room 222),CAREER LIFE EDUCATION 10 (Room 201),FOOD STUDIES 11 (Room 206),COMPOSITION 11 (Room 205B),ENVIRONMENTAL SCIENCE 11 (Room 123),PHOTOGRAPHY 11 (Room 113),LEARNING STRATEGIES 11 (Room 108)
1329,LAW STUDIES 12 (Room A-2),PSYCHOLOGY 11 (Room 205A),CHEMISTRY 11 (Room 227),PRE-CALCULUS 11 (Room 221),DANCE CONDITIONING 11 (Room Studio),CRIMINOLOGY 12 (Room 205A),CHEMISTRY 12 (Room 216),COMPOSITION 11 (Room 207A)
1330,INSTRUMENTAL MUSIC 11: GUITAR (Room 119),SOCIAL STUDIES 10 (Room 207B),TEXTILES 12 (Room A-7),FOOD STUDIES 11 (Room 206),EFP WRITING 10 (Room 122),PHYSICAL AND HEALTH EDUCATION 10 (Room Gym),WORKPLACE MATHEMATICS 11 (Room 210),SCIENCE 10 (Room 227)
1331,ENVIRONMENTAL SCIENCE 11 (Room 207B),CAREER LIFE EDUCATION 10 (Room 201),COMPOSITION 11 (Room 123),LIFE SCIENCES 11 (Room 219),PRE-CALCULUS 11 (Room 221),unassigned,COMPARATIVE CULTURES 12 (Room 209),CHEMISTRY 11 (Room 223)
1332,LITERARY STUDIES 11 Challenge (Room A-7),PRE-CALCULUS 11 (Room 220),CHEMISTRY 11 (Room 227),CONTEMPORARY INDIGENOUS STUDIES 12 CHALLENGE (Room 207B),PHYSICS 11 (Room 223),CAREER LIFE EDUCATION 10 (Room 104),CHEMISTRY 12 (Room 216),unassigned
1333,unassigned,PSYCHOLOGY 11 (Room 205A),COMPOSITION 11 (Room 123),unassigned,LIFE SCIENCES 11 (Room 227),ACTIVE LIVING 11 Girls (Room Gym),unassigned,unassigned
1334,SPANISH 11 (Room 205A),SOCIAL JUSTICE 12 (Room A-3),COMPOSITION 11 (Room 205A),LIFE SCIENCES 11 (Room 219),PRE-CALCULUS 11 (Room 221),DRAMA 11 (Room A-1),TEXTILES 11 (Room A-7),CHEMISTRY 11 (Room 223)
1335,LAW STUDIES 12 (Room A-2),PHYSICS 11 (Room 223),CHEMISTRY 11 (Room 223),INSTRUMENTAL MUSIC 11: CONCERT BAND LINEAR (Room 119),COMPOSITION 11 (Room 205B),PRE-CALCULUS 11 (Room 212),INSTRUMENTAL MUSIC 11: CONCERT BAND LINEAR (Room 119),SPANISH 11 (Room 208)
1336,COMPOSITION 11 (Room 209),LAW STUDIES 12 (Room 222),CAREER LIFE EDUCATION 10 (Room 201),FOOD STUDIES 11 (Room 206),PRE-CALCULUS 11 (Room 221),ANATOMY AND PHYSIOLOGY 12 (Room 227),LEARNING STRATEGIES 11 (Room 108),PHYSICS 11 (Room 226)
1337,WORKPLACE MATHEMATICS 11 (Room 123),PSYCHOLOGY 11 (Room 205A),CAREER LIFE EDUCATION 10 (Room 201),INTRODUCTORY SPANISH 11 (Room A-3),CROSS TRAINING 11 (Room 120),ENVIRONMENTAL SCIENCE 11 (Room 123),EXPLORATIONS IN SOCIAL STUDIES 11 (Room 207B),COMPOSITION 11 (Room 207A)
1338,CHEMISTRY 11 (Room 226),EXPLORATIONS IN SOCIAL STUDIES 11 (Room 107),CRIMINOLOGY 12 (Room A-3),ECONOMICS 12 (Room 209),LIFE SCIENCES 11 (Room 227),PRE-CALCULUS 11 (Room 212),PSYCHOLOGY 11 (Room 207A),COMPOSITION 11 (Room 207A)
1339,COMPOSITION 11 (Room 209),CRIMINOLOGY 12 (Room 123),LAW STUDIES 12 (Room 121),PRE-CALCULUS 11 (Room 221),PHYSICS 11 (Room 219),CAREER LIFE EDUCATION 10 (Room 104),COMPUTER PROGRAMMING 11 AI and (Room 203),DRAFTING 11 (Room 105)
1340,LAW STUDIES 12 (Room A-2),PRE-CALCULUS 11 (Room 212),CAREER LIFE EDUCATION 10 (Room 201),FOOD STUDIES 11 (Room 206),COMPOSITION 11 (Room 205B),ENVIRONMENTAL SCIENCE 11 (Room 123),ACTIVE LIVING 11 Football (Room Gym),COMPUTER SCIENCE 11 (Room 203)
1341,PHYSICS 11 (Room 216),PRE-CALCULUS 11 (Room 212),CAREER LIFE EDUCATION 10 (Room 201),EXPLORATIONS IN SOCIAL STUDIES 11 (Room 122),COMPOSITION 11 (Room 209),20th CENTURY WORLD HISTORY 12 (Room 121),ACTIVE LIVING 12 (Room Gym),unassigned
1342,ENVIRONMENTAL SCIENCE 11 (Room 207B),ART STUDIO 11 (Room 116),LEARNING STRATEGIES 11 (Room 108),MARKETING AND PROMOTION 11 (Room 107),COMPOSITION 11 (Room 209),YOGA FOR MINDFULNESS 11 (Room Gym),EXPLORATIONS IN SOCIAL STUDIES 11 (Room 207B),TEXTILES 11 (Room A-7)
1343,DANCE FOUNDATIONS 11 (Room Studio),unassigned,FOUNDATIONS OF MATHEMATICS 11 (Room 221),COMPOSITION 11 (Room 208),unassigned,unassigned,INTRODUCTORY SPANISH 11 (Room A-3),unassigned
1344,unassigned,unassigned,COMPOSITION 11 (Room 205A),unassigned,unassigned,ACTIVE LIVING 11 Girls (Room Gym),unassigned,TEXTILES 11 (Room A-7)
1345,CONTEMPORARY INDIGENOUS STUDIES 12 CHALLENGE (Room 222),PHYSICS 11 (Room 223),CAREER LIFE EDUCATION 10 (Room 201),PRE-CALCULUS 11 (Room 221),LITERARY STUDIES 11 Challenge (Room A-7),LIFE SCIENCES 11 (Room 219),CHEMISTRY 11 (Room 225),SPANISH 11 (Room 208)
1346,CHEMISTRY 12 (Room 219),CAREER LIFE EDUCATION 10 (Room 201),AUTOMOTIVE TECHNOLOGY 11 (Room 102),PRE-CALCULUS 11 HONOURS (Room 210),COMPOSITION 11 (Room 205B),CRIMINOLOGY 12 (Room 205A),COMPARATIVE CULTURES 12 (Room 209),PHYSICS 11 (Room 226)
1347,COMPOSITION 11 (Room 209),unassigned,FOUNDATIONS OF MATHEMATICS 11 (Room 221),unassigned,LIFE SCIENCES 11 (Room 227),unassigned,EXPLORATIONS IN SOCIAL STUDIES 11 (Room 207B),unassigned
1348,unassigned,TEXTILES 11 (Room A-7),FOUNDATIONS OF MATHEMATICS 11 (Room 221),LIFE SCIENCES 11 (Room 219),COMPOSITION 11 (Room 205B),unassigned,unassigned,unassigned
1349,LIFE SCIENCES 11 (Room 211),CAREER LIFE EDUCATION 10 (Room 201),COMPOSITION 11 (Room 208),FOOD STUDIES 11 (Room 206),LAW STUDIES 12 (Room 107),PRE-CALCULUS 11 (Room 212),PSYCHOLOGY 11 (Room 207A),ANATOMY AND PHYSIOLOGY 12 (Room 225)
1350,PHYSICS 11 (Room 216),PRE-CALCULUS 11 (Room 220),CHEMISTRY 11 (Room 223),FOOD STUDIES 11 (Room 206),COMPOSITION 11 (Room 209),CRIMINOLOGY 12 (Room 205A),COMPARATIVE CULTURES 12 (Room 209),CAREER LIFE EDUCATION 10 (Room 201)
1351,CONTEMPORARY INDIGENOUS STUDIES 12 (Room 121),CAREER LIFE EDUCATION 10 (Room 201),COMPOSITION 11 (Room 123),PRE-CALCULUS 11 (Room 221),PHYSICS 11 (Room 219),unassigned,PSYCHOLOGY 11 (Room 207A),CHEMISTRY 11 (Room 223)
1352,unassigned,unassigned,FOUNDATIONS OF MATHEMATICS 11 (Room 221),COMPOSITION 11 (Room 208),unassigned,LIFE SCIENCES 11 (Room 219),EXPLORATIONS IN SOCIAL STUDIES 11 (Room 207B),unassigned
1353,SPANISH 10 (Room 205A),CAREER LIFE EDUCATION 10 (Room 201),FOUNDATIONS OF MATHEMATICS 11 (Room 221),CONTEMPORARY INDIGENOUS STUDIES 12 CHALLENGE (Room 207B),LITERARY STUDIES 11 Challenge (Room A-7),LIFE SCIENCES 11 (Room 219),PSYCHOLOGY 11 (Room 207A),SPANISH 11 (Room 208)
1354,INSTRUMENTAL MUSIC 11: GUITAR (Room 119),CRIMINOLOGY 12 (Room 123),TEXTILES 11 (Room A-7),CAREER LIFE EDUCATION 10 (Room 104),LIFE SCIENCES 11 (Room 227),20th CENTURY WORLD HISTORY 12 (Room 121),WORKPLACE MATHEMATICS 11 (Room 210),COMPOSITION 11 (Room 207A)
1355,COMPOSITION 11 (Room 209),PRE-CALCULUS 11 (Room 220),20th CENTURY WORLD HISTORY 12 (Room 107),INSTRUMENTAL MUSIC 11: CONCERT BAND LINEAR (Room 119),LIFE SCIENCES 11 (Room 227),CRIMINOLOGY 12 (Room 205A),INSTRUMENTAL MUSIC 11: CONCERT BAND LINEAR (Room 119),PSYCHOLOGY 11 (Room 122)
1356,INSTRUMENTAL MUSIC 11: GUITAR (Room 119),TEXTILES 11 (Room A-7),unassigned,MARKETING AND PROMOTION 11 (Room 107),unassigned,ACTIVE LIVING 11 Girls (Room Gym),unassigned,unassigned
1357,PHYSICS 11 (Room 216),LAW STUDIES 12 (Room 222),ACCOUNTING 12 (Room 206),CONTEMPORARY INDIGENOUS STUDIES 12 CHALLENGE (Room 207B),LITERARY STUDIES 11 Challenge (Room A-7),unassigned,unassigned,unassigned
1358,LITERARY STUDIES 11 Challenge (Room A-7),ECONOMICS 12 (Room 209),CHEMISTRY 11 (Room 227),CONTEMPORARY INDIGENOUS STUDIES 12 CHALLENGE (Room 207B),PHYSICS 11 (Room 223),unassigned,unassigned,COMPUTER SCIENCE 12 (Room 203)
1359,PHYSICS 11 (Room 216),LAW STUDIES 12 (Room 222),CHEMISTRY 11 (Room 227),LIFE SCIENCES 11 (Room 219),COMPOSITION 11 (Room 205B),ANATOMY AND PHYSIOLOGY 12 (Room 211),unassigned,CAREER LIFE EDUCATION 10 (Room 201)
1360,ENVIRONMENTAL SCIENCE 11 (Room 207B),PSYCHOLOGY 11 (Room 205A),CRIMINOLOGY 12 (Room A-3),EXPLORATIONS IN SOCIAL STUDIES 11 (Room 122),COMPOSITION 11 (Room 205B),CAREER LIFE EDUCATION 10 (Room 104),WORKPLACE MATHEMATICS 11 (Room 210),LEARNING STRATEGIES 11 (Room 108)
1361,unassigned,unassigned,3D ANIMATION 12 (Room 114),MARKETING AND PROMOTION 11 (Room 107),unassigned,DRAMA 11 (Room A-1),PHOTOGRAPHY 11 (Room 113),unassigned
1362,LAW STUDIES 12 (Room A-2),PHYSICS 11 (Room 223),COMPOSITION 11 (Room A-6),FOOD STUDIES 11 (Room 206),COMPUTER SCIENCE 11 (Room 203),PRE-CALCULUS 12 (Room 106),COMPUTER PROGRAMMING 11 AI and (Room 203),CHEMISTRY 11 (Room 223)
1363,WORKPLACE MATHEMATICS 11 (Room 123),CAREER LIFE EDUCATION 10 (Room 201),COMPOSITION 11 (Room 205A),FOOD STUDIES 11 (Room 206),SCIENCE 10 (Room 216),20th CENTURY WORLD HISTORY 12 (Room 121),ACTIVE LIVING 11 (Room Gym),LEARNING STRATEGIES 11 (Room 108)
1364,PHYSICS 11 (Room 216),PRE-CALCULUS 11 (Room 212),CAREER LIFE EDUCATION 10 Linear (Room 104),CONTEMPORARY INDIGENOUS STUDIES 12 CHALLENGE (Room 207B),LITERARY STUDIES 11 Challenge (Room A-7),ENGINEERING 11 (Room 105),CAREER LIFE EDUCATION 10 Linear (Room 104),CHEMISTRY 11 (Room 223)
1365,CONTEMPORARY INDIGENOUS STUDIES 12 CHALLENGE (Room 222),PSYCHOLOGY 11 (Room 205A),LIFE SCIENCES 11 (Room 225),PRE-CALCULUS 11 (Room 106),LITERARY STUDIES 11 Challenge (Room A-7),DRAMA 11 (Room A-1),PHOTOGRAPHY 11 (Room 113),COMPUTER SCIENCE 11 (Room 203)
1366,ENVIRONMENTAL SCIENCE 11 (Room 207B),PSYCHOLOGY 11 (Room 205A),ACCOUNTING 11 (Room 206),PRE-CALCULUS 12 (Room 212),COMPOSITION 11 (Room 209),ACTIVE LIVING 11 Girls (Room Gym),COMPARATIVE CULTURES 12 (Room 209),CHEMISTRY 11 (Room 223)
1367,unassigned,unassigned,COMPOSITION 11 (Room 208),unassigned,ART STUDIO 11 (Room 116),unassigned,PHOTOGRAPHY 11 (Room 113),SPANISH 11 (Room 208)
1368,COMPOSITION 11 (Room 209),ENVIRONMENTAL SCIENCE 11 (Room 208),FRENCH 9 (Room 207B),FOOD STUDIES 11 (Room 206),LIFE SCIENCES 11 (Room 227),CAREER LIFE EDUCATION 10 (Room 104),unassigned,CONTEMPORARY INDIGENOUS STUDIES 12 (Room A-2)
1369,SPANISH 11 (Room 205A),EXPLORATIONS IN SOCIAL STUDIES 11 (Room 107),COMPOSITION 11 (Room 123),FOOD STUDIES 11 (Room 206),PRE-CALCULUS 11 (Room 221),CAREER LIFE EDUCATION 10 (Room 104),ACTIVE LIVING 11 (Room Gym),ENVIRONMENTAL SCIENCE 12 - CLIMATE CHANGE (Room 123)
1370,unassigned,unassigned,ACCOUNTING 11 (Room 206),COMPOSITION 11 (Room 208),FRENCH 11 (Room 208),unassigned,TEXTILES 11 (Room A-7),unassigned
1371,WOODWORK 11 (Room 101),ENVIRONMENTAL SCIENCE 11 (Room 208),ENGINEERING 11 (Room 105),PRE-CALCULUS 11 (Room 106),COMPOSITION 11 (Room 205B),DRAMA 11 (Room A-1),ACTIVE LIVING 11 (Room Gym),DRAFTING 11 (Room 105)
1372,LAW STUDIES 12 (Room A-2),CRIMINOLOGY 12 (Room 123),CHEMISTRY 11 (Room 223),PRE-CALCULUS 11 HONOURS (Room 210),COMPOSITION 11 (Room 205B),CAREER LIFE EDUCATION 10 (Room 104),DRAFTING 11 (Room 105),SPANISH 11 (Room 208)
1373,PHYSICS 11 (Room 216),CRIMINOLOGY 12 (Room 123),CHEMISTRY 11 (Room 227),FOOD STUDIES 11 (Room 206),COMPOSITION 11 (Room 209),PRE-CALCULUS 12 (Room 106),AUTOMOTIVE TECHNOLOGY 11 (Room 102),CONTEMPORARY INDIGENOUS STUDIES 12 (Room A-2)
1374,LIFE SCIENCES 11 (Room 211),PHYSICS 11 (Room 223),CHEMISTRY 11 (Room 223),PRE-CALCULUS 11 HONOURS (Room 210),COMPOSITION 11 (Room 205B),ANATOMY AND PHYSIOLOGY 12 (Room 211),COMPARATIVE CULTURES 12 (Room 209),CHEMISTRY 12 (Room 216)
1375,ENVIRONMENTAL SCIENCE 11 (Room 207B),unassigned,LIFE SCIENCES 11 (Room 225),COMPOSITION 11 (Room 208),unassigned,ACTIVE LIVING 11 Girls (Room Gym),unassigned,unassigned
1376,LITERARY STUDIES 11 Challenge (Room A-7),CAREER LIFE EDUCATION 10 (Room 201),unassigned,CONTEMPORARY INDIGENOUS STUDIES 12 CHALLENGE (Room 207B),PHYSICS 11 (Room 219),LIFE SCIENCES 11 (Room 219),CHEMISTRY 11 (Room 225),ROBOTICS 11 (Room 104)
1377,COMPOSITION 11 (Room 209),CAREER LIFE EDUCATION 10 (Room 201),ACCOUNTING 11 (Room 206),PRE-CALCULUS 11 (Room 221),LIFE SCIENCES 11 (Room 227),PRE-CALCULUS 12 (Room 106),EXPLORATIONS IN SOCIAL STUDIES 11 (Room 207B),unassigned
1378,LIFE SCIENCES 11 (Room 211),PRE-CALCULUS 11 (Room 212),LAW STUDIES 12 (Room 121),MARKETING AND PROMOTION 11 (Room 107),PHYSICS 11 (Room 219),PRE-CALCULUS 12 (Room 106),CHEMISTRY 11 (Room 225),COMPOSITION 11 (Room 207A)
1379,MEDIA DESIGN 11 (Room 114),CAREER LIFE EDUCATION 10 (Room 201),COMPOSITION 11 (Room 208),MARKETING AND PROMOTION 11 (Room 107),ART STUDIO 11 (Room 116),PRE-CALCULUS 11 (Room 212),EXPLORATIONS IN SOCIAL STUDIES 11 (Room 207B),PHYSICS 11 (Room 226)
1380,ENVIRONMENTAL SCIENCE 11 (Room 207B),EXPLORATIONS IN SOCIAL STUDIES 11 (Room 107),CAREER LIFE EDUCATION 10 (Room 201),AUTOMOTIVE TECHNOLOGY 11 (Room 102),DANCE CONDITIONING 11 (Room Studio),DRAMA 11 (Room A-1),WORKPLACE MATHEMATICS 11 (Room 210),COMPOSITION 11 (Room 207A)
1381,CHEMISTRY 11 (Room 226),unassigned,20th CENTURY WORLD HISTORY 12 (Room 107),INSTRUMENTAL MUSIC 11: CONCERT BAND LINEAR (Room 119),COMPOSITION 11 (Room 205B),PRE-CALCULUS 12 (Room 106),INSTRUMENTAL MUSIC 11: CONCERT BAND LINEAR (Room 119),PHYSICS 11 (Room 226)
1382,INSTRUMENTAL MUSIC 11: GUITAR (Room 119),LAW STUDIES 12 (Room 222),COMPOSITION 11 (Room 123),PRE-CALCULUS 11 (Room 106),PHYSICS 11 (Room 223),CRIMINOLOGY 12 (Room 205A),ACTIVE LIVING 11 (Room Gym),SPANISH 11 (Room 208)
1383,PHYSICS 11 (Room 227),LAW STUDIES 12 (Room 222),AUTOMOTIVE TECHNOLOGY 11 (Room 102),COMPOSITION 11 (Room 208),PRE-CALCULUS 11 (Room 221),CAREER LIFE EDUCATION 10 (Room 104),PSYCHOLOGY 11 (Room 207A),SPANISH 11 (Room 208)
1384,LIFE SCIENCES 11 (Room 211),EXPLORATIONS IN SOCIAL STUDIES 11 (Room 107),COMPOSITION 11 (Room 123),FOOD STUDIES 11 (Room 206),ART STUDIO 11 (Room 116),ACTIVE LIVING 11 Girls (Room Gym),COMPARATIVE CULTURES 12 (Room 209),SPANISH 11 (Room 208)
1385,PHYSICS 11 (Room 216),PRE-CALCULUS 11 (Room 212),COMPOSITION 11 (Room 205A),CHEMISTRY 11 (Room 227),COMPUTER SCIENCE 11 (Room 203),CAREER LIFE EDUCATION 10 (Room 104),ACTIVE LIVING 11 (Room Gym),ROBOTICS 11 (Room 104)
1386,unassigned,EXPLORATIONS IN SOCIAL STUDIES 11 (Room 107),COMPOSITION 11 (Room 123),PRE-CALCULUS 11 (Room 106),unassigned,unassigned,ACTIVE LIVING 11 (Room Gym),unassigned
1387,unassigned,unassigned,COMPOSITION 11 (Room 123),LIFE SCIENCES 11 (Room 219),FOUNDATIONS OF MATHEMATICS 11 (Room 214),unassigned,EXPLORATIONS IN SOCIAL STUDIES 11 (Room 207B),unassigned
1388,INSTRUMENTAL MUSIC 11: GUITAR (Room 119),TEXTILES 11 (Room A-7),COMPOSITION 11 (Room A-6),EXPLORATIONS IN SOCIAL STUDIES 11 (Room 122),PHYSICS 11 (Room 219),PRE-CALCULUS 11 (Room 212),CHEMISTRY 12 (Room 216),WOODWORK 11 (Room 101)
1389,CHEMISTRY 11 (Room 226),PRE-CALCULUS 11 (Room 220),CAREER LIFE EDUCATION 10 Linear (Room 104),AUTOMOTIVE TECHNOLOGY 11 (Room 102),LIFE SCIENCES 11 (Room 227),20th CENTURY WORLD HISTORY 12 (Room 121),CAREER LIFE EDUCATION 10 Linear (Room 104),COMPOSITION 11 (Room 207A)
1390,WORKPLACE MATHEMATICS 11 (Room 123),PHOTOGRAPHY 11 (Room 113),ENGLISH STUDIES 12 (Room 205B),AUTOMOTIVE TECHNOLOGY 11 (Room 102),LAW STUDIES 12 (Room 107),ENVIRONMENTAL SCIENCE 11 (Room 123),ACTIVE LIVING 11 (Room Gym),LEARNING STRATEGIES 11 (Room 108)
1391,SPANISH 11 (Room 205A),SOCIAL JUSTICE 12 (Room A-3),TEXTILES 11 (Room A-7),CAREER LIFE EDUCATION 10 (Room 104),COMPOSITION 11 (Room 205B),ENVIRONMENTAL SCIENCE 11 (Room 123),DANCE TECHNIQUE AND PERFORMANCE 11 (Room Studio),LEARNING STRATEGIES 11 (Room 108)
1392,PHYSICS 11 (Room 216),PRE-CALCULUS 11 (Room 212),ENGINEERING 11 (Room 105),INSTRUMENTAL MUSIC 11: CONCERT BAND LINEAR (Room 119),COMPOSITION 11 (Room 209),PRE-CALCULUS 12 (Room 220),INSTRUMENTAL MUSIC 11: CONCERT BAND LINEAR (Room 119),CHEMISTRY 11 (Room 223)
1393,ENVIRONMENTAL SCIENCE 11 (Room 207B),CRIMINOLOGY 12 (Room 123),COMPOSITION 11 (Room A-6),PRE-CALCULUS 12 (Room 212),LAW STUDIES 12 (Room 107),20th CENTURY WORLD HISTORY 12 (Room 121),COMPARATIVE CULTURES 12 (Room 209),CAREER LIFE EDUCATION 10 (Room 201)
1394,LITERARY STUDIES 11 Challenge (Room A-7),PHYSICS 11 (Room 223),CRIMINOLOGY 12 (Room A-3),CONTEMPORARY INDIGENOUS STUDIES 12 CHALLENGE (Room 207B),LAW STUDIES 12 (Room 107),LIFE SCIENCES 11 (Room 219),CHEMISTRY 11 (Room 225),SPANISH 11 (Room 208)
1395,CONTEMPORARY INDIGENOUS STUDIES 12 (Room 121),PHOTOGRAPHY 11 (Room 113),FOUNDATIONS OF MATHEMATICS 11 (Room 221),CAREER LIFE EDUCATION 10 (Room 104),COMPOSITION 11 (Room 205B),ENVIRONMENTAL SCIENCE 11 (Room 123),TEXTILES 11 (Room A-7),PSYCHOLOGY 11 (Room 122)
1396,COMPOSITION 11 (Room 209),CRIMINOLOGY 12 (Room 123),20th CENTURY WORLD HISTORY 12 (Room 107),CHEMISTRY 11 (Room 227),FOUNDATIONS OF MATHEMATICS 11 (Room 214),FRENCH 11 (Room 122),AUTOMOTIVE TECHNOLOGY 11 (Room 102),CAREER LIFE EDUCATION 10 (Room 201)
1397,unassigned,unassigned,COMPOSITION 11 (Room 205A),PRE-CALCULUS 11 (Room 221),unassigned,LIFE SCIENCES 11 (Room 219),PSYCHOLOGY 11 (Room 207A),unassigned
1398,WORKPLACE MATHEMATICS 11 (Room 123),ENVIRONMENTAL SCIENCE 11 (Room 208),COMPOSITION 11 (Room 208),FOOD STUDIES 11 (Room 206),FOUNDATIONS OF MATHEMATICS 11 (Room 214),YOGA FOR MINDFULNESS 11 (Room Gym),ACTIVE LIVING 11 (Room Gym),SPANISH 11 (Room 208)
1399,PHYSICS 11 (Room 227),PRE-CALCULUS 11 (Room 212),CHEMISTRY 11 (Room 223),ECONOMICS 12 (Room 209),COMPOSITION 11 (Room 205B),ENVIRONMENTAL SCIENCE 11 (Room 123),OUTDOOR EDUCATION 11 (Room _CHECK THIS THING IDK),PSYCHOLOGY 11 (Room 122)
1400,COMPOSITION 11 (Room 209),EXPLORATIONS IN SOCIAL STUDIES 11 (Room 107),ENGINEERING 11 (Room 105),MARKETING AND PROMOTION 11 (Room 107),CROSS TRAINING 11 (Room 120),PRE-CALCULUS 11 (Room 212),ACTIVE LIVING 11 Football (Room Gym),unassigned
1401,CONTEMPORARY INDIGENOUS STUDIES 12 (Room 121),LAW STUDIES 12 (Room 222),ACCOUNTING 11 (Room 206),INSTRUMENTAL MUSIC 11: CONCERT BAND LINEAR (Room 119),PRE-CALCULUS 11 (Room 221),LIFE SCIENCES 11 (Room 219),INSTRUMENTAL MUSIC 11: CONCERT BAND LINEAR (Room 119),COMPOSITION 11 (Room 207A)
1402,unassigned,unassigned,COMPOSITION 11 (Room 208),FOOD STUDIES 11 (Room 206),PRE-CALCULUS 11 (Room 221),unassigned,unassigned,SPANISH 11 (Room 208)
1403,SPOKEN LANGUAGE 11 (Room 208),EXPLORATIONS IN SOCIAL STUDIES 11 (Room 107),CAREER LIFE EDUCATION 10 (Room 201),ENGLISH FIRST PEOPLES 12 Year (Room 222),unassigned,SCIENCE 10 (Room 225),WORKPLACE MATHEMATICS 11 (Room 210),ENGLISH FIRST PEOPLES 12 Year (Room 222)
1404,WORKPLACE MATHEMATICS 11 (Room 123),PHOTOGRAPHY 11 (Room 113),LAW STUDIES 12 (Room 121),FOOD STUDIES 11 (Room 206),CROSS TRAINING 11 (Room 120),ENVIRONMENTAL SCIENCE 11 (Room 123),ACTIVE LIVING 11 Football (Room Gym),COMPOSITION 11 (Room 207A)
1405,unassigned,unassigned,FOUNDATIONS OF MATHEMATICS 11 (Room 221),LIFE SCIENCES 11 (Room 219),COMPOSITION 11 (Room 209),unassigned,EXPLORATIONS IN SOCIAL STUDIES 11 (Room 207B),unassigned
1406,CHEMISTRY 11 (Room 226),SOCIAL JUSTICE 12 (Room A-3),LAW STUDIES 12 (Room 121),COMPOSITION 11 (Room 208),ACCOUNTING 12 (Room 206),PRE-CALCULUS 11 (Room 212),DANCE TECHNIQUE AND PERFORMANCE 11 (Room Studio),PSYCHOLOGY 11 (Room 122)
1407,LITERARY STUDIES 11 Challenge (Room A-7),PRE-CALCULUS 11 (Room 212),CAREER LIFE EDUCATION 10 Linear (Room 104),CONTEMPORARY INDIGENOUS STUDIES 12 CHALLENGE (Room 207B),PHYSICS 11 (Room 223),unassigned,CAREER LIFE EDUCATION 10 Linear (Room 104),CHEMISTRY 11 (Room 223)
1408,PHYSICS 11 (Room 227),CAREER LIFE EDUCATION 10 (Room 201),LAW STUDIES 12 (Room 121),PRE-CALCULUS 11 (Room 106),LITERARY STUDIES 11 Challenge (Room A-7),CRIMINOLOGY 12 (Room 205A),unassigned,ANATOMY AND PHYSIOLOGY 12 (Room 225)
1409,CONTEMPORARY INDIGENOUS STUDIES 12 CHALLENGE (Room 222),CAREER LIFE EDUCATION 10 (Room 201),CHEMISTRY 11 (Room 223),PRE-CALCULUS 11 HONOURS (Room 210),LITERARY STUDIES 11 Challenge (Room A-7),FRENCH 11 (Room 122),DRAFTING 11 (Room 105),PHYSICS 11 (Room 226)
1410,MEDIA DESIGN 11 (Room 114),EXPLORATIONS IN SOCIAL STUDIES 11 (Room 107),COMPOSITION 11 (Room 123),PRE-CALCULUS 11 HONOURS (Room 210),ART STUDIO 11 (Room 116),CAREER LIFE EDUCATION 10 (Room 104),TEXTILES 11 (Room A-7),PHYSICS 11 (Room 226)
1411,PHYSICS 11 (Room 227),EXPLORATIONS IN SOCIAL STUDIES 11 (Room 107),CAREER LIFE EDUCATION 10 Linear (Room 104),PRE-CALCULUS 11 HONOURS (Room 210),COMPOSITION 11 (Room 209),ENGINEERING 11 (Room 105),CAREER LIFE EDUCATION 10 Linear (Room 104),CHEMISTRY 11 (Room 223)
1412,unassigned,unassigned,COMPOSITION 11 (Room 123),LIFE SCIENCES 11 (Room 219),unassigned,FRENCH 11 (Room 122),PSYCHOLOGY 11 (Room 207A),unassigned
1413,unassigned,TEXTILES 11 (Room A-7),COMPOSITION 10 (Room 122),LIFE SCIENCES 11 (Room 219),FOUNDATIONS OF MATHEMATICS 11 (Room 214),unassigned,unassigned,unassigned
1414,CHEMISTRY 11 (Room 226),ROBOTICS 11 (Room 104),COMPOSITION 11 (Room 123),ENGINEERING 11 (Room 105),PHYSICS 11 (Room 219),unassigned,OUTDOOR EDUCATION 11 (Room _CHECK THIS THING IDK),CONTEMPORARY INDIGENOUS STUDIES 12 (Room A-2)
1415,BEGINNERS ELL 10 (Room A-6),PHYSICS 11 (Room 223),CAREER LIFE EDUCATION 10 (Room 201),PRE-CALCULUS 11 (Room 106),ART STUDIO 11 (Room 116),SOCIAL STUDIES 10 (Room 222),ACTIVE LIVING 11 (Room Gym),COMPOSITION 10 (Room 205B)
1416,ENGINEERING 11 (Room 104),PRE-CALCULUS 11 (Room 220),COMPOSITION 11 (Room 208),ECONOMICS 12 (Room 209),LAW STUDIES 12 (Room 107),ANATOMY AND PHYSIOLOGY 12 (Room 211),AUTOMOTIVE TECHNOLOGY 11 (Room 102),CAREER LIFE EDUCATION 10 (Room 201)
1417,CONTEMPORARY INDIGENOUS STUDIES 12 (Room 121),PRE-CALCULUS 11 (Room 212),CHEMISTRY 11 (Room 227),FOOD STUDIES 11 (Room 206),COMPOSITION 11 (Room 205B),YOGA FOR MINDFULNESS 11 (Room Gym),ACTIVE LIVING 11 (Room Gym),CAREER LIFE EDUCATION 10 (Room 201)
1418,unassigned,unassigned,COMPOSITION 11 (Room 123),PRE-CALCULUS 11 (Room 221),LIFE SCIENCES 11 (Room 227),unassigned,EXPLORATIONS IN SOCIAL STUDIES 11 (Room 207B),unassigned
1419,CONTEMPORARY INDIGENOUS STUDIES 12 (Room 121),CRIMINOLOGY 12 (Room 123),LIFE SCIENCES 11 (Room 225),MEDIA DESIGN 11 (Room 114),COMPOSITION 11 (Room 209),LEARNING STRATEGIES 11 (Room 108),ART STUDIO 11 (Room 116),PSYCHOLOGY 11 (Room 122)
1420,CONTEMPORARY INDIGENOUS STUDIES 12 CHALLENGE (Room 222),LAW STUDIES 12 (Room 222),CAREER LIFE EDUCATION 10 Linear (Room 104),PRE-CALCULUS 11 HONOURS (Room 210),LITERARY STUDIES 11 Challenge (Room A-7),unassigned,CAREER LIFE EDUCATION 10 Linear (Room 104),CHEMISTRY 11 (Room 223)
1421,WORKPLACE MATHEMATICS 11 (Room 123),ENVIRONMENTAL SCIENCE 11 (Room 208),LEARNING STRATEGIES 11 LINEAR (Room 108),FOOD STUDIES 11 (Room 206),COMPOSITION 11 (Room 209),ACTIVE LIVING 11 Girls (Room Gym),LEARNING STRATEGIES 11 LINEAR (Room 108),CONTEMPORARY INDIGENOUS STUDIES 12 (Room A-2)
1422,COMPOSITION 11 (Room 209),SOCIAL JUSTICE 12 (Room A-3),FOUNDATIONS OF MATHEMATICS 11 (Room 221),CHEMISTRY 11 (Room 227),LIFE SCIENCES 11 (Room 227),CAREER LIFE EDUCATION 10 (Room 104),DANCE TECHNIQUE AND PERFORMANCE 11 (Room Studio),SPANISH 12 (Room 208)
1423,LIFE SCIENCES 11 (Room 211),PSYCHOLOGY 11 (Room 205A),ACCOUNTING 11 (Room 206),MARKETING AND PROMOTION 11 (Room 107),FOUNDATIONS OF MATHEMATICS 11 (Room 214),ACTIVE LIVING 11 Girls (Room Gym),EXPLORATIONS IN SOCIAL STUDIES 11 (Room 207B),COMPOSITION 11 (Room 207A)
1424,INSTRUMENTAL MUSIC 11: GUITAR (Room 119),EXPLORATIONS IN SOCIAL STUDIES 11 (Room 107),ACCOUNTING 11 (Room 206),MEDIA DESIGN 11 (Room 114),FOUNDATIONS OF MATHEMATICS 11 (Room 214),LIFE SCIENCES 11 (Room 219),ACTIVE LIVING 11 (Room Gym),COMPOSITION 11 (Room 207A)
1425,unassigned,unassigned,COMPOSITION 11 (Room 208),unassigned,FRENCH 11 (Room 208),CRIMINOLOGY 12 (Room 205A),DANCE TECHNIQUE AND PERFORMANCE 11 (Room Studio),unassigned
1426,DANCE FOUNDATIONS 11 (Room Studio),PRE-CALCULUS 11 (Room 212),CAREER LIFE EDUCATION 10 Linear (Room 104),MEDIA DESIGN 11 (Room 114),COMPOSITION 11 (Room 209),unassigned,CAREER LIFE EDUCATION 10 Linear (Room 104),TEXTILES 11 (Room A-7)
1427,COMPOSITION 11 (Room 209),unassigned,3D ANIMATION 12 (Room 114),unassigned,LIFE SCIENCES 11 (Room 227),ACTIVE LIVING 11 Girls (Room Gym),unassigned,unassigned
1428,LIFE SCIENCES 11 (Room 211),unassigned,FOUNDATIONS OF MATHEMATICS 11 (Room 221),COMPOSITION 11 (Room 208),unassigned,unassigned,EXPLORATIONS IN SOCIAL STUDIES 11 (Room 207B),unassigned
1429,MEDIA DESIGN 11 (Room 114),EXPLORATIONS IN SOCIAL STUDIES 11 (Room 107),COMPOSITION 11 (Room 123),PRE-CALCULUS 11 (Room 221),PHYSICS 11 (Room 219),20th CENTURY WORLD HISTORY 12 (Room 121),ACTIVE LIVING 11 (Room Gym),ROBOTICS 11 (Room 104)
1430,LAW STUDIES 12 (Room A-2),PSYCHOLOGY 11 (Room 205A),CRIMINOLOGY 12 (Room A-3),PRE-CALCULUS 11 (Room 221),COMPOSITION 11 (Room 205B),20th CENTURY WORLD HISTORY 12 (Room 121),AUTOMOTIVE TECHNOLOGY 11 (Room 102),CHEMISTRY 11 (Room 223)
1431,unassigned,CRIMINOLOGY 12 (Room 123),unassigned,FOOD STUDIES 11 (Room 206),unassigned,ACTIVE LIVING 11 Girls (Room Gym),PHOTOGRAPHY 11 (Room 113),unassigned
1432,ENVIRONMENTAL SCIENCE 11 (Room 207B),SOCIAL JUSTICE 12 (Room A-3),COMPOSITION 11 (Room A-6),PRE-CALCULUS 11 (Room 221),unassigned,CRIMINOLOGY 12 (Room 205A),PSYCHOLOGY 11 (Room 207A),LEARNING STRATEGIES 11 (Room 108)
1433,CONTEMPORARY INDIGENOUS STUDIES 12 CHALLENGE (Room 222),ENVIRONMENTAL SCIENCE 11 (Room 208),CHEMISTRY 11 (Room 227),PRE-CALCULUS 11 HONOURS (Room 210),LITERARY STUDIES 11 Challenge (Room A-7),DRAMA 11 (Room A-1),OUTDOOR EDUCATION 11 (Room _CHECK THIS THING IDK),PHYSICS 11 (Room 226)
1434,CONTEMPORARY INDIGENOUS STUDIES 12 CHALLENGE (Room 222),PHYSICS 11 (Room 223),CAREER LIFE EDUCATION 10 (Room 201),CHEMISTRY 11 (Room 227),LITERARY STUDIES 11 Challenge (Room A-7),ANATOMY AND PHYSIOLOGY 12 (Room 211),PHYSICAL GEOGRAPHY 12 (Room 121),COMPUTER SCIENCE 12 (Room 203)
1435,MEDIA DESIGN 11 (Room 114),CRIMINOLOGY 12 (Room 123),ACCOUNTING 11 (Room 206),MARKETING AND PROMOTION 11 (Room 107),PRE-CALCULUS 11 (Room 221),ENGINEERING 11 (Room 105),OUTDOOR EDUCATION 11 (Room _CHECK THIS THING IDK),COMPOSITION 11 (Room 207A)
1436,SPANISH 12 (Room 205A),PRE-CALCULUS 11 (Room 220),CHEMISTRY 11 (Room 223),CONTEMPORARY INDIGENOUS STUDIES 12 CHALLENGE (Room 207B),LITERARY STUDIES 11 Challenge (Room A-7),unassigned,unassigned,PHYSICS 11 (Room 226)
1437,COMPOSITION 11 (Room 209),EXPLORATIONS IN SOCIAL STUDIES 11 (Room 107),LIFE SCIENCES 11 (Room 225),FOOD STUDIES 11 (Room 206),FOUNDATIONS OF MATHEMATICS 11 (Room 214),CAREER LIFE EDUCATION 10 (Room 104),ACTIVE LIVING 11 (Room Gym),WOODWORK 11 (Room 101)
1438,CONTEMPORARY INDIGENOUS STUDIES 12 (Room 121),CAREER LIFE EDUCATION 10 (Room 201),LIFE SCIENCES 11 (Room 225),FOOD STUDIES 11 (Room 206),FOUNDATIONS OF MATHEMATICS 11 (Room 214),20th CENTURY WORLD HISTORY 12 (Room 121),ACTIVE LIVING 11 (Room Gym),COMPOSITION 11 (Room 207A)
1439,PRE-CALCULUS 12 (Room 221),LAW STUDIES 12 (Room 222),COMPOSITION 11 (Room A-6),CAREER LIFE EDUCATION 10 (Room 104),ART STUDIO 11 (Room 116),ANATOMY AND PHYSIOLOGY 12 (Room 227),ACTIVE LIVING 11 (Room Gym),PSYCHOLOGY 11 (Room 122)
1440,PHYSICS 11 (Room 216),EXPLORATIONS IN SOCIAL STUDIES 11 (Room 107),CHEMISTRY 11 (Room 223),PRE-CALCULUS 11 HONOURS (Room 210),COMPOSITION 11 (Room 209),ENVIRONMENTAL SCIENCE 11 (Room 123),OUTDOOR EDUCATION 11 (Room _CHECK THIS THING IDK),CAREER LIFE EDUCATION 10 (Room 201)
1441,LAW STUDIES 12 (Room A-2),SOCIAL JUSTICE 12 (Room A-3),CHEMISTRY 11 (Room 223),COMPOSITION 11 (Room 208),PHYSICS 11 (Room 219),PRE-CALCULUS 11 (Room 212),ACTIVE LIVING 11 (Room Gym),PSYCHOLOGY 11 (Room 122)
1442,unassigned,TEXTILES 11 (Room A-7),COMPOSITION 11 (Room 123),unassigned,LIFE SCIENCES 11 (Room 227),unassigned,PHOTOGRAPHY 11 (Room 113),unassigned
1443,LITERARY STUDIES 11 Challenge (Room A-7),PRE-CALCULUS 11 (Room 212),CHEMISTRY 11 (Room 223),CONTEMPORARY INDIGENOUS STUDIES 12 CHALLENGE (Room 207B),PHYSICS 11 (Room 219),ANATOMY AND PHYSIOLOGY 12 (Room 211),PSYCHOLOGY 11 (Room 207A),CHEMISTRY 12 (Room 219)
1444,LIFE SCIENCES 11 (Room 211),unassigned,FOUNDATIONS OF MATHEMATICS 11 (Room 221),EXPLORATIONS IN SOCIAL STUDIES 11 (Room 122),COMPOSITION 11 (Room 205B),unassigned,unassigned,unassigned
1445,unassigned,unassigned,COMPOSITION 11 (Room A-6),LIFE SCIENCES 11 (Room 219),unassigned,SOCIAL STUDIES 10 (Room 222),EXPLORATIONS IN SOCIAL STUDIES 11 (Room 207B),unassigned
1446,unassigned,EXPLORATIONS IN SOCIAL STUDIES 11 (Room 107),LIFE SCIENCES 11 (Room 225),CAREER LIFE EDUCATION 10 (Room 104),COMPOSITION 11 (Room 209),unassigned,WORKPLACE MATHEMATICS 11 (Room 210),TEXTILES 11 (Room A-7)
1447,LAW STUDIES 12 (Room A-2),PRE-CALCULUS 11 (Room 220),COMPOSITION 11 (Room 205A),CAREER LIFE EDUCATION 10 (Room 104),ART STUDIO 11 (Room 116),ENVIRONMENTAL SCIENCE 11 (Room 123),PSYCHOLOGY 11 (Room 207A),ENVIRONMENTAL SCIENCE 12 - CLIMATE CHANGE (Room 123)
1448,LIFE SCIENCES 11 (Room 211),PRE-CALCULUS 11 (Room 220),COMPOSITION 11 (Room A-6),ENTREPRENEURSHIP 12 (Room 107),ACCOUNTING 11 (Room 206),ENGINEERING 11 (Room 105),ART STUDIO 11 (Room 116),CAREER LIFE EDUCATION 10 (Room 201)
1449,unassigned,unassigned,FOUNDATIONS OF MATHEMATICS 11 (Room 221),LIFE SCIENCES 11 (Room 219),unassigned,unassigned,EXPLORATIONS IN SOCIAL STUDIES 11 (Room 207B),COMPOSITION 11 (Room 207A)
1450,COMPOSITION 11 (Room 209),CRIMINOLOGY 12 (Room 123),CAREER LIFE EDUCATION 10 (Room 201),CHEMISTRY 11 (Room 227),LAW STUDIES 12 (Room 107),PRE-CALCULUS 11 (Room 212),CHEMISTRY 12 (Room 216),SPANISH 11 (Room 208)
1451,LIFE SCIENCES 11 (Room 211),PSYCHOLOGY 11 (Room 205A),CAREER LIFE EDUCATION 10 (Room 201),COMPOSITION 11 (Room 208),PRE-CALCULUS 11 (Room 221),ANATOMY AND PHYSIOLOGY 12 (Room 227),PHYSICAL GEOGRAPHY 12 (Room 121),SPANISH 11 (Room 208)
1452,PHYSICS 11 (Room 216),SOCIAL JUSTICE 12 (Room A-3),CHEMISTRY 11 (Room 227),ENGLISH FIRST PEOPLES 12 (Room 207A),unassigned,PRE-CALCULUS 11 (Room 212),ACTIVE LIVING 11 (Room Gym),WOODWORK 11 (Room 101)
1453,LITERARY STUDIES 11 Challenge (Room A-7),PRE-CALCULUS 11 (Room 220),ENGINEERING 11 (Room 105),CONTEMPORARY INDIGENOUS STUDIES 12 CHALLENGE (Room 207B),LIFE SCIENCES 11 (Room 227),CAREER LIFE EDUCATION 10 (Room 104),CHEMISTRY 11 (Room 225),PHYSICS 11 (Room 226)
1454,COMPOSITION 11 (Room 209),PHOTOGRAPHY 12 (Room 113),FOUNDATIONS OF MATHEMATICS 11 (Room 221),CAREER LIFE EDUCATION 10 (Room 104),LAW STUDIES 12 (Room 107),ENVIRONMENTAL SCIENCE 11 (Room 123),ACTIVE LIVING 11 Football (Room Gym),COMPUTER SCIENCE 12 (Room 203)
1455,PHYSICS 11 (Room 216),PRE-CALCULUS 11 (Room 212),LAW STUDIES 12 (Room 121),CHEMISTRY 11 (Room 227),COMPOSITION 11 (Room 209),unassigned,unassigned,CONTEMPORARY INDIGENOUS STUDIES 12 (Room A-2)
1456,unassigned,unassigned,COMPOSITION 11 (Room 208),MARKETING AND PROMOTION 11 (Room 107),unassigned,unassigned,PSYCHOLOGY 11 (Room 207A),ANATOMY AND PHYSIOLOGY 12 (Room 225)
1457,WORKPLACE MATHEMATICS 11 (Room 123),ENVIRONMENTAL SCIENCE 11 (Room 208),COMPOSITION 11 (Room 123),EXPLORATIONS IN SOCIAL STUDIES 11 (Room 122),CROSS TRAINING 11 (Room 120),CAREER LIFE EDUCATION 10 (Room 104),ACTIVE LIVING 11 Football (Room Gym),SPANISH 12 (Room 208)
1458,unassigned,unassigned,LIFE SCIENCES 11 (Room 225),COMPOSITION 11 (Room 208),FOUNDATIONS OF MATHEMATICS 11 (Room 214),unassigned,EXPLORATIONS IN SOCIAL STUDIES 11 (Room 207B),unassigned
1459,LAW STUDIES 12 (Room A-2),SOCIAL JUSTICE 12 (Room A-3),CRIMINOLOGY 12 (Room A-3),ECONOMICS 12 (Room 209),PRE-CALCULUS 11 (Room 221),CAREER LIFE EDUCATION 10 (Room 104),CHEMISTRY 11 (Room 225),COMPOSITION 11 (Room 207A)
1460,WORKPLACE MATHEMATICS 11 (Room 123),SOCIAL JUSTICE 12 (Room 121),CAREER LIFE EDUCATION 10 Linear (Room 104),LEARNING STRATEGIES 11 LINEAR (Room 108),LEARNING STRATEGIES 11 LINEAR (Room 108),ENVIRONMENTAL SCIENCE 11 (Room 123),CAREER LIFE EDUCATION 10 Linear (Room 104),COMPOSITION 11 (Room 207A)
1461,PHYSICS 11 (Room 227),EXPLORATIONS IN SOCIAL STUDIES 11 (Room 107),COMPOSITION 11 (Room 123),AUTOMOTIVE TECHNOLOGY 11 (Room 102),PRE-CALCULUS 11 (Room 221),CRIMINOLOGY 12 (Room 205A),ACTIVE LIVING 11 (Room Gym),WOODWORK 11 (Room 101)
1462,CHEMISTRY 11 (Room 226),LAW STUDIES 12 (Room 222),CRIMINOLOGY 12 (Room A-3),COMPOSITION 11 (Room 208),PRE-CALCULUS 11 (Room 221),20th CENTURY WORLD HISTORY 12 (Room 121),PSYCHOLOGY 11 (Room 207A),ANATOMY AND PHYSIOLOGY 12 (Room 225)
1463,CHEMISTRY 11 (Room 226),CRIMINOLOGY 12 (Room 123),CAREER LIFE EDUCATION 10 Linear (Room 104),PRE-CALCULUS 11 HONOURS (Room 210),COMPOSITION 11 (Room 209),LIFE SCIENCES 11 (Room 219),CAREER LIFE EDUCATION 10 Linear (Room 104),CONTEMPORARY INDIGENOUS STUDIES 12 (Room A-2)
1464,LAW STUDIES 12 (Room A-2),PRE-CALCULUS 11 (Room 212),CHEMISTRY 11 (Room 223),FOOD STUDIES 11 (Room 206),COMPOSITION 11 (Room 205B),CRIMINOLOGY 12 (Room 205A),INTRODUCTORY SPANISH 11 (Room A-3),PSYCHOLOGY 11 (Room 122)
1465,LIFE SCIENCES 11 (Room 211),PHOTOGRAPHY 11 (Room 113),3D ANIMATION 12 (Room 114),MARKETING AND PROMOTION 11 (Room 107),FOUNDATIONS OF MATHEMATICS 11 (Room 214),ACTIVE LIVING 11 Girls (Room Gym),EXPLORATIONS IN SOCIAL STUDIES 11 (Room 207B),COMPOSITION 11 (Room 207A)
1466,unassigned,EXPLORATIONS IN SOCIAL STUDIES 11 (Room 107),unassigned,COMPOSITION 11 (Room 208),unassigned,ACTIVE LIVING 11 Girls (Room Gym),COMPARATIVE CULTURES 12 (Room 209),unassigned
1467,INSTRUMENTAL MUSIC 11: GUITAR (Room 119),PRE-CALCULUS 11 (Room 212),CHEMISTRY 11 (Room 223),ENTREPRENEURSHIP 12 (Room 107),COMPOSITION 11 (Room 209),20th CENTURY WORLD HISTORY 12 (Room 121),ACTIVE LIVING 11 (Room Gym),DRAFTING 11 (Room 105)
1468,PHYSICS 11 (Room 227),CRIMINOLOGY 12 (Room 123),COMPOSITION 11 (Room 208),INSTRUMENTAL MUSIC 11: CONCERT BAND LINEAR (Room 119),LAW STUDIES 12 (Room 107),PRE-CALCULUS 11 (Room 212),INSTRUMENTAL MUSIC 11: CONCERT BAND LINEAR (Room 119),CHEMISTRY 11 (Room 223)
1469,PHYSICS 11 (Room 227),LAW STUDIES 12 (Room 222),CHEMISTRY 11 (Room 227),PRE-CALCULUS 11 HONOURS (Room 210),COMPOSITION 11 (Room 209),unassigned,PHYSICS 12 (Room 219),unassigned
1470,CONTEMPORARY INDIGENOUS STUDIES 12 (Room 121),PRE-CALCULUS 11 (Room 220),COMPOSITION 11 (Room 205A),CAREER LIFE EDUCATION 10 (Room 104),COMPUTER SCIENCE 11 (Room 203),LIFE SCIENCES 11 (Room 219),ACTIVE LIVING 11 (Room Gym),CHEMISTRY 11 (Room 223)
1471,CHEMISTRY 11 (Room 226),PRE-CALCULUS 11 (Room 212),COMPOSITION 11 (Room 205A),EXPLORATIONS IN SOCIAL STUDIES 11 (Room 122),LIFE SCIENCES 11 (Room 227),FRENCH 11 (Room 122),OUTDOOR EDUCATION 11 (Room _CHECK THIS THING IDK),PSYCHOLOGY 11 (Room 122)
1472,LAW STUDIES 12 (Room A-2),CRIMINOLOGY 12 (Room 123),CHEMISTRY 11 (Room 223),FOOD STUDIES 11 (Room 206),PRE-CALCULUS 11 (Room 221),ANATOMY AND PHYSIOLOGY 12 (Room 227),PSYCHOLOGY 11 (Room 207A),PHYSICS 11 (Room 226)
1473,COMPOSITION 11 (Room 209),LAW STUDIES 12 (Room 222),ACCOUNTING 11 (Room 206),ECONOMICS 12 (Room 209),PHYSICS 11 (Room 219),PRE-CALCULUS 11 (Room 212),DRAFTING 11 (Room 105),CHEMISTRY 11 (Room 223)
1474,LITERARY STUDIES 11 Challenge (Room A-7),PRE-CALCULUS 11 (Room 220),ACCOUNTING 11 (Room 206),CONTEMPORARY INDIGENOUS STUDIES 12 CHALLENGE (Room 207B),COMPUTER SCIENCE 11 (Room 203),CAREER LIFE EDUCATION 10 (Room 104),ACTIVE LIVING 11 (Room Gym),CHEMISTRY 11 (Room 223)
1475,CHEMISTRY 11 (Room 226),PRE-CALCULUS 11 (Room 220),CRIMINOLOGY 12 (Room A-3),FOOD STUDIES 11 (Room 206),LAW STUDIES 12 (Room 107),LIFE SCIENCES 11 (Room 219),DRAFTING 11 (Room 105),COMPOSITION 11 (Room 207A)
1476,BEGINNERS ELL 10 (Room A-6),SOCIAL STUDIES 10 (Room 207B),TEXTILES 11 (Room A-7),FOOD STUDIES 11 (Room 206),PRE-CALCULUS 11 (Room 221),ENVIRONMENTAL SCIENCE 11 (Room 123),DANCE TECHNIQUE AND PERFORMANCE 11 (Room Studio),COMPOSITION 10 (Room 205B)
1477,SPANISH 11 (Room 205A),EXPLORATIONS IN SOCIAL STUDIES 11 (Room 107),LIFE SCIENCES 11 (Room 225),AUTOMOTIVE TECHNOLOGY 11 (Room 102),FOUNDATIONS OF MATHEMATICS 11 (Room 214),ENVIRONMENTAL SCIENCE 11 (Room 123),ACTIVE LIVING 11 (Room Gym),WOODWORK 11 (Room 101)
1478,CONTEMPORARY INDIGENOUS STUDIES 12 CHALLENGE (Room 222),PHYSICS 11 (Room 223),CHEMISTRY 11 (Room 227),PRE-CALCULUS 11 HONOURS (Room 210),LITERARY STUDIES 11 Challenge (Room A-7),FRENCH 11 (Room 122),unassigned,unassigned
1479,unassigned,PRE-CALCULUS 11 (Room 212),COMPOSITION 11 (Room 123),LIFE SCIENCES 11 (Room 219),unassigned,unassigned,unassigned,SPANISH 11 (Room 208)
1480,unassigned,unassigned,ENGINEERING 11 (Room 105),ECONOMICS 12 (Room 209),unassigned,LIFE SCIENCES 11 (Room 219),unassigned,COMPOSITION 11 (Room 207A)
1481,unassigned,unassigned,COMPOSITION 11 (Room 205A),MARKETING AND PROMOTION 11 (Room 107),unassigned,LIFE SCIENCES 11 (Room 219),EXPLORATIONS IN SOCIAL STUDIES 11 (Room 207B),unassigned
1482,LAW STUDIES 12 (Room A-2),CRIMINOLOGY 12 (Room 123),CAREER LIFE EDUCATION 10 (Room 201),MARKETING AND PROMOTION 11 (Room 107),PHYSICS 11 (Room 219),PRE-CALCULUS 12 (Room 220),AUTOMOTIVE TECHNOLOGY 11 (Room 102),COMPOSITION 11 (Room 207A)
1483,COMPOSITION 11 (Room 209),EXPLORATIONS IN SOCIAL STUDIES 11 (Room 107),CHEMISTRY 11 (Room 227),FOOD STUDIES 11 (Room 206),PRE-CALCULUS 11 (Room 221),CAREER LIFE EDUCATION 10 (Room 104),COMPUTER PROGRAMMING 11 AI and (Room 203),COMPUTER SCIENCE 12 (Room 203)
1484,CONTEMPORARY INDIGENOUS STUDIES 12 CHALLENGE (Room 222),PHYSICS 11 (Room 223),CAREER LIFE EDUCATION 10 Linear (Room 104),PRE-CALCULUS 11 HONOURS (Room 210),LITERARY STUDIES 11 Challenge (Room A-7),unassigned,CAREER LIFE EDUCATION 10 Linear (Room 104),CHEMISTRY 11 (Room 223)
1485,INSTRUMENTAL MUSIC 11: GUITAR (Room 119),CRIMINOLOGY 12 (Room 123),CHEMISTRY 11 (Room 227),PRE-CALCULUS 11 (Room 221),COMPOSITION 11 (Room 209),ANATOMY AND PHYSIOLOGY 12 (Room 227),PHOTOGRAPHY 11 (Room 113),unassigned
1486,LAW STUDIES 12 (Room A-2),PRE-CALCULUS 11 (Room 220),CHEMISTRY 11 (Room 223),LIFE SCIENCES 11 (Room 219),COMPOSITION 11 (Room 205B),CAREER LIFE EDUCATION 10 (Room 104),CHEMISTRY 12 (Room 216),PHYSICS 11 (Room 226)
1487,PHYSICS 11 (Room 216),LAW STUDIES 12 (Room 222),CAREER LIFE EDUCATION 10 (Room 201),CONTEMPORARY INDIGENOUS STUDIES 12 CHALLENGE (Room 207B),LITERARY STUDIES 11 Challenge (Room A-7),PRE-CALCULUS 11 (Room 212),CHEMISTRY 11 (Room 225),DRAFTING 11 (Room 105)
1488,ENVIRONMENTAL SCIENCE 11 (Room 207B),LAW STUDIES 12 (Room 222),COMPOSITION 11 (Room 205A),FOOD STUDIES 11 (Room 206),ART STUDIO 11 (Room 116),YOGA FOR MINDFULNESS 11 (Room Gym),PHOTOGRAPHY 11 (Room 113),FRENCH 10 (Room 209)
1489,LAW STUDIES 12 (Room A-2),PRE-CALCULUS 11 (Room 212),LIFE SCIENCES 11 (Room 225),FOOD STUDIES 11 (Room 206),COMPOSITION 11 (Room 209),YOGA FOR MINDFULNESS 11 (Room Gym),ACTIVE LIVING 11 (Room Gym),CAREER LIFE EDUCATION 10 (Room 201)
1490,DANCE FOUNDATIONS 11 (Room Studio),PHOTOGRAPHY 11 (Room 113),COMPOSITION 11 (Room 123),unassigned,unassigned,unassigned,unassigned,unassigned
1491,MEDIA DESIGN 11 (Room 114),PRE-CALCULUS 11 (Room 220),COMPOSITION 11 (Room 205A),CHEMISTRY 11 (Room 227),LIFE SCIENCES 11 (Room 227),CAREER LIFE EDUCATION 10 (Room 104),EXPLORATIONS IN SOCIAL STUDIES 11 (Room 207B),PHYSICS 11 (Room 226)
1492,unassigned,CRIMINOLOGY 12 (Room 123),COMPOSITION 11 (Room 123),MARKETING AND PROMOTION 11 (Room 107),unassigned,DRAMA 11 (Room A-1),PSYCHOLOGY 11 (Room 207A),unassigned
1493,CHEMISTRY 11 (Room 226),EXPLORATIONS IN SOCIAL STUDIES 11 (Room 107),AUTOMOTIVE TECHNOLOGY 11 (Room 102),FOOD STUDIES 11 (Room 206),COMPOSITION 11 (Room 209),PRE-CALCULUS 11 (Room 212),ACTIVE LIVING 11 (Room Gym),CAREER LIFE EDUCATION 10 (Room 201)
1494,CONTEMPORARY INDIGENOUS STUDIES 12 CHALLENGE (Room 222),PHYSICS 11 (Room 223),CHEMISTRY 11 (Room 227),PRE-CALCULUS 11 (Room 106),LITERARY STUDIES 11 Challenge (Room A-7),ANATOMY AND PHYSIOLOGY 12 (Room 227),PRE-CALCULUS 12 (Room 212),CHEMISTRY 12 (Room 216)
1495,PHYSICS 11 (Room 216),PRE-CALCULUS 11 (Room 220),CHEMISTRY 11 (Room 223),FOOD STUDIES 11 (Room 206),LIFE SCIENCES 11 (Room 227),CRIMINOLOGY 12 (Room 205A),EXPLORATIONS IN SOCIAL STUDIES 11 (Room 207B),COMPOSITION 11 (Room 207A)
1496,WORKPLACE MATHEMATICS 11 (Room 123),ENVIRONMENTAL SCIENCE 11 (Room 208),COMPOSITION 11 (Room 208),AUTOMOTIVE TECHNOLOGY 11 (Room 102),CROSS TRAINING 11 (Room 120),CAREER LIFE EDUCATION 10 (Room 104),ACTIVE LIVING 11 Football (Room Gym),CONTEMPORARY INDIGENOUS STUDIES 12 (Room A-2)
1497,SPANISH 11 (Room 205A),CAREER LIFE EDUCATION 10 (Room 201),COMPOSITION 11 (Room A-6),AUTOMOTIVE TECHNOLOGY 11 (Room 102),unassigned,LIFE SCIENCES 11 (Room 219),WORKPLACE MATHEMATICS 11 (Room 210),CONTEMPORARY INDIGENOUS STUDIES 12 (Room A-2)
1498,LIFE SCIENCES 11 (Room 211),unassigned,FOUNDATIONS OF MATHEMATICS 11 (Room 221),unassigned,unassigned,unassigned,EXPLORATIONS IN SOCIAL STUDIES 11 (Room 207B),COMPOSITION 11 (Room 207A)
1499,LITERARY STUDIES 11 Challenge (Room A-7),PHYSICS 11 (Room 223),CAREER LIFE EDUCATION 10 (Room 201),CONTEMPORARY INDIGENOUS STUDIES 12 CHALLENGE (Room 207B),PRE-CALCULUS 11 (Room 221),ENGINEERING 11 (Room 105),CHEMISTRY 11 (Room 225),COMPUTER SCIENCE 12 (Room 203)
1500,WORKPLACE MATHEMATICS 11 (Room 123),PHOTOGRAPHY 11 (Room 113),CAREER LIFE EDUCATION 10 (Room 201),EXPLORATIONS IN SOCIAL STUDIES 11 (Room 122),COMPOSITION 11 (Room 209),ENVIRONMENTAL SCIENCE 11 (Room 123),DANCE TECHNIQUE AND PERFORMANCE 11 (Room Studio),unassigned
1501,ENVIRONMENTAL SCIENCE 11 (Room 207B),EXPLORATIONS IN SOCIAL STUDIES 11 (Room 107),AUTOMOTIVE TECHNOLOGY 11 (Room 102),FOOD STUDIES 11 (Room 206),COMPOSITION 11 (Room 209),CRIMINOLOGY 12 (Room 205A),WORKPLACE MATHEMATICS 11 (Room 210),WOODWORK 11 (Room 101)
1502,LITERARY STUDIES 11 Challenge (Room A-7),LAW STUDIES 12 (Room 222),CHEMISTRY 11 (Room 223),CONTEMPORARY INDIGENOUS STUDIES 12 CHALLENGE (Room 207B),PRE-CALCULUS 11 (Room 221),CAREER LIFE EDUCATION 10 (Room 104),ACTIVE LIVING 11 (Room Gym),PHYSICS 11 (Room 226)
1503,CONTEMPORARY INDIGENOUS STUDIES 12 CHALLENGE (Room 222),CAREER LIFE EDUCATION 10 (Room 201),CHEMISTRY 11 (Room 227),PRE-CALCULUS 11 HONOURS (Room 210),LITERARY STUDIES 11 Challenge (Room A-7),ANATOMY AND PHYSIOLOGY 12 (Room 211),DRAFTING 11 (Room 105),PHYSICS 11 (Room 226)
1504,PHYSICS 11 (Room 227),PSYCHOLOGY 11 (Room 205A),COMPOSITION 11 (Room A-6),EXPLORATIONS IN SOCIAL STUDIES 11 (Room 122),PRE-CALCULUS 11 (Room 221),CRIMINOLOGY 12 (Room 205A),TEXTILES 11 (Room A-7),CHEMISTRY 11 (Room 223)
1505,CHEMISTRY 11 (Room 226),EXPLORATIONS IN SOCIAL STUDIES 11 (Room 107),COMPOSITION 11 (Room 205A),FOOD STUDIES 11 (Room 206),FOUNDATIONS OF MATHEMATICS 11 (Room 214),LIFE SCIENCES 11 (Room 219),ART STUDIO 11 (Room 116),CAREER LIFE EDUCATION 10 (Room 201)
1506,CONTEMPORARY INDIGENOUS STUDIES 12 CHALLENGE (Room 222),unassigned,CAREER LIFE EDUCATION 10 Linear (Room 104),PRE-CALCULUS 11 HONOURS (Room 210),LITERARY STUDIES 11 Challenge (Room A-7),LIFE SCIENCES 11 (Room 219),CAREER LIFE EDUCATION 10 Linear (Room 104),CHEMISTRY 11 (Room 223)
1507,PRE-CALCULUS 12 (Room 221),PHYSICS 11 (Room 223),CHEMISTRY 11 (Room 223),CONTEMPORARY INDIGENOUS STUDIES 12 CHALLENGE (Room 207B),LITERARY STUDIES 11 Challenge (Room A-7),ANATOMY AND PHYSIOLOGY 12 (Room 211),PHYSICS 12 (Room 219),CHEMISTRY 12 (Room 216)
1508,LITERARY STUDIES 11 Challenge (Room A-7),CAREER LIFE EDUCATION 10 (Room 201),CHEMISTRY 11 (Room 223),PRE-CALCULUS 11 (Room 106),PHYSICS 11 (Room 223),CRIMINOLOGY 12 (Room 205A),unassigned,ANATOMY AND PHYSIOLOGY 12 (Room 225)
1509,CONTEMPORARY INDIGENOUS STUDIES 12 (Room 121),PSYCHOLOGY 11 (Room 205A),COMPOSITION 11 (Room A-6),PRE-CALCULUS 11 (Room 106),LIFE SCIENCES 11 (Room 227),ENVIRONMENTAL SCIENCE 11 (Room 123),PHYSICAL GEOGRAPHY 12 (Room 121),ENVIRONMENTAL SCIENCE 12 - CLIMATE CHANGE (Room 123)
1510,CHEMISTRY 11 (Room 226),SOCIAL JUSTICE 12 (Room A-3),LIFE SCIENCES 11 (Room 225),COMPOSITION 11 (Room 208),FOUNDATIONS OF MATHEMATICS 11 (Room 214),YOGA FOR MINDFULNESS 11 (Room Gym),PHOTOGRAPHY 11 (Room 113),CAREER LIFE EDUCATION 10 (Room 201)
1511,COMPOSITION 11 (Room 209),PHOTOGRAPHY 11 (Room 113),CAREER LIFE EDUCATION 10 Linear (Room 104),EXPLORATIONS IN SOCIAL STUDIES 11 (Room 122),FOUNDATIONS OF MATHEMATICS 11 (Room 214),ACTIVE LIVING 11 Girls (Room Gym),CAREER LIFE EDUCATION 10 Linear (Room 104),unassigned
1512,PHYSICS 11 (Room 227),PRE-CALCULUS 11 (Room 220),COMPOSITION 11 (Room 205A),CHEMISTRY 11 (Room 227),LIFE SCIENCES 11 (Room 227),CAREER LIFE EDUCATION 10 (Room 104),EXPLORATIONS IN SOCIAL STUDIES 11 (Room 207B),unassigned
1513,LITERARY STUDIES 11 Challenge (Room A-7),CAREER LIFE EDUCATION 10 (Room 201),CRIMINOLOGY 12 (Room A-3),CONTEMPORARY INDIGENOUS STUDIES 12 CHALLENGE (Room 207B),ART STUDIO 11 (Room 116),PRE-CALCULUS 11 (Room 212),CHEMISTRY 11 (Room 225),PHYSICS 11 (Room 226)
1514,WORKPLACE MATHEMATICS 11 (Room 123),EXPLORATIONS IN SOCIAL STUDIES 11 (Room 107),CAREER LIFE EDUCATION 10 (Room 201),INTRODUCTORY SPANISH 11 (Room A-3),CROSS TRAINING 11 (Room 120),ENVIRONMENTAL SCIENCE 11 (Room 123),ACTIVE LIVING 11 Football (Room Gym),COMPOSITION 11 (Room 207A)
1515,COMPOSITION 11 (Room 209),ENVIRONMENTAL SCIENCE 11 (Room 208),AUTOMOTIVE TECHNOLOGY 11 (Room 102),FOOD STUDIES 11 (Room 206),EFP WRITING 10 (Room 122),SOCIAL STUDIES 10 (Room 222),WORKPLACE MATHEMATICS 11 (Room 210),CAREER LIFE EDUCATION 10 (Room 201)
1516,CONTEMPORARY INDIGENOUS STUDIES 12 CHALLENGE (Room 222),PHYSICS 11 (Room 223),LIFE SCIENCES 11 (Room 225),PRE-CALCULUS 11 HONOURS (Room 210),LITERARY STUDIES 11 Challenge (Room A-7),DRAMA 11 (Room A-1),CHEMISTRY 11 (Room 225),TEXTILES 11 (Room A-7)
1517,PHYSICS 11 (Room 227),ECONOMICS 12 (Room 209),3D ANIMATION 12 (Room 114),CONTEMPORARY INDIGENOUS STUDIES 12 CHALLENGE (Room 207B),LITERARY STUDIES 11 Challenge (Room A-7),CAREER LIFE EDUCATION 10 (Room 104),CHEMISTRY 11 (Room 225),COMPUTER SCIENCE 11 (Room 203)
1518,ENVIRONMENTAL SCIENCE 11 (Room 207B),PSYCHOLOGY 11 (Room 205A),CRIMINOLOGY 12 (Room A-3),FOOD STUDIES 11 (Room 206),COMPOSITION 11 (Room 209),20th CENTURY WORLD HISTORY 12 (Room 121),WORKPLACE MATHEMATICS 11 (Room 210),CAREER LIFE EDUCATION 10 (Room 201)
1519,unassigned,unassigned,FOUNDATIONS OF MATHEMATICS 11 (Room 221),LIFE SCIENCES 11 (Room 219),COMPOSITION 11 (Room 205B),unassigned,EXPLORATIONS IN SOCIAL STUDIES 11 (Room 207B),unassigned
1520,unassigned,unassigned,FOUNDATIONS OF MATHEMATICS 11 (Room 221),LIFE SCIENCES 11 (Room 219),COMPOSITION 11 (Room 209),unassigned,EXPLORATIONS IN SOCIAL STUDIES 11 (Room 207B),unassigned
1521,CONTEMPORARY INDIGENOUS STUDIES 12 (Room 121),TEXTILES 11 (Room A-7),CAREER LIFE EDUCATION 10 (Room 201),LIFE SCIENCES 11 (Room 219),COMPOSITION 11 (Room 209),CRIMINOLOGY 12 (Room 205A),CHEMISTRY 11 (Room 225),SPANISH 11 (Room 208)
1522,COMPUTER SCIENCE 12 (Room 203),PHYSICS 11 (Room 223),CAREER LIFE EDUCATION 10 (Room 201),CONTEMPORARY INDIGENOUS STUDIES 12 CHALLENGE (Room 207B),LITERARY STUDIES 11 Challenge (Room A-7),PRE-CALCULUS 11 (Room 212),CHEMISTRY 11 (Room 225),AP COMPUTER SCIENCE A 12 (Room 203)
1523,LAW STUDIES 12 (Room A-2),PHYSICS 11 (Room 223),CHEMISTRY 11 (Room 223),PRE-CALCULUS 11 (Room 106),COMPUTER SCIENCE 11 (Room 203),PRE-CALCULUS 12 (Room 106),INTRODUCTORY SPANISH 11 (Room A-3),COMPOSITION 11 (Room 207A)
1524,SPANISH 11 (Room 205A),LAW STUDIES 12 (Room 222),COMPOSITION 11 (Room 208),INSTRUMENTAL MUSIC 11: CONCERT BAND LINEAR (Room 119),ACCOUNTING 11 (Room 206),PRE-CALCULUS 11 (Room 212),INSTRUMENTAL MUSIC 11: CONCERT BAND LINEAR (Room 119),PHYSICS 11 (Room 226)
1525,PHYSICS 11 (Room 227),PRE-CALCULUS 11 (Room 212),CAREER LIFE EDUCATION 10 Linear (Room 104),COMPOSITION 11 (Room 208),unassigned,PRE-CALCULUS 12 (Room 106),CAREER LIFE EDUCATION 10 Linear (Room 104),CHEMISTRY 11 (Room 223)
1526,COMPOSITION 11 (Room 209),ECONOMICS 12 (Room 209),CHEMISTRY 11 (Room 223),AUTOMOTIVE TECHNOLOGY 11 (Room 102),LAW STUDIES 12 (Room 107),PRE-CALCULUS 12 (Room 220),ACTIVE LIVING 11 (Room Gym),PHYSICS 11 (Room 226)
1527,COMPOSITION 11 (Room 209),PRE-CALCULUS 11 (Room 220),AUTOMOTIVE TECHNOLOGY 11 (Room 102),FOOD STUDIES 11 (Room 206),PHYSICS 11 (Room 223),CRIMINOLOGY 12 (Room 205A),ACTIVE LIVING 11 (Room Gym),CONTEMPORARY INDIGENOUS STUDIES 12 (Room A-2)
1528,COMPOSITION 11 (Room 209),SOCIAL JUSTICE 12 (Room A-3),LAW STUDIES 12 (Room 121),PRE-CALCULUS 11 (Room 221),LIFE SCIENCES 11 (Room 227),CAREER LIFE EDUCATION 10 (Room 104),DANCE TECHNIQUE AND PERFORMANCE 11 (Room Studio),CHEMISTRY 11 (Room 223)
1529,CONTEMPORARY INDIGENOUS STUDIES 12 (Room 121),SOCIAL JUSTICE 12 (Room A-3),CHEMISTRY 11 (Room 223),COMPOSITION 11 (Room 208),LAW STUDIES 12 (Room 107),PRE-CALCULUS 11 (Room 212),PSYCHOLOGY 11 (Room 207A),ANATOMY AND PHYSIOLOGY 12 (Room 225)
1530,LIFE SCIENCES 11 (Room 211),SOCIAL JUSTICE 12 (Room A-3),CHEMISTRY 11 (Room 223),PRE-CALCULUS 11 HONOURS (Room 210),COMPOSITION 11 (Room 209),CAREER LIFE EDUCATION 10 (Room 104),ACTIVE LIVING 11 (Room Gym),PSYCHOLOGY 11 (Room 122)
1531,LITERARY STUDIES 11 Challenge (Room A-7),PSYCHOLOGY 11 (Room 205A),CAREER LIFE EDUCATION 10 Linear (Room 104),CONTEMPORARY INDIGENOUS STUDIES 12 CHALLENGE (Room 207B),PHYSICS 11 (Room 219),unassigned,CAREER LIFE EDUCATION 10 Linear (Room 104),unassigned
1532,INSTRUMENTAL MUSIC 11: GUITAR (Room 119),SOCIAL JUSTICE 12 (Room A-3),ACCOUNTING 12 (Room 206),PRE-CALCULUS 11 (Room 106),COMPOSITION 11 (Room 209),ENVIRONMENTAL SCIENCE 11 (Room 123),PRE-CALCULUS 12 (Room 212),CAREER LIFE EDUCATION 10 (Room 201)
1533,LAW STUDIES 12 (Room A-2),CAREER LIFE EDUCATION 10 (Room 201),CRIMINOLOGY 12 (Room A-3),FOOD STUDIES 11 (Room 206),COMPOSITION 11 (Room 209),PRE-CALCULUS 11 (Room 212),CHEMISTRY 11 (Room 225),PSYCHOLOGY 11 (Room 122)
1534,CONTEMPORARY INDIGENOUS STUDIES 12 CHALLENGE (Room 222),PHYSICS 11 (Room 223),CAREER LIFE EDUCATION 10 Linear (Room 104),CHEMISTRY 11 (Room 227),LITERARY STUDIES 11 Challenge (Room A-7),unassigned,CAREER LIFE EDUCATION 10 Linear (Room 104),TEXTILES 11 (Room A-7)
1535,LIFE SCIENCES 11 (Room 211),ART STUDIO 11 (Room 116),TEXTILES 11 (Room A-7),FOOD STUDIES 11 (Room 206),FOUNDATIONS OF MATHEMATICS 11 (Room 214),CAREER LIFE EDUCATION 10 (Room 104),PHYSICAL GEOGRAPHY 12 (Room 121),COMPOSITION 11 (Room 207A)
1536,PHYSICS 11 (Room 227),ANATOMY AND PHYSIOLOGY 12 (Room 219),CAREER LIFE EDUCATION 10 Linear (Room 104),CONTEMPORARY INDIGENOUS STUDIES 12 CHALLENGE (Room 207B),LITERARY STUDIES 11 Challenge (Room A-7),CRIMINOLOGY 12 (Room 205A),CAREER LIFE EDUCATION 10 Linear (Room 104),unassigned
1537,CONTEMPORARY INDIGENOUS STUDIES 12 (Room 121),PHYSICS 11 (Room 223),COMPOSITION 11 (Room A-6),CHEMISTRY 11 (Room 227),COMPUTER SCIENCE 11 (Room 203),PRE-CALCULUS 12 (Room 106),COMPUTER PROGRAMMING 11 AI and (Room 203),CAREER LIFE EDUCATION 10 (Room 201)
1538,COMPOSITION 11 (Room 209),PRE-CALCULUS 11 (Room 220),ACCOUNTING 12 (Room 206),EXPLORATIONS IN SOCIAL STUDIES 11 (Room 122),PHYSICS 11 (Room 219),PRE-CALCULUS 12 (Room 106),AUTOMOTIVE TECHNOLOGY 11 (Room 102),CAREER LIFE EDUCATION 10 (Room 201)
1539,unassigned,unassigned,unassigned,PRE-CALCULUS 11 (Room 221),DRAFTING 11 (Room 105),FRENCH 11 (Room 122),PSYCHOLOGY 11 (Room 207A),unassigned
1540,COMPUTER SCIENCE 11 (Room 203),SCIENCE 10 (Room 211),PHYSICAL AND HEALTH EDUCATION 10 Boys (Room Gym),EFP WRITING 10 (Room A-7),ACCOUNTING 11 (Room 206),FOUNDATIONS OF MATH AND PRE-CALCULUS 10 (Room 214),SOCIAL STUDIES 10 (Room 205B),ADST – POWER TECHNOLOGY 10 (Room 103)
1541,LEARNING STRATEGIES 10 (Room 109),FOUNDATIONS OF MATH AND PRE-CALCULUS 10 (Room 214),3D ANIMATION 12 (Room 114),ADST – POWER TECHNOLOGY 10 (Room 103),SCIENCE 10 (Room 216),PHYSICAL AND HEALTH EDUCATION 10 (Room Gym),SOCIAL STUDIES 10 (Room 205B),ADST – ELECTRONICS AND ROBOTICS 10 (Room 104)
1542,SOCIAL STUDIES 10 (Room 207A),SCIENCE 10 (Room 211),PHYSICAL AND HEALTH EDUCATION 10 Boys (Room Gym),EFP WRITING 10 (Room A-7),Information and Communications Technologies 10 (Room 114),FOUNDATIONS OF MATH AND PRE-CALCULUS 10 (Room 214),ADST-Technology Explorations 10 (Room 104),COMPUTER SCIENCE 11 (Room 203)
1543,SCIENCE 10: CHALLENGE (Room 223),FOUNDATIONS OF MATH AND PRE-CALCULUS 10 CHALLENGE (Room 106),ACCOUNTING 11 (Room 206),SOCIAL STUDIES 10 CHALLENGE (Room 121),PHYSICAL AND HEALTH EDUCATION 10 Girls (Room Gym),Information and Communications Technologies 10 (Room 114),COMPOSITION 10 Challenge (Room A-6),ADST – DRAFTING 10 (Room 105)
1544,BEGINNERS ELL 10 (Room A-6),FOUNDATIONS OF MATH AND PRE-CALCULUS 10 (Room 214),PHYSICAL AND HEALTH EDUCATION 10 Football (Room Gym),SPANISH 9 (Room A-3),CROSS TRAINING 10 (Room 120),SOCIAL STUDIES 10 (Room 222),SCIENCE 10 (Room 227),COMPOSITION 10 (Room 205B)
1545,WORKPLACE MATHEMATICS 10 (Room 210),Information and Communications Technologies 10 (Room 203),PHYSICAL AND HEALTH EDUCATION 10 Football (Room Gym),SCIENCE 10 (Room 211),CROSS TRAINING 10 (Room 120),LEARNING STRATEGIES 10 (Room 108),SOCIAL STUDIES 10 (Room 205B),COMPOSITION 10 (Room 205B)
1546,WORKPLACE MATHEMATICS 10 (Room 210),SCIENCE 10 (Room 211),PHYSICAL AND HEALTH EDUCATION 10 Boys (Room Gym),ADST – POWER TECHNOLOGY 10 (Room 103),ADST – DRAFTING 10 (Room 105),EFP WRITING 10 (Room 207B),SOCIAL STUDIES 10 (Room 205B),ADST – WOODWORK 10 (Room 101)
1547,SCIENCE 10: CHALLENGE (Room 223),FOUNDATIONS OF MATH AND PRE-CALCULUS 10 CHALLENGE (Room 106),FRENCH 9 (Room 207B),SOCIAL STUDIES 10 CHALLENGE (Room 121),PHYSICAL AND HEALTH EDUCATION 10 Girls (Room Gym),Information and Communications Technologies 10 (Room 114),COMPOSITION 10 Challenge (Room A-6),FRENCH 10 (Room 209)
1548,SOCIAL STUDIES 10 (Room 207A),CAREER LIFE EDUCATION 10 (Room 201),PHYSICAL AND HEALTH EDUCATION 10 Boys (Room Gym),ADST-Technology Explorations 10 (Room 105),SCIENCE 10 (Room 216),EFP WRITING 10 (Room A-7),COMPUTER PROGRAMMING 11 AI and (Room 203),COMPUTER SCIENCE 11 (Room 203)
1549,unassigned,TEXTILES 10 (Room A-7),ADST – FOOD STUDIES 10 (Room 206),SCIENCE 10 (Room 211),EFP WRITING 10 (Room 122),FOUNDATIONS OF MATH AND PRE-CALCULUS 10 (Room 214),SOCIAL STUDIES 10 (Room 205B),unassigned
1550,unassigned,PHYSICAL AND HEALTH EDUCATION 10 LINEAR (Room Gym),FOUNDATIONS OF MATH AND PRE-CALCULUS 10 (Room 106),EFP WRITING 10 (Room A-7),COMPUTER SCIENCE 11 (Room 203),SCIENCE 10 (Room 225),SOCIAL STUDIES 10 (Room 205A),PHYSICAL AND HEALTH EDUCATION 10 LINEAR (Room Gym)
1551,COMPOSITION 10 (Room 205B),SOCIAL STUDIES 10 (Room 207B),PHYSICAL AND HEALTH EDUCATION 10 Football (Room Gym),ADST – ENTREPRENEURSHIP AND MARKETING 10 (Room 123),CROSS TRAINING 10 (Room 120),FOUNDATIONS OF MATH AND PRE-CALCULUS 10 (Room 214),SCIENCE 10 (Room 227),ADST – POWER TECHNOLOGY 10 (Room 103)
1552,SPANISH 10 (Room 205A),CAREER LIFE EDUCATION 10 (Room 201),FOUNDATIONS OF MATH AND PRE-CALCULUS 10 (Room 106),SCIENCE 10 (Room 211),PHYSICAL AND HEALTH EDUCATION 10 Girls (Room Gym),SOCIAL STUDIES 10 (Room 222),TEXTILES 10 (Room A-7),unassigned
1553,COMPUTER SCIENCE 11 (Room 203),EFP WRITING 10 (Room 205B),FOUNDATIONS OF MATH AND PRE-CALCULUS 10 (Room 106),SCIENCE 10 (Room 211),PHYSICAL AND HEALTH EDUCATION 10 Girls (Room Gym),SOCIAL STUDIES 10 (Room 222),VISUAL ARTS: PHOTOGRAPHY 10 (Room 113),INSTRUMENTAL MUSIC: GUITAR 10 (Room NO ROOM FOUND)
1554,ADST – DRAFTING 10 (Room 105),FOUNDATIONS OF MATH AND PRE-CALCULUS 10 CHALLENGE (Room 106),PHYSICAL AND HEALTH EDUCATION 10 Boys (Room Gym),SCIENCE 10: CHALLENGE (Room 216),SOCIAL STUDIES 10 CHALLENGE (Room 121),unassigned,COMPOSITION 10 Challenge (Room A-6),ADST – POWER TECHNOLOGY 10 (Room 103)
1555,WORKPLACE MATHEMATICS 10 (Room 210),TEXTILES 10 (Room A-7),PHYSICAL AND HEALTH EDUCATION 10 Boys (Room Gym),SCIENCE 10 (Room 211),EFP WRITING 10 (Room 122),DRAMA 10 (Room A-1),SOCIAL STUDIES 10 (Room 205B),INSTRUMENTAL MUSIC: GUITAR 10 (Room NO ROOM FOUND)
1556,SPANISH 10 (Room 205A),EFP WRITING 10 (Room 205B),ADST – FOOD STUDIES 10 (Room 206),ADST – POWER TECHNOLOGY 10 (Room 103),PHYSICAL AND HEALTH EDUCATION 10 Girls (Room Gym),FOUNDATIONS OF MATH AND PRE-CALCULUS 10 (Room 214),SOCIAL STUDIES 10 (Room 205B),SCIENCE 10 (Room 227)
1557,ADST – DRAFTING 10 (Room 105),FOUNDATIONS OF MATH AND PRE-CALCULUS 10 (Room 214),ADST – FOOD STUDIES 10 (Room 206),ADST – ENTREPRENEURSHIP AND MARKETING 10 (Room 123),PHYSICAL AND HEALTH EDUCATION 10 Girls (Room Gym),EFP WRITING 10 (Room 207B),SOCIAL STUDIES 10 (Room 205B),SCIENCE 10 (Room 227)
1558,SCIENCE 10: CHALLENGE (Room 223),PHYSICAL AND HEALTH EDUCATION 10 LINEAR (Room Gym),ADST – FOOD STUDIES 10 (Room 206),SOCIAL STUDIES 10 CHALLENGE (Room 121),COMPOSITION 10 Challenge (Room 207A),unassigned,FOUNDATIONS OF MATH AND PRE-CALCULUS 10 CHALLENGE (Room 106),PHYSICAL AND HEALTH EDUCATION 10 LINEAR (Room Gym)
1559,unassigned,EFP WRITING 10 (Room 205B),ADST – FOOD STUDIES 10 (Room 206),SOCIAL STUDIES 10 (Room 205A),PHYSICAL AND HEALTH EDUCATION 10 Girls (Room Gym),FOUNDATIONS OF MATH AND PRE-CALCULUS 10 (Room 214),COMPUTER PROGRAMMING 11 AI and (Room 203),SCIENCE 10 (Room 227)
1560,ADST – MEDIA DESIGN 10 (Room 114),SCIENCE 10 (Room 211),PHYSICAL AND HEALTH EDUCATION 10 Boys (Room Gym),ADST – POWER TECHNOLOGY 10 (Room 103),EFP WRITING 10 (Room 122),FOUNDATIONS OF MATH AND PRE-CALCULUS 10 (Room 214),SOCIAL STUDIES 10 (Room 205A),INSTRUMENTAL MUSIC: GUITAR 10 (Room NO ROOM FOUND)
1561,SCIENCE 10: CHALLENGE (Room 223),Information and Communications Technologies 10 (Room 203),ADST – FOOD STUDIES 10 (Room 206),SOCIAL STUDIES 10 CHALLENGE (Room 121),COMPOSITION 10 Challenge (Room 207A),PHYSICAL AND HEALTH EDUCATION 10 (Room Gym),FOUNDATIONS OF MATH AND PRE-CALCULUS 10 CHALLENGE (Room 106),ADST – ELECTRONICS AND ROBOTICS 10 (Room 104)
1562,unassigned,SCIENCE 10 (Room 211),PHYSICAL AND HEALTH EDUCATION 10 Football (Room Gym),EFP WRITING 10 (Room A-7),CROSS TRAINING 10 (Room 120),FOUNDATIONS OF MATH AND PRE-CALCULUS 10 (Room 214),SOCIAL STUDIES 10 (Room 205A),ADST – POWER TECHNOLOGY 10 (Room 103)
1563,SOCIAL STUDIES 10 (Room 207A),PHYSICAL AND HEALTH EDUCATION 10 LINEAR (Room Gym),FOUNDATIONS OF MATH AND PRE-CALCULUS 10 (Room 106),EFP WRITING 10 (Room A-7),VISUAL ARTS: ART STUDIO 10 (Room 116),SCIENCE 10 (Room 225),VISUAL ARTS: PHOTOGRAPHY 10 (Room 113),PHYSICAL AND HEALTH EDUCATION 10 LINEAR (Room Gym)
1564,SPANISH 10 (Room 205A),EFP WRITING 10 (Room 205B),PHYSICAL AND HEALTH EDUCATION 10 Football (Room Gym),SOCIAL STUDIES 10 (Room 205A),CROSS TRAINING 10 (Room 120),FOUNDATIONS OF MATH AND PRE-CALCULUS 10 (Room 214),SCIENCE 10 (Room 227),ADST – POWER TECHNOLOGY 10 (Room 103)
1565,WORKPLACE MATHEMATICS 10 (Room 210),unassigned,PHYSICAL AND HEALTH EDUCATION 10 Boys (Room Gym),ADST – POWER TECHNOLOGY 10 (Room 103),SCIENCE 10 (Room 216),SOCIAL STUDIES 10 (Room 222),unassigned,COMPOSITION 10 (Room 205B)
1566,SCIENCE 10: CHALLENGE (Room 223),FOUNDATIONS OF MATH AND PRE-CALCULUS 10 CHALLENGE (Room 106),ACCOUNTING 11 (Room 206),SOCIAL STUDIES 10 CHALLENGE (Room 121),PHYSICAL AND HEALTH EDUCATION 10 Girls (Room Gym),FRENCH 12 (Room 122),COMPOSITION 10 Challenge (Room A-6),CAREER LIFE EDUCATION 10 (Room 201)
1567,COMPOSITION 10 (Room 205B),SCIENCE 10 (Room 211),FOUNDATIONS OF MATH AND PRE-CALCULUS 10 HONOURS (Room 214),ADST – ENTREPRENEURSHIP AND MARKETING 10 (Room 123),ACCOUNTING 11 (Room 206),PHYSICAL AND HEALTH EDUCATION 10 (Room Gym),SOCIAL STUDIES 10 (Room 205B),FRENCH 10 (Room 209)
1568,SOCIAL STUDIES 10 (Room 207A),EFP WRITING 10 (Room 205B),FOUNDATIONS OF MATH AND PRE-CALCULUS 10 HONOURS (Room 214),ADST – POWER TECHNOLOGY 10 (Room 103),ACCOUNTING 11 (Room 206),FRENCH 12 (Room 122),COMPUTER PROGRAMMING 11 AI and (Room 203),SCIENCE 10 (Room 227)
1569,COMPUTER SCIENCE 11 (Room 203),SCIENCE 10 (Room 211),3D ANIMATION 12 (Room 114),CAREER LIFE EDUCATION 10 (Room 104),PHYSICAL AND HEALTH EDUCATION 10 Girls (Room Gym),SOCIAL STUDIES 10 (Room 222),COMPUTER PROGRAMMING 11 AI and (Room 203),FOUNDATIONS OF MATH AND PRE-CALCULUS 10 (Room 220)
1570,SOCIAL STUDIES 10 (Room 207A),EFP WRITING 10 (Room 205B),ADST – FOOD STUDIES 10 (Room 206),SCIENCE 10 (Room 225),ACCOUNTING 11 (Room 206),FRENCH 12 (Room 122),COMPUTER PROGRAMMING 11 AI and (Room 203),FOUNDATIONS OF MATH AND PRE-CALCULUS 10 (Room 220)
1571,LEARNING STRATEGIES 10 (Room 109),FOUNDATIONS OF MATH AND PRE-CALCULUS 10 (Room 214),ADST – FOOD STUDIES 10 (Room 206),SCIENCE 10 (Room 211),EFP WRITING 10 (Room 122),PHYSICAL AND HEALTH EDUCATION 10 (Room Gym),SOCIAL STUDIES 10 (Room 205B),INSTRUMENTAL MUSIC: GUITAR 10 (Room NO ROOM FOUND)
1572,ADST – MEDIA DESIGN 10 (Room 114),Information and Communications Technologies 10 (Room 203),FOUNDATIONS OF MATH AND PRE-CALCULUS 10 HONOURS (Room 214),EFP WRITING 10 (Room A-7),PHYSICAL AND HEALTH EDUCATION 10 Girls (Room Gym),SOCIAL STUDIES 10 (Room 222),VISUAL ARTS: ART STUDIO 10 (Room 116),SCIENCE 10 (Room 227)
1573,SPANISH 10 (Room 205A),EFP WRITING 10 (Room 205B),PHYSICAL AND HEALTH EDUCATION 10 Boys (Room Gym),ADST-Technology Explorations 10 (Room 105),COMPUTER SCIENCE 11 (Room 203),SOCIAL STUDIES 10 (Room 222),SCIENCE 10 (Room 227),INSTRUMENTAL MUSIC: GUITAR 10 (Room NO ROOM FOUND)
1574,SOCIAL STUDIES 10 (Room 207A),TEXTILES 10 (Room A-7),ADST – FOOD STUDIES 10 (Room 206),DANCE TECHNIQUE AND PERFORMANCE 10 (Room Studio),EFP WRITING 10 (Room 122),LEARNING STRATEGIES 10 (Room 108),PHYSICAL AND HEALTH EDUCATION 10 Girls (Room Gym),SCIENCE 10 (Room 227)
1575,unassigned,SCIENCE 10 (Room 211),PHYSICAL AND HEALTH EDUCATION 10 Boys (Room Gym),ADST-Technology Explorations 10 (Room 105),COMPUTER SCIENCE 11 (Room 203),EFP WRITING 10 (Room A-7),SOCIAL STUDIES 10 (Room 205A),ADST – POWER TECHNOLOGY 10 (Room 103)
1576,SOCIAL STUDIES 10 (Room 207A),PHYSICAL AND HEALTH EDUCATION 10 LINEAR (Room Gym),ADST – FOOD STUDIES 10 (Room 206),SCIENCE 10 (Room 211),EFP WRITING 10 (Room 122),FOUNDATIONS OF MATH AND PRE-CALCULUS 10 (Room 214),TEXTILES 10 (Room A-7),PHYSICAL AND HEALTH EDUCATION 10 LINEAR (Room Gym)
1577,COMPOSITION 10 (Room 205B),PHYSICAL AND HEALTH EDUCATION 10 LINEAR (Room Gym),TEXTILES 10 (Room A-7),SOCIAL STUDIES 10 (Room 205A),SCIENCE 10 (Room 216),FOUNDATIONS OF MATH AND PRE-CALCULUS 10 (Room 214),VISUAL ARTS: PHOTOGRAPHY 10 (Room 113),PHYSICAL AND HEALTH EDUCATION 10 LINEAR (Room Gym)
1578,unassigned,unassigned,COMPOSITION 10 (Room 122),SCIENCE 10 (Room 225),unassigned,SOCIAL STUDIES 10 (Room 222),unassigned,FOUNDATIONS OF MATH AND PRE-CALCULUS 10 (Room 220)
1579,WORKPLACE MATHEMATICS 10 (Room 210),TEXTILES 10 (Room A-7),ADST – FOOD STUDIES 10 (Room 206),LEARNING STRATEGIES 10 (Room 108),PHYSICAL AND HEALTH EDUCATION 10 Girls (Room Gym),SCIENCE 10 (Room 225),SOCIAL STUDIES 10 (Room 205B),COMPOSITION 10 (Room 205B)
1580,ADST – WOODWORK 10 (Room 101),LEARNING STRATEGIES 10 LINEAR (Room 108),ADST – FOOD STUDIES 10 (Room 206),EFP WRITING 10 (Room A-7),SCIENCE 10 (Room 216),FOUNDATIONS OF MATH AND PRE-CALCULUS 10 (Room 214),SOCIAL STUDIES 10 (Room 205B),LEARNING STRATEGIES 10 LINEAR (Room 108)
1581,unassigned,EFP WRITING 10 (Room 205B),PHYSICAL AND HEALTH EDUCATION 10 Football (Room Gym),CAREER LIFE EDUCATION 10 (Room 104),LIFE SCIENCES 11 (Room 227),FOUNDATIONS OF MATH AND PRE-CALCULUS 10 (Room 214),unassigned,ADST – POWER TECHNOLOGY 10 (Room 103)
1582,SCIENCE 10: CHALLENGE (Room 223),FOUNDATIONS OF MATH AND PRE-CALCULUS 10 CHALLENGE (Room 106),ADST – FOOD STUDIES 10 (Room 206),SOCIAL STUDIES 10 CHALLENGE (Room 121),PRE-CALCULUS 11 (Room 221),PHYSICAL AND HEALTH EDUCATION 10 (Room Gym),COMPOSITION 10 Challenge (Room A-6),CAREER LIFE EDUCATION 10 (Room 201)
1583,COMPOSITION 10 (Room 205B),PHYSICAL AND HEALTH EDUCATION 10 LINEAR (Room Gym),FOUNDATIONS OF MATH AND PRE-CALCULUS 10 HONOURS (Room 214),ADST-Technology Explorations 10 (Room 105),SCIENCE 10 (Room 216),FRENCH 10 (Room A-3),SOCIAL STUDIES 10 (Room 205A),PHYSICAL AND HEALTH EDUCATION 10 LINEAR (Room Gym)
1584,LEARNING STRATEGIES 10 (Room 109),SCIENCE 10 (Room 211),ADST – FOOD STUDIES 10 (Room 206),CAREER LIFE EDUCATION 10 (Room 104),EFP WRITING 10 (Room 122),FOUNDATIONS OF MATH AND PRE-CALCULUS 10 (Room 214),SOCIAL STUDIES 10 (Room 205B),ADST – ELECTRONICS AND ROBOTICS 10 (Room 104)
1585,ADST – WOODWORK 10 (Room 101),SOCIAL STUDIES 10 (Room 207B),PHYSICAL AND HEALTH EDUCATION 10 Boys (Room Gym),CAREER LIFE EDUCATION 10 (Room 104),EFP WRITING 10 (Room 122),FOUNDATIONS OF MATH AND PRE-CALCULUS 10 (Room 214),SCIENCE 10 (Room 227),ADST – POWER TECHNOLOGY 10 (Room 103)
1586,WORKPLACE MATHEMATICS 10 (Room 210),EFP WRITING 10 (Room 205B),ADST – FOOD STUDIES 10 (Room 206),SCIENCE 10 (Room 211),unassigned,SOCIAL STUDIES 10 (Room 107),VISUAL ARTS: ART STUDIO 10 (Room 116),ADST – WOODWORK 10 (Room 101)
1587,SOCIAL STUDIES 10 (Room 207A),VISUAL ARTS: ART STUDIO 10 (Room 116),FOUNDATIONS OF MATH AND PRE-CALCULUS 10 (Room 106),MARKETING AND PROMOTION 11 (Room 107),PHYSICAL AND HEALTH EDUCATION 10 Girls (Room Gym),EFP WRITING 10 (Room A-7),SCIENCE 10 (Room 227),TEXTILES 10 (Room A-7)
1588,WORKPLACE MATHEMATICS 10 (Room 210),unassigned,ADST – FOOD STUDIES 10 (Room 206),SOCIAL STUDIES 10 (Room 205A),unassigned,EFP WRITING 10 (Room A-7),VISUAL ARTS: PHOTOGRAPHY 10 (Room 113),unassigned
1589,SOCIAL STUDIES 10 (Room 207A),SCIENCE 10 (Room 211),FOUNDATIONS OF MATH AND PRE-CALCULUS 10 HONOURS (Room 214),ADST – MEDIA DESIGN 10 (Room 114),PHYSICAL AND HEALTH EDUCATION 10 Girls (Room Gym),EFP WRITING 10 (Room 207B),ADST – DRAFTING 10 (Room 105),FRENCH 10 (Room 209)
1590,COMPUTER SCIENCE 11 (Room 203),FOUNDATIONS OF MATH AND PRE-CALCULUS 10 (Room 214),PHYSICAL AND HEALTH EDUCATION 10 Boys (Room Gym),ADST – POWER TECHNOLOGY 10 (Room 103),ACCOUNTING 11 (Room 206),EFP WRITING 10 (Room A-7),SOCIAL STUDIES 10 (Room 205A),SCIENCE 10 (Room 227)
1591,ADST – WOODWORK 10 (Room 101),SOCIAL STUDIES 10 (Room 207B),ADST – FOOD STUDIES 10 (Room 206),SCIENCE 10 (Room 211),EFP WRITING 10 (Room 122),PHYSICAL AND HEALTH EDUCATION 10 (Room Gym),OUTDOOR EDUCATION 10 (Room _CHECK THIS THING IDK),FOUNDATIONS OF MATH AND PRE-CALCULUS 10 (Room 220)
1592,ADST-Technology Explorations 10 (Room 104),FOUNDATIONS OF MATH AND PRE-CALCULUS 10 (Room 214),PHYSICAL AND HEALTH EDUCATION 10 Boys (Room Gym),SCIENCE 10 (Room 211),COMPUTER SCIENCE 11 (Room 203),EFP WRITING 10 (Room A-7),SOCIAL STUDIES 10 (Room 205A),ADST – WOODWORK 10 (Room 101)
1593,unassigned,FOUNDATIONS OF MATH AND PRE-CALCULUS 10 (Room 214),COMPOSITION 10 (Room 122),SCIENCE 10 (Room 225),unassigned,SOCIAL STUDIES 10 (Room 107),unassigned,unassigned
1594,SCIENCE 10: CHALLENGE (Room 223),INSTRUMENTAL MUSIC: CONCERT BAND 10 Linear (Room 119),ADST – FOOD STUDIES 10 (Room 206),SOCIAL STUDIES 10 CHALLENGE (Room 121),COMPOSITION 10 Challenge (Room 207A),unassigned,FOUNDATIONS OF MATH AND PRE-CALCULUS 10 CHALLENGE (Room 106),INSTRUMENTAL MUSIC: CONCERT BAND 10 Linear (Room 119)
1595,ADST – WOODWORK 10 (Room 101),FOUNDATIONS OF MATH AND PRE-CALCULUS 10 (Room 214),ADST – FOOD STUDIES 10 (Room 206),ADST – POWER TECHNOLOGY 10 (Room 103),EFP WRITING 10 (Room 122),LEARNING STRATEGIES 10 (Room 108),SOCIAL STUDIES 10 (Room 205A),INSTRUMENTAL MUSIC: GUITAR 10 (Room NO ROOM FOUND)
1596,COMPUTER SCIENCE 11 (Room 203),FOUNDATIONS OF MATH AND PRE-CALCULUS 10 CHALLENGE (Room 106),PHYSICAL AND HEALTH EDUCATION 10 Boys (Room Gym),SCIENCE 10: CHALLENGE (Room 216),SOCIAL STUDIES 10 CHALLENGE (Room 121),Information and Communications Technologies 10 (Room 114),COMPOSITION 10 Challenge (Room A-6),ADST – DRAFTING 10 (Room 105)
1597,SPANISH 10 (Room 205A),SOCIAL STUDIES 10 (Room 207B),ADST – FOOD STUDIES 10 (Room 206),SCIENCE 10 (Room 225),PHYSICAL AND HEALTH EDUCATION 10 Girls (Room Gym),EFP WRITING 10 (Room 207B),TEXTILES 10 (Room A-7),FOUNDATIONS OF MATH AND PRE-CALCULUS 10 (Room 220)
1598,SOCIAL STUDIES 10 (Room 207A),VISUAL ARTS: ART STUDIO 10 (Room 116),FOUNDATIONS OF MATH AND PRE-CALCULUS 10 (Room 106),EFP WRITING 10 (Room A-7),ADST – DRAFTING 10 (Room 105),SCIENCE 10 (Room 225),PHYSICAL AND HEALTH EDUCATION 10 Girls (Room Gym),FRENCH 10 (Room 209)
1599,SOCIAL STUDIES 10 (Room 207A),VISUAL ARTS: PHOTOGRAPHY 10 (Room 113),ADST – FOOD STUDIES 10 (Room 206),EFP WRITING 10 (Room A-7),ACCOUNTING 11 (Room 206),SCIENCE 10 (Room 225),PHYSICAL AND HEALTH EDUCATION 10 Girls (Room Gym),FOUNDATIONS OF MATH AND PRE-CALCULUS 10 (Room 220)
1600,SOCIAL STUDIES 10 (Room 207A),EFP WRITING 10 (Room 205B),FOUNDATIONS OF MATH AND PRE-CALCULUS 10 HONOURS (Room 214),Information and Communications Technologies 10 (Room 203),SCIENCE 10 (Room 216),PHYSICAL AND HEALTH EDUCATION 10 (Room Gym),TEXTILES 10 (Room A-7),ADST – DRAFTING 10 (Room 105)
1601,ADST-Technology Explorations 10 (Room 104),FOUNDATIONS OF MATH AND PRE-CALCULUS 10 CHALLENGE (Room 106),unassigned,SCIENCE 10: CHALLENGE (Room 216),SOCIAL STUDIES 10 CHALLENGE (Room 121),FRENCH 10 (Room A-3),COMPOSITION 10 Challenge (Room A-6),unassigned
1602,unassigned,FOUNDATIONS OF MATH AND PRE-CALCULUS 10 (Room 214),COMPOSITION 10 (Room 122),unassigned,unassigned,SCIENCE 10 (Room 225),TEXTILES 10 (Room A-7),unassigned
1603,SCIENCE 10: CHALLENGE (Room 223),Information and Communications Technologies 10 (Room 203),ADST-Technology Explorations 10 (Room 105),SOCIAL STUDIES 10 CHALLENGE (Room 121),COMPOSITION 10 Challenge (Room 207A),PHYSICAL AND HEALTH EDUCATION 10 (Room Gym),FOUNDATIONS OF MATH AND PRE-CALCULUS 10 CHALLENGE (Room 106),ADST – DRAFTING 10 (Room 105)
1604,COMPOSITION 10 (Room 205B),Information and Communications Technologies 10 (Room 203),FOUNDATIONS OF MATH AND PRE-CALCULUS 10 HONOURS (Room 214),SOCIAL STUDIES 10 (Room 205A),ACCOUNTING 11 (Room 206),PHYSICAL AND HEALTH EDUCATION 10 (Room Gym),SCIENCE 10 (Room 227),FRENCH 10 (Room 209)
1605,SCIENCE 10: CHALLENGE (Room 223),PHYSICAL AND HEALTH EDUCATION 10 LINEAR (Room Gym),TEXTILES 10 (Room A-7),SOCIAL STUDIES 10 CHALLENGE (Room 121),COMPOSITION 10 Challenge (Room 207A),DRAMA 10 (Room A-1),FOUNDATIONS OF MATH AND PRE-CALCULUS 10 CHALLENGE (Room 106),PHYSICAL AND HEALTH EDUCATION 10 LINEAR (Room Gym)
1606,unassigned,FOUNDATIONS OF MATH AND PRE-CALCULUS 10 CHALLENGE (Room 106),CAREER LIFE EDUCATION 10 (Room 201),SCIENCE 10: CHALLENGE (Room 216),SOCIAL STUDIES 10 CHALLENGE (Room 121),unassigned,COMPOSITION 10 Challenge (Room A-6),ADST – DRAFTING 10 (Room 105)
1607,COMPOSITION 10 (Room 205B),SOCIAL STUDIES 10 (Room 207B),ADST – FOOD STUDIES 10 (Room 206),SCIENCE 10 (Room 211),PHYSICAL AND HEALTH EDUCATION 10 Girls (Room Gym),DRAMA 10 (Room A-1),TEXTILES 10 (Room A-7),FOUNDATIONS OF MATH AND PRE-CALCULUS 10 (Room 220)
1608,SOCIAL STUDIES 10 (Room 207A),PHYSICAL AND HEALTH EDUCATION 10 LINEAR (Room Gym),ADST – FOOD STUDIES 10 (Room 206),ADST – POWER TECHNOLOGY 10 (Room 103),EFP WRITING 10 (Room 122),FOUNDATIONS OF MATH AND PRE-CALCULUS 10 (Room 214),SCIENCE 10 (Room 227),PHYSICAL AND HEALTH EDUCATION 10 LINEAR (Room Gym)
1609,ADST-Technology Explorations 10 (Room 104),SOCIAL STUDIES 10 (Room 207B),PHYSICAL AND HEALTH EDUCATION 10 Boys (Room Gym),ADST – MEDIA DESIGN 10 (Room 114),ADST – DRAFTING 10 (Room 105),EFP WRITING 10 (Room 207B),SCIENCE 10 (Room 227),COMPUTER SCIENCE 11 (Room 203)
1610,SOCIAL STUDIES 10 (Room 207A),EFP WRITING 10 (Room 205B),FRENCH 10 (Room 207B),CAREER LIFE EDUCATION 10 (Room 104),FRENCH 11 (Room 208),ENVIRONMENTAL SCIENCE 11 (Room 123),TEXTILES 10 (Room A-7),FOUNDATIONS OF MATH AND PRE-CALCULUS 10 (Room 220)
1611,unassigned,Information and Communications Technologies 10 (Room 203),TEXTILES 10 (Room A-7),SOCIAL STUDIES 10 (Room 205A),PHYSICAL AND HEALTH EDUCATION 10 Girls (Room Gym),FOUNDATIONS OF MATH AND PRE-CALCULUS 10 (Room 214),SCIENCE 10 (Room 227),ADST – POWER TECHNOLOGY 10 (Room 103)
1612,SPANISH 10 (Room 205A),EFP WRITING 10 (Room 205B),ADST – FOOD STUDIES 10 (Room 206),ADST – MEDIA DESIGN 10 (Room 114),PHYSICAL AND HEALTH EDUCATION 10 Girls (Room Gym),SCIENCE 10 (Room 225),SOCIAL STUDIES 10 (Room 205B),ADST – DRAFTING 10 (Room 105)
1613,SOCIAL STUDIES 10 (Room 207A),SCIENCE 10 (Room 211),3D ANIMATION 12 (Room 114),EFP WRITING 10 (Room A-7),VISUAL ARTS: ART STUDIO 10 (Room 116),PHYSICAL AND HEALTH EDUCATION 10 (Room Gym),TEXTILES 10 (Room A-7),FOUNDATIONS OF MATH AND PRE-CALCULUS 10 (Room 220)
1614,COMPUTER SCIENCE 11 (Room 203),FOUNDATIONS OF MATH AND PRE-CALCULUS 10 CHALLENGE (Room 106),ADST-Technology Explorations 10 (Room 105),SCIENCE 10: CHALLENGE (Room 216),SOCIAL STUDIES 10 CHALLENGE (Room 121),PHYSICAL AND HEALTH EDUCATION 10 (Room Gym),COMPOSITION 10 Challenge (Room A-6),SPANISH 11 (Room 208)
1615,ADST-Technology Explorations 10 (Room 104),PHYSICAL AND HEALTH EDUCATION 10 LINEAR (Room Gym),FOUNDATIONS OF MATH AND PRE-CALCULUS 10 (Room 106),EFP WRITING 10 (Room A-7),ACCOUNTING 11 (Room 206),SCIENCE 10 (Room 225),SOCIAL STUDIES 10 (Room 205B),PHYSICAL AND HEALTH EDUCATION 10 LINEAR (Room Gym)
1616,unassigned,SCIENCE 10 (Room 211),COMPOSITION 10 (Room 122),ADST – MEDIA DESIGN 10 (Room 114),unassigned,DRAMA 10 (Room A-1),unassigned,unassigned
1617,COMPUTER SCIENCE 11 (Room 203),VISUAL ARTS: ART STUDIO 10 (Room 116),ACCOUNTING 11 (Room 206),EFP WRITING 10 (Room A-7),PHYSICAL AND HEALTH EDUCATION 10 Girls (Room Gym),SOCIAL STUDIES 10 (Room 222),SCIENCE 10 (Room 227),INSTRUMENTAL MUSIC: GUITAR 10 (Room NO ROOM FOUND)
1618,BEGINNERS ELL 10 (Room A-6),SOCIAL STUDIES 10 (Room 207B),ADST – FOOD STUDIES 10 (Room 206),SCIENCE 10 (Room 211),Information and Communications Technologies 10 (Room 114),PHYSICAL AND HEALTH EDUCATION 10 (Room Gym),VISUAL ARTS: PHOTOGRAPHY 10 (Room 113),FOUNDATIONS OF MATH AND PRE-CALCULUS 10 (Room 220)
1619,SOCIAL STUDIES 10 (Room 207A),EFP WRITING 10 (Room 205B),PHYSICAL AND HEALTH EDUCATION 10 Boys (Room Gym),SCIENCE 10 (Room 225),COMPUTER SCIENCE 11 (Room 203),ADST-Technology Explorations 10 (Room 105),COMPUTER PROGRAMMING 11 AI and (Room 203),FOUNDATIONS OF MATH AND PRE-CALCULUS 10 (Room 220)
1620,SCIENCE 10: CHALLENGE (Room 223),PHYSICAL AND HEALTH EDUCATION 10 LINEAR (Room Gym),ADST – FOOD STUDIES 10 (Room 206),SOCIAL STUDIES 10 CHALLENGE (Room 121),COMPOSITION 10 Challenge (Room 207A),DRAMA 10 (Room A-1),FOUNDATIONS OF MATH AND PRE-CALCULUS 10 CHALLENGE (Room 106),PHYSICAL AND HEALTH EDUCATION 10 LINEAR (Room Gym)
1621,COMPUTER SCIENCE 11 (Room 203),FOUNDATIONS OF MATH AND PRE-CALCULUS 10 CHALLENGE (Room 106),ADST-Technology Explorations 10 (Room 105),SCIENCE 10: CHALLENGE (Room 216),SOCIAL STUDIES 10 CHALLENGE (Room 121),PHYSICAL AND HEALTH EDUCATION 10 (Room Gym),COMPOSITION 10 Challenge (Room A-6),ADST – ELECTRONICS AND ROBOTICS 10 (Room 104)
1622,SCIENCE 10: CHALLENGE (Room 223),VISUAL ARTS: ART STUDIO 10 (Room 116),ADST – FOOD STUDIES 10 (Room 206),SOCIAL STUDIES 10 CHALLENGE (Room 121),COMPOSITION 10 Challenge (Room 207A),PHYSICAL AND HEALTH EDUCATION 10 (Room Gym),FOUNDATIONS OF MATH AND PRE-CALCULUS 10 CHALLENGE (Room 106),ADST – DRAFTING 10 (Room 105)
1623,BEGINNERS ELL 10 (Room A-6),PHYSICAL AND HEALTH EDUCATION 10 LINEAR (Room Gym),ADST – FOOD STUDIES 10 (Room 206),ADST – MEDIA DESIGN 10 (Room 114),SCIENCE 10 (Room 216),FOUNDATIONS OF MATH AND PRE-CALCULUS 10 (Room 214),ADST – ENTREPRENEURSHIP AND MARKETING 10 (Room 222),PHYSICAL AND HEALTH EDUCATION 10 LINEAR (Room Gym)
1624,WORKPLACE MATHEMATICS 10 (Room 210),VISUAL ARTS: PHOTOGRAPHY 10 (Room 113),PHYSICAL AND HEALTH EDUCATION 10 Football (Room Gym),ADST – POWER TECHNOLOGY 10 (Room 103),CROSS TRAINING 10 (Room 120),EFP WRITING 10 (Room A-7),SOCIAL STUDIES 10 (Room 205B),SCIENCE 10 (Room 227)
1625,COMPUTER SCIENCE 11 (Room 203),SCIENCE 10 (Room 211),FOUNDATIONS OF MATH AND PRE-CALCULUS 10 (Room 106),MARKETING AND PROMOTION 11 (Room 107),PHYSICAL AND HEALTH EDUCATION 10 Girls (Room Gym),FRENCH 10 (Room A-3),SOCIAL STUDIES 10 (Room 205B),COMPOSITION 10 (Room 205B)
1626,COMPOSITION 10 (Room 205B),LEARNING STRATEGIES 10 (Room 108),PHYSICAL AND HEALTH EDUCATION 10 Boys (Room Gym),ADST-Technology Explorations 10 (Room 105),Information and Communications Technologies 10 (Room 114),SOCIAL STUDIES 10 (Room 222),ADST – DRAFTING 10 (Room 105),SCIENCE 10 (Room 227)
1627,SOCIAL STUDIES 10 (Room 207A),EFP WRITING 10 (Room 205B),ADST – FOOD STUDIES 10 (Room 206),SCIENCE 10 (Room 211),COMPUTER SCIENCE 11 (Room 203),PHYSICAL AND HEALTH EDUCATION 10 (Room Gym),COMPUTER PROGRAMMING 11 AI and (Room 203),FRENCH 10 (Room 209)
1628,unassigned,VISUAL ARTS: PHOTOGRAPHY 10 (Room 113),PHYSICAL AND HEALTH EDUCATION 10 Boys (Room Gym),Information and Communications Technologies 10 (Room 203),EFP WRITING 10 (Room 122),SOCIAL STUDIES 10 (Room 222),SCIENCE 10 (Room 227),FOUNDATIONS OF MATH AND PRE-CALCULUS 10 (Room 220)
1629,SCIENCE 10: CHALLENGE (Room 223),PHYSICAL AND HEALTH EDUCATION 10 LINEAR (Room Gym),ADST-Technology Explorations 10 (Room 105),SOCIAL STUDIES 10 CHALLENGE (Room 121),COMPOSITION 10 Challenge (Room 207A),Information and Communications Technologies 10 (Room 114),FOUNDATIONS OF MATH AND PRE-CALCULUS 10 CHALLENGE (Room 106),PHYSICAL AND HEALTH EDUCATION 10 LINEAR (Room Gym)
1630,ADST – DRAFTING 10 (Room 105),TEXTILES 10 (Room A-7),FOUNDATIONS OF MATH AND PRE-CALCULUS 10 HONOURS (Room 214),EFP WRITING 10 (Room A-7),PHYSICAL AND HEALTH EDUCATION 10 Girls (Room Gym),SCIENCE 10 (Room 225),SOCIAL STUDIES 10 (Room 205B),INSTRUMENTAL MUSIC: GUITAR 10 (Room NO ROOM FOUND)
1631,BEGINNERS ELL 10 (Room A-6),SOCIAL STUDIES 10 (Room 207B),ADST – FOOD STUDIES 10 (Room 206),SCIENCE 10 (Room 211),unassigned,ADST-Technology Explorations 10 (Room 105),unassigned,COMPOSITION 10 (Room 205B)
1632,WORKPLACE MATHEMATICS 10 (Room 210),EFP WRITING 10 (Room 205B),ADST – FOOD STUDIES 10 (Room 206),SOCIAL STUDIES 10 (Room 205A),PHYSICAL AND HEALTH EDUCATION 10 Girls (Room Gym),YOGA FOR MINDFULNESS 10 (Room Gym),SCIENCE 10 (Room 227),ADST – POWER TECHNOLOGY 10 (Room 103)
1633,COMPOSITION 10 (Room 205B),FOUNDATIONS OF MATH AND PRE-CALCULUS 10 (Room 214),ACCOUNTING 11 (Room 206),SCIENCE 10 (Room 211),PHYSICAL AND HEALTH EDUCATION 10 Girls (Room Gym),Information and Communications Technologies 10 (Room 114),SOCIAL STUDIES 10 (Room 205A),ADST – DRAFTING 10 (Room 105)
1634,unassigned,EFP WRITING 10 (Room 205B),FOUNDATIONS OF MATH AND PRE-CALCULUS 10 (Room 106),SOCIAL STUDIES 10 (Room 205A),unassigned,PHYSICAL AND HEALTH EDUCATION 10 (Room Gym),SCIENCE 10 (Room 227),unassigned
1635,ADST-Technology Explorations 10 (Room 104),EFP WRITING 10 (Room 205B),FOUNDATIONS OF MATH AND PRE-CALCULUS 10 (Room 106),CAREER LIFE EDUCATION 10 (Room 104),Information and Communications Technologies 10 (Room 114),PHYSICAL AND HEALTH EDUCATION 10 (Room Gym),CHEMISTRY 11 (Room 225),FRENCH 10 (Room 209)
1636,SPANISH 10 (Room 205A),SCIENCE 10 (Room 211),ADST – FOOD STUDIES 10 (Room 206),ADST – MEDIA DESIGN 10 (Room 114),EFP WRITING 10 (Room 122),PHYSICAL AND HEALTH EDUCATION 10 (Room Gym),SOCIAL STUDIES 10 (Room 205A),FOUNDATIONS OF MATH AND PRE-CALCULUS 10 (Room 220)
1637,unassigned,SOCIAL STUDIES 10 (Room 207B),ADST – FOOD STUDIES 10 (Room 206),SCIENCE 10 (Room 211),unassigned,FOUNDATIONS OF MATH AND PRE-CALCULUS 10 (Room 214),OUTDOOR EDUCATION 10 (Room _CHECK THIS THING IDK),COMPOSITION 10 (Room 205B)
1638,ADST – DRAFTING 10 (Room 105),VISUAL ARTS: ART STUDIO 10 (Room 116),FOUNDATIONS OF MATH AND PRE-CALCULUS 10 (Room 106),SOCIAL STUDIES 10 (Room 205A),PHYSICAL AND HEALTH EDUCATION 10 Girls (Room Gym),FRENCH 10 (Room A-3),SCIENCE 10 (Room 227),CAREER LIFE EDUCATION 10 (Room 201)
1639,COMPUTER SCIENCE 11 (Room 203),VISUAL ARTS: PHOTOGRAPHY 10 (Room 113),FOUNDATIONS OF MATH AND PRE-CALCULUS 10 (Room 106),SCIENCE 10 (Room 211),EFP WRITING 10 (Room 122),PHYSICAL AND HEALTH EDUCATION 10 (Room Gym),SOCIAL STUDIES 10 (Room 205A),ADST – DRAFTING 10 (Room 105)
1640,ADST-Technology Explorations 10 (Room 104),SOCIAL STUDIES 10 (Room 207B),FOUNDATIONS OF MATH AND PRE-CALCULUS 10 HONOURS (Room 214),EFP WRITING 10 (Room A-7),Information and Communications Technologies 10 (Room 114),PHYSICAL AND HEALTH EDUCATION 10 (Room Gym),VISUAL ARTS: PHOTOGRAPHY 10 (Room 113),SCIENCE 10 (Room 227)
1641,LEARNING STRATEGIES 10 (Room 109),SOCIAL STUDIES 10 (Room 207B),PHYSICAL AND HEALTH EDUCATION 10 Boys (Room Gym),SCIENCE 10 (Room 225),VISUAL ARTS: ART STUDIO 10 (Room 116),EFP WRITING 10 (Room 207B),OUTDOOR EDUCATION 10 (Room _CHECK THIS THING IDK),FOUNDATIONS OF MATH AND PRE-CALCULUS 10 (Room 220)
1642,ADST – MEDIA DESIGN 10 (Room 114),SCIENCE 10 (Room 211),FOUNDATIONS OF MATH AND PRE-CALCULUS 10 HONOURS (Room 214),CAREER LIFE EDUCATION 10 (Room 104),PHYSICAL AND HEALTH EDUCATION 10 Girls (Room Gym),EFP WRITING 10 (Room 207B),SOCIAL STUDIES 10 (Room 205B),COMPUTER SCIENCE 11 (Room 203)
1643,SCIENCE 10: CHALLENGE (Room 223),FOUNDATIONS OF MATH AND PRE-CALCULUS 10 CHALLENGE (Room 106),PHYSICAL AND HEALTH EDUCATION 10 Boys (Room Gym),SOCIAL STUDIES 10 CHALLENGE (Room 121),COMPOSITION 10 Challenge (Room 207A),ADST-Technology Explorations 10 (Room 105),ADST – ENTREPRENEURSHIP AND MARKETING 10 (Room 222),unassigned
1644,COMPUTER SCIENCE 11 (Room 203),FOUNDATIONS OF MATH AND PRE-CALCULUS 10 CHALLENGE (Room 106),PHYSICAL AND HEALTH EDUCATION 10 Boys (Room Gym),SCIENCE 10: CHALLENGE (Room 216),SOCIAL STUDIES 10 CHALLENGE (Room 121),FRENCH 10 (Room A-3),COMPOSITION 10 Challenge (Room A-6),ADST – POWER TECHNOLOGY 10 (Room 103)
1645,COMPUTER SCIENCE 11 (Room 203),VISUAL ARTS: PHOTOGRAPHY 10 (Room 113),PHYSICAL AND HEALTH EDUCATION 10 Boys (Room Gym),SOCIAL STUDIES 10 (Room 205A),SCIENCE 10 (Room 216),EFP WRITING 10 (Room A-7),COMPUTER PROGRAMMING 11 AI and (Room 203),CAREER LIFE EDUCATION 10 (Room 201)
1646,COMPUTER SCIENCE 11 (Room 203),FOUNDATIONS OF MATH AND PRE-CALCULUS 10 CHALLENGE (Room 106),PHYSICAL AND HEALTH EDUCATION 10 Boys (Room Gym),SCIENCE 10: CHALLENGE (Room 216),SOCIAL STUDIES 10 CHALLENGE (Room 121),ADST-Technology Explorations 10 (Room 105),COMPOSITION 10 Challenge (Room A-6),ADST – POWER TECHNOLOGY 10 (Room 103)
1647,SCIENCE 10: CHALLENGE (Room 223),PHYSICAL AND HEALTH EDUCATION 10 LINEAR (Room Gym),ADST-Technology Explorations 10 (Room 105),SOCIAL STUDIES 10 CHALLENGE (Room 121),COMPOSITION 10 Challenge (Room 207A),unassigned,FOUNDATIONS OF MATH AND PRE-CALCULUS 10 CHALLENGE (Room 106),PHYSICAL AND HEALTH EDUCATION 10 LINEAR (Room Gym)
1648,SCIENCE 10: CHALLENGE (Room 223),FOUNDATIONS OF MATH AND PRE-CALCULUS 10 CHALLENGE (Room 106),PHYSICAL AND HEALTH EDUCATION 10 Boys (Room Gym),SOCIAL STUDIES 10 CHALLENGE (Room 121),ACCOUNTING 11 (Room 206),Information and Communications Technologies 10 (Room 114),COMPOSITION 10 Challenge (Room A-6),COMPUTER SCIENCE 11 (Room 203)
1649,COMPOSITION 10 (Room 205B),PHYSICAL AND HEALTH EDUCATION 10 LINEAR (Room Gym),ADST – FOOD STUDIES 10 (Room 206),MARKETING AND PROMOTION 11 (Room 107),ACCOUNTING 11 (Room 206),SCIENCE 10 (Room 225),SOCIAL STUDIES 10 (Room 205B),PHYSICAL AND HEALTH EDUCATION 10 LINEAR (Room Gym)
1650,WORKPLACE MATHEMATICS 10 (Room 210),LEARNING STRATEGIES 10 LINEAR (Room 108),COMPOSITION 10 (Room 122),SCIENCE 10 (Room 211),PHYSICAL AND HEALTH EDUCATION 10 Girls (Room Gym),SOCIAL STUDIES 10 (Room 222),unassigned,LEARNING STRATEGIES 10 LINEAR (Room 108)
1651,SOCIAL STUDIES 10 (Room 207A),Information and Communications Technologies 10 (Room 203),ADST – FOOD STUDIES 10 (Room 206),EFP WRITING 10 (Room A-7),ACCOUNTING 11 (Room 206),FOUNDATIONS OF MATH AND PRE-CALCULUS 10 (Room 214),PHYSICAL AND HEALTH EDUCATION 10 Girls (Room Gym),SCIENCE 10 (Room 227)
1652,unassigned,SCIENCE 10 (Room 211),COMPOSITION 10 (Room 122),unassigned,unassigned,FOUNDATIONS OF MATH AND PRE-CALCULUS 10 (Room 214),SOCIAL STUDIES 10 (Room 205A),unassigned
1653,ADST – MEDIA DESIGN 10 (Room 114),EFP WRITING 10 (Room 205B),ADST – FOOD STUDIES 10 (Room 206),SOCIAL STUDIES 10 (Room 205A),ACCOUNTING 11 (Room 206),FRENCH 12 (Room 122),PHYSICAL AND HEALTH EDUCATION 10 Girls (Room Gym),SCIENCE 10 (Room 227)
1654,SPANISH 10 (Room 205A),SCIENCE 10 (Room 211),ADST – FOOD STUDIES 10 (Room 206),CAREER LIFE EDUCATION 10 (Room 104),PHYSICAL AND HEALTH EDUCATION 10 Girls (Room Gym),EFP WRITING 10 (Room 207B),SOCIAL STUDIES 10 (Room 205B),FOUNDATIONS OF MATH AND PRE-CALCULUS 10 (Room 220)
1655,COMPOSITION 10 (Room 205B),LEARNING STRATEGIES 10 (Room 108),PHYSICAL AND HEALTH EDUCATION 10 Boys (Room Gym),SCIENCE 10 (Room 211),Information and Communications Technologies 10 (Room 114),SOCIAL STUDIES 10 (Room 107),ADST-Technology Explorations 10 (Room 104),FOUNDATIONS OF MATH AND PRE-CALCULUS 10 (Room 220)
1656,COMPUTER SCIENCE 11 (Room 203),Information and Communications Technologies 10 (Room 203),PHYSICAL AND HEALTH EDUCATION 10 Boys (Room Gym),ADST-Technology Explorations 10 (Room 105),SCIENCE 10 (Room 216),SOCIAL STUDIES 10 (Room 222),ADST – DRAFTING 10 (Room 105),COMPOSITION 10 (Room 205B)
1657,DANCE FOUNDATIONS 10 (Room Studio),FOUNDATIONS OF MATH AND PRE-CALCULUS 10 CHALLENGE (Room 106),unassigned,SCIENCE 10: CHALLENGE (Room 216),SOCIAL STUDIES 10 CHALLENGE (Room 121),Information and Communications Technologies 10 (Room 114),COMPOSITION 10 Challenge (Room A-6),unassigned
1658,COMPOSITION 10 (Room 205B),SCIENCE 10 (Room 211),3D ANIMATION 12 (Room 114),SOCIAL STUDIES 10 (Room 205A),PHYSICAL AND HEALTH EDUCATION 10 Girls (Room Gym),FRENCH 10 (Room A-3),ADST – DRAFTING 10 (Room 105),FOUNDATIONS OF MATH AND PRE-CALCULUS 10 (Room 220)
1659,WORKPLACE MATHEMATICS 10 (Room 210),EFP WRITING 10 (Room 205B),ACCOUNTING 11 (Room 206),INTRODUCTORY SPANISH 11 (Room A-3),PHYSICAL AND HEALTH EDUCATION 10 Girls (Room Gym),SCIENCE 10 (Room 225),SOCIAL STUDIES 10 (Room 205B),unassigned
1660,WORKPLACE MATHEMATICS 10 (Room 210),VISUAL ARTS: PHOTOGRAPHY 10 (Room 113),COMPOSITION 10 (Room 122),SOCIAL STUDIES 10 (Room 205A),ADST – DRAFTING 10 (Room 105),SCIENCE 10 (Room 225),VISUAL ARTS: ART STUDIO 10 (Room 116),INSTRUMENTAL MUSIC: GUITAR 10 (Room NO ROOM FOUND)
1661,COMPUTER SCIENCE 11 (Room 203),CAREER LIFE EDUCATION 10 (Room 201),PHYSICAL AND HEALTH EDUCATION 10 Boys (Room Gym),SCIENCE 10 (Room 211),EFP WRITING 10 (Room 122),ADST-Technology Explorations 10 (Room 105),SOCIAL STUDIES 10 (Room 205A),ADST – ELECTRONICS AND ROBOTICS 10 (Room 104)
1662,WORKPLACE MATHEMATICS 10 (Room 210),LEARNING STRATEGIES 10 (Room 108),PHYSICAL AND HEALTH EDUCATION 10 Football (Room Gym),ADST – POWER TECHNOLOGY 10 (Room 103),CROSS TRAINING 10 (Room 120),SCIENCE 10 (Room 225),SOCIAL STUDIES 10 (Room 205B),COMPOSITION 10 (Room 205B)
1663,COMPOSITION 10 (Room 205B),SOCIAL STUDIES 10 (Room 207B),ADST – FOOD STUDIES 10 (Room 206),Information and Communications Technologies 10 (Room 203),ACCOUNTING 11 (Room 206),ACTIVE LIVING 11 Girls (Room Gym),SCIENCE 10 (Room 227),FOUNDATIONS OF MATH AND PRE-CALCULUS 10 (Room 220)
1664,unassigned,Information and Communications Technologies 10 (Room 203),FOUNDATIONS OF MATH AND PRE-CALCULUS 10 HONOURS (Room 214),SCIENCE 10 (Room 225),ADST – DRAFTING 10 (Room 105),PHYSICAL AND HEALTH EDUCATION 10 (Room Gym),SOCIAL STUDIES 10 (Room 205A),COMPOSITION 10 (Room 205B)
1665,ADST-Technology Explorations 10 (Room 104),FOUNDATIONS OF MATH AND PRE-CALCULUS 10 (Room 214),PHYSICAL AND HEALTH EDUCATION 10 Boys (Room Gym),ADST – POWER TECHNOLOGY 10 (Room 103),SCIENCE 10 (Room 216),EFP WRITING 10 (Room 207B),SOCIAL STUDIES 10 (Room 205A),ADST – WOODWORK 10 (Room 101)
1666,unassigned,FOUNDATIONS OF MATH AND PRE-CALCULUS 10 CHALLENGE (Room 106),unassigned,SCIENCE 10: CHALLENGE (Room 216),SOCIAL STUDIES 10 CHALLENGE (Room 121),PHYSICAL AND HEALTH EDUCATION 10 (Room Gym),COMPOSITION 10 Challenge (Room A-6),INSTRUMENTAL MUSIC: GUITAR 10 (Room NO ROOM FOUND)
1667,SPANISH 10 (Room 205A),FOUNDATIONS OF MATH AND PRE-CALCULUS 10 CHALLENGE (Room 106),PHYSICAL AND HEALTH EDUCATION 10 Boys (Room Gym),SCIENCE 10: CHALLENGE (Room 216),SOCIAL STUDIES 10 CHALLENGE (Room 121),unassigned,COMPOSITION 10 Challenge (Room A-6),COMPUTER SCIENCE 11 (Room 203)
1668,COMPUTER SCIENCE 11 (Room 203),FOUNDATIONS OF MATH AND PRE-CALCULUS 10 (Room 214),PHYSICAL AND HEALTH EDUCATION 10 Boys (Room Gym),SCIENCE 10 (Room 225),ACCOUNTING 11 (Room 206),Information and Communications Technologies 10 (Room 114),SOCIAL STUDIES 10 (Room 205B),INSTRUMENTAL MUSIC: GUITAR 10 (Room NO ROOM FOUND)
1669,SCIENCE 10: CHALLENGE (Room 223),VISUAL ARTS: PHOTOGRAPHY 10 (Room 113),ADST-Technology Explorations 10 (Room 105),SOCIAL STUDIES 10 CHALLENGE (Room 121),COMPOSITION 10 Challenge (Room 207A),unassigned,FOUNDATIONS OF MATH AND PRE-CALCULUS 10 CHALLENGE (Room 106),ADST – ELECTRONICS AND ROBOTICS 10 (Room 104)
1670,SPANISH 10 (Room 205A),PHYSICAL AND HEALTH EDUCATION 10 LINEAR (Room Gym),FOUNDATIONS OF MATH AND PRE-CALCULUS 10 (Room 106),SCIENCE 10 (Room 225),EFP WRITING 10 (Room 122),LIFE SCIENCES 11 (Room 219),SOCIAL STUDIES 10 (Room 205B),PHYSICAL AND HEALTH EDUCATION 10 LINEAR (Room Gym)
1671,SPANISH 10 (Room 205A),PHYSICAL AND HEALTH EDUCATION 10 LINEAR (Room Gym),FOUNDATIONS OF MATH AND PRE-CALCULUS 10 (Room 106),ADST – POWER TECHNOLOGY 10 (Room 103),EFP WRITING 10 (Room 122),SCIENCE 10 (Room 225),SOCIAL STUDIES 10 (Room 205B),PHYSICAL AND HEALTH EDUCATION 10 LINEAR (Room Gym)
1672,unassigned,unassigned,COMPOSITION 10 (Room 122),SOCIAL STUDIES 10 (Room 205A),unassigned,DRAMA 10 (Room A-1),unassigned,TEXTILES 10 (Room A-7)
1673,WORKPLACE MATHEMATICS 10 (Room 210),EFP WRITING 10 (Room 205B),PHYSICAL AND HEALTH EDUCATION 10 Football (Room Gym),ADST – POWER TECHNOLOGY 10 (Room 103),CROSS TRAINING 10 (Room 120),SCIENCE 10 (Room 225),SOCIAL STUDIES 10 (Room 205B),ADST – WOODWORK 10 (Room 101)
1674,ADST – MEDIA DESIGN 10 (Room 114),SOCIAL STUDIES 10 (Room 207B),FOUNDATIONS OF MATH AND PRE-CALCULUS 10 (Room 106),EFP WRITING 10 (Room A-7),SCIENCE 10 (Room 216),PHYSICAL AND HEALTH EDUCATION 10 (Room Gym),VISUAL ARTS: PHOTOGRAPHY 10 (Room 113),INSTRUMENTAL MUSIC: GUITAR 10 (Room NO ROOM FOUND)
1675,SOCIAL STUDIES 10 (Room 207A),EFP WRITING 10 (Room 205B),ADST – FOOD STUDIES 10 (Room 206),MARKETING AND PROMOTION 11 (Room 107),PHYSICAL AND HEALTH EDUCATION 10 Girls (Room Gym),SCIENCE 10 (Room 225),INTRODUCTORY SPANISH 11 (Room A-3),FRENCH 9 (Room 209)
1676,LEARNING STRATEGIES 10 (Room 109),PHYSICAL AND HEALTH EDUCATION 10 LINEAR (Room Gym),FOUNDATIONS OF MATH AND PRE-CALCULUS 10 (Room 106),EFP WRITING 10 (Room A-7),SCIENCE 10 (Room 216),SOCIAL STUDIES 10 (Room 107),TEXTILES 10 (Room A-7),PHYSICAL AND HEALTH EDUCATION 10 LINEAR (Room Gym)
1677,ADST-Technology Explorations 10 (Room 104),FOUNDATIONS OF MATH AND PRE-CALCULUS 10 (Room 214),PHYSICAL AND HEALTH EDUCATION 10 Boys (Room Gym),SOCIAL STUDIES 10 (Room 205A),SCIENCE 10 (Room 216),EFP WRITING 10 (Room 207B),OUTDOOR EDUCATION 10 (Room _CHECK THIS THING IDK),ADST – POWER TECHNOLOGY 10 (Room 103)
1678,SCIENCE 10: CHALLENGE (Room 223),Information and Communications Technologies 10 (Room 203),unassigned,SOCIAL STUDIES 10 CHALLENGE (Room 121),COMPOSITION 10 Challenge (Room 207A),PHYSICAL AND HEALTH EDUCATION 10 (Room Gym),FOUNDATIONS OF MATH AND PRE-CALCULUS 10 CHALLENGE (Room 106),INSTRUMENTAL MUSIC: GUITAR 10 (Room NO ROOM FOUND)
1679,COMPUTER SCIENCE 11 (Room 203),FOUNDATIONS OF MATH AND PRE-CALCULUS 10 CHALLENGE (Room 106),3D ANIMATION 12 (Room 114),SCIENCE 10: CHALLENGE (Room 216),SOCIAL STUDIES 10 CHALLENGE (Room 121),PHYSICAL AND HEALTH EDUCATION 10 (Room Gym),COMPOSITION 10 Challenge (Room A-6),FRENCH 10 (Room 209)
1680,SPANISH 10 (Room 205A),VISUAL ARTS: PHOTOGRAPHY 10 (Room 113),ADST – FOOD STUDIES 10 (Room 206),SOCIAL STUDIES 10 (Room 205A),PHYSICAL AND HEALTH EDUCATION 10 Girls (Room Gym),EFP WRITING 10 (Room A-7),ADST – DRAFTING 10 (Room 105),FOUNDATIONS OF MATH AND PRE-CALCULUS 10 (Room 220)
1681,unassigned,FOUNDATIONS OF MATH AND PRE-CALCULUS 10 CHALLENGE (Room 106),unassigned,SCIENCE 10: CHALLENGE (Room 216),SOCIAL STUDIES 10 CHALLENGE (Room 121),PHYSICAL AND HEALTH EDUCATION 10 (Room Gym),COMPOSITION 10 Challenge (Room A-6),ADST – DRAFTING 10 (Room 105)
1682,ADST – MEDIA DESIGN 10 (Room 114),EFP WRITING 10 (Room 205B),FOUNDATIONS OF MATH AND PRE-CALCULUS 10 (Room 106),ADST – ENTREPRENEURSHIP AND MARKETING 10 (Room 123),PHYSICAL AND HEALTH EDUCATION 10 Girls (Room Gym),SCIENCE 10 (Room 225),SOCIAL STUDIES 10 (Room 205A),TEXTILES 10 (Room A-7)
1683,COMPOSITION 10 (Room 205B),VISUAL ARTS: ART STUDIO 10 (Room 116),ADST – FOOD STUDIES 10 (Room 206),SCIENCE 10 (Room 211),PHYSICAL AND HEALTH EDUCATION 10 Girls (Room Gym),SOCIAL STUDIES 10 (Room 107),VISUAL ARTS: PHOTOGRAPHY 10 (Room 113),FOUNDATIONS OF MATH AND PRE-CALCULUS 10 (Room 220)
1684,COMPOSITION 10 (Room 205B),SOCIAL STUDIES 10 (Room 207B),PHYSICAL AND HEALTH EDUCATION 10 Boys (Room Gym),ADST – POWER TECHNOLOGY 10 (Room 103),SCIENCE 10 (Room 216),FRENCH 10 (Room A-3),OUTDOOR EDUCATION 10 (Room _CHECK THIS THING IDK),FOUNDATIONS OF MATH AND PRE-CALCULUS 10 (Room 220)
1685,WORKPLACE MATHEMATICS 11 (Room 123),SCIENCE 10 (Room 211),PHYSICAL AND HEALTH EDUCATION 10 Football (Room Gym),ADST – MEDIA DESIGN 10 (Room 114),CROSS TRAINING 10 (Room 120),SOCIAL STUDIES 10 (Room 107),VISUAL ARTS: PHOTOGRAPHY 10 (Room 113),COMPOSITION 10 (Room 205B)
1686,ADST – MEDIA DESIGN 10 (Room 114),FOUNDATIONS OF MATH AND PRE-CALCULUS 10 CHALLENGE (Room 106),3D ANIMATION 12 (Room 114),SCIENCE 10: CHALLENGE (Room 216),SOCIAL STUDIES 10 CHALLENGE (Room 121),PHYSICAL AND HEALTH EDUCATION 10 (Room Gym),COMPOSITION 10 Challenge (Room A-6),TEXTILES 10 (Room A-7)
1687,SOCIAL STUDIES 10 (Room 207A),SCIENCE 10 (Room 211),PHYSICAL AND HEALTH EDUCATION 10 Football (Room Gym),EFP WRITING 10 (Room A-7),CROSS TRAINING 10 (Room 120),FOUNDATIONS OF MATH AND PRE-CALCULUS 10 (Room 214),SPANISH 9 (Room A-3),ADST – POWER TECHNOLOGY 10 (Room 103)
1688,SCIENCE 10: CHALLENGE (Room 223),PHYSICAL AND HEALTH EDUCATION 10 LINEAR (Room Gym),3D ANIMATION 12 (Room 114),SOCIAL STUDIES 10 CHALLENGE (Room 121),COMPOSITION 10 Challenge (Room 207A),ADST-Technology Explorations 10 (Room 105),FOUNDATIONS OF MATH AND PRE-CALCULUS 10 CHALLENGE (Room 106),PHYSICAL AND HEALTH EDUCATION 10 LINEAR (Room Gym)
1689,unassigned,FOUNDATIONS OF MATH AND PRE-CALCULUS 10 (Room 214),PHYSICAL AND HEALTH EDUCATION 10 Boys (Room Gym),SCIENCE 10 (Room 225),COMPUTER SCIENCE 11 (Room 203),EFP WRITING 10 (Room 207B),ADST-Technology Explorations 10 (Room 104),INSTRUMENTAL MUSIC: GUITAR 10 (Room NO ROOM FOUND)
1690,WORKPLACE MATHEMATICS 10 (Room 210),SOCIAL STUDIES 10 (Room 207B),PHYSICAL AND HEALTH EDUCATION 10 Boys (Room Gym),ADST – MEDIA DESIGN 10 (Room 114),unassigned,SCIENCE 10 (Room 225),VISUAL ARTS: PHOTOGRAPHY 10 (Room 113),COMPOSITION 10 (Room 205B)
1691,DANCE FOUNDATIONS 10 (Room Studio),FOUNDATIONS OF MATH AND PRE-CALCULUS 10 (Room 214),ADST – FOOD STUDIES 10 (Room 206),SOCIAL STUDIES 10 (Room 205A),PHYSICAL AND HEALTH EDUCATION 10 Girls (Room Gym),FRENCH 10 (Room A-3),SCIENCE 10 (Room 227),COMPOSITION 10 (Room 205B)
1692,SPANISH 10 (Room 205A),FOUNDATIONS OF MATH AND PRE-CALCULUS 10 (Room 214),PHYSICAL AND HEALTH EDUCATION 10 Boys (Room Gym),ADST – MEDIA DESIGN 10 (Room 114),SCIENCE 10 (Room 216),SOCIAL STUDIES 10 (Room 107),VISUAL ARTS: PHOTOGRAPHY 10 (Room 113),COMPOSITION 10 (Room 205B)
1693,ADST – DRAFTING 10 (Room 105),SCIENCE 10 (Room 211),SCIENCE 9 (Room 216),EFP WRITING 10 (Room A-7),PHYSICAL AND HEALTH EDUCATION 10 Girls (Room Gym),SOCIAL STUDIES 10 (Room 222),TEXTILES 10 (Room A-7),FOUNDATIONS OF MATH AND PRE-CALCULUS 10 (Room 220)
1694,SOCIAL STUDIES 10 (Room 207A),SCIENCE 10 (Room 211),ADST – FOOD STUDIES 10 (Room 206),EFP WRITING 10 (Room A-7),PHYSICAL AND HEALTH EDUCATION 10 Girls (Room Gym),FOUNDATIONS OF MATH AND PRE-CALCULUS 10 (Room 214),VISUAL ARTS: PHOTOGRAPHY 10 (Room 113),INSTRUMENTAL MUSIC: GUITAR 10 (Room NO ROOM FOUND)
1695,DANCE FOUNDATIONS 10 (Room Studio),SOCIAL STUDIES 10 (Room 207B),ADST – FOOD STUDIES 10 (Room 206),SCIENCE 10 (Room 225),EFP WRITING 10 (Room 122),PHYSICAL AND HEALTH EDUCATION 10 (Room Gym),TEXTILES 10 (Room A-7),FOUNDATIONS OF MATH AND PRE-CALCULUS 10 (Room 220)
1696,COMPOSITION 10 (Room 205B),VISUAL ARTS: ART STUDIO 10 (Room 116),PHYSICAL AND HEALTH EDUCATION 10 Boys (Room Gym),SCIENCE 10 (Room 225),ACCOUNTING 11 (Room 206),FOUNDATIONS OF MATH AND PRE-CALCULUS 10 (Room 214),SOCIAL STUDIES 10 (Room 205B),ADST – POWER TECHNOLOGY 10 (Room 103)
1697,COMPOSITION 10 (Room 205B),VISUAL ARTS: PHOTOGRAPHY 10 (Room 113),FOUNDATIONS OF MATH AND PRE-CALCULUS 10 (Room 106),SOCIAL STUDIES 10 (Room 205A),PHYSICAL AND HEALTH EDUCATION 10 Girls (Room Gym),YOGA FOR MINDFULNESS 10 (Room Gym),OUTDOOR EDUCATION 10 (Room _CHECK THIS THING IDK),SCIENCE 10 (Room 227)
1698,unassigned,PRE-CALCULUS 11 (Room 212),ACCOUNTING 11 (Room 206),SCIENCE 10 (Room 225),PHYSICS 11 (Room 223),unassigned,INTRODUCTORY SPANISH 11 (Room A-3),unassigned
1699,unassigned,SOCIAL STUDIES 10 (Room 207B),PHYSICAL AND HEALTH EDUCATION 10 Boys (Room Gym),EFP WRITING 10 (Room A-7),Information and Communications Technologies 10 (Room 114),DRAMA 10 (Room A-1),OUTDOOR EDUCATION 10 (Room _CHECK THIS THING IDK),FOUNDATIONS OF MATH AND PRE-CALCULUS 10 (Room 220)
1700,COMPOSITION 10 (Room 205B),unassigned,FOUNDATIONS OF MATH AND PRE-CALCULUS 10 (Room 106),SCIENCE 10 (Room 225),unassigned,SOCIAL STUDIES 10 (Room 107),unassigned,unassigned
1701,unassigned,FOUNDATIONS OF MATH AND PRE-CALCULUS 10 (Room 214),PHYSICAL AND HEALTH EDUCATION 10 Boys (Room Gym),ADST – POWER TECHNOLOGY 10 (Room 103),EFP WRITING 10 (Room 122),FRENCH 10 (Room A-3),SOCIAL STUDIES 10 (Room 205A),SCIENCE 10 (Room 227)
1702,SCIENCE 10: CHALLENGE (Room 223),FOUNDATIONS OF MATH AND PRE-CALCULUS 10 CHALLENGE (Room 106),ADST-Technology Explorations 10 (Room 105),SOCIAL STUDIES 10 CHALLENGE (Room 121),COMPOSITION 10 Challenge (Room 207A),PHYSICAL AND HEALTH EDUCATION 10 (Room Gym),COMPUTER PROGRAMMING 11 AI and (Room 203),ADST – DRAFTING 10 (Room 105)
1703,WORKPLACE MATHEMATICS 10 (Room 210),SOCIAL STUDIES 10 (Room 207B),PHYSICAL AND HEALTH EDUCATION 10 Football (Room Gym),ADST – POWER TECHNOLOGY 10 (Room 103),CROSS TRAINING 10 (Room 120),YOGA FOR MINDFULNESS 10 (Room Gym),SCIENCE 10 (Room 227),COMPOSITION 10 (Room 205B)
1704,SOCIAL STUDIES 10 (Room 207A),EFP WRITING 10 (Room 205B),FOUNDATIONS OF MATH AND PRE-CALCULUS 10 HONOURS (Room 214),ADST – POWER TECHNOLOGY 10 (Room 103),FRENCH 12 (Room 208),SCIENCE 10 (Room 225),COMPUTER PROGRAMMING 11 AI and (Room 203),TEXTILES 10 (Room A-7)
1705,SPANISH 10 (Room 205A),FOUNDATIONS OF MATH AND PRE-CALCULUS 10 CHALLENGE (Room 106),ADST-Technology Explorations 10 (Room 105),SCIENCE 10: CHALLENGE (Room 216),SOCIAL STUDIES 10 CHALLENGE (Room 121),unassigned,COMPOSITION 10 Challenge (Room A-6),COMPUTER SCIENCE 11 (Room 203)
1706,ADST – MEDIA DESIGN 10 (Room 114),EFP WRITING 10 (Room 205B),FOUNDATIONS OF MATH AND PRE-CALCULUS 10 HONOURS (Room 214),SCIENCE 10 (Room 211),FRENCH 12 (Room 208),SOCIAL STUDIES 10 (Room 222),PHYSICAL AND HEALTH EDUCATION 10 Girls (Room Gym),ADST – POWER TECHNOLOGY 10 (Room 103)
1707,WORKPLACE MATHEMATICS 10 (Room 210),FOUNDATIONS OF MATH AND PRE-CALCULUS 10 (Room 214),ADST – FOOD STUDIES 10 (Room 206),SOCIAL STUDIES 10 (Room 205A),EFP WRITING 10 (Room 122),PHYSICAL AND HEALTH EDUCATION 10 (Room Gym),TEXTILES 10 (Room A-7),SCIENCE 10 (Room 227)
1708,unassigned,PRE-CALCULUS 11 (Room 220),3D ANIMATION 12 (Room 114),SCIENCE 10: CHALLENGE (Room 216),SOCIAL STUDIES 10 CHALLENGE (Room 121),PHYSICAL AND HEALTH EDUCATION 10 (Room Gym),COMPOSITION 10 Challenge (Room A-6),unassigned
1709,SOCIAL STUDIES 10 (Room 207A),Information and Communications Technologies 10 (Room 203),FOUNDATIONS OF MATH AND PRE-CALCULUS 10 HONOURS (Room 214),DANCE TECHNIQUE AND PERFORMANCE 10 (Room Studio),PHYSICAL AND HEALTH EDUCATION 10 Girls (Room Gym),FRENCH 10 (Room A-3),ADST – DRAFTING 10 (Room 105),SCIENCE 10 (Room 227)
1710,ADST – MEDIA DESIGN 10 (Room 114),PHYSICAL AND HEALTH EDUCATION 10 LINEAR (Room Gym),FOUNDATIONS OF MATH AND PRE-CALCULUS 10 (Room 106),EFP WRITING 10 (Room A-7),SCIENCE 10 (Room 216),SOCIAL STUDIES 10 (Room 222),ADST-Technology Explorations 10 (Room 104),PHYSICAL AND HEALTH EDUCATION 10 LINEAR (Room Gym)
1711,LEARNING STRATEGIES 10 (Room 109),FOUNDATIONS OF MATH AND PRE-CALCULUS 10 (Room 214),ADST – FOOD STUDIES 10 (Room 206),EFP WRITING 10 (Room A-7),PHYSICAL AND HEALTH EDUCATION 10 Girls (Room Gym),SOCIAL STUDIES 10 (Room 107),VISUAL ARTS: ART STUDIO 10 (Room 116),SCIENCE 10 (Room 227)
1712,unassigned,FOUNDATIONS OF MATH AND PRE-CALCULUS 10 (Room 214),ADST – FOOD STUDIES 10 (Room 206),SCIENCE 10 (Room 225),VISUAL ARTS: ART STUDIO 10 (Room 116),EFP WRITING 10 (Room 207B),SOCIAL STUDIES 10 (Room 205A),unassigned
1713,SPANISH 10 (Room 205A),unassigned,COMPOSITION 10 (Room 122),unassigned,unassigned,DRAMA 10 (Room A-1),TEXTILES 10 (Room A-7),unassigned
1714,SOCIAL STUDIES 10 (Room 207A),SCIENCE 10 (Room 211),ADST – FOOD STUDIES 10 (Room 206),ADST – POWER TECHNOLOGY 10 (Room 103),FRENCH 12 (Room 208),EFP WRITING 10 (Room A-7),PHYSICAL AND HEALTH EDUCATION 10 Girls (Room Gym),FOUNDATIONS OF MATH AND PRE-CALCULUS 10 (Room 220)
1715,WORKPLACE MATHEMATICS 10 (Room 210),LEARNING STRATEGIES 10 (Room 108),SCIENCE 9 (Room 216),SCIENCE 10 (Room 211),EFP WRITING 10 (Room 122),SOCIAL STUDIES 10 (Room 107),PHYSICAL AND HEALTH EDUCATION 10 Girls (Room Gym),TEXTILES 10 (Room A-7)
1716,BEGINNERS ELL 10 (Room A-6),FOUNDATIONS OF MATH AND PRE-CALCULUS 10 (Room 214),ADST – FOOD STUDIES 10 (Room 206),SOCIAL STUDIES 10 (Room 205A),SCIENCE 10 (Room 216),PHYSICAL AND HEALTH EDUCATION 10 (Room Gym),OUTDOOR EDUCATION 10 (Room _CHECK THIS THING IDK),COMPOSITION 10 (Room 205B)
1717,SOCIAL STUDIES 10 (Room 207A),EFP WRITING 10 (Room 205B),FRENCH 10 (Room 207B),SCIENCE 10 (Room 225),Information and Communications Technologies 10 (Room 114),PHYSICAL AND HEALTH EDUCATION 10 (Room Gym),ADST-Technology Explorations 10 (Room 104),FOUNDATIONS OF MATH AND PRE-CALCULUS 10 (Room 220)
1718,unassigned,FOUNDATIONS OF MATH AND PRE-CALCULUS 10 (Room 214),ADST – FOOD STUDIES 10 (Room 206),ADST-Technology Explorations 10 (Room 105),EFP WRITING 10 (Room 122),SOCIAL STUDIES 10 (Room 222),OUTDOOR EDUCATION 10 (Room _CHECK THIS THING IDK),SCIENCE 10 (Room 227)
1719,SOCIAL STUDIES 10 (Room 207A),VISUAL ARTS: PHOTOGRAPHY 10 (Room 113),ADST – FOOD STUDIES 10 (Room 206),SCIENCE 10 (Room 225),ACCOUNTING 11 (Room 206),EFP WRITING 10 (Room A-7),PHYSICAL AND HEALTH EDUCATION 10 Girls (Room Gym),FRENCH 10 (Room 209)
1720,SCIENCE 10: CHALLENGE (Room 223),PHYSICAL AND HEALTH EDUCATION 10 LINEAR (Room Gym),unassigned,DANCE TECHNIQUE AND PERFORMANCE 10 (Room Studio),SOCIAL STUDIES 10 CHALLENGE (Room 121),unassigned,FOUNDATIONS OF MATH AND PRE-CALCULUS 10 CHALLENGE (Room 106),PHYSICAL AND HEALTH EDUCATION 10 LINEAR (Room Gym)
1721,unassigned,EFP WRITING 10 (Room 205B),PHYSICAL AND HEALTH EDUCATION 10 Boys (Room Gym),ADST-Technology Explorations 10 (Room 105),unassigned,SOCIAL STUDIES 10 (Room 107),SCIENCE 10 (Room 227),FOUNDATIONS OF MATH AND PRE-CALCULUS 10 (Room 220)
1722,unassigned,PHYSICAL AND HEALTH EDUCATION 10 LINEAR (Room Gym),FOUNDATIONS OF MATH AND PRE-CALCULUS 10 (Room 106),EFP WRITING 10 (Room A-7),VISUAL ARTS: ART STUDIO 10 (Room 116),SOCIAL STUDIES 10 (Room 107),SCIENCE 10 (Room 227),PHYSICAL AND HEALTH EDUCATION 10 LINEAR (Room Gym)
1723,SOCIAL STUDIES 10 (Room 207A),PHYSICAL AND HEALTH EDUCATION 10 LINEAR (Room Gym),FOUNDATIONS OF MATH AND PRE-CALCULUS 10 HONOURS (Room 214),ADST – MEDIA DESIGN 10 (Room 114),ADST – DRAFTING 10 (Room 105),EFP WRITING 10 (Room 207B),SCIENCE 10 (Room 227),PHYSICAL AND HEALTH EDUCATION 10 LINEAR (Room Gym)
1724,ADST – MEDIA DESIGN 10 (Room 114),PHYSICAL AND HEALTH EDUCATION 10 LINEAR (Room Gym),FOUNDATIONS OF MATH AND PRE-CALCULUS 10 (Room 106),SCIENCE 10 (Room 225),EFP WRITING 10 (Room 122),FRENCH 10 (Room A-3),SOCIAL STUDIES 10 (Room 205A),PHYSICAL AND HEALTH EDUCATION 10 LINEAR (Room Gym)
1725,SOCIAL STUDIES 10 (Room 207A),FOUNDATIONS OF MATH AND PRE-CALCULUS 10 (Room 214),ADST – FOOD STUDIES 10 (Room 206),SCIENCE 10 (Room 225),VISUAL ARTS: ART STUDIO 10 (Room 116),ACTIVE LIVING 11 Girls (Room Gym),ADST – ENTREPRENEURSHIP AND MARKETING 10 (Room 222),COMPOSITION 10 (Room 205B)
1726,SPANISH 10 (Room 205A),MATHEMATICS 9 (Room 210),FRENCH 9 (Room 207B),EFP WRITING 10 (Room A-7),SCIENCE 10 (Room 216),PHYSICAL AND HEALTH EDUCATION 10 (Room Gym),SOCIAL STUDIES 10 (Room 205A),FOUNDATIONS OF MATH AND PRE-CALCULUS 10 (Room 220)
1727,unassigned,FOUNDATIONS OF MATH AND PRE-CALCULUS 10 CHALLENGE (Room 106),ACCOUNTING 11 (Room 206),SCIENCE 10: CHALLENGE (Room 216),SOCIAL STUDIES 10 CHALLENGE (Room 121),unassigned,COMPOSITION 10 Challenge (Room A-6),ADST – DRAFTING 10 (Room 105)
1728,DANCE FOUNDATIONS 10 (Room Studio),EFP WRITING 10 (Room 205B),ADST – FOOD STUDIES 10 (Room 206),SCIENCE 10 (Room 211),PHYSICAL AND HEALTH EDUCATION 10 Girls (Room Gym),FOUNDATIONS OF MATH AND PRE-CALCULUS 10 (Room 214),SOCIAL STUDIES 10 (Room 205A),TEXTILES 10 (Room A-7)
1729,BEGINNERS ELL 10 (Room A-6),VISUAL ARTS: PHOTOGRAPHY 10 (Room 113),PHYSICAL AND HEALTH EDUCATION 10 Boys (Room Gym),SCIENCE 10 (Room 225),unassigned,FOUNDATIONS OF MATH AND PRE-CALCULUS 10 (Room 214),SOCIAL STUDIES 10 (Room 205B),COMPOSITION 10 (Room 205B)
1730,unassigned,FOUNDATIONS OF MATH AND PRE-CALCULUS 10 (Room 214),PHYSICAL AND HEALTH EDUCATION 10 Boys (Room Gym),SCIENCE 10 (Room 225),EFP WRITING 10 (Room 122),DRAMA 10 (Room A-1),OUTDOOR EDUCATION 10 (Room _CHECK THIS THING IDK),FRENCH 10 (Room 209)
1731,WORKPLACE MATHEMATICS 10 (Room 210),LEARNING STRATEGIES 10 (Room 108),PHYSICAL AND HEALTH EDUCATION 10 Football (Room Gym),SCIENCE 10 (Room 225),CROSS TRAINING 10 (Room 120),SOCIAL STUDIES 10 (Room 107),VISUAL ARTS: PHOTOGRAPHY 10 (Room 113),COMPOSITION 10 (Room 205B)
1732,DANCE FOUNDATIONS 10 (Room Studio),TEXTILES 10 (Room A-7),FRENCH 9 (Room 207B),EFP WRITING 10 (Room A-7),PHYSICAL AND HEALTH EDUCATION 10 Girls (Room Gym),FOUNDATIONS OF MATH AND PRE-CALCULUS 10 (Room 214),SOCIAL STUDIES 10 (Room 205A),SCIENCE 10 (Room 227)
1733,SCIENCE 10: CHALLENGE (Room 223),FOUNDATIONS OF MATH AND PRE-CALCULUS 10 CHALLENGE (Room 106),ADST – FOOD STUDIES 10 (Room 206),DANCE TECHNIQUE AND PERFORMANCE 10 (Room Studio),PHYSICAL AND HEALTH EDUCATION 10 Girls (Room Gym),FRENCH 12 (Room 122),COMPOSITION 10 Challenge (Room A-6),ADST – POWER TECHNOLOGY 10 (Room 103)
1734,unassigned,Information and Communications Technologies 10 (Room 203),ADST – FOOD STUDIES 10 (Room 206),EFP WRITING 10 (Room A-7),PHYSICAL AND HEALTH EDUCATION 10 Girls (Room Gym),SOCIAL STUDIES 10 (Room 107),SCIENCE 10 (Room 227),unassigned
1735,COMPOSITION 10 (Room 205B),PHYSICAL AND HEALTH EDUCATION 10 LINEAR (Room Gym),FOUNDATIONS OF MATH AND PRE-CALCULUS 10 (Room 106),SOCIAL STUDIES 10 (Room 205A),SCIENCE 10 (Room 216),ADST-Technology Explorations 10 (Room 105),COMPUTER PROGRAMMING 11 AI and (Room 203),PHYSICAL AND HEALTH EDUCATION 10 LINEAR (Room Gym)
1736,COMPOSITION 10 (Room 205B),SCIENCE 10 (Room 211),FOUNDATIONS OF MATH AND PRE-CALCULUS 10 (Room 106),ADST – MEDIA DESIGN 10 (Room 114),PHYSICAL AND HEALTH EDUCATION 10 Girls (Room Gym),SOCIAL STUDIES 10 (Room 222),TEXTILES 10 (Room A-7),INSTRUMENTAL MUSIC: GUITAR 10 (Room NO ROOM FOUND)
1737,ADST – MEDIA DESIGN 10 (Room 114),PHYSICAL AND HEALTH EDUCATION 10 LINEAR (Room Gym),ADST – FOOD STUDIES 10 (Room 206),EFP WRITING 10 (Room A-7),COMPUTER SCIENCE 11 (Room 203),SCIENCE 10 (Room 225),SOCIAL STUDIES 10 (Room 205A),PHYSICAL AND HEALTH EDUCATION 10 LINEAR (Room Gym)
1738,SCIENCE 10: CHALLENGE (Room 223),FOUNDATIONS OF MATH AND PRE-CALCULUS 10 CHALLENGE (Room 106),unassigned,SOCIAL STUDIES 10 CHALLENGE (Room 121),COMPOSITION 10 Challenge (Room 207A),PHYSICAL AND HEALTH EDUCATION 10 (Room Gym),COMPUTER PROGRAMMING 11 AI and (Room 203),unassigned
1739,SPANISH 10 (Room 205A),PHYSICAL AND HEALTH EDUCATION 10 LINEAR (Room Gym),FRENCH 10 (Room 207B),SOCIAL STUDIES 10 (Room 205A),EFP WRITING 10 (Room 122),YOGA FOR MINDFULNESS 10 (Room Gym),SCIENCE 10 (Room 227),PHYSICAL AND HEALTH EDUCATION 10 LINEAR (Room Gym)
1740,SCIENCE 10: CHALLENGE (Room 223),FOUNDATIONS OF MATH AND PRE-CALCULUS 10 CHALLENGE (Room 106),FRENCH 9 (Room 207B),SOCIAL STUDIES 10 CHALLENGE (Room 121),Information and Communications Technologies 10 (Room 114),ADST-Technology Explorations 10 (Room 105),COMPOSITION 10 Challenge (Room A-6),FRENCH 10 (Room 209)
1741,BEGINNERS ELL 10 (Room A-6),TEXTILES 10 (Room A-7),PHYSICAL AND HEALTH EDUCATION 10 Boys (Room Gym),ADST – ENTREPRENEURSHIP AND MARKETING 10 (Room 123),ADST – DRAFTING 10 (Room 105),FOUNDATIONS OF MATH AND PRE-CALCULUS 10 (Room 214),SOCIAL STUDIES 10 (Room 205A),COMPOSITION 10 (Room 205B)
1742,ADST-Technology Explorations 10 (Room 104),SOCIAL STUDIES 10 (Room 207B),ADST – FOOD STUDIES 10 (Room 206),ADST – MEDIA DESIGN 10 (Room 114),COMPUTER SCIENCE 11 (Room 203),EFP WRITING 10 (Room 207B),OUTDOOR EDUCATION 10 (Room _CHECK THIS THING IDK),SCIENCE 10 (Room 227)
1743,ADST – MEDIA DESIGN 10 (Room 114),PHYSICAL AND HEALTH EDUCATION 10 LINEAR (Room Gym),unassigned,SOCIAL STUDIES 10 CHALLENGE (Room 121),COMPOSITION 10 Challenge (Room 207A),unassigned,FOUNDATIONS OF MATH AND PRE-CALCULUS 10 CHALLENGE (Room 106),PHYSICAL AND HEALTH EDUCATION 10 LINEAR (Room Gym)
1744,ADST – WOODWORK 10 (Room 101),FOUNDATIONS OF MATH AND PRE-CALCULUS 10 (Room 214),ADST – FOOD STUDIES 10 (Room 206),EFP WRITING 10 (Room A-7),PHYSICAL AND HEALTH EDUCATION 10 Girls (Room Gym),SCIENCE 10 (Room 225),SOCIAL STUDIES 10 (Room 205A),TEXTILES 10 (Room A-7)
1745,PHYSICS 11 (Room 227),PHYSICAL AND HEALTH EDUCATION 10 LINEAR (Room Gym),CHEMISTRY 11 (Room 223),CAREER LIFE EDUCATION 10 (Room 104),EFP WRITING 10 (Room 122),SOCIAL STUDIES 10 (Room 107),PRE-CALCULUS 12 (Room 212),PHYSICAL AND HEALTH EDUCATION 10 LINEAR (Room Gym)
1746,unassigned,FOUNDATIONS OF MATH AND PRE-CALCULUS 10 CHALLENGE (Room 106),PHYSICAL AND HEALTH EDUCATION 10 Boys (Room Gym),SOCIAL STUDIES 10 CHALLENGE (Room 121),ACCOUNTING 11 (Room 206),unassigned,COMPOSITION 10 Challenge (Room A-6),ADST – DRAFTING 10 (Room 105)
1747,COMPUTER SCIENCE 11 (Room 203),EFP WRITING 10 (Room 205B),FOUNDATIONS OF MATH AND PRE-CALCULUS 10 (Room 106),INTRODUCTORY SPANISH 11 (Room A-3),PHYSICAL AND HEALTH EDUCATION 10 Girls (Room Gym),Information and Communications Technologies 10 (Room 114),SOCIAL STUDIES 10 (Room 205A),SCIENCE 10 (Room 227)
1748,unassigned,FOUNDATIONS OF MATH AND PRE-CALCULUS 10 (Room 214),FRENCH 10 (Room 207B),SOCIAL STUDIES 10 (Room 205A),SCIENCE 10 (Room 216),PHYSICAL AND HEALTH EDUCATION 10 (Room Gym),COMPUTER PROGRAMMING 11 AI and (Room 203),COMPOSITION 10 (Room 205B)
1749,ADST – MEDIA DESIGN 10 (Room 114),EFP WRITING 10 (Room 205B),PHYSICAL AND HEALTH EDUCATION 10 Boys (Room Gym),SCIENCE 10 (Room 225),COMPUTER SCIENCE 11 (Room 203),SOCIAL STUDIES 10 (Room 222),COMPUTER PROGRAMMING 11 AI and (Room 203),FOUNDATIONS OF MATH AND PRE-CALCULUS 10 (Room 220)
1750,BEGINNERS ELL 10 (Room A-6),TEXTILES 10 (Room A-7),FOUNDATIONS OF MATH AND PRE-CALCULUS 10 (Room 106),unassigned,SCIENCE 10 (Room 216),PHYSICAL AND HEALTH EDUCATION 10 (Room Gym),SOCIAL STUDIES 10 (Room 205A),COMPOSITION 10 (Room 205B)
1751,DANCE FOUNDATIONS 10 (Room Studio),VISUAL ARTS: ART STUDIO 10 (Room 116),COMPOSITION 10 (Room 122),SOCIAL STUDIES 10 (Room 205A),PHYSICAL AND HEALTH EDUCATION 10 Girls (Room Gym),FOUNDATIONS OF MATH AND PRE-CALCULUS 10 (Room 214),VISUAL ARTS: PHOTOGRAPHY 10 (Room 113),SCIENCE 10 (Room 227)
1752,COMPUTER SCIENCE 11 (Room 203),FOUNDATIONS OF MATH AND PRE-CALCULUS 10 CHALLENGE (Room 106),PHYSICAL AND HEALTH EDUCATION 10 Boys (Room Gym),SCIENCE 10: CHALLENGE (Room 216),SOCIAL STUDIES 10 CHALLENGE (Room 121),ADST-Technology Explorations 10 (Room 105),COMPOSITION 10 Challenge (Room A-6),ADST – POWER TECHNOLOGY 10 (Room 103)
1753,SOCIAL STUDIES 10 (Room 207A),EFP WRITING 10 (Room 205B),PHYSICAL AND HEALTH EDUCATION 10 Boys (Room Gym),PRE-CALCULUS 11 (Room 106),ACCOUNTING 11 (Room 206),FRENCH 11 (Room 122),SCIENCE 10 (Room 227),COMPUTER SCIENCE 11 (Room 203)
1754,SCIENCE 10: CHALLENGE (Room 223),FOUNDATIONS OF MATH AND PRE-CALCULUS 10 CHALLENGE (Room 106),PHYSICAL AND HEALTH EDUCATION 10 Boys (Room Gym),SOCIAL STUDIES 10 CHALLENGE (Room 121),COMPOSITION 10 Challenge (Room 207A),ADST-Technology Explorations 10 (Room 105),COMPUTER PROGRAMMING 11 AI and (Room 203),COMPUTER SCIENCE 11 (Room 203)
1755,SPANISH 10 (Room 205A),FOUNDATIONS OF MATH AND PRE-CALCULUS 10 CHALLENGE (Room 106),ADST – FOOD STUDIES 10 (Room 206),SCIENCE 10: CHALLENGE (Room 216),PHYSICAL AND HEALTH EDUCATION 10 Girls (Room Gym),YOGA FOR MINDFULNESS 10 (Room Gym),COMPOSITION 10 Challenge (Room A-6),ADST – POWER TECHNOLOGY 10 (Room 103)
1756,SOCIAL STUDIES 10 (Room 207A),PHYSICAL AND HEALTH EDUCATION 10 LINEAR (Room Gym),FOUNDATIONS OF MATH AND PRE-CALCULUS 10 (Room 106),ADST – POWER TECHNOLOGY 10 (Room 103),SCIENCE 10 (Room 216),EFP WRITING 10 (Room 207B),VISUAL ARTS: PHOTOGRAPHY 10 (Room 113),PHYSICAL AND HEALTH EDUCATION 10 LINEAR (Room Gym)
1757,SOCIAL STUDIES 9 (Room 107),MATHEMATICS 9 (Room 210),CONCERT BAND 9 Linear (Room 119),ENGLISH LANGUAGE ARTS 9 (Room A-6),SCIENCE 9 (Room 225),CONCERT BAND 9 Linear (Room 119),ADST – ENTREPRENEURSHIP AND MARKETING 10 (Room 222),FRENCH 9 (Room 209)
1758,SOCIAL STUDIES 9 (Room 107),ADST - Electronics and Robotics (Room 104),PHYSICAL AND HEALTH EDUCATION 9 Boys (Room Gym),ENGLISH LANGUAGE ARTS 9 (Room A-6),MATHEMATICS 9 (Room 212),Information and Communications Technologies 10 (Room 114),SCIENCE 9 (Room 211),TECH ED 9: MECHANICS LD (Room 103)
1759,unassigned,SOCIAL STUDIES 9 (Room 207A),SCIENCE 9 (Room 211),SPANISH 9 (Room A-3),MATHEMATICS 9 (Room 212),PHYSICAL AND HEALTH EDUCATION 9 (Room Gym),ENGLISH LANGUAGE ARTS 9 (Room 123),ADST - Woodwork 9 (Room 101)
1760,unassigned,SOCIAL STUDIES 9 (Room 207A),FRENCH 9 (Room 207B),Information and Communications Technologies 10 (Room 203),ENGLISH LANGUAGE ARTS 9 (Room 207B),ADST 9 - General Explorations (Modules) (Room 105),SCIENCE 9 (Room 211),MATHEMATICS 9 (Room 210)
1761,MATHEMATICS 9 CHALLENGE (Room 214),ADST - Electronics and Robotics (Room 104),PHYSICAL AND HEALTH EDUCATION 9 Boys (Room Gym),Information and Communications Technologies 10 (Room 203),SCIENCE 9: CHALLENGE (Room 211),ENGLISH LANGUAGE ARTS 9 CHALLENGE (Room 208),ADST 9 - General Explorations (Modules) (Room 104),SOCIAL STUDIES 9 CHALLENGE (Room 207B)
1762,MATHEMATICS 9 CHALLENGE (Room 214),SCIENCE 9: CHALLENGE (Room 216),ENGLISH LANGUAGE ARTS 9 CHALLENGE (Room 207A),ADST – ENTREPRENEURSHIP AND MARKETING 10 (Room 123),FRENCH 11 (Room 208),PHYSICAL AND HEALTH EDUCATION 9 (Room Gym),ADST 9 - General Explorations (Modules) (Room 104),SOCIAL STUDIES 9 CHALLENGE (Room 207B)
1763,SOCIAL STUDIES 9 (Room 107),MATHEMATICS 9 (Room 210),FRENCH 9 (Room 207B),ADST – ENTREPRENEURSHIP AND MARKETING 10 (Room 123),DANCE 9 HIP HOP (Room Studio),SCIENCE 9 (Room 226),PHYSICAL AND HEALTH EDUCATION 9 Girls (Room Gym),ENGLISH LANGUAGE ARTS 9 (Room A-6)
1764,unassigned,SOCIAL STUDIES 9 (Room 207A),PHYSICAL AND HEALTH EDUCATION 9 Boys (Room Gym),ADST 9 - General Explorations (Modules) (Room 105),MATHEMATICS 9 (Room 212),FRENCH 9 (Room A-3),ENGLISH LANGUAGE ARTS 9 (Room 123),ADST - Electronics and Robotics (Room 104)
1765,ADST - Drafting 9 (Room 105),SOCIAL STUDIES 9 (Room 207A),SCIENCE 9 (Room 226),TECH ED 9: MECHANICS LD (Room 103),Information and Communications Technologies 10 (Room 114),PHYSICAL AND HEALTH EDUCATION 9 (Room Gym),ENGLISH LANGUAGE ARTS 9 (Room 123),MATHEMATICS 9 (Room 210)
1766,MATHEMATICS 9 CHALLENGE (Room 214),SCIENCE 9: CHALLENGE (Room 216),ENGLISH LANGUAGE ARTS 9 CHALLENGE (Room 207A),ADST 9 - General Explorations (Modules) (Room 105),Information and Communications Technologies 10 (Room 114),PHYSICAL AND HEALTH EDUCATION 9 (Room Gym),ADST - Drafting 9 (Room 105),SOCIAL STUDIES 9 CHALLENGE (Room 207B)
1767,ADST 9 - General Explorations (Modules) (Room 104),SOCIAL STUDIES 9 (Room A-2),PHYSICAL AND HEALTH EDUCATION 9 Boys (Room Gym),SPANISH 9 (Room A-3),ENGLISH LANGUAGE ARTS 9 (Room 207B),SCIENCE 9 (Room 226),ADST – ENTREPRENEURSHIP AND MARKETING 10 (Room 222),MATHEMATICS 9 (Room 210)
1768,SOCIAL STUDIES 9 (Room 107),VISUAL ARTS 9 (Room 116),SCIENCE 9 (Room 211),ENGLISH LANGUAGE ARTS 9 (Room A-6),DANCE 9 HIP HOP (Room Studio),FRENCH 11 (Room 122),PHYSICAL AND HEALTH EDUCATION 9 Girls (Room Gym),MATHEMATICS 9 (Room 210)
1769,ADST - Drafting 9 (Room 105),MATHEMATICS 9 (Room 210),CONCERT BAND 9 Linear (Room 119),Information and Communications Technologies 10 (Room 203),ENGLISH LANGUAGE ARTS 9 (Room A-2),CONCERT BAND 9 Linear (Room 119),SCIENCE 9 (Room 211),SOCIAL STUDIES 9 (Room 222)
1770,PHYSICAL AND HEALTH EDUCATION 9 Linear (Room Gym),unassigned,SOCIAL STUDIES 9 CHALLENGE (Room A-2),unassigned,SCIENCE 9: CHALLENGE (Room 211),ENGLISH LANGUAGE ARTS 9 CHALLENGE (Room 208),PHYSICAL AND HEALTH EDUCATION 9 Linear (Room Gym),FRENCH 9 (Room 209)
1771,PHYSICAL AND HEALTH EDUCATION 9 Linear (Room Gym),ADST - Electronics and Robotics (Room 104),SOCIAL STUDIES 9 CHALLENGE (Room A-2),ADST – ENTREPRENEURSHIP AND MARKETING 10 (Room 123),SCIENCE 9: CHALLENGE (Room 211),ENGLISH LANGUAGE ARTS 9 CHALLENGE (Room 208),PHYSICAL AND HEALTH EDUCATION 9 Linear (Room Gym),unassigned
1772,PHYSICAL AND HEALTH EDUCATION 9 Linear (Room Gym),unassigned,CONCERT BAND 9 - Guitar (Room NO ROOM FOUND),TECH ED 9: MECHANICS LD (Room 103),SCIENCE 9: CHALLENGE (Room 211),ENGLISH LANGUAGE ARTS 9 CHALLENGE (Room 208),PHYSICAL AND HEALTH EDUCATION 9 Linear (Room Gym),SOCIAL STUDIES 9 CHALLENGE (Room 207B)
1773,ADST 9 - General Explorations (Modules) (Room 104),SOCIAL STUDIES 9 (Room 122),CONCERT BAND 9 Linear (Room 119),MATHEMATICS 9 HONOURS (Room 214),ENGLISH LANGUAGE ARTS 9 (Room 207B),CONCERT BAND 9 Linear (Room 119),SPANISH 9 (Room A-3),unassigned
1774,MATHEMATICS 9 CHALLENGE (Room 214),unassigned,CONCERT BAND 9 Linear (Room 119),SPANISH 9 (Room A-3),SCIENCE 9: CHALLENGE (Room 211),CONCERT BAND 9 Linear (Room 119),VISUAL ARTS 9 (Room 116),FRENCH 9 (Room 209)
1775,ADST - Drafting 9 (Room 105),SOCIAL STUDIES 9 (Room 207A),PHYSICAL AND HEALTH EDUCATION 9 Boys (Room Gym),ENGLISH LANGUAGE ARTS 9 (Room A-6),Information and Communications Technologies 10 (Room 114),SCIENCE 9 (Room 226),VISUAL ARTS 9 (Room 116),MATHEMATICS 9 (Room 210)
1776,MATHEMATICS 9 CHALLENGE (Room 214),SCIENCE 9: CHALLENGE (Room 216),ENGLISH LANGUAGE ARTS 9 CHALLENGE (Room 207A),SPANISH 9 (Room A-3),Information and Communications Technologies 10 (Room 114),PHYSICAL AND HEALTH EDUCATION 9 (Room Gym),ADST – ENTREPRENEURSHIP AND MARKETING 10 (Room 222),SOCIAL STUDIES 9 CHALLENGE (Room 207B)
1777,MATHEMATICS 9 CHALLENGE (Room 214),SCIENCE 9: CHALLENGE (Room 216),CONCERT BAND 9 Linear (Room 119),SPANISH 9 (Room A-3),DANCE 9 HIP HOP (Room Studio),CONCERT BAND 9 Linear (Room 119),VISUAL ARTS 9 (Room 116),SOCIAL STUDIES 9 CHALLENGE (Room 207B)
1778,unassigned,SOCIAL STUDIES 9 (Room 207A),SCIENCE 9 (Room 211),LEARNING STRATEGIES 9 LD (Room 108),PHYSICAL AND HEALTH EDUCATION 9 Girls (Room Gym),ENGLISH LANGUAGE ARTS 9 (Room A-2),SPANISH 9 (Room A-3),MATHEMATICS 9 (Room 210)
1779,MATHEMATICS 9 CHALLENGE (Room 106),Information and Communications Technologies 10 (Room 203),ENGLISH LANGUAGE ARTS 9 CHALLENGE (Room 207A),ADST – ENTREPRENEURSHIP AND MARKETING 10 (Room 123),SCIENCE 9: CHALLENGE (Room 211),PHYSICAL AND HEALTH EDUCATION 9 (Room Gym),ADST 9 - General Explorations (Modules) (Room 104),SOCIAL STUDIES 9 CHALLENGE (Room 207B)
1780,MATHEMATICS 9 CHALLENGE (Room 214),ADST - Electronics and Robotics (Room 104),CONCERT BAND 9 Linear (Room 119),ADST 9 - General Explorations (Modules) (Room 105),SCIENCE 9: CHALLENGE (Room 211),CONCERT BAND 9 Linear (Room 119),unassigned,unassigned
1781,ADST - Woodwork 9 (Room 101),ADST - Textiles 9 (Room A-7),PHYSICAL AND HEALTH EDUCATION 9 Boys (Room Gym),SOCIAL STUDIES 9 (Room 205B),VISUAL ARTS 9 (Room 116),ENGLISH LANGUAGE ARTS 9 (Room A-2),SCIENCE 9 (Room 211),MATHEMATICS 9 (Room 210)
1782,MATHEMATICS 9 CHALLENGE (Room 214),ADST - Electronics and Robotics (Room 104),CONCERT BAND 9 Linear (Room 119),TECH ED 9: MECHANICS LD (Room 103),SCIENCE 9: CHALLENGE (Room 211),CONCERT BAND 9 Linear (Room 119),ADST 9 - General Explorations (Modules) (Room 104),SOCIAL STUDIES 9 CHALLENGE (Room 207B)
1783,unassigned,SOCIAL STUDIES 9 (Room 207A),SCIENCE 9 (Room 211),MATHEMATICS 9 HONOURS (Room 214),ENGLISH LANGUAGE ARTS 9 (Room A-2),FRENCH 11 (Room 122),ADST – ENTREPRENEURSHIP AND MARKETING 10 (Room 222),unassigned
1784,MATHEMATICS 9 CHALLENGE (Room 214),ADST - Textiles 9 (Room A-7),CONCERT BAND 9 Linear (Room 119),ADST 9 - General Explorations (Modules) (Room 105),SCIENCE 9: CHALLENGE (Room 211),CONCERT BAND 9 Linear (Room 119),ADST - Drafting 9 (Room 105),SOCIAL STUDIES 9 CHALLENGE (Room 207B)
1785,unassigned,SOCIAL STUDIES 9 (Room 207A),FRENCH 9 (Room 207B),MATHEMATICS 9 HONOURS (Room 214),ENGLISH LANGUAGE ARTS 9 (Room A-2),Information and Communications Technologies 10 (Room 114),PHYSICAL AND HEALTH EDUCATION 9 Girls (Room Gym),ADST - Drafting 9 (Room 105)
1786,ADST - Drafting 9 (Room 105),SOCIAL STUDIES 9 (Room 207A),PHYSICAL AND HEALTH EDUCATION 9 Boys (Room Gym),MATHEMATICS 9 HONOURS (Room 214),Information and Communications Technologies 10 (Room 114),ENGLISH LANGUAGE ARTS 9 (Room A-2),SCIENCE 9 (Room 211),ADST - Electronics and Robotics (Room 104)
1787,ADST 9 - General Explorations (Modules) (Room 104),SOCIAL STUDIES 9 (Room 207A),CONCERT BAND 9 Linear (Room 119),ENGLISH LANGUAGE ARTS 9 (Room A-6),VISUAL ARTS 9 (Room 116),CONCERT BAND 9 Linear (Room 119),SCIENCE 9 (Room 211),MATHEMATICS 9 (Room 210)
1788,unassigned,SOCIAL STUDIES 9 (Room 207A),SCIENCE 9 (Room 226),ADST – ENTREPRENEURSHIP AND MARKETING 10 (Room 123),PHYSICAL AND HEALTH EDUCATION 9 Girls (Room Gym),ENGLISH LANGUAGE ARTS 9 (Room A-2),SPANISH 9 (Room A-3),MATHEMATICS 9 (Room 210)
1789,ADST - Woodwork 9 (Room 101),PHYSICAL AND HEALTH EDUCATION 9 Football (Room Gym),FRENCH 9 (Room 207B),SOCIAL STUDIES 9 (Room 205B),SCIENCE 9 (Room 225),ENGLISH LANGUAGE ARTS 9 (Room A-2),VISUAL ARTS 9 (Room 116),MATHEMATICS 9 (Room 210)
1790,unassigned,SOCIAL STUDIES 9 (Room 207A),SCIENCE 9 (Room 211),ADST – ENTREPRENEURSHIP AND MARKETING 10 (Room 123),PHYSICAL AND HEALTH EDUCATION 9 Girls (Room Gym),FRENCH 9 (Room A-3),ENGLISH LANGUAGE ARTS 9 (Room 123),MATHEMATICS 9 (Room 210)
1791,MATHEMATICS 9 CHALLENGE (Room 214),ADST - Electronics and Robotics (Room 104),SOCIAL STUDIES 9 CHALLENGE (Room A-2),Information and Communications Technologies 10 (Room 203),SCIENCE 9: CHALLENGE (Room 211),PHYSICAL AND HEALTH EDUCATION 9 (Room Gym),ADST 9 - General Explorations (Modules) (Room 104),FRENCH 9 (Room 209)
1792,ADST - Drafting 9 (Room 105),unassigned,PHYSICAL AND HEALTH EDUCATION 9 Boys (Room Gym),MATHEMATICS 9 HONOURS (Room 214),Information and Communications Technologies 10 (Room 114),FRENCH 11 (Room 122),ENGLISH LANGUAGE ARTS 9 (Room 123),SOCIAL STUDIES 9 (Room 222)
1793,SOCIAL STUDIES 9 (Room 107),MATHEMATICS 9 (Room 210),CONCERT BAND 9 Linear (Room 119),ADST – ENTREPRENEURSHIP AND MARKETING 10 (Room 123),ENGLISH LANGUAGE ARTS 9 (Room A-2),CONCERT BAND 9 Linear (Room 119),SCIENCE 9 (Room 211),TECH ED 9: MECHANICS LD (Room 103)
1794,MATHEMATICS 9 CHALLENGE (Room 214),SCIENCE 9: CHALLENGE (Room 216),SOCIAL STUDIES 9 CHALLENGE (Room A-2),LEARNING STRATEGIES 9 LD (Room 108),PHYSICAL AND HEALTH EDUCATION 9 Girls (Room Gym),ENGLISH LANGUAGE ARTS 9 CHALLENGE (Room 208),VISUAL ARTS 9 (Room 116),ADST - Textiles 9 (Room A-7)
1795,MATHEMATICS 9 CHALLENGE (Room 214),SCIENCE 9: CHALLENGE (Room 216),ENGLISH LANGUAGE ARTS 9 CHALLENGE (Room 207A),Information and Communications Technologies 10 (Room 203),FRENCH 11 (Room 208),PHYSICAL AND HEALTH EDUCATION 9 (Room Gym),ADST – ENTREPRENEURSHIP AND MARKETING 10 (Room 222),SOCIAL STUDIES 9 CHALLENGE (Room 207B)
1796,ADST - Drafting 9 (Room 105),SOCIAL STUDIES 9 (Room A-2),ADST 9 - General Explorations (Modules) (Room 105),TECH ED 9: MECHANICS LD (Room 103),SCIENCE 9 (Room 225),PHYSICAL AND HEALTH EDUCATION 9 (Room Gym),ENGLISH LANGUAGE ARTS 9 (Room 123),MATHEMATICS 9 (Room 210)
1797,ADST 9 - General Explorations (Modules) (Room 104),SOCIAL STUDIES 9 (Room 207A),CONCERT BAND 9 - Guitar (Room NO ROOM FOUND),MATHEMATICS 9 HONOURS (Room 214),Information and Communications Technologies 10 (Room 114),SCIENCE 9 (Room 226),ENGLISH LANGUAGE ARTS 9 (Room 123),ADST - Drafting 9 (Room 105)
1798,MATHEMATICS 9 CHALLENGE (Room 106),SCIENCE 9: CHALLENGE (Room 216),SOCIAL STUDIES 9 CHALLENGE (Room A-2),Information and Communications Technologies 10 (Room 203),VISUAL ARTS 9 (Room 116),PHYSICAL AND HEALTH EDUCATION 9 (Room Gym),ADST 9 - General Explorations (Modules) (Room 104),ADST - Drafting 9 (Room 105)
1799,MATHEMATICS 9 CHALLENGE (Room 214),SCIENCE 9: CHALLENGE (Room 216),SOCIAL STUDIES 9 CHALLENGE (Room A-2),TECH ED 9: MECHANICS LD (Room 103),ADST - Drafting 9 (Room 105),ENGLISH LANGUAGE ARTS 9 CHALLENGE (Room 208),ADST 9 - General Explorations (Modules) (Room 104),FRENCH 9 (Room 209)
1800,ADST - Woodwork 9 (Room 101),SOCIAL STUDIES 9 (Room 122),PHYSICAL AND HEALTH EDUCATION 9 Boys (Room Gym),ENGLISH LANGUAGE ARTS 9 (Room A-6),SCIENCE 9 (Room 225),DRAMA 9 (Room A-1),SPANISH 9 (Room A-3),MATHEMATICS 9 (Room 210)
1801,SOCIAL STUDIES 9 (Room 107),VISUAL ARTS 9 (Room 116),CONCERT BAND 9 - Guitar (Room NO ROOM FOUND),SPANISH 9 (Room A-3),PHYSICAL AND HEALTH EDUCATION 9 Girls (Room Gym),SCIENCE 9 (Room 226),ENGLISH LANGUAGE ARTS 9 (Room 123),MATHEMATICS 9 (Room 210)
1802,SOCIAL STUDIES 9 (Room 107),VISUAL ARTS 9 (Room 116),CONCERT BAND 9 Linear (Room 119),SPANISH 9 (Room A-3),MATHEMATICS 9 (Room 212),CONCERT BAND 9 Linear (Room 119),ENGLISH LANGUAGE ARTS 9 (Room 123),FRENCH 9 (Room 209)
1803,DANCE 9 Foundations (Room Studio),SOCIAL STUDIES 9 (Room 207A),SCIENCE 9 (Room 211),ENGLISH LANGUAGE ARTS 9 (Room A-6),PHYSICAL AND HEALTH EDUCATION 9 Girls (Room Gym),PHYSICAL AND HEALTH EDUCATION 9 Yoga for Mindfulns (Room Gym),LEARNING STRATEGIES 9 LD (Room 108),ADST - Electronics and Robotics (Room 104)
1804,DANCE 9 Foundations (Room Studio),VISUAL ARTS 9 (Room 116),SCIENCE 9 (Room 211),ENGLISH LANGUAGE ARTS 9 (Room A-6),MATHEMATICS 9 (Room 212),PHYSICAL AND HEALTH EDUCATION 9 (Room Gym),ADST - Textiles 9 (Room A-7),SOCIAL STUDIES 9 (Room 222)
1805,LEARNING STRATEGIES 9 LD (Room 108),SOCIAL STUDIES 9 (Room 207A),unassigned,SPANISH 9 (Room A-3),DANCE 9 HIP HOP (Room Studio),SCIENCE 9 (Room 226),PHYSICAL AND HEALTH EDUCATION 9 Girls (Room Gym),ENGLISH LANGUAGE ARTS 9 (Room A-6)
1806,unassigned,SOCIAL STUDIES 9 (Room 122),PHYSICAL AND HEALTH EDUCATION 9 Boys (Room Gym),LEARNING STRATEGIES 9 LD (Room 108),ENGLISH LANGUAGE ARTS 9 (Room A-2),unassigned,SCIENCE 9 (Room 211),unassigned
1807,ADST - Drafting 9 (Room 105),SOCIAL STUDIES 9 (Room 207A),SCIENCE 9 (Room 226),Information and Communications Technologies 10 (Room 203),ENGLISH LANGUAGE ARTS 9 (Room A-2),PHYSICAL AND HEALTH EDUCATION 9 (Room Gym),VISUAL ARTS 9 (Room 116),MATHEMATICS 9 (Room 210)
1808,MATHEMATICS 9 CHALLENGE (Room 106),ADST - Electronics and Robotics (Room 104),CONCERT BAND 9 Linear (Room 119),Information and Communications Technologies 10 (Room 203),SCIENCE 9: CHALLENGE (Room 211),CONCERT BAND 9 Linear (Room 119),ADST 9 - General Explorations (Modules) (Room 104),SOCIAL STUDIES 9 CHALLENGE (Room 207B)
1809,unassigned,SOCIAL STUDIES 9 (Room 207A),CONCERT BAND 9 Linear (Room 119),MATHEMATICS 9 HONOURS (Room 214),FRENCH 11 (Room 208),CONCERT BAND 9 Linear (Room 119),ADST – ENTREPRENEURSHIP AND MARKETING 10 (Room 222),ENGLISH LANGUAGE ARTS 9 (Room A-6)
1810,ADST - Drafting 9 (Room 105),SOCIAL STUDIES 9 (Room A-2),FRENCH 9 (Room 207B),ADST 9 - General Explorations (Modules) (Room 105),PHYSICAL AND HEALTH EDUCATION 9 Girls (Room Gym),Information and Communications Technologies 10 (Room 114),ENGLISH LANGUAGE ARTS 9 (Room 123),MATHEMATICS 9 (Room 210)
1811,ADST 9 - General Explorations (Modules) (Room 104),MATHEMATICS 9 (Room 210),SCIENCE 9 (Room 211),ADST – ENTREPRENEURSHIP AND MARKETING 10 (Room 123),PHYSICAL AND HEALTH EDUCATION 9 Girls (Room Gym),FRENCH 11 (Room 122),ENGLISH LANGUAGE ARTS 9 (Room 123),SOCIAL STUDIES 9 (Room 121)
1812,ENGLISH 9 FOR ELL (Room A-3),MATHEMATICS 9 (Room 210),PHYSICAL AND HEALTH EDUCATION 9 Boys (Room Gym),ADST – ENTREPRENEURSHIP AND MARKETING 10 (Room 123),SCIENCE 9 (Room 225),Information and Communications Technologies 10 (Room 114),VISUAL ARTS 9 (Room 116),SOCIAL STUDIES 9 (Room 222)
1813,unassigned,SOCIAL STUDIES 9 (Room 122),PHYSICAL AND HEALTH EDUCATION 9 Boys (Room Gym),MATHEMATICS 9 HONOURS (Room 214),FRENCH 11 (Room 208),SCIENCE 9 (Room 226),ENGLISH LANGUAGE ARTS 9 (Room 123),ADST - Drafting 9 (Room 105)
1814,MATHEMATICS 9 CHALLENGE (Room 214),Information and Communications Technologies 10 (Room 203),ENGLISH LANGUAGE ARTS 9 CHALLENGE (Room 207A),ADST 9 - General Explorations (Modules) (Room 105),SCIENCE 9: CHALLENGE (Room 211),PHYSICAL AND HEALTH EDUCATION 9 (Room Gym),ADST - Drafting 9 (Room 105),SOCIAL STUDIES 9 CHALLENGE (Room 207B)
1815,unassigned,unassigned,SCIENCE 9 (Room 226),SOCIAL STUDIES 9 (Room 205B),ENGLISH LANGUAGE ARTS 9 (Room A-2),ADST 9 - General Explorations (Modules) (Room 105),SPANISH 9 (Room A-3),MATHEMATICS 9 (Room 221)
1816,unassigned,SOCIAL STUDIES 9 (Room 122),ADST - Textiles 9 (Room A-7),unassigned,PHYSICAL AND HEALTH EDUCATION 9 Girls (Room Gym),SCIENCE 9 (Room 226),VISUAL ARTS 9 (Room 116),ENGLISH LANGUAGE ARTS 9 (Room A-6)
1817,ADST - Woodwork 9 (Room 101),PHYSICAL AND HEALTH EDUCATION 9 Football (Room Gym),SCIENCE 9 (Room 211),SOCIAL STUDIES 9 (Room 205B),ENGLISH LANGUAGE ARTS 9 (Room A-2),ADST 9 - General Explorations (Modules) (Room 105),SPANISH 9 (Room A-3),MATHEMATICS 9 (Room 221)
1818,unassigned,ADST - Textiles 9 (Room A-7),FRENCH 9 (Room 207B),unassigned,PHYSICAL AND HEALTH EDUCATION 9 Girls (Room Gym),ENGLISH LANGUAGE ARTS 9 (Room A-2),VISUAL ARTS 9 (Room 116),SOCIAL STUDIES 9 (Room 121)
1819,ADST - Woodwork 9 (Room 101),PHYSICAL AND HEALTH EDUCATION 9 Football (Room Gym),SCIENCE 9 (Room 226),ADST 9 - General Explorations (Modules) (Room 105),MATHEMATICS 9 (Room 212),FRENCH 9 (Room A-3),ENGLISH LANGUAGE ARTS 9 (Room 123),SOCIAL STUDIES 9 (Room 222)
1820,ADST - Woodwork 9 (Room 101),SOCIAL STUDIES 9 (Room 122),SCIENCE 9 (Room 211),ADST 9 - General Explorations (Modules) (Room 105),ADST - Drafting 9 (Room 105),FRENCH 9 (Room A-3),ENGLISH LANGUAGE ARTS 9 (Room 123),MATHEMATICS 9 (Room 221)
1821,SOCIAL STUDIES 9 (Room 107),MATHEMATICS 9 (Room 210),PHYSICAL AND HEALTH EDUCATION 9 Boys (Room Gym),LEARNING STRATEGIES 9 LD (Room 108),ENGLISH LANGUAGE ARTS 9 (Room A-2),ADST 9 - General Explorations (Modules) (Room 105),SCIENCE 9 (Room 211),ADST - Electronics and Robotics (Room 104)
1822,ADST - Drafting 9 (Room 105),SOCIAL STUDIES 9 (Room 122),PHYSICAL AND HEALTH EDUCATION 9 Boys (Room Gym),TECH ED 9: MECHANICS LD (Room 103),ENGLISH LANGUAGE ARTS 9 (Room A-2),FRENCH 9 (Room A-3),SCIENCE 9 (Room 211),MATHEMATICS 9 (Room 210)
1823,SOCIAL STUDIES 9 (Room 107),ADST - Textiles 9 (Room A-7),CONCERT BAND 9 Linear (Room 119),SPANISH 9 (Room A-3),MATHEMATICS 9 (Room 212),CONCERT BAND 9 Linear (Room 119),SCIENCE 9 (Room 211),ENGLISH LANGUAGE ARTS 9 (Room A-6)
1824,ADST 9 - General Explorations (Modules) (Room 104),SOCIAL STUDIES 9 (Room 207A),CONCERT BAND 9 - Guitar (Room NO ROOM FOUND),ENGLISH LANGUAGE ARTS 9 (Room A-6),FRENCH 11 (Room 208),SCIENCE 9 (Room 226),VISUAL ARTS 9 (Room 116),MATHEMATICS 9 (Room 210)
1825,LEARNING STRATEGIES 9 LD LINEAR (Room 108),unassigned,SCIENCE 9 (Room 216),SOCIAL STUDIES 9 (Room 205B),LEARNING STRATEGIES 9 LD LINEAR (Room 108),ENGLISH LANGUAGE ARTS 9 (Room A-2),ADST – ENTREPRENEURSHIP AND MARKETING 10 (Room 222),MATHEMATICS 9 (Room 210)
1826,MATHEMATICS 9 CHALLENGE (Room 214),ADST - Electronics and Robotics (Room 104),SOCIAL STUDIES 9 CHALLENGE (Room A-2),ADST 9 - General Explorations (Modules) (Room 105),SCIENCE 9: CHALLENGE (Room 211),ENGLISH LANGUAGE ARTS 9 CHALLENGE (Room 208),PHYSICAL AND HEALTH EDUCATION 9 Girls (Room Gym),FRENCH 9 (Room 209)
1827,SOCIAL STUDIES 9 (Room 107),MATHEMATICS 9 (Room 210),CONCERT BAND 9 Linear (Room 119),ADST – ENTREPRENEURSHIP AND MARKETING 10 (Room 123),SCIENCE 9 (Room 225),CONCERT BAND 9 Linear (Room 119),VISUAL ARTS 9 (Room 116),ENGLISH LANGUAGE ARTS 9 (Room A-6)
1828,MATHEMATICS 9 CHALLENGE (Room 214),VISUAL ARTS 9 (Room 116),CONCERT BAND 9 Linear (Room 119),ADST – ENTREPRENEURSHIP AND MARKETING 10 (Room 123),SCIENCE 9: CHALLENGE (Room 211),CONCERT BAND 9 Linear (Room 119),SPANISH 9 (Room A-3),SOCIAL STUDIES 9 CHALLENGE (Room 207B)
1829,ADST - Woodwork 9 (Room 101),SOCIAL STUDIES 9 (Room 207A),SCIENCE 9 (Room 226),ENGLISH LANGUAGE ARTS 9 (Room A-6),ADST - Drafting 9 (Room 105),PHYSICAL AND HEALTH EDUCATION 9 (Room Gym),ADST - Textiles 9 (Room A-7),MATHEMATICS 9 (Room 210)
1830,SOCIAL STUDIES 9 (Room 107),ADST - Textiles 9 (Room A-7),SCIENCE 9 (Room 211),ENGLISH LANGUAGE ARTS 9 (Room A-6),PHYSICAL AND HEALTH EDUCATION 9 Girls (Room Gym),DRAMA 9 (Room A-1),VISUAL ARTS 9 (Room 116),MATHEMATICS 9 (Room 221)
1831,ADST 9 - General Explorations (Modules) (Room 104),MATHEMATICS 9 (Room 210),SCIENCE 9 (Room 226),SPANISH 9 (Room A-3),ENGLISH LANGUAGE ARTS 9 (Room A-2),Information and Communications Technologies 10 (Room 114),ADST – ENTREPRENEURSHIP AND MARKETING 10 (Room 222),SOCIAL STUDIES 9 (Room 121)
1832,ADST - Drafting 9 (Room 105),ADST - Electronics and Robotics (Room 104),PHYSICAL AND HEALTH EDUCATION 9 Boys (Room Gym),SOCIAL STUDIES 9 (Room 205B),ENGLISH LANGUAGE ARTS 9 (Room A-2),Information and Communications Technologies 10 (Room 114),SCIENCE 9 (Room 211),MATHEMATICS 9 (Room 221)
1833,MATHEMATICS 9 CHALLENGE (Room 214),SCIENCE 9: CHALLENGE (Room 216),ENGLISH LANGUAGE ARTS 9 CHALLENGE (Room 207A),Information and Communications Technologies 10 (Room 203),FRENCH 11 (Room 208),PHYSICAL AND HEALTH EDUCATION 9 (Room Gym),ADST – ENTREPRENEURSHIP AND MARKETING 10 (Room 222),SOCIAL STUDIES 9 CHALLENGE (Room 207B)
1834,SOCIAL STUDIES 9 (Room 107),MATHEMATICS 9 (Room 210),SCIENCE 9 (Room 226),SPANISH 9 (Room A-3),DANCE 9 HIP HOP (Room Studio),ENGLISH LANGUAGE ARTS 9 (Room A-2),PHYSICAL AND HEALTH EDUCATION 9 Girls (Room Gym),FRENCH 9 (Room 209)
1835,unassigned,SOCIAL STUDIES 9 (Room A-2),CONCERT BAND 9 Linear (Room 119),DANCE 9 Performance and Technique (Room Studio),VISUAL ARTS 9 (Room 116),CONCERT BAND 9 Linear (Room 119),SCIENCE 9 (Room 211),ENGLISH LANGUAGE ARTS 9 (Room A-6)
1836,unassigned,SOCIAL STUDIES 9 (Room A-2),SCIENCE 9 (Room 226),SPANISH 9 (Room A-3),DANCE 9 HIP HOP (Room Studio),ENGLISH LANGUAGE ARTS 9 (Room A-2),PHYSICAL AND HEALTH EDUCATION 9 Girls (Room Gym),MATHEMATICS 9 (Room 221)
1837,unassigned,MATHEMATICS 9 (Room 210),SCIENCE 9 (Room 226),ENGLISH LANGUAGE ARTS 9 (Room A-6),DANCE 9 HIP HOP (Room Studio),PHYSICAL AND HEALTH EDUCATION 9 Yoga for Mindfulns (Room Gym),PHYSICAL AND HEALTH EDUCATION 9 Girls (Room Gym),SOCIAL STUDIES 9 (Room 222)
1838,MATHEMATICS 9 CHALLENGE (Room 106),SCIENCE 9: CHALLENGE (Room 216),PHYSICAL AND HEALTH EDUCATION 9 Boys (Room Gym),TECH ED 9: MECHANICS LD (Room 103),ADST - Drafting 9 (Room 105),ENGLISH LANGUAGE ARTS 9 CHALLENGE (Room 208),SPANISH 9 (Room A-3),SOCIAL STUDIES 9 CHALLENGE (Room 207B)
1839,ADST - Woodwork 9 (Room 101),SOCIAL STUDIES 9 (Room 122),CONCERT BAND 9 - Guitar (Room NO ROOM FOUND),ENGLISH LANGUAGE ARTS 9 (Room A-6),PHYSICAL AND HEALTH EDUCATION 9 Girls (Room Gym),SCIENCE 9 (Room 226),VISUAL ARTS 9 (Room 116),FRENCH 9 (Room 209)
1840,ADST 9 - General Explorations (Modules) (Room 104),SOCIAL STUDIES 9 (Room 207A),CONCERT BAND 9 - Guitar (Room NO ROOM FOUND),MATHEMATICS 9 HONOURS (Room 214),ENGLISH LANGUAGE ARTS 9 (Room 207B),PHYSICAL AND HEALTH EDUCATION 9 (Room Gym),SCIENCE 9 (Room 211),ADST - Drafting 9 (Room 105)
1841,ADST - Woodwork 9 (Room 101),SOCIAL STUDIES 9 (Room 207A),PHYSICAL AND HEALTH EDUCATION 9 Boys (Room Gym),MATHEMATICS 9 HONOURS (Room 214),SCIENCE 9 (Room 225),ENGLISH LANGUAGE ARTS 9 (Room A-2),SPANISH 9 (Room A-3),FRENCH 9 (Room 209)
1842,ENGLISH 9 FOR ELL (Room A-3),VISUAL ARTS 9 (Room 116),PHYSICAL AND HEALTH EDUCATION 9 Boys (Room Gym),SOCIAL STUDIES 9 (Room 205B),SCIENCE 9 (Room 225),Information and Communications Technologies 10 (Room 114),ADST 9 - General Explorations (Modules) (Room 104),MATHEMATICS 9 (Room 221)
1843,SOCIAL STUDIES 9 (Room 107),MATHEMATICS 9 (Room 210),SCIENCE 9 (Room 226),DANCE 9 Performance and Technique (Room Studio),PHYSICAL AND HEALTH EDUCATION 9 Girls (Room Gym),FRENCH 9 (Room A-3),VISUAL ARTS 9 (Room 116),ENGLISH LANGUAGE ARTS 9 (Room A-6)
1844,DANCE 9 Foundations (Room Studio),SOCIAL STUDIES 9 (Room 207A),SCIENCE 9 (Room 211),ENGLISH LANGUAGE ARTS 9 (Room A-6),PHYSICAL AND HEALTH EDUCATION 9 Girls (Room Gym),FRENCH 9 (Room A-3),ADST – ENTREPRENEURSHIP AND MARKETING 10 (Room 222),MATHEMATICS 9 (Room 221)
1845,MATHEMATICS 9 CHALLENGE (Room 214),VISUAL ARTS 9 (Room 116),ENGLISH LANGUAGE ARTS 9 CHALLENGE (Room 207A),DANCE 9 Performance and Technique (Room Studio),SCIENCE 9: CHALLENGE (Room 211),PHYSICAL AND HEALTH EDUCATION 9 (Room Gym),ADST - Drafting 9 (Room 105),FRENCH 9 (Room 209)
1846,DANCE 9 Foundations (Room Studio),SOCIAL STUDIES 9 (Room A-2),SCIENCE 9 (Room 216),ADST 9 - General Explorations (Modules) (Room 105),PHYSICAL AND HEALTH EDUCATION 9 Girls (Room Gym),Information and Communications Technologies 10 (Room 114),ENGLISH LANGUAGE ARTS 9 (Room 123),MATHEMATICS 9 (Room 210)
1847,MATHEMATICS 9 CHALLENGE (Room 214),SCIENCE 9: CHALLENGE (Room 216),ENGLISH LANGUAGE ARTS 9 CHALLENGE (Room 207A),ADST 9 - General Explorations (Modules) (Room 105),Information and Communications Technologies 10 (Room 114),PHYSICAL AND HEALTH EDUCATION 9 (Room Gym),ADST - Drafting 9 (Room 105),SOCIAL STUDIES 9 CHALLENGE (Room 207B)
1848,unassigned,MATHEMATICS 9 (Room 210),unassigned,unassigned,PHYSICAL AND HEALTH EDUCATION 9 Girls (Room Gym),PHYSICAL AND HEALTH EDUCATION 9 Yoga for Mindfulns (Room Gym),ENGLISH LANGUAGE ARTS 9 (Room 123),unassigned
1849,SOCIAL STUDIES 9 (Room 107),ADST - Textiles 9 (Room A-7),FRENCH 9 (Room 207B),ENGLISH LANGUAGE ARTS 9 (Room A-6),SCIENCE 9 (Room 225),PHYSICAL AND HEALTH EDUCATION 9 (Room Gym),ADST – ENTREPRENEURSHIP AND MARKETING 10 (Room 222),MATHEMATICS 9 (Room 221)
1850,ADST - Woodwork 9 (Room 101),SOCIAL STUDIES 9 (Room 207A),ADST - Textiles 9 (Room A-7),MATHEMATICS 9 HONOURS (Room 214),PHYSICAL AND HEALTH EDUCATION 9 Girls (Room Gym),ENGLISH LANGUAGE ARTS 9 (Room A-2),SCIENCE 9 (Room 211),ADST - Drafting 9 (Room 105)
1851,SOCIAL STUDIES 9 (Room 107),ADST - Electronics and Robotics (Room 104),CONCERT BAND 9 Linear (Room 119),MATHEMATICS 9 HONOURS (Room 214),ADST - Drafting 9 (Room 105),CONCERT BAND 9 Linear (Room 119),SCIENCE 9 (Room 211),ENGLISH LANGUAGE ARTS 9 (Room A-6)
1852,ENGLISH 9 FOR ELL (Room A-3),SOCIAL STUDIES 9 (Room 207A),FRENCH 9 (Room 207B),unassigned,PHYSICAL AND HEALTH EDUCATION 9 Girls (Room Gym),SCIENCE 9 (Room 226),ADST - Drafting 9 (Room 105),ADST - Woodwork 9 (Room 101)
1853,SOCIAL STUDIES 9 (Room 107),ADST - Textiles 9 (Room A-7),SCIENCE 9 (Room 226),ENGLISH LANGUAGE ARTS 9 (Room A-6),DANCE 9 HIP HOP (Room Studio),Information and Communications Technologies 10 (Room 114),PHYSICAL AND HEALTH EDUCATION 9 Girls (Room Gym),MATHEMATICS 9 (Room 210)
1854,ENGLISH 9 FOR ELL (Room A-3),VISUAL ARTS 9 (Room 116),CONCERT BAND 9 - Guitar (Room NO ROOM FOUND),MATHEMATICS 9 HONOURS (Room 214),PHYSICAL AND HEALTH EDUCATION 9 Girls (Room Gym),SCIENCE 9 (Room 226),LEARNING STRATEGIES 9 LD (Room 108),SOCIAL STUDIES 9 (Room 121)
1855,MATHEMATICS 9 CHALLENGE (Room 214),VISUAL ARTS 9 (Room 116),SOCIAL STUDIES 9 CHALLENGE (Room A-2),ADST – ENTREPRENEURSHIP AND MARKETING 10 (Room 123),SCIENCE 9: CHALLENGE (Room 211),ENGLISH LANGUAGE ARTS 9 CHALLENGE (Room 208),ADST 9 - General Explorations (Modules) (Room 104),TECH ED 9: MECHANICS LD (Room 103)
1856,MATHEMATICS 9 CHALLENGE (Room 214),SCIENCE 9: CHALLENGE (Room 216),ENGLISH LANGUAGE ARTS 9 CHALLENGE (Room 207A),Information and Communications Technologies 10 (Room 203),FRENCH 11 (Room 208),PHYSICAL AND HEALTH EDUCATION 9 (Room Gym),ADST 9 - General Explorations (Modules) (Room 104),SOCIAL STUDIES 9 CHALLENGE (Room 207B)
1857,MATHEMATICS 9 CHALLENGE (Room 214),SCIENCE 9: CHALLENGE (Room 216),SOCIAL STUDIES 9 CHALLENGE (Room A-2),unassigned,DANCE 9 HIP HOP (Room Studio),ENGLISH LANGUAGE ARTS 9 CHALLENGE (Room 208),unassigned,FRENCH 9 (Room 209)
1858,ADST 9 - General Explorations (Modules) (Room 104),SOCIAL STUDIES 9 (Room A-2),FRENCH 9 (Room 207B),Information and Communications Technologies 10 (Room 203),SCIENCE 9 (Room 225),PHYSICAL AND HEALTH EDUCATION 9 (Room Gym),ENGLISH LANGUAGE ARTS 9 (Room 123),MATHEMATICS 9 (Room 210)
1859,MATHEMATICS 9 CHALLENGE (Room 106),Information and Communications Technologies 10 (Room 203),PHYSICAL AND HEALTH EDUCATION 9 Boys (Room Gym),ADST – ENTREPRENEURSHIP AND MARKETING 10 (Room 123),SCIENCE 9: CHALLENGE (Room 211),ENGLISH LANGUAGE ARTS 9 CHALLENGE (Room 208),SPANISH 9 (Room A-3),SOCIAL STUDIES 9 CHALLENGE (Room 207B)
1860,PHYSICAL AND HEALTH EDUCATION 9 Linear (Room Gym),VISUAL ARTS 9 (Room 116),CONCERT BAND 9 - Guitar (Room NO ROOM FOUND),ENGLISH LANGUAGE ARTS 9 (Room A-6),SCIENCE 9 (Room 225),unassigned,PHYSICAL AND HEALTH EDUCATION 9 Linear (Room Gym),TECH ED 9: MECHANICS LD (Room 103)
1861,ADST 9 - General Explorations (Modules) (Room 104),SOCIAL STUDIES 9 (Room 122),SCIENCE 9 (Room 216),MATHEMATICS 9 HONOURS (Room 214),ENGLISH LANGUAGE ARTS 9 (Room 207B),PHYSICAL AND HEALTH EDUCATION 9 (Room Gym),VISUAL ARTS 9 (Room 116),TECH ED 9: MECHANICS LD (Room 103)
1862,ADST 9 - General Explorations (Modules) (Room 104),SOCIAL STUDIES 9 (Room 207A),CONCERT BAND 9 - Guitar (Room NO ROOM FOUND),MATHEMATICS 9 HONOURS (Room 214),SCIENCE 9 (Room 225),ENGLISH LANGUAGE ARTS 9 (Room A-2),ADST - Drafting 9 (Room 105),ADST - Woodwork 9 (Room 101)
1863,ENGLISH 9 FOR ELL (Room A-3),VISUAL ARTS 9 (Room 116),SCIENCE 9 (Room 226),SOCIAL STUDIES 9 (Room 205B),PHYSICAL AND HEALTH EDUCATION 9 Girls (Room Gym),PHYSICAL AND HEALTH EDUCATION 9 Yoga for Mindfulns (Room Gym),ADST - Drafting 9 (Room 105),MATHEMATICS 9 (Room 221)
1864,SOCIAL STUDIES 9 (Room 107),VISUAL ARTS 9 (Room 116),SCIENCE 9 (Room 216),ADST – ENTREPRENEURSHIP AND MARKETING 10 (Room 123),PHYSICAL AND HEALTH EDUCATION 9 Girls (Room Gym),ENGLISH LANGUAGE ARTS 9 (Room A-2),ADST - Textiles 9 (Room A-7),MATHEMATICS 9 (Room 221)
1865,SOCIAL STUDIES 9 (Room 107),VISUAL ARTS 9 (Room 116),SCIENCE 9 (Room 226),ENGLISH LANGUAGE ARTS 9 (Room A-6),FRENCH 11 (Room 208),Information and Communications Technologies 10 (Room 114),PHYSICAL AND HEALTH EDUCATION 9 Girls (Room Gym),MATHEMATICS 9 (Room 210)
1866,MATHEMATICS 9 CHALLENGE (Room 106),SCIENCE 9: CHALLENGE (Room 216),SOCIAL STUDIES 9 CHALLENGE (Room A-2),DANCE 9 Performance and Technique (Room Studio),DANCE 9 HIP HOP (Room Studio),ENGLISH LANGUAGE ARTS 9 CHALLENGE (Room 208),ADST – ENTREPRENEURSHIP AND MARKETING 10 (Room 222),FRENCH 9 (Room 209)
1867,ADST 9 - General Explorations (Modules) (Room 104),ADST - Electronics and Robotics (Room 104),CONCERT BAND 9 - Guitar (Room NO ROOM FOUND),ADST – ENTREPRENEURSHIP AND MARKETING 10 (Room 123),MATHEMATICS 9 (Room 212),SCIENCE 9 (Room 226),ENGLISH LANGUAGE ARTS 9 (Room 123),SOCIAL STUDIES 9 (Room 222)
1868,ADST - Woodwork 9 (Room 101),ADST - Electronics and Robotics (Room 104),SCIENCE 9 (Room 216),SOCIAL STUDIES 9 (Room 205B),MATHEMATICS 9 (Room 212),PHYSICAL AND HEALTH EDUCATION 9 (Room Gym),ENGLISH LANGUAGE ARTS 9 (Room 123),TECH ED 9: MECHANICS LD (Room 103)
1869,SOCIAL STUDIES 9 (Room 107),ADST - Textiles 9 (Room A-7),FRENCH 9 (Room 207B),ENGLISH LANGUAGE ARTS 9 (Room A-6),DANCE 9 HIP HOP (Room Studio),SCIENCE 9 (Room 226),PHYSICAL AND HEALTH EDUCATION 9 Girls (Room Gym),MATHEMATICS 9 (Room 210)
1870,unassigned,SOCIAL STUDIES 9 (Room 207A),FRENCH 9 (Room 207B),DANCE 9 Performance and Technique (Room Studio),ENGLISH LANGUAGE ARTS 9 (Room 207B),PHYSICAL AND HEALTH EDUCATION 9 (Room Gym),ADST – ENTREPRENEURSHIP AND MARKETING 10 (Room 222),MATHEMATICS 9 (Room 221)
1871,ADST - Woodwork 9 (Room 101),ADST - Textiles 9 (Room A-7),SCIENCE 9 (Room 211),SPANISH 9 (Room A-3),MATHEMATICS 9 (Room 212),PHYSICAL AND HEALTH EDUCATION 9 (Room Gym),ADST 9 - General Explorations (Modules) (Room 104),ENGLISH LANGUAGE ARTS 9 (Room A-6)
1872,ADST - Drafting 9 (Room 105),MATHEMATICS 9 (Room 210),SCIENCE 9 (Room 216),SOCIAL STUDIES 9 (Room 205B),FRENCH 11 (Room 208),Information and Communications Technologies 10 (Room 114),PHYSICAL AND HEALTH EDUCATION 9 Girls (Room Gym),ENGLISH LANGUAGE ARTS 9 (Room A-6)
1873,ADST 9 - General Explorations (Modules) (Room 104),MATHEMATICS 9 (Room 210),SCIENCE 9 (Room 226),SPANISH 9 (Room A-3),ENGLISH LANGUAGE ARTS 9 (Room 207B),PHYSICAL AND HEALTH EDUCATION 9 (Room Gym),ADST – ENTREPRENEURSHIP AND MARKETING 10 (Room 222),SOCIAL STUDIES 9 (Room 222)
1874,ADST - Drafting 9 (Room 105),VISUAL ARTS 9 (Room 116),SCIENCE 9 (Room 216),SOCIAL STUDIES 9 (Room 205B),PHYSICAL AND HEALTH EDUCATION 9 Girls (Room Gym),FRENCH 11 (Room 122),ENGLISH LANGUAGE ARTS 9 (Room 123),MATHEMATICS 9 (Room 210)
1875,DANCE 9 Foundations (Room Studio),MATHEMATICS 9 (Room 210),ADST - Textiles 9 (Room A-7),SOCIAL STUDIES 9 (Room 205B),ENGLISH LANGUAGE ARTS 9 (Room 207B),PHYSICAL AND HEALTH EDUCATION 9 (Room Gym),VISUAL ARTS 9 (Room 116),ADST - Drafting 9 (Room 105)
1876,ADST 9 - General Explorations (Modules) (Room 104),SOCIAL STUDIES 9 (Room 207A),PHYSICAL AND HEALTH EDUCATION 9 Boys (Room Gym),ADST – ENTREPRENEURSHIP AND MARKETING 10 (Room 123),Information and Communications Technologies 10 (Room 114),ENGLISH LANGUAGE ARTS 9 (Room A-2),SPANISH 9 (Room A-3),MATHEMATICS 9 (Room 221)
1877,DANCE 9 Foundations (Room Studio),VISUAL ARTS 9 (Room 116),SCIENCE 9 (Room 211),SPANISH 9 (Room A-3),DANCE 9 HIP HOP (Room Studio),ENGLISH LANGUAGE ARTS 9 (Room A-2),PHYSICAL AND HEALTH EDUCATION 9 Girls (Room Gym),SOCIAL STUDIES 9 (Room 222)
1878,unassigned,SOCIAL STUDIES 9 (Room 122),PHYSICAL AND HEALTH EDUCATION 9 Boys (Room Gym),ENGLISH LANGUAGE ARTS 9 (Room A-6),MATHEMATICS 9 (Room 212),SCIENCE 9 (Room 226),ADST - Drafting 9 (Room 105),ADST - Electronics and Robotics (Room 104)
1879,DANCE 9 Foundations (Room Studio),Information and Communications Technologies 10 (Room 203),SCIENCE 9 (Room 211),LEARNING STRATEGIES 9 LD (Room 108),PHYSICAL AND HEALTH EDUCATION 9 Girls (Room Gym),ENGLISH LANGUAGE ARTS 9 (Room A-2),SPANISH 9 (Room A-3),SOCIAL STUDIES 9 (Room 222)
1880,MATHEMATICS 9 CHALLENGE (Room 106),SCIENCE 9: CHALLENGE (Room 216),ENGLISH LANGUAGE ARTS 9 CHALLENGE (Room 207A),ADST 9 - General Explorations (Modules) (Room 105),Information and Communications Technologies 10 (Room 114),PHYSICAL AND HEALTH EDUCATION 9 (Room Gym),ADST - Drafting 9 (Room 105),SOCIAL STUDIES 9 CHALLENGE (Room 207B)
1881,ENGLISH 9 FOR ELL (Room A-3),SOCIAL STUDIES 9 (Room A-2),PHYSICAL AND HEALTH EDUCATION 9 Boys (Room Gym),ADST – ENTREPRENEURSHIP AND MARKETING 10 (Room 123),ADST - Drafting 9 (Room 105),Information and Communications Technologies 10 (Room 114),ADST 9 - General Explorations (Modules) (Room 104),MATHEMATICS 9 (Room 210)
1882,ADST - Drafting 9 (Room 105),SOCIAL STUDIES 9 (Room A-2),FRENCH 9 (Room 207B),TECH ED 9: MECHANICS LD (Room 103),ENGLISH LANGUAGE ARTS 9 (Room 207B),PHYSICAL AND HEALTH EDUCATION 9 (Room Gym),SCIENCE 9 (Room 211),MATHEMATICS 9 (Room 210)
1883,ADST - Woodwork 9 (Room 101),MATHEMATICS 9 (Room 210),FRENCH 9 (Room 207B),ADST – ENTREPRENEURSHIP AND MARKETING 10 (Room 123),PHYSICAL AND HEALTH EDUCATION 9 Girls (Room Gym),ENGLISH LANGUAGE ARTS 9 (Room A-2),SCIENCE 9 (Room 211),SOCIAL STUDIES 9 (Room 121)
1884,ADST - Drafting 9 (Room 105),SOCIAL STUDIES 9 (Room 122),SCIENCE 9 (Room 211),MATHEMATICS 9 HONOURS (Room 214),PHYSICAL AND HEALTH EDUCATION 9 Girls (Room Gym),ENGLISH LANGUAGE ARTS 9 (Room A-2),ADST - Textiles 9 (Room A-7),TECH ED 9: MECHANICS LD (Room 103)
1885,LEARNING STRATEGIES 9 LD LINEAR (Room 108),MATHEMATICS 9 (Room 210),PHYSICAL AND HEALTH EDUCATION 9 Linear (Room Gym),ENGLISH LANGUAGE ARTS 9 (Room A-6),LEARNING STRATEGIES 9 LD LINEAR (Room 108),PHYSICAL AND HEALTH EDUCATION 9 Linear (Room Gym),SCIENCE 9 (Room 211),SOCIAL STUDIES 9 (Room 121)
1886,ADST - Drafting 9 (Room 105),unassigned,SCIENCE 9 (Room 211),MATHEMATICS 9 HONOURS (Room 214),PHYSICAL AND HEALTH EDUCATION 9 Girls (Room Gym),ENGLISH LANGUAGE ARTS 9 (Room A-2),SPANISH 9 (Room A-3),SOCIAL STUDIES 9 (Room 222)
1887,DANCE 9 Foundations (Room Studio),MATHEMATICS 9 (Room 210),SCIENCE 9 (Room 216),ENGLISH LANGUAGE ARTS 9 (Room A-6),PHYSICAL AND HEALTH EDUCATION 9 Girls (Room Gym),FRENCH 9 (Room A-3),ADST – ENTREPRENEURSHIP AND MARKETING 10 (Room 222),SOCIAL STUDIES 9 (Room 121)
1888,ADST 9 - General Explorations (Modules) (Room 104),MATHEMATICS 9 (Room 210),PHYSICAL AND HEALTH EDUCATION 9 Boys (Room Gym),ENGLISH LANGUAGE ARTS 9 (Room A-6),FRENCH 11 (Room 208),SCIENCE 9 (Room 226),SPANISH 9 (Room A-3),SOCIAL STUDIES 9 (Room 121)
1889,unassigned,SOCIAL STUDIES 9 (Room 122),SCIENCE 9 (Room 216),ADST – ENTREPRENEURSHIP AND MARKETING 10 (Room 123),ENGLISH LANGUAGE ARTS 9 (Room A-2),unassigned,unassigned,MATHEMATICS 9 (Room 221)
1890,ADST - Drafting 9 (Room 105),MATHEMATICS 9 (Room 210),SCIENCE 9 (Room 216),SPANISH 9 (Room A-3),Information and Communications Technologies 10 (Room 114),ENGLISH LANGUAGE ARTS 9 (Room A-2),PHYSICAL AND HEALTH EDUCATION 9 Girls (Room Gym),SOCIAL STUDIES 9 (Room 222)
1891,ADST - Woodwork 9 (Room 101),SOCIAL STUDIES 9 (Room 122),SCIENCE 9 (Room 216),ADST – ENTREPRENEURSHIP AND MARKETING 10 (Room 123),MATHEMATICS 9 (Room 212),PHYSICAL AND HEALTH EDUCATION 9 (Room Gym),ADST 9 - General Explorations (Modules) (Room 104),ENGLISH LANGUAGE ARTS 9 (Room A-6)
1892,unassigned,SOCIAL STUDIES 9 (Room 207A),SCIENCE 9 (Room 211),SPANISH 9 (Room A-3),MATHEMATICS 9 (Room 212),ENGLISH LANGUAGE ARTS 9 (Room A-2),ADST 9 - General Explorations (Modules) (Room 104),TECH ED 9: MECHANICS LD (Room 103)
1893,ADST - Drafting 9 (Room 105),MATHEMATICS 9 (Room 210),SCIENCE 9 (Room 211),SOCIAL STUDIES 9 (Room 205B),VISUAL ARTS 9 (Room 116),PHYSICAL AND HEALTH EDUCATION 9 (Room Gym),ADST - Textiles 9 (Room A-7),ENGLISH LANGUAGE ARTS 9 (Room A-6)
1894,ADST 9 - General Explorations (Modules) (Room 104),SOCIAL STUDIES 9 (Room 122),PHYSICAL AND HEALTH EDUCATION 9 Boys (Room Gym),MATHEMATICS 9 HONOURS (Room 214),Information and Communications Technologies 10 (Room 114),SCIENCE 9 (Room 226),ENGLISH LANGUAGE ARTS 9 (Room 123),ADST - Electronics and Robotics (Room 104)
1895,ENGLISH 9 FOR ELL (Room A-3),SOCIAL STUDIES 9 (Room 122),SCIENCE 9 (Room 211),unassigned,MATHEMATICS 9 (Room 212),Information and Communications Technologies 10 (Room 114),VISUAL ARTS 9 (Room 116),ENGLISH LANGUAGE ARTS 9 (Room A-6)
1896,unassigned,unassigned,SCIENCE 9 (Room 226),unassigned,MATHEMATICS 9 (Room 212),ENGLISH LANGUAGE ARTS 9 (Room A-2),unassigned,SOCIAL STUDIES 9 (Room 121)
1897,ADST - Woodwork 9 (Room 101),ADST - Electronics and Robotics (Room 104),ADST 9 - General Explorations (Modules) (Room 105),SOCIAL STUDIES 9 (Room 205B),SCIENCE 9 (Room 225),PHYSICAL AND HEALTH EDUCATION 9 (Room Gym),ENGLISH LANGUAGE ARTS 9 (Room 123),MATHEMATICS 9 (Room 210)
1898,MATHEMATICS 9 CHALLENGE (Room 214),SCIENCE 9: CHALLENGE (Room 216),ENGLISH LANGUAGE ARTS 9 CHALLENGE (Room 207A),Information and Communications Technologies 10 (Room 203),FRENCH 11 (Room 208),PHYSICAL AND HEALTH EDUCATION 9 (Room Gym),ADST 9 - General Explorations (Modules) (Room 104),SOCIAL STUDIES 9 CHALLENGE (Room 207B)
1899,SOCIAL STUDIES 9 (Room 107),MATHEMATICS 9 (Room 210),SCIENCE 9 (Room 211),ADST – ENTREPRENEURSHIP AND MARKETING 10 (Room 123),PHYSICAL AND HEALTH EDUCATION 9 Girls (Room Gym),PHYSICAL AND HEALTH EDUCATION 9 Yoga for Mindfulns (Room Gym),SPANISH 9 (Room A-3),ENGLISH LANGUAGE ARTS 9 (Room A-6)
1900,SOCIAL STUDIES 9 (Room 107),ADST - Electronics and Robotics (Room 104),CONCERT BAND 9 - Guitar (Room NO ROOM FOUND),MATHEMATICS 9 HONOURS (Room 214),PHYSICAL AND HEALTH EDUCATION 9 Girls (Room Gym),SCIENCE 9 (Room 226),ENGLISH LANGUAGE ARTS 9 (Room 123),FRENCH 9 (Room 209)
1901,MATHEMATICS 9 CHALLENGE (Room 214),SCIENCE 9: CHALLENGE (Room 216),ENGLISH LANGUAGE ARTS 9 CHALLENGE (Room 207A),TECH ED 9: MECHANICS LD (Room 103),ADST - Drafting 9 (Room 105),PHYSICAL AND HEALTH EDUCATION 9 (Room Gym),ADST 9 - General Explorations (Modules) (Room 104),SOCIAL STUDIES 9 CHALLENGE (Room 207B)
1902,SOCIAL STUDIES 9 (Room 107),Information and Communications Technologies 10 (Room 203),ADST 9 - General Explorations (Modules) (Room 105),SPANISH 9 (Room A-3),ENGLISH LANGUAGE ARTS 9 (Room 207B),SCIENCE 9 (Room 226),PHYSICAL AND HEALTH EDUCATION 9 Girls (Room Gym),MATHEMATICS 9 (Room 221)
1903,ADST - Drafting 9 (Room 105),SOCIAL STUDIES 9 (Room 207A),PHYSICAL AND HEALTH EDUCATION 9 Boys (Room Gym),SPANISH 9 (Room A-3),SCIENCE 9 (Room 225),FRENCH 11 (Room 122),ENGLISH LANGUAGE ARTS 9 (Room 123),MATHEMATICS 9 (Room 210)
1904,ADST 9 - General Explorations (Modules) (Room 104),SOCIAL STUDIES 9 (Room 122),SCIENCE 9 (Room 226),ADST – ENTREPRENEURSHIP AND MARKETING 10 (Room 123),FRENCH 11 (Room 208),Information and Communications Technologies 10 (Room 114),PHYSICAL AND HEALTH EDUCATION 9 Girls (Room Gym),ENGLISH LANGUAGE ARTS 9 (Room A-6)
1905,unassigned,Information and Communications Technologies 10 (Room 203),ADST 9 - General Explorations (Modules) (Room 105),ADST – ENTREPRENEURSHIP AND MARKETING 10 (Room 123),ENGLISH LANGUAGE ARTS 9 (Room A-2),PHYSICAL AND HEALTH EDUCATION 9 (Room Gym),SCIENCE 9 (Room 211),SOCIAL STUDIES 9 (Room 121)
1906,MATHEMATICS 9 CHALLENGE (Room 214),SCIENCE 9: CHALLENGE (Room 216),CONCERT BAND 9 Linear (Room 119),ADST – ENTREPRENEURSHIP AND MARKETING 10 (Room 123),ADST - Drafting 9 (Room 105),CONCERT BAND 9 Linear (Room 119),ADST 9 - General Explorations (Modules) (Room 104),ADST - Electronics and Robotics (Room 104)
1907,ADST - Woodwork 9 (Room 101),MATHEMATICS 9 (Room 210),CONCERT BAND 9 Linear (Room 119),TECH ED 9: MECHANICS LD (Room 103),ENGLISH LANGUAGE ARTS 9 (Room A-2),CONCERT BAND 9 Linear (Room 119),SCIENCE 9 (Room 211),SOCIAL STUDIES 9 (Room 121)
1908,MATHEMATICS 9 CHALLENGE (Room 106),ADST - Electronics and Robotics (Room 104),CONCERT BAND 9 Linear (Room 119),Information and Communications Technologies 10 (Room 203),SCIENCE 9: CHALLENGE (Room 211),CONCERT BAND 9 Linear (Room 119),ADST – ENTREPRENEURSHIP AND MARKETING 10 (Room 222),FRENCH 9 (Room 209)
1909,ADST - Drafting 9 (Room 105),ADST - Electronics and Robotics (Room 104),PHYSICAL AND HEALTH EDUCATION 9 Boys (Room Gym),ENGLISH LANGUAGE ARTS 9 (Room A-6),MATHEMATICS 9 (Room 212),ADST 9 - General Explorations (Modules) (Room 105),SCIENCE 9 (Room 211),SOCIAL STUDIES 9 (Room 121)
1910,unassigned,unassigned,PHYSICAL AND HEALTH EDUCATION 9 Boys (Room Gym),ENGLISH LANGUAGE ARTS 9 (Room A-6),MATHEMATICS 9 (Room 212),SCIENCE 9 (Room 226),VISUAL ARTS 9 (Room 116),SOCIAL STUDIES 9 (Room 222)
1911,MATHEMATICS 9 CHALLENGE (Room 214),ADST - Electronics and Robotics (Room 104),SOCIAL STUDIES 9 CHALLENGE (Room A-2),Information and Communications Technologies 10 (Room 203),SCIENCE 9: CHALLENGE (Room 211),ENGLISH LANGUAGE ARTS 9 CHALLENGE (Room 208),ADST 9 - General Explorations (Modules) (Room 104),FRENCH 9 (Room 209)
1912,ADST 9 - General Explorations (Modules) (Room 104),PHYSICAL AND HEALTH EDUCATION 9 Football (Room Gym),SCIENCE 9 (Room 226),SOCIAL STUDIES 9 (Room 205B),CROSS TRAINING 10 (Room 120),FRENCH 11 (Room 122),ENGLISH LANGUAGE ARTS 9 (Room 123),MATHEMATICS 9 (Room 221)
1913,DANCE 9 Foundations (Room Studio),SOCIAL STUDIES 9 (Room A-2),SCIENCE 9 (Room 226),SPANISH 9 (Room A-3),PHYSICAL AND HEALTH EDUCATION 9 Girls (Room Gym),ENGLISH LANGUAGE ARTS 9 (Room A-2),ADST - Textiles 9 (Room A-7),TECH ED 9: MECHANICS LD (Room 103)
1914,DANCE 9 Foundations (Room Studio),unassigned,SCIENCE 9 (Room 211),LEARNING STRATEGIES 9 LD (Room 108),PHYSICAL AND HEALTH EDUCATION 9 Girls (Room Gym),PHYSICAL AND HEALTH EDUCATION 9 Yoga for Mindfulns (Room Gym),ENGLISH LANGUAGE ARTS 9 (Room 123),SOCIAL STUDIES 9 (Room 121)
1915,SOCIAL STUDIES 9 (Room 107),PHYSICAL AND HEALTH EDUCATION 9 Football (Room Gym),SCIENCE 9 (Room 211),SPANISH 9 (Room A-3),MATHEMATICS 9 (Room 212),Information and Communications Technologies 10 (Room 114),ADST - Drafting 9 (Room 105),TECH ED 9: MECHANICS LD (Room 103)
1916,ADST - Woodwork 9 (Room 101),ADST - Electronics and Robotics (Room 104),SCIENCE 9 (Room 226),SOCIAL STUDIES 9 (Room 205B),ENGLISH LANGUAGE ARTS 9 (Room 207B),PHYSICAL AND HEALTH EDUCATION 9 (Room Gym),ADST - Drafting 9 (Room 105),MATHEMATICS 9 (Room 221)
1917,unassigned,SOCIAL STUDIES 9 (Room A-2),SCIENCE 9 (Room 216),ENGLISH LANGUAGE ARTS 9 (Room A-6),PHYSICAL AND HEALTH EDUCATION 9 Girls (Room Gym),FRENCH 11 (Room 122),ADST – ENTREPRENEURSHIP AND MARKETING 10 (Room 222),MATHEMATICS 9 (Room 221)
1918,ADST - Drafting 9 (Room 105),ADST - Electronics and Robotics (Room 104),SCIENCE 9 (Room 211),SOCIAL STUDIES 9 (Room 205B),Information and Communications Technologies 10 (Room 114),PHYSICAL AND HEALTH EDUCATION 9 (Room Gym),ADST 9 - General Explorations (Modules) (Room 104),ENGLISH LANGUAGE ARTS 9 (Room A-6)
1919,SOCIAL STUDIES 9 (Room 107),MATHEMATICS 9 (Room 210),ADST - Textiles 9 (Room A-7),SPANISH 9 (Room A-3),DANCE 9 HIP HOP (Room Studio),SCIENCE 9 (Room 226),PHYSICAL AND HEALTH EDUCATION 9 Girls (Room Gym),ENGLISH LANGUAGE ARTS 9 (Room A-6)
1920,MATHEMATICS 9 CHALLENGE (Room 106),Information and Communications Technologies 10 (Room 203),ENGLISH LANGUAGE ARTS 9 CHALLENGE (Room 207A),ADST 9 - General Explorations (Modules) (Room 105),SCIENCE 9: CHALLENGE (Room 211),PHYSICAL AND HEALTH EDUCATION 9 (Room Gym),ADST - Drafting 9 (Room 105),SOCIAL STUDIES 9 CHALLENGE (Room 207B)
1921,ADST - Drafting 9 (Room 105),SOCIAL STUDIES 9 (Room 122),CONCERT BAND 9 Linear (Room 119),ENGLISH LANGUAGE ARTS 9 (Room A-6),MATHEMATICS 9 (Room 212),CONCERT BAND 9 Linear (Room 119),SCIENCE 9 (Room 211),ADST - Woodwork 9 (Room 101)
1922,ENGLISH 9 FOR ELL (Room A-3),MATHEMATICS 9 (Room 210),SCIENCE 9 (Room 216),ADST 9 - General Explorations (Modules) (Room 105),Information and Communications Technologies 10 (Room 114),PHYSICAL AND HEALTH EDUCATION 9 (Room Gym),ADST – ENTREPRENEURSHIP AND MARKETING 10 (Room 222),SOCIAL STUDIES 9 (Room 222)
1923,SOCIAL STUDIES 9 (Room 107),Information and Communications Technologies 10 (Room 203),SCIENCE 9 (Room 216),SPANISH 9 (Room A-3),DANCE 9 HIP HOP (Room Studio),ENGLISH LANGUAGE ARTS 9 (Room A-2),PHYSICAL AND HEALTH EDUCATION 9 Girls (Room Gym),MATHEMATICS 9 (Room 221)
1924,SOCIAL STUDIES 9 (Room 107),ADST - Textiles 9 (Room A-7),SCIENCE 9 (Room 216),DANCE 9 Performance and Technique (Room Studio),PHYSICAL AND HEALTH EDUCATION 9 Girls (Room Gym),ENGLISH LANGUAGE ARTS 9 (Room A-2),SPANISH 9 (Room A-3),MATHEMATICS 9 (Room 221)
1925,SOCIAL STUDIES 9 (Room 107),VISUAL ARTS 9 (Room 116),CONCERT BAND 9 - Guitar (Room NO ROOM FOUND),ENGLISH LANGUAGE ARTS 9 (Room A-6),SCIENCE 9 (Room 225),FRENCH 9 (Room A-3),PHYSICAL AND HEALTH EDUCATION 9 Girls (Room Gym),MATHEMATICS 9 (Room 221)
1926,ADST - Drafting 9 (Room 105),Information and Communications Technologies 10 (Room 203),SCIENCE 9 (Room 226),SOCIAL STUDIES 9 (Room 205B),MATHEMATICS 9 (Room 212),ENGLISH LANGUAGE ARTS 9 (Room A-2),VISUAL ARTS 9 (Room 116),ADST - Electronics and Robotics (Room 104)
1927,ADST - Drafting 9 (Room 105),MATHEMATICS 9 (Room 210),SCIENCE 9 (Room 216),SOCIAL STUDIES 9 (Room 205B),PHYSICAL AND HEALTH EDUCATION 9 Girls (Room Gym),FRENCH 9 (Room A-3),ADST - Textiles 9 (Room A-7),ENGLISH LANGUAGE ARTS 9 (Room A-6)
1928,ENGLISH 9 FOR ELL (Room A-3),MATHEMATICS 9 (Room 210),CONCERT BAND 9 - Guitar (Room NO ROOM FOUND),DANCE 9 Performance and Technique (Room Studio),PHYSICAL AND HEALTH EDUCATION 9 Girls (Room Gym),SCIENCE 9 (Room 226),SPANISH 9 (Room A-3),SOCIAL STUDIES 9 (Room 222)
1929,ADST 9 - General Explorations (Modules) (Room 104),SOCIAL STUDIES 9 (Room A-2),PHYSICAL AND HEALTH EDUCATION 9 Boys (Room Gym),Information and Communications Technologies 10 (Room 203),SCIENCE 9 (Room 225),ENGLISH LANGUAGE ARTS 9 (Room A-2),ADST - Drafting 9 (Room 105),MATHEMATICS 9 (Room 221)
1930,ENGLISH 9 FOR ELL (Room A-3),MATHEMATICS 9 (Room 210),PHYSICAL AND HEALTH EDUCATION 9 Boys (Room Gym),SOCIAL STUDIES 9 (Room 205B),ADST - Drafting 9 (Room 105),SCIENCE 9 (Room 226),ADST – ENTREPRENEURSHIP AND MARKETING 10 (Room 222),ADST - Electronics and Robotics (Room 104)
1931,MATHEMATICS 9 CHALLENGE (Room 106),ADST - Electronics and Robotics (Room 104),CONCERT BAND 9 Linear (Room 119),ADST 9 - General Explorations (Modules) (Room 105),SCIENCE 9: CHALLENGE (Room 211),CONCERT BAND 9 Linear (Room 119),ADST - Drafting 9 (Room 105),SOCIAL STUDIES 9 CHALLENGE (Room 207B)
1932,MATHEMATICS 9 CHALLENGE (Room 214),SCIENCE 9: CHALLENGE (Room 216),PHYSICAL AND HEALTH EDUCATION 9 Boys (Room Gym),Information and Communications Technologies 10 (Room 203),FRENCH 11 (Room 208),ENGLISH LANGUAGE ARTS 9 CHALLENGE (Room 208),ADST 9 - General Explorations (Modules) (Room 104),SOCIAL STUDIES 9 CHALLENGE (Room 207B)
1933,SOCIAL STUDIES 9 (Room 107),VISUAL ARTS 9 (Room 116),SCIENCE 9 (Room 216),MATHEMATICS 9 HONOURS (Room 214),PHYSICAL AND HEALTH EDUCATION 9 Girls (Room Gym),DRAMA 9 (Room A-1),ADST – ENTREPRENEURSHIP AND MARKETING 10 (Room 222),ENGLISH LANGUAGE ARTS 9 (Room A-6)
1934,MATHEMATICS 9 CHALLENGE (Room 214),SCIENCE 9: CHALLENGE (Room 216),ENGLISH LANGUAGE ARTS 9 CHALLENGE (Room 207A),Information and Communications Technologies 10 (Room 203),FRENCH 11 (Room 208),PHYSICAL AND HEALTH EDUCATION 9 (Room Gym),ADST – ENTREPRENEURSHIP AND MARKETING 10 (Room 222),SOCIAL STUDIES 9 CHALLENGE (Room 207B)
1935,DANCE 9 Foundations (Room Studio),SOCIAL STUDIES 9 (Room 122),SCIENCE 9 (Room 226),MATHEMATICS 9 HONOURS (Room 214),PHYSICAL AND HEALTH EDUCATION 9 Girls (Room Gym),ENGLISH LANGUAGE ARTS 9 (Room A-2),VISUAL ARTS 9 (Room 116),ADST - Textiles 9 (Room A-7)
1936,DANCE 9 Foundations (Room Studio),SOCIAL STUDIES 9 (Room 122),FRENCH 9 (Room 207B),MATHEMATICS 9 HONOURS (Room 214),SCIENCE 9 (Room 225),DRAMA 9 (Room A-1),PHYSICAL AND HEALTH EDUCATION 9 Girls (Room Gym),ENGLISH LANGUAGE ARTS 9 (Room A-6)
1937,MATHEMATICS 9 CHALLENGE (Room 106),SCIENCE 9: CHALLENGE (Room 216),ENGLISH LANGUAGE ARTS 9 CHALLENGE (Room 207A),Information and Communications Technologies 10 (Room 203),VISUAL ARTS 9 (Room 116),PHYSICAL AND HEALTH EDUCATION 9 (Room Gym),ADST – ENTREPRENEURSHIP AND MARKETING 10 (Room 222),SOCIAL STUDIES 9 CHALLENGE (Room 207B)
1938,MATHEMATICS 9 CHALLENGE (Room 106),SCIENCE 9: CHALLENGE (Room 216),PHYSICAL AND HEALTH EDUCATION 9 Boys (Room Gym),ADST 9 - General Explorations (Modules) (Room 105),Information and Communications Technologies 10 (Room 114),ENGLISH LANGUAGE ARTS 9 CHALLENGE (Room 208),SPANISH 9 (Room A-3),SOCIAL STUDIES 9 CHALLENGE (Room 207B)
1939,ENGLISH 9 FOR ELL (Room A-3),ADST - Textiles 9 (Room A-7),SCIENCE 9 (Room 226),SOCIAL STUDIES 9 (Room 205B),PHYSICAL AND HEALTH EDUCATION 9 Girls (Room Gym),PHYSICAL AND HEALTH EDUCATION 9 Yoga for Mindfulns (Room Gym),VISUAL ARTS 9 (Room 116),MATHEMATICS 9 (Room 221)
1940,MATHEMATICS 9 CHALLENGE (Room 106),ADST - Electronics and Robotics (Room 104),ENGLISH LANGUAGE ARTS 9 CHALLENGE (Room 207A),Information and Communications Technologies 10 (Room 203),SCIENCE 9: CHALLENGE (Room 211),PHYSICAL AND HEALTH EDUCATION 9 (Room Gym),ADST – ENTREPRENEURSHIP AND MARKETING 10 (Room 222),SOCIAL STUDIES 9 CHALLENGE (Room 207B)
1941,SOCIAL STUDIES 9 (Room 107),Information and Communications Technologies 10 (Room 203),SCIENCE 9 (Room 216),MATHEMATICS 9 HONOURS (Room 214),PHYSICAL AND HEALTH EDUCATION 9 Girls (Room Gym),FRENCH 11 (Room 122),ADST – ENTREPRENEURSHIP AND MARKETING 10 (Room 222),ENGLISH LANGUAGE ARTS 9 (Room A-6)
1942,ADST 9 - General Explorations (Modules) (Room 104),ADST - Textiles 9 (Room A-7),SCIENCE 9 (Room 216),MATHEMATICS 9 HONOURS (Room 214),ENGLISH LANGUAGE ARTS 9 (Room 207B),PHYSICAL AND HEALTH EDUCATION 9 (Room Gym),ADST – ENTREPRENEURSHIP AND MARKETING 10 (Room 222),SOCIAL STUDIES 9 (Room 121)
1943,LEARNING STRATEGIES 9 LD LINEAR (Room 108),SOCIAL STUDIES 9 (Room 207A),PHYSICAL AND HEALTH EDUCATION 9 Linear (Room Gym),ENGLISH LANGUAGE ARTS 9 (Room A-6),LEARNING STRATEGIES 9 LD LINEAR (Room 108),PHYSICAL AND HEALTH EDUCATION 9 Linear (Room Gym),SCIENCE 9 (Room 211),TECH ED 9: MECHANICS LD (Room 103)
1944,ENGLISH 9 FOR ELL (Room A-3),SOCIAL STUDIES 9 (Room 122),PHYSICAL AND HEALTH EDUCATION 9 Boys (Room Gym),LEARNING STRATEGIES 9 LD (Room 108),SCIENCE 9 (Room 225),FRENCH 9 (Room A-3),unassigned,ADST - Electronics and Robotics (Room 104)
1945,SOCIAL STUDIES 9 (Room 107),Information and Communications Technologies 10 (Room 203),CONCERT BAND 9 Linear (Room 119),MATHEMATICS 9 HONOURS (Room 214),SCIENCE 9 (Room 225),CONCERT BAND 9 Linear (Room 119),ADST – ENTREPRENEURSHIP AND MARKETING 10 (Room 222),ENGLISH LANGUAGE ARTS 9 (Room A-6)
1946,DANCE 9 Foundations (Room Studio),SOCIAL STUDIES 9 (Room A-2),SCIENCE 9 (Room 216),SPANISH 9 (Room A-3),MATHEMATICS 9 (Room 212),PHYSICAL AND HEALTH EDUCATION 9 Yoga for Mindfulns (Room Gym),PHYSICAL AND HEALTH EDUCATION 9 Girls (Room Gym),ENGLISH LANGUAGE ARTS 9 (Room A-6)
1947,PHYSICAL AND HEALTH EDUCATION 9 Linear (Room Gym),Information and Communications Technologies 10 (Room 203),SCIENCE 9 (Room 226),MATHEMATICS 9 HONOURS (Room 214),ENGLISH LANGUAGE ARTS 9 (Room 207B),FRENCH 9 (Room A-3),PHYSICAL AND HEALTH EDUCATION 9 Linear (Room Gym),SOCIAL STUDIES 9 (Room 121)
1948,unassigned,SOCIAL STUDIES 9 (Room A-2),ADST - Textiles 9 (Room A-7),unassigned,PHYSICAL AND HEALTH EDUCATION 9 Girls (Room Gym),SCIENCE 9 (Room 226),ADST - Drafting 9 (Room 105),ENGLISH LANGUAGE ARTS 9 (Room A-6)
1949,PHYSICAL AND HEALTH EDUCATION 9 Linear (Room Gym),SOCIAL STUDIES 9 (Room A-2),CONCERT BAND 9 - Guitar (Room NO ROOM FOUND),ENGLISH LANGUAGE ARTS 9 (Room A-6),MATHEMATICS 9 (Room 212),PHYSICAL AND HEALTH EDUCATION 9 Yoga for Mindfulns (Room Gym),PHYSICAL AND HEALTH EDUCATION 9 Linear (Room Gym),FRENCH 9 (Room 209)
1950,unassigned,unassigned,CONCERT BAND 9 Linear (Room 119),SOCIAL STUDIES 9 (Room 205B),ENGLISH LANGUAGE ARTS 9 (Room 207B),CONCERT BAND 9 Linear (Room 119),ADST 9 - General Explorations (Modules) (Room 104),MATHEMATICS 9 (Room 221)
1951,MATHEMATICS 9 CHALLENGE (Room 106),SCIENCE 9: CHALLENGE (Room 216),ENGLISH LANGUAGE ARTS 9 CHALLENGE (Room 207A),Information and Communications Technologies 10 (Room 203),FRENCH 11 (Room 208),PHYSICAL AND HEALTH EDUCATION 9 (Room Gym),ADST – ENTREPRENEURSHIP AND MARKETING 10 (Room 222),SOCIAL STUDIES 9 CHALLENGE (Room 207B)
1952,MATHEMATICS 9 CHALLENGE (Room 106),SCIENCE 9: CHALLENGE (Room 216),ENGLISH LANGUAGE ARTS 9 CHALLENGE (Room 207A),Information and Communications Technologies 10 (Room 203),FRENCH 11 (Room 208),PHYSICAL AND HEALTH EDUCATION 9 (Room Gym),ADST 9 - General Explorations (Modules) (Room 104),SOCIAL STUDIES 9 CHALLENGE (Room 207B)
1953,DANCE 9 Foundations (Room Studio),SOCIAL STUDIES 9 (Room A-2),SCIENCE 9 (Room 216),ADST – ENTREPRENEURSHIP AND MARKETING 10 (Room 123),PHYSICAL AND HEALTH EDUCATION 9 Girls (Room Gym),FRENCH 11 (Room 122),ENGLISH LANGUAGE ARTS 9 (Room 123),MATHEMATICS 9 (Room 221)
