id,grade,course,description,alternate
1000,12,MCALC12---,CALCULUS 12,False
1000,12,MCLC-12--L,CAREER LIFE CONNECTIONS Linear,False
1000,12,MCMCL12---,COMPARATIVE CULTURES 12,True
1000,12,MCTWR12---,CREATIVE WRITING 12,False
1000,12,MEC--12---,ECONOMICS 12,False
1000,12,MENFP12---,ENGLISH FIRST PEOPLES 12,False
1000,12,MEVSC12C--,ENVIRONMENTAL SCIENCE 12 - CLIMATE CHANGE,False
1000,12,MPREC12---,PRE-CALCULUS 12,False
1000,12,MSJ--12---,SOCIAL JUSTICE 12,True
1000,12,MWH--12---,20th CENTURY WORLD HISTORY 12,False
1000,12,YPSYC1AX--,PSYCHOLOGY 11,False
1001,12,MATPH12---,ANATOMY AND PHYSIOLOGY 12,False
1001,12,MFR--10---,FRENCH 10,False
1001,12,MMAP-11---,MARKETING AND PROMOTION 11,True
1001,12,MPREC12---,PRE-CALCULUS 12,False
1001,12,XBA--09G--,CONCERT BAND 9 - Guitar,False
1001,12,YPSYC1AX--,PSYCHOLOGY 11,True
1002,12,MCLC-12--L,CAREER LIFE CONNECTIONS Linear,False
1002,12,MDCF-12---,DANCE FOUNDATIONS 12,False
1002,12,MDCF-12---,DANCE FOUNDATIONS 12,True
1002,12,MDRM-12---,DRAMA 12,False
1002,12,MENFP12---,ENGLISH FIRST PEOPLES 12,False
1002,12,MFOOD12---,FOOD STUDIES 12,False
1002,12,MSJ--12---,SOCIAL JUSTICE 12,False
1002,12,MTXT-12---,TEXTILES 12,False
1002,12,MVAST12---,ART STUDIO 12,True
1002,12,YED--2CX--,LEARNING STRATEGIES 12,False
1002,12,YPA--2CX--,YOGA FOR MINDFULNESS 12,False
1003,11,MACLV12---,ACTIVE LIVING 12,False
1003,11,MATPH12---,ANATOMY AND PHYSIOLOGY 12,False
1003,11,MCLC-12--L,CAREER LIFE CONNECTIONS Linear,False
1003,11,MENST12---,ENGLISH STUDIES 12,False
1003,11,MEVSC12C--,ENVIRONMENTAL SCIENCE 12 - CLIMATE CHANGE,False
1003,11,MPREC12---,PRE-CALCULUS 12,False
1003,11,MTAUT12---,AUTOMOTIVE TECHNOLOGY 12,False
1004,11,ACAL-12---,AP CALCULUS AB 12 external credential,False
1004,11,MCH--12---,CHEMISTRY 12,False
1004,11,MCLC-12--L,CAREER LIFE CONNECTIONS Linear,False
1004,11,MENR-12---,ENGINEERING 12,False
1004,11,MENST12C--,ENGLISH STUDIES 12 CHALLENGE,False
1004,11,MFOOD12---,FOOD STUDIES 12,False
1004,11,MPH--12---,PHYSICS 12,False
1004,11,MPREC12H--,PRE-CALCULUS 12 HONOURS,False
1004,11,MTDRF12---,DRAFTING 12,False
1004,11,YED--2DX-L,PEER TUTORING 12 LINEAR,False
1005,11,MATPH12---,ANATOMY AND PHYSIOLOGY 12,False
1005,11,MCALC12---,CALCULUS 12,False
1005,11,MCH--12---,CHEMISTRY 12,False
1005,11,MCLC-12--L,CAREER LIFE CONNECTIONS Linear,False
1005,11,MENST12---,ENGLISH STUDIES 12,False
1005,11,MPH--11---,PHYSICS 11,False
1005,11,MPH--12---,PHYSICS 12,False
1005,11,MPREC12H--,PRE-CALCULUS 12 HONOURS,False
1005,11,YED--2FX-L,SCHOLARSHIP PREPARATION 12 LINEAR,False
1006,11,MCALC12---,CALCULUS 12,False
1006,11,MCH--12---,CHEMISTRY 12,False
1006,11,MCLC-12--L,CAREER LIFE CONNECTIONS Linear,False
1006,11,MLST-12---,LAW STUDIES 12,False
1006,11,MPREC12---,PRE-CALCULUS 12,False
1006,11,MSP--11---,SPANISH 11,False
1006,11,MSP--12---,SPANISH 12,False
1006,11,MTXT-12---,TEXTILES 12,False
1006,11,YCPA-2AX-L,COMMUNITY LEADERSHIP 12 Linear,False
1006,11,YLAW-2CX--,CRIMINOLOGY 12,True
1007,11,AELC-12---,AP ENGLISH LITERATURE & COMPOSITION 12,False
1007,11,APHM-12---,AP PHYSICS C (MECHANICS) 12 external credential,False
1007,11,MCALC12---,CALCULUS 12,False
1007,11,MCH--12---,CHEMISTRY 12,False
1007,11,MCLC-12--L,CAREER LIFE CONNECTIONS Linear,False
1007,11,MDMD-12D--,3D ANIMATION 12,False
1007,11,MENR-12---,ENGINEERING 12,False
1007,11,MENT-12---,ENTREPRENEURSHIP 12,True
1007,11,MLTST12---,LITERARY STUDIES 12,False
1007,11,MPH--12---,PHYSICS 12,True
1007,11,YED--2DX-L,PEER TUTORING 12 LINEAR,False
1008,11,AELC-12---,AP ENGLISH LITERATURE & COMPOSITION 12,False
1008,11,MATPH12---,ANATOMY AND PHYSIOLOGY 12,True
1008,11,MCALC12---,CALCULUS 12,False
1008,11,MCH--12---,CHEMISTRY 12,False
1008,11,MCLC-12--L,CAREER LIFE CONNECTIONS Linear,False
1008,11,MEC--12---,ECONOMICS 12,False
1008,11,MENR-12---,ENGINEERING 12,False
1008,11,MENST12C--,ENGLISH STUDIES 12 CHALLENGE,True
1008,11,MLFSC11---,LIFE SCIENCES 11,True
1008,11,MLST-12---,LAW STUDIES 12,True
1008,11,MLTST12---,LITERARY STUDIES 12,False
1008,11,MPH--12---,PHYSICS 12,False
1008,11,MPREC12---,PRE-CALCULUS 12,False
1008,11,YED--2FX-L,SCHOLARSHIP PREPARATION 12 LINEAR,False
1009,11,MATPH12---,ANATOMY AND PHYSIOLOGY 12,False
1009,11,MCH--12---,CHEMISTRY 12,False
1009,11,MCLC-12--L,CAREER LIFE CONNECTIONS Linear,False
1009,11,MENST12---,ENGLISH STUDIES 12,False
1009,11,MFOOD12---,FOOD STUDIES 12,False
1009,11,MODED12---,OUTDOOR EDUCATION 12,True
1009,11,MPH--12---,PHYSICS 12,False
1009,11,MPREC12---,PRE-CALCULUS 12,False
1009,11,YPSYC1AX--,PSYCHOLOGY 11,False
1010,11,ACAL-12---,AP CALCULUS AB 12 external credential,False
1010,11,AELC-12---,AP ENGLISH LITERATURE & COMPOSITION 12,False
1010,11,APHM-12---,AP PHYSICS C (MECHANICS) 12 external credential,True
1010,11,MCALC12---,CALCULUS 12,True
1010,11,MCLC-12--L,CAREER LIFE CONNECTIONS Linear,False
1010,11,MCMPR12AI-,COMPUTER PROGRAMMING 12 AI and Games,False
1010,11,MLTST12---,LITERARY STUDIES 12,False
1010,11,MPH--12---,PHYSICS 12,False
1010,11,MPREC12---,PRE-CALCULUS 12,False
1010,11,MTROB12--L,ROBOTICS 12 LINEAR,False
1011,11,ACAL-12---,AP CALCULUS AB 12 external credential,False
1011,11,AELC-12---,AP ENGLISH LITERATURE & COMPOSITION 12,False
1011,11,MCH--12---,CHEMISTRY 12,False
1011,11,MCLC-12--L,CAREER LIFE CONNECTIONS Linear,False
1011,11,MLTST12---,LITERARY STUDIES 12,False
1011,11,MPH--12---,PHYSICS 12,False
1011,11,MTAUT12---,AUTOMOTIVE TECHNOLOGY 12,False
1011,11,MTDRF12---,DRAFTING 12,False
1011,11,YED--2FX-L,SCHOLARSHIP PREPARATION 12 LINEAR,False
1012,11,MACLV12---,ACTIVE LIVING 12,False
1012,11,MCLC-12--L,CAREER LIFE CONNECTIONS Linear,False
1012,11,MCMCL12---,COMPARATIVE CULTURES 12,False
1012,11,MENST12---,ENGLISH STUDIES 12,False
1012,11,MFOOD12---,FOOD STUDIES 12,False
1012,11,MSJ--12---,SOCIAL JUSTICE 12,False
1012,11,MTAUT12---,AUTOMOTIVE TECHNOLOGY 12,False
1012,11,YED--2CX--,LEARNING STRATEGIES 12,False
1012,11,YHRA-2AX--,CROSS TRAINING 12,False
1013,11,MCH--12---,CHEMISTRY 12,True
1013,11,MCLC-12--L,CAREER LIFE CONNECTIONS Linear,False
1013,11,MCMCL12---,COMPARATIVE CULTURES 12,True
1013,11,MEC--12---,ECONOMICS 12,False
1013,11,MENFP12---,ENGLISH FIRST PEOPLES 12,False
1013,11,MFOOD12---,FOOD STUDIES 12,False
1013,11,MPREC12---,PRE-CALCULUS 12,False
1013,11,MTXT-12---,TEXTILES 12,False
1013,11,XBA--09G--,CONCERT BAND 9 - Guitar,True
1013,11,YCPA-2AX-L,COMMUNITY LEADERSHIP 12 Linear,False
1013,11,YLAW-2CX--,CRIMINOLOGY 12,False
1013,11,YPSYC1AX--,PSYCHOLOGY 11,False
1014,11,MCMCL12---,COMPARATIVE CULTURES 12,True
1014,11,MCMPS11---,COMPOSITION 11,False
1014,11,MFOM-11---,FOUNDATIONS OF MATHEMATICS 11,False
1014,11,MLFSC11---,LIFE SCIENCES 11,False
1014,11,MPGEO12---,PHYSICAL GEOGRAPHY 12,False
1014,11,MSJ--12---,SOCIAL JUSTICE 12,True
1015,11,MCALC12---,CALCULUS 12,False
1015,11,MCLC-12--L,CAREER LIFE CONNECTIONS Linear,False
1015,11,MENST12---,ENGLISH STUDIES 12,False
1015,11,MFOOD12---,FOOD STUDIES 12,False
1015,11,MLST-12---,LAW STUDIES 12,False
1015,11,MPREC12---,PRE-CALCULUS 12,False
1015,11,MVAPH11---,PHOTOGRAPHY 11,True
1015,11,MWWK-12---,WOODWORK 12,True
1015,11,YCPA-2AX-L,COMMUNITY LEADERSHIP 12 Linear,False
1015,11,YED--2FX-L,SCHOLARSHIP PREPARATION 12 LINEAR,False
1015,11,YPSYC1AX--,PSYCHOLOGY 11,False
1016,11,MCLC-12--L,CAREER LIFE CONNECTIONS Linear,False
1016,11,MCMCL12---,COMPARATIVE CULTURES 12,True
1016,11,MENST12---,ENGLISH STUDIES 12,False
1016,11,MEVSC12C--,ENVIRONMENTAL SCIENCE 12 - CLIMATE CHANGE,False
1016,11,MFOM-11---,FOUNDATIONS OF MATHEMATICS 11,False
1016,11,MFOM-11---,FOUNDATIONS OF MATHEMATICS 11,True
1016,11,MFOOD12---,FOOD STUDIES 12,False
1016,11,MPGEO12---,PHYSICAL GEOGRAPHY 12,False
1016,11,MSJ--12---,SOCIAL JUSTICE 12,False
1016,11,MTAUT12---,AUTOMOTIVE TECHNOLOGY 12,False
1016,11,YHRA-2AX--,CROSS TRAINING 12,False
1017,11,MAC--11---,ACCOUNTING 11,False
1017,11,MCALC12---,CALCULUS 12,False
1017,11,MCLC-12--L,CAREER LIFE CONNECTIONS Linear,False
1017,11,MENFP12--Y,ENGLISH FIRST PEOPLES 12 Year,False
1017,11,MPREC12---,PRE-CALCULUS 12,False
1017,11,MTDRF12---,DRAFTING 12,False
1017,11,YESFL1CX--,ELL Academic Literacy 11,False
1018,11,APHM-12---,AP PHYSICS C (MECHANICS) 12 external credential,False
1018,11,MAC--11---,ACCOUNTING 11,True
1018,11,MCALC12---,CALCULUS 12,False
1018,11,MCH--12---,CHEMISTRY 12,False
1018,11,MCLC-12--L,CAREER LIFE CONNECTIONS Linear,False
1018,11,MENR-12---,ENGINEERING 12,True
1018,11,MENST12---,ENGLISH STUDIES 12,False
1018,11,MFOOD12---,FOOD STUDIES 12,False
1018,11,MODED12---,OUTDOOR EDUCATION 12,False
1018,11,MPREC12---,PRE-CALCULUS 12,False
1018,11,MTXT-12---,TEXTILES 12,False
1018,11,YED--2DX-L,PEER TUTORING 12 LINEAR,False
1018,11,YED--2FX-L,SCHOLARSHIP PREPARATION 12 LINEAR,False
1018,11,YLRA-2AX-L,ATHLETIC LEADERSHIP 12 Linear,False
1019,11,MENST12---,ENGLISH STUDIES 12,False
1019,11,MFR--11---,FRENCH 11,False
1019,11,MMEDD12---,MEDIA DESIGN 12,False
1019,11,MTROB12---,ROBOTICS 12,True
1019,11,YLAW-2CX--,CRIMINOLOGY 12,False
1020,11,MAC--11---,ACCOUNTING 11,False
1020,11,MEC--12---,ECONOMICS 12,True
1020,11,MENST12---,ENGLISH STUDIES 12,False
1020,11,MMAP-11---,MARKETING AND PROMOTION 11,True
1020,11,MPH--12---,PHYSICS 12,False
1020,11,MPREC12---,PRE-CALCULUS 12,False
1021,11,MATPH12---,ANATOMY AND PHYSIOLOGY 12,False
1021,11,MCH--11---,CHEMISTRY 11,False
1021,11,MCH--12---,CHEMISTRY 12,False
1021,11,MCLC-12--L,CAREER LIFE CONNECTIONS Linear,False
1021,11,MDCF-12---,DANCE FOUNDATIONS 12,False
1021,11,MDNC-12--L,DANCE 12: CHOREOGRAPHY Linear,False
1021,11,MDNCM12--L,DANCE COMPANY 12 Linear,False
1021,11,MENFP12---,ENGLISH FIRST PEOPLES 12,False
1021,11,MPREC12---,PRE-CALCULUS 12,False
1021,11,YCPA-2AX-L,COMMUNITY LEADERSHIP 12 Linear,False
1022,11,MCLC-12--L,CAREER LIFE CONNECTIONS Linear,False
1022,11,MCMCL12---,COMPARATIVE CULTURES 12,False
1022,11,MENST12---,ENGLISH STUDIES 12,False
1022,11,MEVSC12C--,ENVIRONMENTAL SCIENCE 12 - CLIMATE CHANGE,True
1022,11,MPREC11---,PRE-CALCULUS 11,False
1022,11,MPREC12---,PRE-CALCULUS 12,False
1022,11,MTXT-12---,TEXTILES 12,False
1022,11,MVAPH11---,PHOTOGRAPHY 11,True
1022,11,MVAST12---,ART STUDIO 12,False
1022,11,YPSYC1AX--,PSYCHOLOGY 11,False
1023,11,MATPH12---,ANATOMY AND PHYSIOLOGY 12,False
1023,11,MCALC12---,CALCULUS 12,True
1023,11,MCH--12---,CHEMISTRY 12,False
1023,11,MCLC-12--L,CAREER LIFE CONNECTIONS Linear,False
1023,11,MENST12---,ENGLISH STUDIES 12,False
1023,11,MFOOD12---,FOOD STUDIES 12,False
1023,11,MPH--11---,PHYSICS 11,False
1023,11,MPH--12---,PHYSICS 12,False
1023,11,MPREC12---,PRE-CALCULUS 12,False
1023,11,MTXT-12---,TEXTILES 12,False
1024,11,MCH--11---,CHEMISTRY 11,False
1024,11,MCH--12---,CHEMISTRY 12,False
1024,11,MCLC-12--L,CAREER LIFE CONNECTIONS Linear,False
1024,11,MENST12---,ENGLISH STUDIES 12,False
1024,11,MODED12---,OUTDOOR EDUCATION 12,False
1024,11,MPREC12---,PRE-CALCULUS 12,False
1024,11,MTAUT12---,AUTOMOTIVE TECHNOLOGY 12,False
1025,11,MCH--12---,CHEMISTRY 12,False
1025,11,MENST12---,ENGLISH STUDIES 12,False
1025,11,MEVSC12C--,ENVIRONMENTAL SCIENCE 12 - CLIMATE CHANGE,True
1025,11,MPH--12---,PHYSICS 12,False
1025,11,MPREC12---,PRE-CALCULUS 12,False
1026,11,ACAL-12---,AP CALCULUS AB 12 external credential,False
1026,11,ACSC-2A---,AP COMPUTER SCIENCE A 12,False
1026,11,APHM-12---,AP PHYSICS C (MECHANICS) 12 external credential,False
1026,11,MCH--12---,CHEMISTRY 12,False
1026,11,MCLC-12--L,CAREER LIFE CONNECTIONS Linear,False
1026,11,MENR-12---,ENGINEERING 12,True
1026,11,MENST12C--,ENGLISH STUDIES 12 CHALLENGE,False
1026,11,MFOOD12---,FOOD STUDIES 12,False
1026,11,MMEDD12---,MEDIA DESIGN 12,False
1026,11,MPREC12H--,PRE-CALCULUS 12 HONOURS,False
1026,11,YED--2DX-L,PEER TUTORING 12 LINEAR,False
1026,11,YED--2FX-L,SCHOLARSHIP PREPARATION 12 LINEAR,False
1027,11,MATPH12---,ANATOMY AND PHYSIOLOGY 12,False
1027,11,MCLC-12--L,CAREER LIFE CONNECTIONS Linear,False
1027,11,MENST12---,ENGLISH STUDIES 12,False
1027,11,MFOM-11---,FOUNDATIONS OF MATHEMATICS 11,False
1027,11,MLST-12---,LAW STUDIES 12,False
1027,11,MSJ--12---,SOCIAL JUSTICE 12,False
1027,11,MTXT-12---,TEXTILES 12,False
1027,11,YLAW-2CX--,CRIMINOLOGY 12,False
1028,11,MATPH12---,ANATOMY AND PHYSIOLOGY 12,False
1028,11,MDCF-12---,DANCE FOUNDATIONS 12,False
1028,11,MFOOD12---,FOOD STUDIES 12,False
1028,11,MMEDD12---,MEDIA DESIGN 12,False
1028,11,MVAST12---,ART STUDIO 12,True
1029,11,AELC-12---,AP ENGLISH LITERATURE & COMPOSITION 12,False
1029,11,MCLC-12--L,CAREER LIFE CONNECTIONS Linear,False
1029,11,MDRM-12---,DRAMA 12,False
1029,11,MLST-12---,LAW STUDIES 12,True
1029,11,MLTST12---,LITERARY STUDIES 12,False
1029,11,MPREC12---,PRE-CALCULUS 12,False
1029,11,MSJ--12---,SOCIAL JUSTICE 12,False
1029,11,MWH--12---,20th CENTURY WORLD HISTORY 12,False
1029,11,YCPA-2AXE-,COMMUNITY LEADERSHIP 12,False
1030,11,MACLV12---,ACTIVE LIVING 12,False
1030,11,MCALC12---,CALCULUS 12,False
1030,11,MCH--12---,CHEMISTRY 12,False
1030,11,MCLC-12--L,CAREER LIFE CONNECTIONS Linear,False
1030,11,MENST12---,ENGLISH STUDIES 12,False
1030,11,MFOOD12---,FOOD STUDIES 12,False
1030,11,MLST-12---,LAW STUDIES 12,True
1030,11,MPH--12---,PHYSICS 12,False
1030,11,MPREC12---,PRE-CALCULUS 12,False
1030,11,YLAW-2CX--,CRIMINOLOGY 12,True
1031,11,MACLV12G--,ACTIVE LIVING 12 Girls,True
1031,11,MDFT-12---,DRAMA: FILM & TELEVISION 12,False
1031,11,MENST12---,ENGLISH STUDIES 12,False
1031,11,MFOOD12---,FOOD STUDIES 12,True
1031,11,MPREC12---,PRE-CALCULUS 12,False
1031,11,YLAW-2CX--,CRIMINOLOGY 12,False
1032,11,MAC--11---,ACCOUNTING 11,False
1032,11,MCLC-12--L,CAREER LIFE CONNECTIONS Linear,False
1032,11,MCLE-10---,CAREER LIFE EDUCATION 10,False
1032,11,MENFP12---,ENGLISH FIRST PEOPLES 12,False
1032,11,MFOOD12---,FOOD STUDIES 12,False
1032,11,MPGEO12---,PHYSICAL GEOGRAPHY 12,False
1032,11,MTXT-12---,TEXTILES 12,False
1032,11,MVAPH11---,PHOTOGRAPHY 11,True
1032,11,MWH--12---,20th CENTURY WORLD HISTORY 12,False
1032,11,YPA--2CX--,YOGA FOR MINDFULNESS 12,False
1033,11,MAC--11---,ACCOUNTING 11,False
1033,11,MACC-12---,ACCOUNTING 12,False
1033,11,MACLV12---,ACTIVE LIVING 12,True
1033,11,MCLC-12--L,CAREER LIFE CONNECTIONS Linear,False
1033,11,MEC--12---,ECONOMICS 12,False
1033,11,MENST12---,ENGLISH STUDIES 12,False
1033,11,MFOM-11---,FOUNDATIONS OF MATHEMATICS 11,False
1033,11,MINST12---,CONTEMPORARY INDIGENOUS STUDIES 12,False
1033,11,MPREC11---,PRE-CALCULUS 11,False
1033,11,YPA--2CX--,YOGA FOR MINDFULNESS 12,False
1034,11,MCLC-12--L,CAREER LIFE CONNECTIONS Linear,False
1034,11,MENST12---,ENGLISH STUDIES 12,False
1034,11,MEVSC12C--,ENVIRONMENTAL SCIENCE 12 - CLIMATE CHANGE,False
1034,11,MFOOD12---,FOOD STUDIES 12,False
1034,11,MLFSC11---,LIFE SCIENCES 11,False
1034,11,MPREC12---,PRE-CALCULUS 12,True
1034,11,MSJ--12---,SOCIAL JUSTICE 12,False
1034,11,MWH--12---,20th CENTURY WORLD HISTORY 12,False
1034,11,YED--2CX--,LEARNING STRATEGIES 12,False
1034,11,YPSYC1AX--,PSYCHOLOGY 11,True
1035,11,MAC--11---,ACCOUNTING 11,False
1035,11,MCLC-12--L,CAREER LIFE CONNECTIONS Linear,False
1035,11,MECOM12---,E-COMMERCE 12,False
1035,11,MENST12---,ENGLISH STUDIES 12,False
1035,11,MENT-12---,ENTREPRENEURSHIP 12,False
1035,11,MFOM-11---,FOUNDATIONS OF MATHEMATICS 11,False
1035,11,MWPM-11---,WORKPLACE MATHEMATICS 11,False
1036,11,ACAL-12---,AP CALCULUS AB 12 external credential,False
1036,11,MCH--12---,CHEMISTRY 12,False
1036,11,MCLC-12--L,CAREER LIFE CONNECTIONS Linear,False
1036,11,MCMPR11AI-,COMPUTER PROGRAMMING 11 AI and Games,False
1036,11,MENST12C--,ENGLISH STUDIES 12 CHALLENGE,False
1036,11,MMACS11---,COMPUTER SCIENCE 11,True
1036,11,MPH--11---,PHYSICS 11,False
1036,11,MPH--12---,PHYSICS 12,False
1036,11,MPREC12---,PRE-CALCULUS 12,False
1036,11,MVAPH12---,PHOTOGRAPHY 12,True
1036,11,YCPA-2AXE-,COMMUNITY LEADERSHIP 12,False
1036,11,YED--2FX-L,SCHOLARSHIP PREPARATION 12 LINEAR,False
1037,11,AELC-12---,AP ENGLISH LITERATURE & COMPOSITION 12,False
1037,11,MATPH12---,ANATOMY AND PHYSIOLOGY 12,False
1037,11,MCALC12---,CALCULUS 12,False
1037,11,MCH--12---,CHEMISTRY 12,False
1037,11,MCLC-12--L,CAREER LIFE CONNECTIONS Linear,False
1037,11,MDNC-12--L,DANCE 12: CHOREOGRAPHY Linear,False
1037,11,MDNCM12--L,DANCE COMPANY 12 Linear,False
1037,11,MEC--12---,ECONOMICS 12,True
1037,11,MLTST12---,LITERARY STUDIES 12,False
1037,11,MPH--12---,PHYSICS 12,False
1037,11,MPREC12---,PRE-CALCULUS 12,False
1037,11,MVAST12---,ART STUDIO 12,False
1037,11,MWH--12---,20th CENTURY WORLD HISTORY 12,True
1037,11,YED--2FX-L,SCHOLARSHIP PREPARATION 12 LINEAR,False
1038,11,MATPH12---,ANATOMY AND PHYSIOLOGY 12,False
1038,11,MCH--11---,CHEMISTRY 11,False
1038,11,MCLC-12--L,CAREER LIFE CONNECTIONS Linear,False
1038,11,MENST12---,ENGLISH STUDIES 12,False
1038,11,MENT-12---,ENTREPRENEURSHIP 12,True
1038,11,MFOM-11---,FOUNDATIONS OF MATHEMATICS 11,False
1038,11,MLST-12---,LAW STUDIES 12,False
1038,11,MTAUT12---,AUTOMOTIVE TECHNOLOGY 12,False
1038,11,MVAPH11---,PHOTOGRAPHY 11,True
1038,11,YHRA-2AX--,CROSS TRAINING 12,False
1039,11,ACAL-12---,AP CALCULUS AB 12 external credential,False
1039,11,APHM-12---,AP PHYSICS C (MECHANICS) 12 external credential,False
1039,11,MATPH12---,ANATOMY AND PHYSIOLOGY 12,False
1039,11,MCH--12---,CHEMISTRY 12,False
1039,11,MCLC-12--L,CAREER LIFE CONNECTIONS Linear,False
1039,11,MEC--12---,ECONOMICS 12,False
1039,11,MENST12---,ENGLISH STUDIES 12,False
1039,11,MFOOD12---,FOOD STUDIES 12,True
1039,11,MPGEO12---,PHYSICAL GEOGRAPHY 12,True
1039,11,YLRA-2AX-L,ATHLETIC LEADERSHIP 12 Linear,False
1040,11,MEC--12---,ECONOMICS 12,True
1040,11,MENST12---,ENGLISH STUDIES 12,False
1040,11,MENT-12---,ENTREPRENEURSHIP 12,False
1040,11,MPH--12---,PHYSICS 12,False
1040,11,MPREC12---,PRE-CALCULUS 12,False
1041,11,MCLC-12--L,CAREER LIFE CONNECTIONS Linear,False
1041,11,MDNC-12--L,DANCE 12: CHOREOGRAPHY Linear,False
1041,11,MDNCM12--L,DANCE COMPANY 12 Linear,False
1041,11,MDNTP12---,DANCE TECHNIQUE AND PERFORMANCE 12,False
1041,11,MENFP12---,ENGLISH FIRST PEOPLES 12,False
1041,11,MFOOD12---,FOOD STUDIES 12,False
1041,11,MINST12---,CONTEMPORARY INDIGENOUS STUDIES 12,False
1041,11,MLST-12---,LAW STUDIES 12,False
1041,11,MWH--12---,20th CENTURY WORLD HISTORY 12,False
1041,11,YLAW-2CX--,CRIMINOLOGY 12,False
1041,11,YPSYC1AX--,PSYCHOLOGY 11,False
1042,11,MCMPS11---,COMPOSITION 11,True
1042,11,MFOM-11---,FOUNDATIONS OF MATHEMATICS 11,True
1042,11,MFOM-12---,FOUNDATIONS OF MATHEMATICS 12,False
1042,11,MFR--12---,FRENCH 12,False
1042,11,MLFSC11---,LIFE SCIENCES 11,False
1042,11,MSP--12---,SPANISH 12,False
1043,11,MDCF-12---,DANCE FOUNDATIONS 12,True
1043,11,MENST12---,ENGLISH STUDIES 12,False
1043,11,MFR--12---,FRENCH 12,False
1043,11,MPREC12---,PRE-CALCULUS 12,False
1043,11,MSP--12---,SPANISH 12,False
1043,11,MTXT-12---,TEXTILES 12,True
1044,11,MATPH12---,ANATOMY AND PHYSIOLOGY 12,False
1044,11,MCLC-12--L,CAREER LIFE CONNECTIONS Linear,False
1044,11,MENST12---,ENGLISH STUDIES 12,False
1044,11,MSJ--12---,SOCIAL JUSTICE 12,False
1044,11,MSP--12---,SPANISH 12,True
1044,11,MWH--12---,20th CENTURY WORLD HISTORY 12,False
1044,11,YPSYC1AX--,PSYCHOLOGY 11,False
1045,11,APHM-12---,AP PHYSICS C (MECHANICS) 12 external credential,False
1045,11,MCALC12---,CALCULUS 12,False
1045,11,MCH--11---,CHEMISTRY 11,False
1045,11,MCH--12---,CHEMISTRY 12,False
1045,11,MCLC-12--L,CAREER LIFE CONNECTIONS Linear,False
1045,11,MENST12C--,ENGLISH STUDIES 12 CHALLENGE,False
1045,11,MIMCB12--L,INSTRUMENTAL MUSIC 12: CONCERT BAND LINEAR,False
1045,11,MPH--12---,PHYSICS 12,True
1045,11,MPREC12---,PRE-CALCULUS 12,False
1045,11,MTAUT12---,AUTOMOTIVE TECHNOLOGY 12,True
1045,11,YCPA-2AX-L,COMMUNITY LEADERSHIP 12 Linear,False
1046,11,ASTA-12---,AP STATISTICS 12,False
1046,11,MCALC12---,CALCULUS 12,False
1046,11,MCH--12---,CHEMISTRY 12,False
1046,11,MCLC-12--L,CAREER LIFE CONNECTIONS Linear,False
1046,11,MEC--12---,ECONOMICS 12,False
1046,11,MENST12C--,ENGLISH STUDIES 12 CHALLENGE,False
1046,11,MPGEO12---,PHYSICAL GEOGRAPHY 12,False
1046,11,MPH--12---,PHYSICS 12,False
1047,11,MCALC12---,CALCULUS 12,False
1047,11,MCLC-12--L,CAREER LIFE CONNECTIONS Linear,False
1047,11,MENFP12---,ENGLISH FIRST PEOPLES 12,False
1047,11,MENR-12---,ENGINEERING 12,False
1047,11,MFOOD12---,FOOD STUDIES 12,False
1047,11,MIMG-12---,INSTRUMENTAL MUSIC 12: GUITAR,False
1047,11,MPREC12---,PRE-CALCULUS 12,False
1047,11,MTDRF12---,DRAFTING 12,False
1047,11,MWWK-12---,WOODWORK 12,False
1048,11,MCLC-12--L,CAREER LIFE CONNECTIONS Linear,False
1048,11,MCMCL12---,COMPARATIVE CULTURES 12,False
1048,11,MENST12---,ENGLISH STUDIES 12,False
1048,11,MENT-12---,ENTREPRENEURSHIP 12,True
1048,11,MEVSC12C--,ENVIRONMENTAL SCIENCE 12 - CLIMATE CHANGE,False
1048,11,MFOOD12---,FOOD STUDIES 12,True
1048,11,MPREC12---,PRE-CALCULUS 12,False
1048,11,MSJ--12---,SOCIAL JUSTICE 12,False
1048,11,MWH--12---,20th CENTURY WORLD HISTORY 12,False
1048,11,YCPA-2AX-L,COMMUNITY LEADERSHIP 12 Linear,False
1048,11,YED--2FX-L,SCHOLARSHIP PREPARATION 12 LINEAR,False
1048,11,YPSYC1AX--,PSYCHOLOGY 11,False
1049,11,ACAL-12---,AP CALCULUS AB 12 external credential,False
1049,11,AELC-12---,AP ENGLISH LITERATURE & COMPOSITION 12,False
1049,11,APHM-12---,AP PHYSICS C (MECHANICS) 12 external credential,False
1049,11,ASTA-12---,AP STATISTICS 12,False
1049,11,MATPH12---,ANATOMY AND PHYSIOLOGY 12,True
1049,11,MCH--12---,CHEMISTRY 12,False
1049,11,MCLC-12--L,CAREER LIFE CONNECTIONS Linear,False
1049,11,MGRPR12--L,GRAPHIC PRODUCTION 12 LINEAR,False
1049,11,MLTST12---,LITERARY STUDIES 12,False
1049,11,MPREC12---,PRE-CALCULUS 12,False
1049,11,MTAUT12---,AUTOMOTIVE TECHNOLOGY 12,False
1049,11,MWWK-12---,WOODWORK 12,True
1049,11,YED--2FX-L,SCHOLARSHIP PREPARATION 12 LINEAR,False
1050,11,MACLV12G--,ACTIVE LIVING 12 Girls,True
1050,11,MATPH12---,ANATOMY AND PHYSIOLOGY 12,False
1050,11,MCH--12---,CHEMISTRY 12,False
1050,11,MCLC-12--L,CAREER LIFE CONNECTIONS Linear,False
1050,11,MENST12---,ENGLISH STUDIES 12,False
1050,11,MEVSC12C--,ENVIRONMENTAL SCIENCE 12 - CLIMATE CHANGE,False
1050,11,MFOOD12---,FOOD STUDIES 12,False
1050,11,MPREC12---,PRE-CALCULUS 12,False
1050,11,MSJ--12---,SOCIAL JUSTICE 12,False
1050,11,YED--2FX-L,SCHOLARSHIP PREPARATION 12 LINEAR,False
1050,11,YLRA-2AX-L,ATHLETIC LEADERSHIP 12 Linear,False
1051,11,MATPH12---,ANATOMY AND PHYSIOLOGY 12,False
1051,11,MCALC12---,CALCULUS 12,False
1051,11,MCLC-12--L,CAREER LIFE CONNECTIONS Linear,False
1051,11,MENST12---,ENGLISH STUDIES 12,False
1051,11,MFOOD12---,FOOD STUDIES 12,True
1051,11,MMACS11---,COMPUTER SCIENCE 11,False
1051,11,MMACS12---,COMPUTER SCIENCE 12,False
1051,11,MPREC12H--,PRE-CALCULUS 12 HONOURS,False
1051,11,MTXT-12---,TEXTILES 12,False
1051,11,MVAST12---,ART STUDIO 12,False
1052,11,ACSC-2A---,AP COMPUTER SCIENCE A 12,True
1052,11,ASTA-12---,AP STATISTICS 12,False
1052,11,MCH--12---,CHEMISTRY 12,False
1052,11,MCLC-12---,CAREER LIFE CONNECTIONS,False
1052,11,MDRM-12---,DRAMA 12,True
1052,11,MENFP12---,ENGLISH FIRST PEOPLES 12,False
1052,11,MWH--12---,20th CENTURY WORLD HISTORY 12,False
1052,11,YED--2DX-L,PEER TUTORING 12 LINEAR,False
1053,11,ACAL-12---,AP CALCULUS AB 12 external credential,False
1053,11,MACLV12---,ACTIVE LIVING 12,False
1053,11,MCH--12---,CHEMISTRY 12,False
1053,11,MCLC-12--L,CAREER LIFE CONNECTIONS Linear,False
1053,11,MENFP12---,ENGLISH FIRST PEOPLES 12,False
1053,11,MENR-12---,ENGINEERING 12,False
1053,11,MPH--12---,PHYSICS 12,False
1053,11,MPREC12H--,PRE-CALCULUS 12 HONOURS,False
1053,11,MTAUT12---,AUTOMOTIVE TECHNOLOGY 12,True
1053,11,MVAPH12---,PHOTOGRAPHY 12,True
1054,11,MENR-12---,ENGINEERING 12,False
1054,11,MIMG-12---,INSTRUMENTAL MUSIC 12: GUITAR,True
1054,11,MMACS11---,COMPUTER SCIENCE 11,False
1054,11,MPH--12---,PHYSICS 12,False
1054,11,MWH--12---,20th CENTURY WORLD HISTORY 12,False
1055,11,MATPH12---,ANATOMY AND PHYSIOLOGY 12,True
1055,11,MDNTP12---,DANCE TECHNIQUE AND PERFORMANCE 12,False
1055,11,MENST12---,ENGLISH STUDIES 12,False
1055,11,MPREC12---,PRE-CALCULUS 12,False
1055,11,MSJ--12---,SOCIAL JUSTICE 12,False
1056,11,MCH--12---,CHEMISTRY 12,False
1056,11,MENST12---,ENGLISH STUDIES 12,False
1056,11,MFOOD12---,FOOD STUDIES 12,True
1056,11,MPH--12---,PHYSICS 12,False
1056,11,MPREC12---,PRE-CALCULUS 12,False
1057,11,MCLC-12---,CAREER LIFE CONNECTIONS,False
1057,11,MENST12---,ENGLISH STUDIES 12,False
1057,11,MFOOD12---,FOOD STUDIES 12,False
1057,11,MSP--12---,SPANISH 12,False
1057,11,MTAUT12---,AUTOMOTIVE TECHNOLOGY 12,False
1057,11,MWH--12---,20th CENTURY WORLD HISTORY 12,True
1057,11,MWWK-12---,WOODWORK 12,True
1058,11,MATPH12---,ANATOMY AND PHYSIOLOGY 12,False
1058,11,MEC--12---,ECONOMICS 12,True
1058,11,MPH--12---,PHYSICS 12,False
1058,11,MPREC12---,PRE-CALCULUS 12,False
1058,11,MTROB12---,ROBOTICS 12,False
1059,11,MCLC-12--L,CAREER LIFE CONNECTIONS Linear,False
1059,11,MCLE-10---,CAREER LIFE EDUCATION 10,False
1059,11,MDCF-12---,DANCE FOUNDATIONS 12,False
1059,11,MDNC-12--L,DANCE 12: CHOREOGRAPHY Linear,False
1059,11,MDNCM12--L,DANCE COMPANY 12 Linear,False
1059,11,MDNTP12---,DANCE TECHNIQUE AND PERFORMANCE 12,False
1059,11,MENST12---,ENGLISH STUDIES 12,False
1059,11,MINST12---,CONTEMPORARY INDIGENOUS STUDIES 12,False
1059,11,MVAST12---,ART STUDIO 12,False
1059,11,YED--2CX--,LEARNING STRATEGIES 12,False
1059,11,YLAW-2CX--,CRIMINOLOGY 12,False
1060,11,MENST12---,ENGLISH STUDIES 12,False
1060,11,MLFSC11---,LIFE SCIENCES 11,False
1060,11,MLST-12---,LAW STUDIES 12,True
1060,11,MPREC12---,PRE-CALCULUS 12,False
1060,11,MSJ--12---,SOCIAL JUSTICE 12,False
1061,11,MENST12---,ENGLISH STUDIES 12,False
1061,11,MEVSC12C--,ENVIRONMENTAL SCIENCE 12 - CLIMATE CHANGE,True
1061,11,MFOM-11---,FOUNDATIONS OF MATHEMATICS 11,False
1061,11,MLFSC11---,LIFE SCIENCES 11,False
1061,11,MWH--12---,20th CENTURY WORLD HISTORY 12,False
1062,11,MATPH12---,ANATOMY AND PHYSIOLOGY 12,False
1062,11,MCH--11---,CHEMISTRY 11,True
1062,11,MPH--12---,PHYSICS 12,False
1062,11,MPREC12---,PRE-CALCULUS 12,False
1062,11,MWH--12---,20th CENTURY WORLD HISTORY 12,False
1063,11,MCH--12---,CHEMISTRY 12,False
1063,11,MCLC-12--L,CAREER LIFE CONNECTIONS Linear,False
1063,11,MEC--12---,ECONOMICS 12,False
1063,11,MENST12---,ENGLISH STUDIES 12,False
1063,11,MLST-12---,LAW STUDIES 12,False
1063,11,MTXT-12---,TEXTILES 12,True
1063,11,MVAPH12---,PHOTOGRAPHY 12,False
1063,11,YED--2DX-L,PEER TUTORING 12 LINEAR,False
1063,11,YED--2FX-L,SCHOLARSHIP PREPARATION 12 LINEAR,False
1063,11,YPA--2CX--,YOGA FOR MINDFULNESS 12,False
1064,11,ACAL-12---,AP CALCULUS AB 12 external credential,False
1064,11,AELC-12---,AP ENGLISH LITERATURE & COMPOSITION 12,False
1064,11,ASTA-12---,AP STATISTICS 12,False
1064,11,MCH--12---,CHEMISTRY 12,False
1064,11,MCLC-12--L,CAREER LIFE CONNECTIONS Linear,False
1064,11,MCMPR11AI-,COMPUTER PROGRAMMING 11 AI and Games,False
1064,11,MCMPR12AI-,COMPUTER PROGRAMMING 12 AI and Games,True
1064,11,MLST-12---,LAW STUDIES 12,True
1064,11,MLTST12---,LITERARY STUDIES 12,False
1064,11,MPH--12---,PHYSICS 12,False
1064,11,MPREC12H--,PRE-CALCULUS 12 HONOURS,False
1064,11,YED--2DX-L,PEER TUTORING 12 LINEAR,False
1064,11,YED--2FX-L,SCHOLARSHIP PREPARATION 12 LINEAR,False
1065,11,ACAL-12---,AP CALCULUS AB 12 external credential,False
1065,11,APHM-12---,AP PHYSICS C (MECHANICS) 12 external credential,False
1065,11,MACLV12---,ACTIVE LIVING 12,True
1065,11,MATPH12---,ANATOMY AND PHYSIOLOGY 12,False
1065,11,MCH--12---,CHEMISTRY 12,False
1065,11,MCLC-12--L,CAREER LIFE CONNECTIONS Linear,False
1065,11,MENST12C--,ENGLISH STUDIES 12 CHALLENGE,False
1065,11,MIMCB12--L,INSTRUMENTAL MUSIC 12: CONCERT BAND LINEAR,False
1065,11,MMEDD12---,MEDIA DESIGN 12,True
1065,11,MPREC12H--,PRE-CALCULUS 12 HONOURS,False
1066,11,MAC--11---,ACCOUNTING 11,False
1066,11,MACLV12---,ACTIVE LIVING 12,True
1066,11,MCALC12---,CALCULUS 12,False
1066,11,MCLC-12--L,CAREER LIFE CONNECTIONS Linear,False
1066,11,MENST12---,ENGLISH STUDIES 12,False
1066,11,MENT-12---,ENTREPRENEURSHIP 12,True
1066,11,MLST-12---,LAW STUDIES 12,False
1066,11,MMAP-11---,MARKETING AND PROMOTION 11,False
1066,11,MPREC12---,PRE-CALCULUS 12,False
1066,11,MTAUT12---,AUTOMOTIVE TECHNOLOGY 12,False
1066,11,MWH--12---,20th CENTURY WORLD HISTORY 12,False
1067,11,MCLC-12--L,CAREER LIFE CONNECTIONS Linear,False
1067,11,MDRM-12---,DRAMA 12,False
1067,11,MENST12---,ENGLISH STUDIES 12,False
1067,11,MFOOD12---,FOOD STUDIES 12,False
1067,11,MIMG-12---,INSTRUMENTAL MUSIC 12: GUITAR,False
1067,11,MMEDD12---,MEDIA DESIGN 12,False
1067,11,MPREC11---,PRE-CALCULUS 11,False
1067,11,MTAUT12---,AUTOMOTIVE TECHNOLOGY 12,False
1067,11,MWWK-12---,WOODWORK 12,True
1067,11,YLAW-2CX--,CRIMINOLOGY 12,False
1068,11,MATPH12---,ANATOMY AND PHYSIOLOGY 12,False
1068,11,MCALC12---,CALCULUS 12,False
1068,11,MCH--12---,CHEMISTRY 12,False
1068,11,MCLC-12--L,CAREER LIFE CONNECTIONS Linear,False
1068,11,MENST12---,ENGLISH STUDIES 12,False
1068,11,MPH--12---,PHYSICS 12,False
1068,11,MPREC12---,PRE-CALCULUS 12,False
1069,11,MATPH12---,ANATOMY AND PHYSIOLOGY 12,False
1069,11,MCH--11---,CHEMISTRY 11,False
1069,11,MCLC-12--L,CAREER LIFE CONNECTIONS Linear,False
1069,11,MENFP12---,ENGLISH FIRST PEOPLES 12,False
1069,11,MFMP-10---,FOUNDATIONS OF MATH AND PRE-CALCULUS 10,False
1069,11,MFOOD12---,FOOD STUDIES 12,False
1069,11,MPH--11---,PHYSICS 11,False
1069,11,MPREC11---,PRE-CALCULUS 11,False
1069,11,MSJ--12---,SOCIAL JUSTICE 12,False
1070,11,MCALC12---,CALCULUS 12,False
1070,11,MCLC-12--L,CAREER LIFE CONNECTIONS Linear,False
1070,11,MENFP12---,ENGLISH FIRST PEOPLES 12,False
1070,11,MENR-12---,ENGINEERING 12,False
1070,11,MPH--11---,PHYSICS 11,False
1070,11,MPH--12---,PHYSICS 12,False
1070,11,MPREC12---,PRE-CALCULUS 12,False
1070,11,MWH--12---,20th CENTURY WORLD HISTORY 12,False
1071,11,MATPH12---,ANATOMY AND PHYSIOLOGY 12,False
1071,11,MCALC12---,CALCULUS 12,False
1071,11,MCLC-12--L,CAREER LIFE CONNECTIONS Linear,False
1071,11,MENST12C--,ENGLISH STUDIES 12 CHALLENGE,False
1071,11,MMUOR12S-L,INSTRUMENTAL MUSIC: ORCHESTRA 12 Strings Linear,False
1071,11,MPH--11---,PHYSICS 11,False
1071,11,MPH--12---,PHYSICS 12,False
1071,11,MPREC12---,PRE-CALCULUS 12,False
1071,11,MTAUT12---,AUTOMOTIVE TECHNOLOGY 12,True
1071,11,MTXT-12---,TEXTILES 12,True
1071,11,YCPA-2AX-L,COMMUNITY LEADERSHIP 12 Linear,False
1071,11,YED--2FX-L,SCHOLARSHIP PREPARATION 12 LINEAR,False
1071,11,YPSYC1AX--,PSYCHOLOGY 11,False
1072,11,MACLV12---,ACTIVE LIVING 12,False
1072,11,MCLC-12--L,CAREER LIFE CONNECTIONS Linear,False
1072,11,MENFP12---,ENGLISH FIRST PEOPLES 12,False
1072,11,MENR-12---,ENGINEERING 12,False
1072,11,MFOOD12---,FOOD STUDIES 12,False
1072,11,MSJ--12---,SOCIAL JUSTICE 12,False
1072,11,MWWK-12---,WOODWORK 12,False
1072,11,YLAW-2CX--,CRIMINOLOGY 12,True
1073,11,MATPH12---,ANATOMY AND PHYSIOLOGY 12,False
1073,11,MCLC-12--L,CAREER LIFE CONNECTIONS Linear,False
1073,11,MENST12---,ENGLISH STUDIES 12,False
1073,11,MEVSC12C--,ENVIRONMENTAL SCIENCE 12 - CLIMATE CHANGE,False
1073,11,MPREC12---,PRE-CALCULUS 12,False
1073,11,MSJ--12---,SOCIAL JUSTICE 12,False
1073,11,YED--2FX-L,SCHOLARSHIP PREPARATION 12 LINEAR,False
1074,11,MATPH12---,ANATOMY AND PHYSIOLOGY 12,False
1074,11,MCALC12---,CALCULUS 12,False
1074,11,MCH--12---,CHEMISTRY 12,False
1074,11,MCLC-12--L,CAREER LIFE CONNECTIONS Linear,False
1074,11,MDNC-12--L,DANCE 12: CHOREOGRAPHY Linear,False
1074,11,MDNCM12--L,DANCE COMPANY 12 Linear,False
1074,11,MDNCN12---,DANCE CONDITIONING 12,True
1074,11,MDNTP12---,DANCE TECHNIQUE AND PERFORMANCE 12,False
1074,11,MENST12---,ENGLISH STUDIES 12,False
1074,11,MPREC12---,PRE-CALCULUS 12,False
1074,11,YPSYC1AX--,PSYCHOLOGY 11,False
1075,11,MCMPS11---,COMPOSITION 11,False
1075,11,MEPSS11---,EXPLORATIONS IN SOCIAL STUDIES 11,False
1075,11,MFOM-11---,FOUNDATIONS OF MATHEMATICS 11,False
1075,11,MLFSC11---,LIFE SCIENCES 11,False
1076,11,MACLV12---,ACTIVE LIVING 12,False
1076,11,MCLC-12--L,CAREER LIFE CONNECTIONS Linear,False
1076,11,MCMCL12---,COMPARATIVE CULTURES 12,False
1076,11,MENFP12---,ENGLISH FIRST PEOPLES 12,False
1076,11,MFOM-11---,FOUNDATIONS OF MATHEMATICS 11,False
1076,11,MTAUT12---,AUTOMOTIVE TECHNOLOGY 12,False
1076,11,YED--2CX--,LEARNING STRATEGIES 12,False
1076,11,YLAW-2CX--,CRIMINOLOGY 12,False
1077,11,MATPH12---,ANATOMY AND PHYSIOLOGY 12,False
1077,11,MCH--12---,CHEMISTRY 12,True
1077,11,MENST12---,ENGLISH STUDIES 12,False
1077,11,MPH--12---,PHYSICS 12,False
1077,11,MPREC12---,PRE-CALCULUS 12,False
1078,11,MATPH12---,ANATOMY AND PHYSIOLOGY 12,False
1078,11,MCALC12---,CALCULUS 12,False
1078,11,MCH--12---,CHEMISTRY 12,False
1078,11,MCLC-12--L,CAREER LIFE CONNECTIONS Linear,False
1078,11,MCMCL12---,COMPARATIVE CULTURES 12,False
1078,11,MENFP12---,ENGLISH FIRST PEOPLES 12,False
1078,11,MPH--11---,PHYSICS 11,False
1078,11,MPH--12---,PHYSICS 12,False
1079,11,MCLC-12--L,CAREER LIFE CONNECTIONS Linear,False
1079,11,MCMCL12---,COMPARATIVE CULTURES 12,True
1079,11,MENFP12---,ENGLISH FIRST PEOPLES 12,False
1079,11,MFOOD12---,FOOD STUDIES 12,False
1079,11,MINST12---,CONTEMPORARY INDIGENOUS STUDIES 12,True
1079,11,MPGEO12---,PHYSICAL GEOGRAPHY 12,True
1079,11,MSJ--12---,SOCIAL JUSTICE 12,False
1079,11,YPA--2CX--,YOGA FOR MINDFULNESS 12,False
1080,11,ACAL-12---,AP CALCULUS AB 12 external credential,False
1080,11,APHM-12---,AP PHYSICS C (MECHANICS) 12 external credential,False
1080,11,MCH--12---,CHEMISTRY 12,False
1080,11,MCLC-12--L,CAREER LIFE CONNECTIONS Linear,False
1080,11,MENST12C--,ENGLISH STUDIES 12 CHALLENGE,False
1080,11,MFR--12---,FRENCH 12,False
1080,11,MIMCB12--L,INSTRUMENTAL MUSIC 12: CONCERT BAND LINEAR,False
1080,11,MIMG-12---,INSTRUMENTAL MUSIC 12: GUITAR,True
1080,11,MIMJB12--L,INSTRUMENTAL MUSIC 12: JAZZ BAND LINEAR,False
1080,11,MPREC12H--,PRE-CALCULUS 12 HONOURS,False
1080,11,MTAUT12---,AUTOMOTIVE TECHNOLOGY 12,False
1080,11,MTROB12---,ROBOTICS 12,True
1080,11,MTROB12--L,ROBOTICS 12 LINEAR,False
1080,11,YED--2DX-L,PEER TUTORING 12 LINEAR,False
1081,11,MCH--12---,CHEMISTRY 12,False
1081,11,MENST12---,ENGLISH STUDIES 12,False
1081,11,MENT-12---,ENTREPRENEURSHIP 12,True
1081,11,MFR--12---,FRENCH 12,False
1081,11,MPREC12---,PRE-CALCULUS 12,False
1082,11,MATPH12---,ANATOMY AND PHYSIOLOGY 12,False
1082,11,MENST12---,ENGLISH STUDIES 12,False
1082,11,MPH--12---,PHYSICS 12,True
1082,11,MPREC12---,PRE-CALCULUS 12,False
1082,11,MVAPH11---,PHOTOGRAPHY 11,True
1082,11,YPSYC1AX--,PSYCHOLOGY 11,False
1083,11,MACLV12---,ACTIVE LIVING 12,False
1083,11,MDMD-12D--,3D ANIMATION 12,False
1083,11,MENFP12---,ENGLISH FIRST PEOPLES 12,False
1083,11,MENT-12---,ENTREPRENEURSHIP 12,False
1083,11,MFOM-11---,FOUNDATIONS OF MATHEMATICS 11,False
1083,11,MLFSC11---,LIFE SCIENCES 11,False
1083,11,MVAST12---,ART STUDIO 12,True
1083,11,MWH--12---,20th CENTURY WORLD HISTORY 12,False
1083,11,YHRA-2AX--,CROSS TRAINING 12,False
1083,11,YPSYC1AX--,PSYCHOLOGY 11,True
1084,11,ACAL-12---,AP CALCULUS AB 12 external credential,False
1084,11,MCH--12---,CHEMISTRY 12,False
1084,11,MCLC-12--L,CAREER LIFE CONNECTIONS Linear,False
1084,11,MENST12---,ENGLISH STUDIES 12,False
1084,11,MMACS11---,COMPUTER SCIENCE 11,False
1084,11,MMACS12---,COMPUTER SCIENCE 12,False
1084,11,MPH--12---,PHYSICS 12,False
1084,11,MTXT-12---,TEXTILES 12,True
1084,11,MWWK-12---,WOODWORK 12,True
1084,11,YCPA-2AXE-,COMMUNITY LEADERSHIP 12,False
1084,11,YED--2DX-L,PEER TUTORING 12 LINEAR,False
1084,11,YLAW-2CX--,CRIMINOLOGY 12,False
1084,11,YPSYC1AX--,PSYCHOLOGY 11,False
1085,11,MATPH12---,ANATOMY AND PHYSIOLOGY 12,False
1085,11,MCH--12---,CHEMISTRY 12,False
1085,11,MCLC-12--L,CAREER LIFE CONNECTIONS Linear,False
1085,11,MENST12---,ENGLISH STUDIES 12,False
1085,11,MEVSC12C--,ENVIRONMENTAL SCIENCE 12 - CLIMATE CHANGE,False
1085,11,MFOM-11---,FOUNDATIONS OF MATHEMATICS 11,False
1085,11,MTDRF12---,DRAFTING 12,False
1085,11,YPSYC1AX--,PSYCHOLOGY 11,False
1086,11,APHM-12---,AP PHYSICS C (MECHANICS) 12 external credential,True
1086,11,MACLV12---,ACTIVE LIVING 12,False
1086,11,MATPH12---,ANATOMY AND PHYSIOLOGY 12,False
1086,11,MCH--12---,CHEMISTRY 12,False
1086,11,MCLC-12--L,CAREER LIFE CONNECTIONS Linear,False
1086,11,MENST12---,ENGLISH STUDIES 12,False
1086,11,MPH--12---,PHYSICS 12,False
1086,11,MPREC12---,PRE-CALCULUS 12,False
1086,11,MWWK-12---,WOODWORK 12,True
1086,11,YED--2CX--,LEARNING STRATEGIES 12,False
1086,11,YED--2CX--,LEARNING STRATEGIES 12,False
1087,11,MCLC-12---,CAREER LIFE CONNECTIONS,False
1087,11,MENST12---,ENGLISH STUDIES 12,False
1087,11,MFOM-11---,FOUNDATIONS OF MATHEMATICS 11,False
1087,11,MFOOD12---,FOOD STUDIES 12,False
1087,11,MVAPH12---,PHOTOGRAPHY 12,False
1088,11,MAC--11---,ACCOUNTING 11,True
1088,11,MACC-12---,ACCOUNTING 12,True
1088,11,MCLC-12--L,CAREER LIFE CONNECTIONS Linear,False
1088,11,MENFP12---,ENGLISH FIRST PEOPLES 12,False
1088,11,MEVSC12C--,ENVIRONMENTAL SCIENCE 12 - CLIMATE CHANGE,False
1088,11,MFOOD12---,FOOD STUDIES 12,False
1088,11,MLST-12---,LAW STUDIES 12,False
1088,11,MSJ--12---,SOCIAL JUSTICE 12,False
1088,11,MVAPH11---,PHOTOGRAPHY 11,False
1088,11,MVAPH12---,PHOTOGRAPHY 12,True
1088,11,MWH--12---,20th CENTURY WORLD HISTORY 12,False
1088,11,YED--2CX--,LEARNING STRATEGIES 12,False
1089,11,ACSC-2A---,AP COMPUTER SCIENCE A 12,False
1089,11,MATPH12---,ANATOMY AND PHYSIOLOGY 12,False
1089,11,MBSP-11---,INTRODUCTORY SPANISH 11,False
1089,11,MCLC-12--L,CAREER LIFE CONNECTIONS Linear,False
1089,11,MCMCC12--L,CHORAL MUSIC 12: CONCERT CHOIR Linear,False
1089,11,MDRM-12---,DRAMA 12,False
1089,11,MENFP12---,ENGLISH FIRST PEOPLES 12,False
1089,11,MLST-12---,LAW STUDIES 12,False
1089,11,MPH--11---,PHYSICS 11,False
1089,11,MPREC12---,PRE-CALCULUS 12,False
1089,11,MTXT-12---,TEXTILES 12,True
1089,11,MVAST12---,ART STUDIO 12,True
1090,11,MATPH12---,ANATOMY AND PHYSIOLOGY 12,False
1090,11,MCH--12---,CHEMISTRY 12,False
1090,11,MCLC-12---,CAREER LIFE CONNECTIONS,False
1090,11,MENST12---,ENGLISH STUDIES 12,False
1090,11,MPREC12---,PRE-CALCULUS 12,False
1090,11,MTAUT12---,AUTOMOTIVE TECHNOLOGY 12,True
1090,11,MWWK-12---,WOODWORK 12,True
1090,11,YPSYC1AX--,PSYCHOLOGY 11,True
1091,11,ACAL-12---,AP CALCULUS AB 12 external credential,False
1091,11,ASTA-12---,AP STATISTICS 12,False
1091,11,MACC-12---,ACCOUNTING 12,False
1091,11,MCLC-12--L,CAREER LIFE CONNECTIONS Linear,False
1091,11,MEC--12---,ECONOMICS 12,False
1091,11,MECOM12---,E-COMMERCE 12,False
1091,11,MENST12---,ENGLISH STUDIES 12,False
1091,11,MPH--12---,PHYSICS 12,False
1091,11,MPREC12---,PRE-CALCULUS 12,False
1091,11,PBB--2H,CAMOSUN COL BUSINESS 12H,False
1091,11,YLAW-2CX--,CRIMINOLOGY 12,True
1092,11,APHM-12---,AP PHYSICS C (MECHANICS) 12 external credential,False
1092,11,MATPH12---,ANATOMY AND PHYSIOLOGY 12,False
1092,11,MCALC12---,CALCULUS 12,False
1092,11,MCH--12---,CHEMISTRY 12,False
1092,11,MCLC-12--L,CAREER LIFE CONNECTIONS Linear,False
1092,11,MDNC-12--L,DANCE 12: CHOREOGRAPHY Linear,False
1092,11,MDNCM12--L,DANCE COMPANY 12 Linear,False
1092,11,MEC--12---,ECONOMICS 12,False
1092,11,MENFP12---,ENGLISH FIRST PEOPLES 12,False
1092,11,MFOOD12---,FOOD STUDIES 12,True
1092,11,MMACS11---,COMPUTER SCIENCE 11,False
1092,11,MMACS12---,COMPUTER SCIENCE 12,False
1093,11,MACLV12---,ACTIVE LIVING 12,False
1093,11,MCLC-12--L,CAREER LIFE CONNECTIONS Linear,False
1093,11,MDRM-12---,DRAMA 12,False
1093,11,MENFP12---,ENGLISH FIRST PEOPLES 12,False
1093,11,MFOM-11---,FOUNDATIONS OF MATHEMATICS 11,False
1093,11,MFOOD12---,FOOD STUDIES 12,False
1093,11,MSJ--12---,SOCIAL JUSTICE 12,False
1093,11,MTAUT12---,AUTOMOTIVE TECHNOLOGY 12,False
1093,11,MTDRF12---,DRAFTING 12,False
1093,11,MVAPH11---,PHOTOGRAPHY 11,True
1093,11,MVAST12---,ART STUDIO 12,True
1094,11,MATPH12---,ANATOMY AND PHYSIOLOGY 12,False
1094,11,MCALC12---,CALCULUS 12,False
1094,11,MCH--12---,CHEMISTRY 12,False
1094,11,MCLC-12--L,CAREER LIFE CONNECTIONS Linear,False
1094,11,MEC--12---,ECONOMICS 12,False
1094,11,MENFP12---,ENGLISH FIRST PEOPLES 12,False
1094,11,MPH--12---,PHYSICS 12,False
1094,11,MTDRF12---,DRAFTING 12,False
1094,11,YCPA-2AXE-,COMMUNITY LEADERSHIP 12,False
1095,11,MACLV12---,ACTIVE LIVING 12,False
1095,11,MCLC-12--L,CAREER LIFE CONNECTIONS Linear,False
1095,11,MCMCL12---,COMPARATIVE CULTURES 12,True
1095,11,MECOM12---,E-COMMERCE 12,False
1095,11,MENFP12--Y,ENGLISH FIRST PEOPLES 12 Year,False
1095,11,MIMG-12---,INSTRUMENTAL MUSIC 12: GUITAR,False
1095,11,MPREC12---,PRE-CALCULUS 12,False
1095,11,MSJ--12---,SOCIAL JUSTICE 12,False
1095,11,MVAST12---,ART STUDIO 12,True
1095,11,PBB--2H,CAMOSUN COL BUSINESS 12H,False
1095,11,YESFL1CX--,ELL Academic Literacy 11,False
1096,11,MACLV12---,ACTIVE LIVING 12,True
1096,11,MCLC-12--L,CAREER LIFE CONNECTIONS Linear,False
1096,11,MENST12---,ENGLISH STUDIES 12,False
1096,11,MEVSC12C--,ENVIRONMENTAL SCIENCE 12 - CLIMATE CHANGE,False
1096,11,MFOM-11---,FOUNDATIONS OF MATHEMATICS 11,False
1096,11,MFOOD12---,FOOD STUDIES 12,False
1096,11,MODED12---,OUTDOOR EDUCATION 12,False
1096,11,MTAUT12---,AUTOMOTIVE TECHNOLOGY 12,False
1096,11,MTEAD12---,ENGINE AND DRIVETRAIN 12,True
1096,11,MTXT-12---,TEXTILES 12,False
1096,11,YLAW-2CX--,CRIMINOLOGY 12,False
1097,11,MATPH12---,ANATOMY AND PHYSIOLOGY 12,False
1097,11,MCH--12---,CHEMISTRY 12,True
1097,11,MCLC-12--L,CAREER LIFE CONNECTIONS Linear,False
1097,11,MENST12---,ENGLISH STUDIES 12,False
1097,11,MEVSC12C--,ENVIRONMENTAL SCIENCE 12 - CLIMATE CHANGE,False
1097,11,MFOOD12---,FOOD STUDIES 12,False
1097,11,MODED12---,OUTDOOR EDUCATION 12,False
1097,11,MPH--12---,PHYSICS 12,True
1097,11,MPREC12---,PRE-CALCULUS 12,False
1097,11,MSJ--12---,SOCIAL JUSTICE 12,False
1097,11,MVAPH11---,PHOTOGRAPHY 11,False
1097,11,MVAPH12---,PHOTOGRAPHY 12,True
1097,11,YLRA-2AX-L,ATHLETIC LEADERSHIP 12 Linear,False
1098,11,ASTA-12---,AP STATISTICS 12,False
1098,11,MCALC12---,CALCULUS 12,False
1098,11,MCLC-12--L,CAREER LIFE CONNECTIONS Linear,False
1098,11,MECOM12---,E-COMMERCE 12,True
1098,11,MENST12---,ENGLISH STUDIES 12,False
1098,11,MENT-12---,ENTREPRENEURSHIP 12,False
1098,11,MLST-12---,LAW STUDIES 12,False
1098,11,MMAP-11---,MARKETING AND PROMOTION 11,False
1098,11,MPH--12---,PHYSICS 12,False
1098,11,MPREC12---,PRE-CALCULUS 12,False
1098,11,PBB--2H,CAMOSUN COL BUSINESS 12H,True
1098,11,YLRA-2AX-L,ATHLETIC LEADERSHIP 12 Linear,False
1099,11,MATPH12---,ANATOMY AND PHYSIOLOGY 12,True
1099,11,MCALC12---,CALCULUS 12,False
1099,11,MCH--11---,CHEMISTRY 11,False
1099,11,MCH--12---,CHEMISTRY 12,False
1099,11,MCLC-12--L,CAREER LIFE CONNECTIONS Linear,False
1099,11,MEC--12---,ECONOMICS 12,False
1099,11,MENFP12---,ENGLISH FIRST PEOPLES 12,False
1099,11,MEVSC12C--,ENVIRONMENTAL SCIENCE 12 - CLIMATE CHANGE,False
1099,11,MMACS12---,COMPUTER SCIENCE 12,False
1099,11,MPH--11---,PHYSICS 11,True
1099,11,MPH--12---,PHYSICS 12,False
1100,11,MCALC12---,CALCULUS 12,False
1100,11,MCH--12---,CHEMISTRY 12,False
1100,11,MCLC-12--L,CAREER LIFE CONNECTIONS Linear,False
1100,11,MDMD-12D--,3D ANIMATION 12,False
1100,11,MENST12C--,ENGLISH STUDIES 12 CHALLENGE,False
1100,11,MPH--11---,PHYSICS 11,False
1100,11,MPH--12---,PHYSICS 12,False
1100,11,MPREC12---,PRE-CALCULUS 12,False
1100,11,MWH--12---,20th CENTURY WORLD HISTORY 12,False
1100,11,YCPA-2AXE-,COMMUNITY LEADERSHIP 12,False
1101,11,APHM-12---,AP PHYSICS C (MECHANICS) 12 external credential,False
1101,11,MATPH12---,ANATOMY AND PHYSIOLOGY 12,False
1101,11,MCALC12---,CALCULUS 12,False
1101,11,MCH--12---,CHEMISTRY 12,False
1101,11,MCLC-12--L,CAREER LIFE CONNECTIONS Linear,False
1101,11,MEC--12---,ECONOMICS 12,False
1101,11,MENST12C--,ENGLISH STUDIES 12 CHALLENGE,False
1101,11,MMAP-11---,MARKETING AND PROMOTION 11,False
1102,11,MATPH12---,ANATOMY AND PHYSIOLOGY 12,False
1102,11,MCLC-12--L,CAREER LIFE CONNECTIONS Linear,False
1102,11,MENST12---,ENGLISH STUDIES 12,False
1102,11,MFOOD12---,FOOD STUDIES 12,True
1102,11,MIMCB12--L,INSTRUMENTAL MUSIC 12: CONCERT BAND LINEAR,False
1102,11,MIMJB12--L,INSTRUMENTAL MUSIC 12: JAZZ BAND LINEAR,False
1102,11,MPREC12---,PRE-CALCULUS 12,False
1102,11,MTAUT12---,AUTOMOTIVE TECHNOLOGY 12,False
1102,11,MTXT-12---,TEXTILES 12,False
1102,11,MVAPH11---,PHOTOGRAPHY 11,True
1102,11,MVAST12---,ART STUDIO 12,False
1102,11,YPA--2CX--,YOGA FOR MINDFULNESS 12,True
1103,11,MATPH12---,ANATOMY AND PHYSIOLOGY 12,False
1103,11,MCALC12---,CALCULUS 12,False
1103,11,MCH--12---,CHEMISTRY 12,False
1103,11,MCLC-12--L,CAREER LIFE CONNECTIONS Linear,False
1103,11,MENST12C--,ENGLISH STUDIES 12 CHALLENGE,False
1103,11,MPH--12---,PHYSICS 12,False
1103,11,MPREC12---,PRE-CALCULUS 12,False
1103,11,YED--2FX-L,SCHOLARSHIP PREPARATION 12 LINEAR,False
1104,11,MATPH12---,ANATOMY AND PHYSIOLOGY 12,False
1104,11,MCH--12---,CHEMISTRY 12,False
1104,11,MCLC-12--L,CAREER LIFE CONNECTIONS Linear,False
1104,11,MENFP12---,ENGLISH FIRST PEOPLES 12,False
1104,11,MENT-12---,ENTREPRENEURSHIP 12,True
1104,11,MFOOD12---,FOOD STUDIES 12,False
1104,11,MMAP-11---,MARKETING AND PROMOTION 11,False
1104,11,MPH--11---,PHYSICS 11,False
1104,11,MPREC12---,PRE-CALCULUS 12,False
1104,11,YPA--2CX--,YOGA FOR MINDFULNESS 12,True
1105,11,MCALC12---,CALCULUS 12,False
1105,11,MCH--12---,CHEMISTRY 12,False
1105,11,MCLC-12--L,CAREER LIFE CONNECTIONS Linear,False
1105,11,MENST12---,ENGLISH STUDIES 12,False
1105,11,MFOOD12---,FOOD STUDIES 12,False
1105,11,MODED12---,OUTDOOR EDUCATION 12,False
1105,11,MPH--12---,PHYSICS 12,False
1105,11,MPREC12H--,PRE-CALCULUS 12 HONOURS,False
1105,11,MTXT-12---,TEXTILES 12,False
1105,11,MVAPH12---,PHOTOGRAPHY 12,True
1105,11,MVAST12---,ART STUDIO 12,True
1105,11,YCPA-2AX-L,COMMUNITY LEADERSHIP 12 Linear,False
1105,11,YED--2DX-L,PEER TUTORING 12 LINEAR,False
1105,11,YED--2FX-L,SCHOLARSHIP PREPARATION 12 LINEAR,False
1106,11,MATPH12---,ANATOMY AND PHYSIOLOGY 12,False
1106,11,MCLC-12--L,CAREER LIFE CONNECTIONS Linear,False
1106,11,MCTWR12---,CREATIVE WRITING 12,True
1106,11,MENST12---,ENGLISH STUDIES 12,False
1106,11,MFOM-11---,FOUNDATIONS OF MATHEMATICS 11,False
1106,11,MFOOD12---,FOOD STUDIES 12,False
1106,11,MLFSC11---,LIFE SCIENCES 11,False
1106,11,MSP--12---,SPANISH 12,False
1106,11,MTXT-12---,TEXTILES 12,True
1106,11,MVAPH11---,PHOTOGRAPHY 11,False
1106,11,MVAST12---,ART STUDIO 12,False
1107,11,ACAL-12---,AP CALCULUS AB 12 external credential,False
1107,11,APHM-12---,AP PHYSICS C (MECHANICS) 12 external credential,False
1107,11,MACLV12---,ACTIVE LIVING 12,True
1107,11,MATPH12---,ANATOMY AND PHYSIOLOGY 12,False
1107,11,MCH--12---,CHEMISTRY 12,False
1107,11,MCLC-12--L,CAREER LIFE CONNECTIONS Linear,False
1107,11,MENST12---,ENGLISH STUDIES 12,False
1107,11,MODED12---,OUTDOOR EDUCATION 12,True
1107,11,MPREC12H--,PRE-CALCULUS 12 HONOURS,False
1107,11,YED--2DX-L,PEER TUTORING 12 LINEAR,False
1108,11,MCLC-12--L,CAREER LIFE CONNECTIONS Linear,False
1108,11,MDMD-12D--,3D ANIMATION 12,False
1108,11,MENFP12--Y,ENGLISH FIRST PEOPLES 12 Year,False
1108,11,MENR-12---,ENGINEERING 12,True
1108,11,MEVSC12C--,ENVIRONMENTAL SCIENCE 12 - CLIMATE CHANGE,False
1108,11,MINST12---,CONTEMPORARY INDIGENOUS STUDIES 12,False
1108,11,MMACS12---,COMPUTER SCIENCE 12,True
1108,11,MPREC12---,PRE-CALCULUS 12,False
1108,11,MSPLG11---,SPOKEN LANGUAGE 11,False
1108,11,MVAST12---,ART STUDIO 12,False
1109,11,MACC-12---,ACCOUNTING 12,False
1109,11,MACLV12---,ACTIVE LIVING 12,True
1109,11,MCLC-12--L,CAREER LIFE CONNECTIONS Linear,False
1109,11,MEC--12---,ECONOMICS 12,True
1109,11,MENFP12---,ENGLISH FIRST PEOPLES 12,False
1109,11,MENT-12---,ENTREPRENEURSHIP 12,False
1109,11,MFOM-11---,FOUNDATIONS OF MATHEMATICS 11,False
1109,11,MFOOD12---,FOOD STUDIES 12,False
1109,11,MTAUT12---,AUTOMOTIVE TECHNOLOGY 12,False
1110,11,MEC--12---,ECONOMICS 12,True
1110,11,MENST12---,ENGLISH STUDIES 12,False
1110,11,MFR--12---,FRENCH 12,False
1110,11,MVAPH11---,PHOTOGRAPHY 11,False
1110,11,MWH--12---,20th CENTURY WORLD HISTORY 12,False
1111,11,MACC-12---,ACCOUNTING 12,False
1111,11,MCLC-12--L,CAREER LIFE CONNECTIONS Linear,False
1111,11,MENST12---,ENGLISH STUDIES 12,False
1111,11,MENT-12---,ENTREPRENEURSHIP 12,False
1111,11,MFOOD12---,FOOD STUDIES 12,False
1111,11,MMEDD12---,MEDIA DESIGN 12,False
1111,11,MPREC12---,PRE-CALCULUS 12,False
1111,11,MTAUT12---,AUTOMOTIVE TECHNOLOGY 12,True
1111,11,MWH--12---,20th CENTURY WORLD HISTORY 12,False
1111,11,YED--2CX--,LEARNING STRATEGIES 12,False
1112,11,MCLC-12--L,CAREER LIFE CONNECTIONS Linear,False
1112,11,MENFP12--Y,ENGLISH FIRST PEOPLES 12 Year,False
1112,11,MEPSS11---,EXPLORATIONS IN SOCIAL STUDIES 11,False
1112,11,MFOM-11---,FOUNDATIONS OF MATHEMATICS 11,False
1112,11,MFOOD12---,FOOD STUDIES 12,False
1112,11,MLST-12---,LAW STUDIES 12,False
1112,11,MSJ--12---,SOCIAL JUSTICE 12,False
1112,11,MSP--11---,SPANISH 11,False
1112,11,YESFL1CX--,ELL Academic Literacy 11,False
1113,11,MATPH12---,ANATOMY AND PHYSIOLOGY 12,False
1113,11,MCH--12---,CHEMISTRY 12,False
1113,11,MCLC-12--L,CAREER LIFE CONNECTIONS Linear,False
1113,11,MCMPR11AI-,COMPUTER PROGRAMMING 11 AI and Games,True
1113,11,MCMPR12AI-,COMPUTER PROGRAMMING 12 AI and Games,True
1113,11,MENFP12---,ENGLISH FIRST PEOPLES 12,False
1113,11,MLST-12---,LAW STUDIES 12,False
1113,11,MPH--12---,PHYSICS 12,False
1113,11,MPREC11---,PRE-CALCULUS 11,False
1113,11,MPREC12---,PRE-CALCULUS 12,False
1113,11,YPSYC1AX--,PSYCHOLOGY 11,False
1114,11,AELC-12---,AP ENGLISH LITERATURE & COMPOSITION 12,False
1114,11,MAC--11---,ACCOUNTING 11,True
1114,11,MATPH12---,ANATOMY AND PHYSIOLOGY 12,False
1114,11,MCALC12---,CALCULUS 12,False
1114,11,MCH--12---,CHEMISTRY 12,False
1114,11,MCLC-12--L,CAREER LIFE CONNECTIONS Linear,False
1114,11,MEC--12---,ECONOMICS 12,False
1114,11,MLST-12---,LAW STUDIES 12,True
1114,11,MLTST12---,LITERARY STUDIES 12,False
1114,11,MPH--12---,PHYSICS 12,False
1114,11,MPREC12H--,PRE-CALCULUS 12 HONOURS,False
1114,11,YCPA-2AX-L,COMMUNITY LEADERSHIP 12 Linear,False
1114,11,YED--2FX-L,SCHOLARSHIP PREPARATION 12 LINEAR,False
1115,11,MCALC12---,CALCULUS 12,False
1115,11,MCLC-12--L,CAREER LIFE CONNECTIONS Linear,False
1115,11,MEC--12---,ECONOMICS 12,False
1115,11,MECOM12---,E-COMMERCE 12,False
1115,11,MENST12---,ENGLISH STUDIES 12,False
1115,11,MENT-12---,ENTREPRENEURSHIP 12,True
1115,11,MMACS12---,COMPUTER SCIENCE 12,True
1115,11,MPH--12---,PHYSICS 12,False
1115,11,MPREC12---,PRE-CALCULUS 12,False
1115,11,PBB--2H,CAMOSUN COL BUSINESS 12H,False
1115,11,YED--2FX-L,SCHOLARSHIP PREPARATION 12 LINEAR,False
1115,11,YLRA-2AX-L,ATHLETIC LEADERSHIP 12 Linear,False
1115,11,YPSYC1AX--,PSYCHOLOGY 11,False
1116,11,MCLC-12--L,CAREER LIFE CONNECTIONS Linear,False
1116,11,MCMCL12---,COMPARATIVE CULTURES 12,False
1116,11,MDNC-12--L,DANCE 12: CHOREOGRAPHY Linear,False
1116,11,MDNCM12--L,DANCE COMPANY 12 Linear,False
1116,11,MDNTP12---,DANCE TECHNIQUE AND PERFORMANCE 12,False
1116,11,MENST12---,ENGLISH STUDIES 12,False
1116,11,MEVSC12C--,ENVIRONMENTAL SCIENCE 12 - CLIMATE CHANGE,True
1116,11,MFR--12---,FRENCH 12,False
1116,11,MWH--12---,20th CENTURY WORLD HISTORY 12,False
1116,11,YPA--2CX--,YOGA FOR MINDFULNESS 12,True
1117,11,MATPH12---,ANATOMY AND PHYSIOLOGY 12,False
1117,11,MCALC12---,CALCULUS 12,False
1117,11,MCLC-12--L,CAREER LIFE CONNECTIONS Linear,False
1117,11,MEC--12---,ECONOMICS 12,False
1117,11,MENFP12---,ENGLISH FIRST PEOPLES 12,False
1117,11,MFOOD12---,FOOD STUDIES 12,False
1117,11,MODED12---,OUTDOOR EDUCATION 12,True
1117,11,MPGEO12---,PHYSICAL GEOGRAPHY 12,False
1117,11,MPH--12---,PHYSICS 12,False
1117,11,MTAUT12---,AUTOMOTIVE TECHNOLOGY 12,False
1117,11,YLRA-2AX-L,ATHLETIC LEADERSHIP 12 Linear,False
1118,11,MATPH12---,ANATOMY AND PHYSIOLOGY 12,False
1118,11,MCLC-12--L,CAREER LIFE CONNECTIONS Linear,False
1118,11,MCMCL12---,COMPARATIVE CULTURES 12,False
1118,11,MENFP12---,ENGLISH FIRST PEOPLES 12,False
1118,11,MFOOD12---,FOOD STUDIES 12,False
1118,11,MLST-12---,LAW STUDIES 12,False
1118,11,MODED12---,OUTDOOR EDUCATION 12,True
1118,11,MWH--12---,20th CENTURY WORLD HISTORY 12,False
1118,11,YCPA-2AX-L,COMMUNITY LEADERSHIP 12 Linear,False
1118,11,YED--2FX-L,SCHOLARSHIP PREPARATION 12 LINEAR,False
1119,11,MACLV12G--,ACTIVE LIVING 12 Girls,False
1119,11,MCLC-12--L,CAREER LIFE CONNECTIONS Linear,False
1119,11,MENFP12--Y,ENGLISH FIRST PEOPLES 12 Year,False
1119,11,MSPLG11---,SPOKEN LANGUAGE 11,False
1119,11,MTXT-12---,TEXTILES 12,False
1119,11,MWPM-11---,WORKPLACE MATHEMATICS 11,False
1119,11,YED--2CX--,LEARNING STRATEGIES 12,False
1119,11,YPA--2CX--,YOGA FOR MINDFULNESS 12,False
1120,11,MACLV12---,ACTIVE LIVING 12,True
1120,11,MCLC-12--L,CAREER LIFE CONNECTIONS Linear,False
1120,11,MCLE-10---,CAREER LIFE EDUCATION 10,False
1120,11,MENFP12---,ENGLISH FIRST PEOPLES 12,False
1120,11,MEPSS11---,EXPLORATIONS IN SOCIAL STUDIES 11,False
1120,11,MEVSC11---,ENVIRONMENTAL SCIENCE 11,False
1120,11,MFOOD12---,FOOD STUDIES 12,False
1120,11,MTAUT12---,AUTOMOTIVE TECHNOLOGY 12,False
1120,11,MWPM-11---,WORKPLACE MATHEMATICS 11,False
1120,11,YLAW-2CX--,CRIMINOLOGY 12,True
1121,11,MATPH12---,ANATOMY AND PHYSIOLOGY 12,False
1121,11,MCH--12---,CHEMISTRY 12,False
1121,11,MCLC-12--L,CAREER LIFE CONNECTIONS Linear,False
1121,11,MDNCN12---,DANCE CONDITIONING 12,True
1121,11,MENFP12--Y,ENGLISH FIRST PEOPLES 12 Year,False
1121,11,MLFSC11---,LIFE SCIENCES 11,False
1121,11,MPREC12---,PRE-CALCULUS 12,False
1121,11,MSJ--12---,SOCIAL JUSTICE 12,False
1121,11,YESFL1CX--,ELL Academic Literacy 11,False
1121,11,YPSYC1AX--,PSYCHOLOGY 11,False
1122,11,ACAL-12---,AP CALCULUS AB 12 external credential,False
1122,11,APHM-12---,AP PHYSICS C (MECHANICS) 12 external credential,False
1122,11,MCH--12---,CHEMISTRY 12,False
1122,11,MCLC-12--L,CAREER LIFE CONNECTIONS Linear,False
1122,11,MEC--12---,ECONOMICS 12,True
1122,11,MENST12C--,ENGLISH STUDIES 12 CHALLENGE,False
1122,11,MENT-12---,ENTREPRENEURSHIP 12,False
1122,11,MFOOD12---,FOOD STUDIES 12,True
1122,11,MLST-12---,LAW STUDIES 12,False
1122,11,MPREC12H--,PRE-CALCULUS 12 HONOURS,False
1122,11,YED--2DX-L,PEER TUTORING 12 LINEAR,False
1122,11,YED--2FX-L,SCHOLARSHIP PREPARATION 12 LINEAR,False
1123,11,MATPH12---,ANATOMY AND PHYSIOLOGY 12,False
1123,11,MCH--11---,CHEMISTRY 11,False
1123,11,MCH--12---,CHEMISTRY 12,False
1123,11,MCLC-12--L,CAREER LIFE CONNECTIONS Linear,False
1123,11,MCMCL12---,COMPARATIVE CULTURES 12,True
1123,11,MEC--12---,ECONOMICS 12,False
1123,11,MENFP12---,ENGLISH FIRST PEOPLES 12,False
1123,11,MIMG-12---,INSTRUMENTAL MUSIC 12: GUITAR,False
1123,11,MLFSC11---,LIFE SCIENCES 11,False
1123,11,MLST-12---,LAW STUDIES 12,False
1123,11,MPREC12---,PRE-CALCULUS 12,False
1123,11,YLRA-2AX-L,ATHLETIC LEADERSHIP 12 Linear,False
1124,11,MATPH12---,ANATOMY AND PHYSIOLOGY 12,False
1124,11,MCALC12---,CALCULUS 12,False
1124,11,MCH--12---,CHEMISTRY 12,False
1124,11,MCLC-12--L,CAREER LIFE CONNECTIONS Linear,False
1124,11,MENST12---,ENGLISH STUDIES 12,False
1124,11,MLFSC11---,LIFE SCIENCES 11,False
1124,11,MODED12---,OUTDOOR EDUCATION 12,False
1124,11,MPH--12---,PHYSICS 12,False
1124,11,MPREC12---,PRE-CALCULUS 12,False
1124,11,MVAPH12---,PHOTOGRAPHY 12,True
1125,11,MATPH12---,ANATOMY AND PHYSIOLOGY 12,False
1125,11,MCALC12---,CALCULUS 12,False
1125,11,MCH--12---,CHEMISTRY 12,False
1125,11,MCLC-12--L,CAREER LIFE CONNECTIONS Linear,False
1125,11,MENFP12---,ENGLISH FIRST PEOPLES 12,False
1125,11,MPH--12---,PHYSICS 12,False
1125,11,MPREC12---,PRE-CALCULUS 12,False
1126,11,MATPH12---,ANATOMY AND PHYSIOLOGY 12,False
1126,11,MCMCL12---,COMPARATIVE CULTURES 12,True
1126,11,MCMPS11---,COMPOSITION 11,True
1126,11,MENST12---,ENGLISH STUDIES 12,False
1126,11,MFOOD12---,FOOD STUDIES 12,False
1126,11,MLFSC11---,LIFE SCIENCES 11,False
1126,11,MTXT-12---,TEXTILES 12,False
1126,11,MVAPH11---,PHOTOGRAPHY 11,False
1126,11,MWH--12---,20th CENTURY WORLD HISTORY 12,False
1126,11,YPSYC1AX--,PSYCHOLOGY 11,False
1127,11,AELC-12---,AP ENGLISH LITERATURE & COMPOSITION 12,False
1127,11,MACC-12---,ACCOUNTING 12,True
1127,11,MATPH12---,ANATOMY AND PHYSIOLOGY 12,False
1127,11,MCALC12---,CALCULUS 12,False
1127,11,MCH--12---,CHEMISTRY 12,False
1127,11,MCLC-12--L,CAREER LIFE CONNECTIONS Linear,False
1127,11,MFOOD12---,FOOD STUDIES 12,True
1127,11,MLST-12---,LAW STUDIES 12,True
1127,11,MLTST12---,LITERARY STUDIES 12,False
1127,11,MPH--12---,PHYSICS 12,False
1127,11,MPREC12---,PRE-CALCULUS 12,False
1127,11,MVAST12---,ART STUDIO 12,False
1127,11,YED--2DX-L,PEER TUTORING 12 LINEAR,False
1128,11,MATPH12---,ANATOMY AND PHYSIOLOGY 12,False
1128,11,MCH--12---,CHEMISTRY 12,False
1128,11,MCLC-12--L,CAREER LIFE CONNECTIONS Linear,False
1128,11,MENST12---,ENGLISH STUDIES 12,False
1128,11,MEVSC12C--,ENVIRONMENTAL SCIENCE 12 - CLIMATE CHANGE,True
1128,11,MFOOD12---,FOOD STUDIES 12,False
1128,11,MLFSC11---,LIFE SCIENCES 11,False
1128,11,MPH--12---,PHYSICS 12,False
1128,11,MPREC12---,PRE-CALCULUS 12,False
1128,11,MSJ--12---,SOCIAL JUSTICE 12,False
1128,11,YLAW-2CX--,CRIMINOLOGY 12,True
1129,11,MACLV12G--,ACTIVE LIVING 12 Girls,False
1129,11,MATPH12---,ANATOMY AND PHYSIOLOGY 12,False
1129,11,MCMCC12--L,CHORAL MUSIC 12: CONCERT CHOIR Linear,False
1129,11,MDCF-12---,DANCE FOUNDATIONS 12,True
1129,11,MENST12---,ENGLISH STUDIES 12,False
1129,11,MMAP-11---,MARKETING AND PROMOTION 11,True
1129,11,MPGEO12---,PHYSICAL GEOGRAPHY 12,False
1129,11,MPH--12---,PHYSICS 12,False
1129,11,MPREC12---,PRE-CALCULUS 12,False
1129,11,MWH--12---,20th CENTURY WORLD HISTORY 12,False
1129,11,YCPA-2AX-L,COMMUNITY LEADERSHIP 12 Linear,False
1129,11,YPSYC1AX--,PSYCHOLOGY 11,False
1130,11,AELC-12---,AP ENGLISH LITERATURE & COMPOSITION 12,False
1130,11,MACLV12---,ACTIVE LIVING 12,True
1130,11,MCALC12---,CALCULUS 12,False
1130,11,MCH--12---,CHEMISTRY 12,False
1130,11,MCLC-12--L,CAREER LIFE CONNECTIONS Linear,False
1130,11,MFOOD12---,FOOD STUDIES 12,True
1130,11,MLTST12---,LITERARY STUDIES 12,False
1130,11,MPGEO12---,PHYSICAL GEOGRAPHY 12,False
1130,11,MPH--12---,PHYSICS 12,False
1130,11,MPREC12---,PRE-CALCULUS 12,False
1130,11,YED--2FX-L,SCHOLARSHIP PREPARATION 12 LINEAR,False
1131,11,MATPH12---,ANATOMY AND PHYSIOLOGY 12,False
1131,11,MCALC12---,CALCULUS 12,False
1131,11,MCLC-12--L,CAREER LIFE CONNECTIONS Linear,False
1131,11,MDMD-12D--,3D ANIMATION 12,True
1131,11,MENST12---,ENGLISH STUDIES 12,False
1131,11,MLST-12---,LAW STUDIES 12,False
1131,11,MMACS11---,COMPUTER SCIENCE 11,False
1131,11,MPREC12---,PRE-CALCULUS 12,False
1131,11,MVAPH11---,PHOTOGRAPHY 11,True
1132,11,ACAL-12---,AP CALCULUS AB 12 external credential,False
1132,11,MCALC12---,CALCULUS 12,True
1132,11,MCLC-12--L,CAREER LIFE CONNECTIONS Linear,False
1132,11,MEC--12---,ECONOMICS 12,False
1132,11,MENST12C--,ENGLISH STUDIES 12 CHALLENGE,False
1132,11,MENT-12---,ENTREPRENEURSHIP 12,False
1132,11,MLST-12---,LAW STUDIES 12,False
1132,11,MPH--12---,PHYSICS 12,False
1132,11,MPREC12---,PRE-CALCULUS 12,True
1132,11,MPREC12H--,PRE-CALCULUS 12 HONOURS,False
1132,11,YCPA-2AX-L,COMMUNITY LEADERSHIP 12 Linear,False
1132,11,YED--2FX-L,SCHOLARSHIP PREPARATION 12 LINEAR,False
1133,11,ACAL-12---,AP CALCULUS AB 12 external credential,False
1133,11,AELC-12---,AP ENGLISH LITERATURE & COMPOSITION 12,False
1133,11,MCH--12---,CHEMISTRY 12,True
1133,11,MCLC-12--L,CAREER LIFE CONNECTIONS Linear,False
1133,11,MDRM-12---,DRAMA 12,True
1133,11,MFOOD12---,FOOD STUDIES 12,False
1133,11,MIMCB12--L,INSTRUMENTAL MUSIC 12: CONCERT BAND LINEAR,False
1133,11,MIMJB12--L,INSTRUMENTAL MUSIC 12: JAZZ BAND LINEAR,False
1133,11,MLTST12---,LITERARY STUDIES 12,False
1133,11,MMUOR12S-L,INSTRUMENTAL MUSIC: ORCHESTRA 12 Strings Linear,False
1133,11,MPH--12---,PHYSICS 12,False
1133,11,MPREC12H--,PRE-CALCULUS 12 HONOURS,False
1133,11,YLAW-2CX--,CRIMINOLOGY 12,True
1134,11,APHM-12---,AP PHYSICS C (MECHANICS) 12 external credential,False
1134,11,MCALC12---,CALCULUS 12,True
1134,11,MCALC12---,CALCULUS 12,False
1134,11,MCH--12---,CHEMISTRY 12,False
1134,11,MCLC-12--L,CAREER LIFE CONNECTIONS Linear,False
1134,11,MENR-12---,ENGINEERING 12,False
1134,11,MENST12---,ENGLISH STUDIES 12,False
1134,11,MPH--12---,PHYSICS 12,True
1134,11,MPREC12---,PRE-CALCULUS 12,False
1134,11,MTROB12---,ROBOTICS 12,False
1134,11,MTROB12--L,ROBOTICS 12 LINEAR,False
1134,11,YED--2FX-L,SCHOLARSHIP PREPARATION 12 LINEAR,False
1135,11,MCLC-12--L,CAREER LIFE CONNECTIONS Linear,False
1135,11,MCMPR11AI-,COMPUTER PROGRAMMING 11 AI and Games,False
1135,11,MENST12---,ENGLISH STUDIES 12,False
1135,11,MFOOD12---,FOOD STUDIES 12,False
1135,11,MMACS11---,COMPUTER SCIENCE 11,True
1135,11,MTAUT12---,AUTOMOTIVE TECHNOLOGY 12,False
1135,11,MTEAD12---,ENGINE AND DRIVETRAIN 12,False
1135,11,MWWK-12---,WOODWORK 12,False
1136,11,MATPH12---,ANATOMY AND PHYSIOLOGY 12,False
1136,11,MCLC-12--L,CAREER LIFE CONNECTIONS Linear,False
1136,11,MCMCL12---,COMPARATIVE CULTURES 12,False
1136,11,MEC--12---,ECONOMICS 12,False
1136,11,MENFP12---,ENGLISH FIRST PEOPLES 12,False
1136,11,MMEDD12---,MEDIA DESIGN 12,True
1136,11,MPREC12---,PRE-CALCULUS 12,False
1136,11,MSJ--12---,SOCIAL JUSTICE 12,False
1136,11,MVAPH12---,PHOTOGRAPHY 12,False
1136,11,MWH--12---,20th CENTURY WORLD HISTORY 12,False
1136,11,YCPA-2AXE-,COMMUNITY LEADERSHIP 12,False
1136,11,YED--2FX-L,SCHOLARSHIP PREPARATION 12 LINEAR,False
1137,11,MACC-12---,ACCOUNTING 12,False
1137,11,MCALC12---,CALCULUS 12,False
1137,11,MCLC-12--L,CAREER LIFE CONNECTIONS Linear,False
1137,11,MEC--12---,ECONOMICS 12,False
1137,11,MECOM12---,E-COMMERCE 12,False
1137,11,MENFP12---,ENGLISH FIRST PEOPLES 12,False
1137,11,MENT-12---,ENTREPRENEURSHIP 12,True
1137,11,MIMG-12---,INSTRUMENTAL MUSIC 12: GUITAR,True
1137,11,MLST-12---,LAW STUDIES 12,False
1137,11,MPREC12---,PRE-CALCULUS 12,False
1137,11,MWWK-12---,WOODWORK 12,True
1137,11,PBB--2H,CAMOSUN COL BUSINESS 12H,False
1137,11,YLRA-2AX-L,ATHLETIC LEADERSHIP 12 Linear,False
1138,11,MCALC12---,CALCULUS 12,False
1138,11,MCH--12---,CHEMISTRY 12,False
1138,11,MCLC-12--L,CAREER LIFE CONNECTIONS Linear,False
1138,11,MENST12---,ENGLISH STUDIES 12,False
1138,11,MLST-12---,LAW STUDIES 12,False
1138,11,MPH--11---,PHYSICS 11,False
1138,11,MPH--12---,PHYSICS 12,False
1138,11,MPREC12---,PRE-CALCULUS 12,False
1138,11,MSJ--12---,SOCIAL JUSTICE 12,False
1138,11,YCPA-2AX-L,COMMUNITY LEADERSHIP 12 Linear,False
1138,11,YLAW-2CX--,CRIMINOLOGY 12,True
1138,11,YPSYC1AX--,PSYCHOLOGY 11,True
1139,11,AELC-12---,AP ENGLISH LITERATURE & COMPOSITION 12,False
1139,11,APHM-12---,AP PHYSICS C (MECHANICS) 12 external credential,False
1139,11,MCALC12---,CALCULUS 12,False
1139,11,MCH--12---,CHEMISTRY 12,False
1139,11,MCLC-12--L,CAREER LIFE CONNECTIONS Linear,False
1139,11,MENR-12---,ENGINEERING 12,False
1139,11,MFOOD12---,FOOD STUDIES 12,True
1139,11,MGRPR12--L,GRAPHIC PRODUCTION 12 LINEAR,False
1139,11,MLTST12---,LITERARY STUDIES 12,False
1139,11,MPREC12H--,PRE-CALCULUS 12 HONOURS,False
1139,11,MTXT-12---,TEXTILES 12,True
1139,11,MVAST12---,ART STUDIO 12,True
1139,11,YLRA-2AX-L,ATHLETIC LEADERSHIP 12 Linear,False
1140,11,MACLV12---,ACTIVE LIVING 12,False
1140,11,MCLC-12--L,CAREER LIFE CONNECTIONS Linear,False
1140,11,MDRM-12---,DRAMA 12,False
1140,11,MENFP12---,ENGLISH FIRST PEOPLES 12,False
1140,11,MFOOD12---,FOOD STUDIES 12,False
1140,11,MIMCB12--L,INSTRUMENTAL MUSIC 12: CONCERT BAND LINEAR,False
1140,11,MIMJB12--L,INSTRUMENTAL MUSIC 12: JAZZ BAND LINEAR,False
1140,11,YHRA-2AX--,CROSS TRAINING 12,False
1141,11,ACAL-12---,AP CALCULUS AB 12 external credential,False
1141,11,MACC-12---,ACCOUNTING 12,True
1141,11,MCLC-12--L,CAREER LIFE CONNECTIONS Linear,False
1141,11,MEC--12---,ECONOMICS 12,False
1141,11,MENST12C--,ENGLISH STUDIES 12 CHALLENGE,False
1141,11,MEVSC12C--,ENVIRONMENTAL SCIENCE 12 - CLIMATE CHANGE,False
1141,11,MIMCB12--L,INSTRUMENTAL MUSIC 12: CONCERT BAND LINEAR,False
1141,11,MLST-12---,LAW STUDIES 12,True
1141,11,MPREC12---,PRE-CALCULUS 12,False
1141,11,MSP--12---,SPANISH 12,False
1141,11,YCPA-2AXE-,COMMUNITY LEADERSHIP 12,False
1141,11,YED--2FX-L,SCHOLARSHIP PREPARATION 12 LINEAR,False
1142,11,MAC--11---,ACCOUNTING 11,False
1142,11,MACC-12---,ACCOUNTING 12,False
1142,11,MATPH12---,ANATOMY AND PHYSIOLOGY 12,False
1142,11,MCLC-12--L,CAREER LIFE CONNECTIONS Linear,False
1142,11,MECOM12---,E-COMMERCE 12,False
1142,11,MENFP12---,ENGLISH FIRST PEOPLES 12,False
1142,11,MPREC11---,PRE-CALCULUS 11,False
1142,11,MPREC12---,PRE-CALCULUS 12,False
1142,11,PBB--2H,CAMOSUN COL BUSINESS 12H,False
1143,11,MACLV12---,ACTIVE LIVING 12,False
1143,11,MCLC-12--L,CAREER LIFE CONNECTIONS Linear,False
1143,11,MENST12---,ENGLISH STUDIES 12,False
1143,11,MFOOD12---,FOOD STUDIES 12,False
1143,11,MTAUT12---,AUTOMOTIVE TECHNOLOGY 12,False
1143,11,MTEAD12---,ENGINE AND DRIVETRAIN 12,False
1143,11,MTROB12---,ROBOTICS 12,False
1143,11,YHRA-2AX--,CROSS TRAINING 12,False
1144,11,ACAL-12---,AP CALCULUS AB 12 external credential,False
1144,11,MCH--12---,CHEMISTRY 12,False
1144,11,MCLC-12--L,CAREER LIFE CONNECTIONS Linear,False
1144,11,MENFP12---,ENGLISH FIRST PEOPLES 12,False
1144,11,MENR-12---,ENGINEERING 12,False
1144,11,MPH--12---,PHYSICS 12,False
1144,11,MPREC12---,PRE-CALCULUS 12,False
1144,11,MTDRF12---,DRAFTING 12,False
1145,11,MATPH12---,ANATOMY AND PHYSIOLOGY 12,False
1145,11,MCALC12---,CALCULUS 12,False
1145,11,MCH--11---,CHEMISTRY 11,False
1145,11,MCH--12---,CHEMISTRY 12,False
1145,11,MCLC-12--L,CAREER LIFE CONNECTIONS Linear,False
1145,11,MENFP12---,ENGLISH FIRST PEOPLES 12,False
1145,11,MEVSC12C--,ENVIRONMENTAL SCIENCE 12 - CLIMATE CHANGE,False
1145,11,MODED12---,OUTDOOR EDUCATION 12,True
1145,11,MPGEO12---,PHYSICAL GEOGRAPHY 12,False
1145,11,MPH--12---,PHYSICS 12,False
1146,11,MCLC-12--L,CAREER LIFE CONNECTIONS Linear,False
1146,11,MDCF-12---,DANCE FOUNDATIONS 12,False
1146,11,MDNC-12--L,DANCE 12: CHOREOGRAPHY Linear,False
1146,11,MDNCM12--L,DANCE COMPANY 12 Linear,False
1146,11,MDNTP12---,DANCE TECHNIQUE AND PERFORMANCE 12,True
1146,11,MDRM-12---,DRAMA 12,False
1146,11,MENFP12---,ENGLISH FIRST PEOPLES 12,False
1146,11,MEVSC11---,ENVIRONMENTAL SCIENCE 11,False
1146,11,MFOOD12---,FOOD STUDIES 12,False
1146,11,MSJ--12---,SOCIAL JUSTICE 12,False
1146,11,MTXT-12---,TEXTILES 12,True
1146,11,YED--2CX--,LEARNING STRATEGIES 12,False
1147,11,MATPH12---,ANATOMY AND PHYSIOLOGY 12,False
1147,11,MCLC-12--L,CAREER LIFE CONNECTIONS Linear,False
1147,11,MCMCL12---,COMPARATIVE CULTURES 12,False
1147,11,MDRM-12---,DRAMA 12,True
1147,11,MENST12---,ENGLISH STUDIES 12,False
1147,11,MEVSC12C--,ENVIRONMENTAL SCIENCE 12 - CLIMATE CHANGE,False
1147,11,MTAUT12---,AUTOMOTIVE TECHNOLOGY 12,False
1147,11,MTEAD12---,ENGINE AND DRIVETRAIN 12,False
1147,11,MTXT-12---,TEXTILES 12,False
1147,11,MWH--12---,20th CENTURY WORLD HISTORY 12,False
1147,11,YED--2FX-L,SCHOLARSHIP PREPARATION 12 LINEAR,False
1148,11,MCALC12---,CALCULUS 12,False
1148,11,MCH--12---,CHEMISTRY 12,False
1148,11,MCLC-12--L,CAREER LIFE CONNECTIONS Linear,False
1148,11,MDNC-12--L,DANCE 12: CHOREOGRAPHY Linear,False
1148,11,MDNCM12--L,DANCE COMPANY 12 Linear,False
1148,11,MDNCN12---,DANCE CONDITIONING 12,False
1148,11,MDNTP12---,DANCE TECHNIQUE AND PERFORMANCE 12,True
1148,11,MENFP12---,ENGLISH FIRST PEOPLES 12,False
1148,11,MFOOD12---,FOOD STUDIES 12,True
1148,11,MINST12---,CONTEMPORARY INDIGENOUS STUDIES 12,False
1148,11,MPREC12---,PRE-CALCULUS 12,False
1148,11,MSJ--12---,SOCIAL JUSTICE 12,False
1148,11,MTAUT12---,AUTOMOTIVE TECHNOLOGY 12,False
1148,11,YED--2DX-L,PEER TUTORING 12 LINEAR,False
1148,11,YED--2FX-L,SCHOLARSHIP PREPARATION 12 LINEAR,False
1149,11,MATPH12---,ANATOMY AND PHYSIOLOGY 12,False
1149,11,MCH--12---,CHEMISTRY 12,False
1149,11,MCLC-12--L,CAREER LIFE CONNECTIONS Linear,False
1149,11,MENST12---,ENGLISH STUDIES 12,False
1149,11,MFOOD12---,FOOD STUDIES 12,False
1149,11,MSJ--12---,SOCIAL JUSTICE 12,False
1149,11,MTXT-12---,TEXTILES 12,True
1149,11,YED--2FX-L,SCHOLARSHIP PREPARATION 12 LINEAR,False
1149,11,YPSYC1AX--,PSYCHOLOGY 11,False
1150,11,MCALC12---,CALCULUS 12,False
1150,11,MCH--11---,CHEMISTRY 11,False
1150,11,MCH--12---,CHEMISTRY 12,False
1150,11,MCLC-12--L,CAREER LIFE CONNECTIONS Linear,False
1150,11,MFOOD12---,FOOD STUDIES 12,False
1150,11,MLST-12---,LAW STUDIES 12,False
1150,11,MODED12---,OUTDOOR EDUCATION 12,True
1150,11,MPREC12---,PRE-CALCULUS 12,False
1150,11,MVAST12---,ART STUDIO 12,False
1150,11,YPSYC1AX--,PSYCHOLOGY 11,True
1151,11,MACLV12G--,ACTIVE LIVING 12 Girls,False
1151,11,MATPH12---,ANATOMY AND PHYSIOLOGY 12,False
1151,11,MBSP-11---,INTRODUCTORY SPANISH 11,False
1151,11,MCLC-12---,CAREER LIFE CONNECTIONS,False
1151,11,MENFP12---,ENGLISH FIRST PEOPLES 12,False
1151,11,MLFSC11---,LIFE SCIENCES 11,True
1151,11,MSP--10---,SPANISH 10,True
1151,11,MSP--11---,SPANISH 11,True
1151,11,MSP--12---,SPANISH 12,True
1151,11,MTXT-12---,TEXTILES 12,True
1151,11,YPA--2CX--,YOGA FOR MINDFULNESS 12,True
1152,11,MATPH12---,ANATOMY AND PHYSIOLOGY 12,False
1152,11,MCLC-12--L,CAREER LIFE CONNECTIONS Linear,False
1152,11,MENFP12---,ENGLISH FIRST PEOPLES 12,False
1152,11,MFOOD12---,FOOD STUDIES 12,True
1152,11,MLST-12---,LAW STUDIES 12,False
1152,11,MPREC12---,PRE-CALCULUS 12,False
1152,11,MTAUT12---,AUTOMOTIVE TECHNOLOGY 12,False
1152,11,MWWK-12---,WOODWORK 12,True
1152,11,YED--2CX--,LEARNING STRATEGIES 12,False
1152,11,YLAW-2CX--,CRIMINOLOGY 12,False
1153,11,MCLC-12--L,CAREER LIFE CONNECTIONS Linear,False
1153,11,MEC--12---,ECONOMICS 12,False
1153,11,MENST12---,ENGLISH STUDIES 12,False
1153,11,MEVSC12C--,ENVIRONMENTAL SCIENCE 12 - CLIMATE CHANGE,False
1153,11,MFOOD12---,FOOD STUDIES 12,True
1153,11,MIMCB12--L,INSTRUMENTAL MUSIC 12: CONCERT BAND LINEAR,False
1153,11,MPREC11---,PRE-CALCULUS 11,False
1153,11,MPREC12---,PRE-CALCULUS 12,False
1153,11,YLRA-2AX-L,ATHLETIC LEADERSHIP 12 Linear,False
1154,11,MACC-12---,ACCOUNTING 12,False
1154,11,MCALC12---,CALCULUS 12,False
1154,11,MCLC-12--L,CAREER LIFE CONNECTIONS Linear,False
1154,11,MENST12---,ENGLISH STUDIES 12,False
1154,11,MPGEO12---,PHYSICAL GEOGRAPHY 12,False
1154,11,MPREC12---,PRE-CALCULUS 12,False
1154,11,MWH--12---,20th CENTURY WORLD HISTORY 12,False
1155,11,MCLC-12--L,CAREER LIFE CONNECTIONS Linear,False
1155,11,MDNC-12--L,DANCE 12: CHOREOGRAPHY Linear,False
1155,11,MDNCM12--L,DANCE COMPANY 12 Linear,False
1155,11,MDNTP12---,DANCE TECHNIQUE AND PERFORMANCE 12,False
1155,11,MENFP12---,ENGLISH FIRST PEOPLES 12,False
1155,11,MINST12---,CONTEMPORARY INDIGENOUS STUDIES 12,False
1155,11,MPREC12---,PRE-CALCULUS 12,True
1155,11,MSJ--12---,SOCIAL JUSTICE 12,False
1155,11,MSP--12---,SPANISH 12,False
1155,11,YLAW-2CX--,CRIMINOLOGY 12,False
1155,11,YPSYC1AX--,PSYCHOLOGY 11,False
1156,11,MBSP-11---,INTRODUCTORY SPANISH 11,True
1156,11,MCLC-12--L,CAREER LIFE CONNECTIONS Linear,False
1156,11,MCMCL12---,COMPARATIVE CULTURES 12,False
1156,11,MDCF-12---,DANCE FOUNDATIONS 12,False
1156,11,MDNC-12--L,DANCE 12: CHOREOGRAPHY Linear,False
1156,11,MDNCM12--L,DANCE COMPANY 12 Linear,False
1156,11,MENST12---,ENGLISH STUDIES 12,False
1156,11,MFOOD12---,FOOD STUDIES 12,False
1156,11,MLST-12---,LAW STUDIES 12,False
1156,11,MSJ--12---,SOCIAL JUSTICE 12,False
1156,11,MTAUT12---,AUTOMOTIVE TECHNOLOGY 12,True
1156,11,MTXT-12---,TEXTILES 12,False
1156,11,YPA--2CX--,YOGA FOR MINDFULNESS 12,False
1157,11,AELC-12---,AP ENGLISH LITERATURE & COMPOSITION 12,False
1157,11,MCALC12---,CALCULUS 12,False
1157,11,MCH--12---,CHEMISTRY 12,False
1157,11,MCLC-12--L,CAREER LIFE CONNECTIONS Linear,False
1157,11,MFOOD12---,FOOD STUDIES 12,True
1157,11,MLTST12---,LITERARY STUDIES 12,False
1157,11,MPH--12---,PHYSICS 12,False
1157,11,MPREC12---,PRE-CALCULUS 12,False
1157,11,MTAUT12---,AUTOMOTIVE TECHNOLOGY 12,False
1157,11,MTXT-12---,TEXTILES 12,True
1157,11,YCPA-2AX-L,COMMUNITY LEADERSHIP 12 Linear,False
1157,11,YED--2DX-L,PEER TUTORING 12 LINEAR,False
1157,11,YED--2FX-L,SCHOLARSHIP PREPARATION 12 LINEAR,False
1158,11,AELC-12---,AP ENGLISH LITERATURE & COMPOSITION 12,False
1158,11,MCLC-12--L,CAREER LIFE CONNECTIONS Linear,False
1158,11,MFOOD12---,FOOD STUDIES 12,True
1158,11,MIMCB12--L,INSTRUMENTAL MUSIC 12: CONCERT BAND LINEAR,False
1158,11,MIMJB12--L,INSTRUMENTAL MUSIC 12: JAZZ BAND LINEAR,False
1158,11,MLTST12---,LITERARY STUDIES 12,False
1158,11,MMEDD12---,MEDIA DESIGN 12,False
1158,11,MPGEO12---,PHYSICAL GEOGRAPHY 12,False
1158,11,MSJ--12---,SOCIAL JUSTICE 12,False
1158,11,MTDRF12---,DRAFTING 12,True
1158,11,MVAST12---,ART STUDIO 12,False
1158,11,YED--2FX-L,SCHOLARSHIP PREPARATION 12 LINEAR,False
1158,11,YLRA-2AX-L,ATHLETIC LEADERSHIP 12 Linear,False
1159,11,MDMD-12D--,3D ANIMATION 12,False
1159,11,MDRM-12---,DRAMA 12,False
1159,11,MENFP12---,ENGLISH FIRST PEOPLES 12,False
1159,11,MFOOD12---,FOOD STUDIES 12,False
1159,11,MTROB12---,ROBOTICS 12,False
1159,11,MWPM-11---,WORKPLACE MATHEMATICS 11,False
1160,11,MATPH12---,ANATOMY AND PHYSIOLOGY 12,False
1160,11,MCH--12---,CHEMISTRY 12,False
1160,11,MCLC-12--L,CAREER LIFE CONNECTIONS Linear,False
1160,11,MENFP12---,ENGLISH FIRST PEOPLES 12,False
1160,11,MEVSC11---,ENVIRONMENTAL SCIENCE 11,True
1160,11,MPH--11---,PHYSICS 11,False
1160,11,MPREC12---,PRE-CALCULUS 12,False
1160,11,MTAUT12---,AUTOMOTIVE TECHNOLOGY 12,False
1160,11,MWWK-12---,WOODWORK 12,False
1160,11,YED--2CX--,LEARNING STRATEGIES 12,True
1161,11,MACLV12---,ACTIVE LIVING 12,False
1161,11,MCLC-12--L,CAREER LIFE CONNECTIONS Linear,False
1161,11,MCLE-10---,CAREER LIFE EDUCATION 10,False
1161,11,MCMPS11---,COMPOSITION 11,False
1161,11,MEC--12---,ECONOMICS 12,True
1161,11,MENFP12---,ENGLISH FIRST PEOPLES 12,False
1161,11,MEPSS11---,EXPLORATIONS IN SOCIAL STUDIES 11,False
1161,11,MFOM-11---,FOUNDATIONS OF MATHEMATICS 11,False
1161,11,MLFSC11---,LIFE SCIENCES 11,False
1161,11,MSP--12---,SPANISH 12,False
1161,11,YLAW-2CX--,CRIMINOLOGY 12,True
1162,11,MACLV12---,ACTIVE LIVING 12,False
1162,11,MCLC-12--L,CAREER LIFE CONNECTIONS Linear,False
1162,11,MCMCL12---,COMPARATIVE CULTURES 12,False
1162,11,MECOM12---,E-COMMERCE 12,False
1162,11,MENST12---,ENGLISH STUDIES 12,False
1162,11,MENT-12---,ENTREPRENEURSHIP 12,False
1162,11,MPREC12---,PRE-CALCULUS 12,False
1162,11,MWH--12---,20th CENTURY WORLD HISTORY 12,False
1162,11,PBB--2H,CAMOSUN COL BUSINESS 12H,False
1163,11,MATPH12---,ANATOMY AND PHYSIOLOGY 12,False
1163,11,MCALC12---,CALCULUS 12,False
1163,11,MCH--12---,CHEMISTRY 12,False
1163,11,MCLC-12--L,CAREER LIFE CONNECTIONS Linear,False
1163,11,MENST12---,ENGLISH STUDIES 12,False
1163,11,MPREC12---,PRE-CALCULUS 12,False
1164,11,MCALC12---,CALCULUS 12,False
1164,11,MCH--12---,CHEMISTRY 12,False
1164,11,MCLC-12--L,CAREER LIFE CONNECTIONS Linear,False
1164,11,MEC--12---,ECONOMICS 12,False
1164,11,MENR-12---,ENGINEERING 12,False
1164,11,MENST12C--,ENGLISH STUDIES 12 CHALLENGE,False
1164,11,MMUOR12S-L,INSTRUMENTAL MUSIC: ORCHESTRA 12 Strings Linear,False
1164,11,MPH--12---,PHYSICS 12,False
1164,11,MPREC12---,PRE-CALCULUS 12,False
1164,11,MTAUT12---,AUTOMOTIVE TECHNOLOGY 12,False
1164,11,MTDRF12---,DRAFTING 12,True
1164,11,MTEAD12---,ENGINE AND DRIVETRAIN 12,True
1165,11,MCLC-12---,CAREER LIFE CONNECTIONS,False
1165,11,MENFP12---,ENGLISH FIRST PEOPLES 12,False
1165,11,MFOOD12---,FOOD STUDIES 12,False
1165,11,MSJ--12---,SOCIAL JUSTICE 12,False
1166,11,ACAL-12---,AP CALCULUS AB 12 external credential,False
1166,11,APHM-12---,AP PHYSICS C (MECHANICS) 12 external credential,False
1166,11,MCH--12---,CHEMISTRY 12,False
1166,11,MCLC-12--L,CAREER LIFE CONNECTIONS Linear,False
1166,11,MENST12---,ENGLISH STUDIES 12,False
1166,11,MMACS11---,COMPUTER SCIENCE 11,False
1166,11,MODED12---,OUTDOOR EDUCATION 12,False
1166,11,MTAUT12---,AUTOMOTIVE TECHNOLOGY 12,False
1166,11,MTDRF12---,DRAFTING 12,False
1166,11,MTEAD12---,ENGINE AND DRIVETRAIN 12,True
1166,11,MTROB12---,ROBOTICS 12,True
1166,11,YED--2FX-L,SCHOLARSHIP PREPARATION 12 LINEAR,False
1167,11,MACLV12---,ACTIVE LIVING 12,False
1167,11,MCLC-12--L,CAREER LIFE CONNECTIONS Linear,False
1167,11,MCMCL12---,COMPARATIVE CULTURES 12,True
1167,11,MENST12---,ENGLISH STUDIES 12,False
1167,11,MFOOD12---,FOOD STUDIES 12,False
1167,11,MWEX-2A--L,WORK EXPERIENCE 12A LINEAR,False
1167,11,MWEX-2B--L,WORK EXPERIENCE 12B LINEAR,False
1167,11,YED--2CX--,LEARNING STRATEGIES 12,False
1167,11,YLAW-2CX--,CRIMINOLOGY 12,False
1167,11,YPSYC1AX--,PSYCHOLOGY 11,False
1168,11,MCALC12---,CALCULUS 12,False
1168,11,MCH--12---,CHEMISTRY 12,False
1168,11,MCLC-12--L,CAREER LIFE CONNECTIONS Linear,False
1168,11,MENST12---,ENGLISH STUDIES 12,False
1168,11,MFOOD12---,FOOD STUDIES 12,False
1168,11,MPH--12---,PHYSICS 12,False
1168,11,MPREC12---,PRE-CALCULUS 12,False
1169,11,APHM-12---,AP PHYSICS C (MECHANICS) 12 external credential,False
1169,11,MACC-12---,ACCOUNTING 12,False
1169,11,MACLV12---,ACTIVE LIVING 12,True
1169,11,MCH--12---,CHEMISTRY 12,False
1169,11,MCLC-12--L,CAREER LIFE CONNECTIONS Linear,False
1169,11,MCMPR11AI-,COMPUTER PROGRAMMING 11 AI and Games,True
1169,11,MDMD-12D--,3D ANIMATION 12,False
1169,11,MENFP12---,ENGLISH FIRST PEOPLES 12,False
1169,11,MENR-12---,ENGINEERING 12,True
1169,11,MFOOD12---,FOOD STUDIES 12,True
1169,11,MMACS12---,COMPUTER SCIENCE 12,False
1169,11,YED--2DX-L,PEER TUTORING 12 LINEAR,False
1170,11,MCH--12---,CHEMISTRY 12,False
1170,11,MCLC-12--L,CAREER LIFE CONNECTIONS Linear,False
1170,11,MCMPR11AI-,COMPUTER PROGRAMMING 11 AI and Games,True
1170,11,MENR-12---,ENGINEERING 12,False
1170,11,MENST12---,ENGLISH STUDIES 12,False
1170,11,MTDRF12---,DRAFTING 12,False
1170,11,MTROB12---,ROBOTICS 12,False
1170,11,YLAW-2CX--,CRIMINOLOGY 12,False
1171,11,MCH--11---,CHEMISTRY 11,False
1171,11,MCLC-12--L,CAREER LIFE CONNECTIONS Linear,False
1171,11,MCMCC12--L,CHORAL MUSIC 12: CONCERT CHOIR Linear,False
1171,11,MCMPS11---,COMPOSITION 11,False
1171,11,MDRM-12---,DRAMA 12,False
1171,11,MENST12---,ENGLISH STUDIES 12,False
1171,11,MINST12---,CONTEMPORARY INDIGENOUS STUDIES 12,False
1171,11,MLFSC11---,LIFE SCIENCES 11,False
1171,11,MPREC11---,PRE-CALCULUS 11,False
1171,11,YED--2CX--,LEARNING STRATEGIES 12,False
1172,11,AELC-12---,AP ENGLISH LITERATURE & COMPOSITION 12,False
1172,11,MCALC12---,CALCULUS 12,False
1172,11,MCH--12---,CHEMISTRY 12,False
1172,11,MCLC-12--L,CAREER LIFE CONNECTIONS Linear,False
1172,11,MDRM-12---,DRAMA 12,True
1172,11,MEVSC12C--,ENVIRONMENTAL SCIENCE 12 - CLIMATE CHANGE,False
1172,11,MLTST12---,LITERARY STUDIES 12,False
1172,11,MMEDD12---,MEDIA DESIGN 12,True
1172,11,MPH--11---,PHYSICS 11,False
1172,11,MPH--12---,PHYSICS 12,True
1172,11,MPREC12---,PRE-CALCULUS 12,False
1172,11,MTXT-12---,TEXTILES 12,False
1173,11,MAC--11---,ACCOUNTING 11,False
1173,11,MACLV12---,ACTIVE LIVING 12,False
1173,11,MCALC12---,CALCULUS 12,False
1173,11,MCH--12---,CHEMISTRY 12,False
1173,11,MCLC-12--L,CAREER LIFE CONNECTIONS Linear,False
1173,11,MENFP12---,ENGLISH FIRST PEOPLES 12,False
1173,11,MLST-12---,LAW STUDIES 12,True
1173,11,MMAP-11---,MARKETING AND PROMOTION 11,True
1173,11,MPH--12---,PHYSICS 12,False
1173,11,MPREC12---,PRE-CALCULUS 12,False
1173,11,MTAUT12---,AUTOMOTIVE TECHNOLOGY 12,False
1173,11,YED--2FX-L,SCHOLARSHIP PREPARATION 12 LINEAR,False
1174,11,MCALC12---,CALCULUS 12,False
1174,11,MCMCL12---,COMPARATIVE CULTURES 12,True
1174,11,MENR-12---,ENGINEERING 12,False
1174,11,MENST12---,ENGLISH STUDIES 12,False
1174,11,MPH--11---,PHYSICS 11,False
1174,11,MPH--12---,PHYSICS 12,False
1174,11,MPREC12---,PRE-CALCULUS 12,False
1174,11,MSJ--12---,SOCIAL JUSTICE 12,False
1174,11,MWH--12---,20th CENTURY WORLD HISTORY 12,False
1175,11,MATPH12---,ANATOMY AND PHYSIOLOGY 12,True
1175,11,MENST12---,ENGLISH STUDIES 12,False
1175,11,MVAPH11---,PHOTOGRAPHY 11,False
1175,11,MVAST12---,ART STUDIO 12,False
1175,11,MWH--12---,20th CENTURY WORLD HISTORY 12,False
1176,11,MATPH12---,ANATOMY AND PHYSIOLOGY 12,False
1176,11,MCALC12---,CALCULUS 12,False
1176,11,MCH--12---,CHEMISTRY 12,False
1176,11,MCLC-12--L,CAREER LIFE CONNECTIONS Linear,False
1176,11,MENFP12---,ENGLISH FIRST PEOPLES 12,False
1176,11,MLST-12---,LAW STUDIES 12,False
1176,11,MPH--12---,PHYSICS 12,False
1176,11,MPREC12---,PRE-CALCULUS 12,False
1176,11,YCPA-2AX-L,COMMUNITY LEADERSHIP 12 Linear,False
1177,11,MCH--12---,CHEMISTRY 12,False
1177,11,MCLC-12--L,CAREER LIFE CONNECTIONS Linear,False
1177,11,MCMCL12---,COMPARATIVE CULTURES 12,False
1177,11,MEC--12---,ECONOMICS 12,False
1177,11,MENST12---,ENGLISH STUDIES 12,False
1177,11,MLST-12---,LAW STUDIES 12,False
1177,11,MPREC12---,PRE-CALCULUS 12,False
1177,11,MSJ--12---,SOCIAL JUSTICE 12,False
1177,11,MWH--12---,20th CENTURY WORLD HISTORY 12,True
1177,11,YCPA-2AX-L,COMMUNITY LEADERSHIP 12 Linear,False
1178,11,MATPH12---,ANATOMY AND PHYSIOLOGY 12,False
1178,11,MCALC12---,CALCULUS 12,False
1178,11,MCH--12---,CHEMISTRY 12,False
1178,11,MCLC-12--L,CAREER LIFE CONNECTIONS Linear,False
1178,11,MENST12---,ENGLISH STUDIES 12,False
1178,11,MPH--12---,PHYSICS 12,False
1178,11,MPREC12---,PRE-CALCULUS 12,False
1178,11,MTXT-12---,TEXTILES 12,False
1179,11,MACLV12G--,ACTIVE LIVING 12 Girls,True
1179,11,MCLC-12--L,CAREER LIFE CONNECTIONS Linear,False
1179,11,MCMCL12---,COMPARATIVE CULTURES 12,False
1179,11,MDNCM12--L,DANCE COMPANY 12 Linear,False
1179,11,MDNTP12---,DANCE TECHNIQUE AND PERFORMANCE 12,False
1179,11,MEC--12---,ECONOMICS 12,False
1179,11,MENFP12---,ENGLISH FIRST PEOPLES 12,False
1179,11,MFOM-11---,FOUNDATIONS OF MATHEMATICS 11,False
1179,11,MFOOD12---,FOOD STUDIES 12,False
1179,11,MTXT-12---,TEXTILES 12,True
1179,11,YCPA-2AX-L,COMMUNITY LEADERSHIP 12 Linear,False
1179,11,YPSYC1AX--,PSYCHOLOGY 11,False
1180,11,MCH--12---,CHEMISTRY 12,True
1180,11,MENST12---,ENGLISH STUDIES 12,False
1180,11,MENT-12---,ENTREPRENEURSHIP 12,True
1180,11,MPH--12---,PHYSICS 12,False
1180,11,MPREC12---,PRE-CALCULUS 12,False
1180,11,MSP--12---,SPANISH 12,False
1181,11,MCLC-12--L,CAREER LIFE CONNECTIONS Linear,False
1181,11,MDRM-12---,DRAMA 12,False
1181,11,MENST12---,ENGLISH STUDIES 12,False
1181,11,MEVSC11---,ENVIRONMENTAL SCIENCE 11,False
1181,11,MFOM-11---,FOUNDATIONS OF MATHEMATICS 11,False
1181,11,MINST12---,CONTEMPORARY INDIGENOUS STUDIES 12,False
1181,11,MVAST12---,ART STUDIO 12,False
1181,11,MWH--12---,20th CENTURY WORLD HISTORY 12,False
1181,11,YPSYC1AX--,PSYCHOLOGY 11,False
1182,11,MCALC12---,CALCULUS 12,False
1182,11,MCH--12---,CHEMISTRY 12,False
1182,11,MCLC-12--L,CAREER LIFE CONNECTIONS Linear,False
1182,11,MDRM-12---,DRAMA 12,True
1182,11,MENR-12---,ENGINEERING 12,True
1182,11,MENST12---,ENGLISH STUDIES 12,False
1182,11,MFOOD12---,FOOD STUDIES 12,True
1182,11,MIMCB12--L,INSTRUMENTAL MUSIC 12: CONCERT BAND LINEAR,False
1182,11,MPH--11---,PHYSICS 11,False
1182,11,MPREC12---,PRE-CALCULUS 12,False
1182,11,MTAUT12---,AUTOMOTIVE TECHNOLOGY 12,True
1183,11,MCALC12---,CALCULUS 12,False
1183,11,MCH--12---,CHEMISTRY 12,False
1183,11,MCLC-12--L,CAREER LIFE CONNECTIONS Linear,False
1183,11,MCMCC12--L,CHORAL MUSIC 12: CONCERT CHOIR Linear,False
1183,11,MDNC-12--L,DANCE 12: CHOREOGRAPHY Linear,False
1183,11,MDNCM12--L,DANCE COMPANY 12 Linear,False
1183,11,MDNCN12---,DANCE CONDITIONING 12,False
1183,11,MENST12---,ENGLISH STUDIES 12,False
1183,11,MPREC12---,PRE-CALCULUS 12,False
1183,11,YPA--2CX--,YOGA FOR MINDFULNESS 12,False
1183,11,YPSYC1AX--,PSYCHOLOGY 11,True
1184,11,MCLC-12--L,CAREER LIFE CONNECTIONS Linear,False
1184,11,MENST12---,ENGLISH STUDIES 12,False
1184,11,MEPSS11---,EXPLORATIONS IN SOCIAL STUDIES 11,False
1184,11,MEVSC11---,ENVIRONMENTAL SCIENCE 11,False
1184,11,MTAUT12---,AUTOMOTIVE TECHNOLOGY 12,False
1184,11,YHRA-2AX--,CROSS TRAINING 12,False
1185,11,MCMPS11---,COMPOSITION 11,False
1185,11,MDCF-11---,DANCE FOUNDATIONS 11,False
1185,11,MFOOD11---,FOOD STUDIES 11,False
1185,11,MPREC11---,PRE-CALCULUS 11,False
1185,11,MTXT-11---,TEXTILES 11,True
1185,11,MVAST11---,ART STUDIO 11,True
1186,11,MCLC-12--L,CAREER LIFE CONNECTIONS Linear,False
1186,11,MDRM-12---,DRAMA 12,False
1186,11,MENFP12---,ENGLISH FIRST PEOPLES 12,False
1186,11,MEVSC12C--,ENVIRONMENTAL SCIENCE 12 - CLIMATE CHANGE,False
1186,11,MFOOD12---,FOOD STUDIES 12,False
1186,11,MPH--11---,PHYSICS 11,False
1186,11,MPREC12---,PRE-CALCULUS 12,False
1186,11,MTDRF12---,DRAFTING 12,False
1186,11,MWH--12---,20th CENTURY WORLD HISTORY 12,False
1186,11,MWWK-12---,WOODWORK 12,True
1187,11,MCLC-12---,CAREER LIFE CONNECTIONS,False
1187,11,MENFP12---,ENGLISH FIRST PEOPLES 12,False
1187,11,MEPSS11---,EXPLORATIONS IN SOCIAL STUDIES 11,False
1187,11,MFOOD12---,FOOD STUDIES 12,False
1187,11,MIMG-12---,INSTRUMENTAL MUSIC 12: GUITAR,False
1188,11,MCALC12---,CALCULUS 12,False
1188,11,MCH--12---,CHEMISTRY 12,False
1188,11,MCLC-12--L,CAREER LIFE CONNECTIONS Linear,False
1188,11,MENFP12---,ENGLISH FIRST PEOPLES 12,False
1188,11,MLST-12---,LAW STUDIES 12,False
1188,11,MPH--12---,PHYSICS 12,False
1188,11,MPREC12---,PRE-CALCULUS 12,False
1189,11,MCH--12---,CHEMISTRY 12,False
1189,11,MCLC-12--L,CAREER LIFE CONNECTIONS Linear,False
1189,11,MENST12---,ENGLISH STUDIES 12,False
1189,11,MLST-12---,LAW STUDIES 12,False
1189,11,MPREC12---,PRE-CALCULUS 12,False
1189,11,MTAUT12---,AUTOMOTIVE TECHNOLOGY 12,False
1189,11,MTEAD12---,ENGINE AND DRIVETRAIN 12,False
1189,11,MWEX-2A--L,WORK EXPERIENCE 12A LINEAR,False
1189,11,MWH--12---,20th CENTURY WORLD HISTORY 12,False
1189,11,YED--2FX-L,SCHOLARSHIP PREPARATION 12 LINEAR,False
1189,11,YPSYC1AX--,PSYCHOLOGY 11,False
1190,11,MACLV12---,ACTIVE LIVING 12,False
1190,11,MATPH12---,ANATOMY AND PHYSIOLOGY 12,False
1190,11,MCLC-12--L,CAREER LIFE CONNECTIONS Linear,False
1190,11,MCMCL12---,COMPARATIVE CULTURES 12,True
1190,11,MENST12---,ENGLISH STUDIES 12,False
1190,11,MEVSC12C--,ENVIRONMENTAL SCIENCE 12 - CLIMATE CHANGE,False
1190,11,MFOOD12---,FOOD STUDIES 12,False
1190,11,MPREC12---,PRE-CALCULUS 12,False
1190,11,MWH--12---,20th CENTURY WORLD HISTORY 12,False
1190,11,YLAW-2CX--,CRIMINOLOGY 12,False
1191,11,MCLC-12--L,CAREER LIFE CONNECTIONS Linear,False
1191,11,MCLE-10---,CAREER LIFE EDUCATION 10,False
1191,11,MENFP12---,ENGLISH FIRST PEOPLES 12,False
1191,11,MEVSC11---,ENVIRONMENTAL SCIENCE 11,False
1191,11,MIMCB12--L,INSTRUMENTAL MUSIC 12: CONCERT BAND LINEAR,False
1191,11,MIMJB12--L,INSTRUMENTAL MUSIC 12: JAZZ BAND LINEAR,False
1191,11,MLST-12---,LAW STUDIES 12,False
1191,11,MTAUT12---,AUTOMOTIVE TECHNOLOGY 12,False
1191,11,MVAPH11---,PHOTOGRAPHY 11,False
1192,11,MBSP-11---,INTRODUCTORY SPANISH 11,False
1192,11,MCLC-12--L,CAREER LIFE CONNECTIONS Linear,False
1192,11,MDRM-12---,DRAMA 12,False
1192,11,MENST12---,ENGLISH STUDIES 12,False
1192,11,MFOOD12---,FOOD STUDIES 12,False
1192,11,MVAST12---,ART STUDIO 12,False
1192,11,YPSYC1AX--,PSYCHOLOGY 11,False
1193,11,MATPH12---,ANATOMY AND PHYSIOLOGY 12,False
1193,11,MCALC12---,CALCULUS 12,False
1193,11,MCH--12---,CHEMISTRY 12,False
1193,11,MCLC-12--L,CAREER LIFE CONNECTIONS Linear,False
1193,11,MENST12---,ENGLISH STUDIES 12,False
1193,11,MFOOD12---,FOOD STUDIES 12,False
1193,11,MODED12---,OUTDOOR EDUCATION 12,True
1193,11,MPH--11---,PHYSICS 11,False
1193,11,MPREC12---,PRE-CALCULUS 12,False
1193,11,MSJ--12---,SOCIAL JUSTICE 12,False
1193,11,YED--2FX-L,SCHOLARSHIP PREPARATION 12 LINEAR,False
1193,11,YLAW-2CX--,CRIMINOLOGY 12,True
1193,11,YLRA-2AX-L,ATHLETIC LEADERSHIP 12 Linear,False
1194,11,MATPH12---,ANATOMY AND PHYSIOLOGY 12,False
1194,11,MENR-12---,ENGINEERING 12,False
1194,11,MENST12---,ENGLISH STUDIES 12,False
1194,11,MMACS11---,COMPUTER SCIENCE 11,True
1194,11,MPREC12---,PRE-CALCULUS 12,False
1195,11,MCLC-12--L,CAREER LIFE CONNECTIONS Linear,False
1195,11,MCMCL12---,COMPARATIVE CULTURES 12,False
1195,11,MDNCN12---,DANCE CONDITIONING 12,False
1195,11,MEC--12---,ECONOMICS 12,True
1195,11,MENFP12--Y,ENGLISH FIRST PEOPLES 12 Year,False
1195,11,MPGEO12---,PHYSICAL GEOGRAPHY 12,True
1195,11,MPREC12---,PRE-CALCULUS 12,False
1195,11,MSJ--12---,SOCIAL JUSTICE 12,False
1195,11,MWH--12---,20th CENTURY WORLD HISTORY 12,False
1195,11,YESFL1CX--,ELL Academic Literacy 11,False
1195,11,YLAW-2CX--,CRIMINOLOGY 12,False
1196,11,MCLC-12--L,CAREER LIFE CONNECTIONS Linear,False
1196,11,MCMPR12AI-,COMPUTER PROGRAMMING 12 AI and Games,False
1196,11,MENFP12--Y,ENGLISH FIRST PEOPLES 12 Year,False
1196,11,MENR-12---,ENGINEERING 12,False
1196,11,MLST-12---,LAW STUDIES 12,False
1196,11,MMEDD12---,MEDIA DESIGN 12,False
1196,11,MPH--12---,PHYSICS 12,False
1196,11,MPREC12---,PRE-CALCULUS 12,False
1196,11,YCPA-2AX-L,COMMUNITY LEADERSHIP 12 Linear,False
1196,11,YED--2FX-L,SCHOLARSHIP PREPARATION 12 LINEAR,False
1196,11,YESFL1CX--,ELL Academic Literacy 11,False
1197,11,MATPH12---,ANATOMY AND PHYSIOLOGY 12,False
1197,11,MCALC12---,CALCULUS 12,False
1197,11,MCH--12---,CHEMISTRY 12,False
1197,11,MCLC-12--L,CAREER LIFE CONNECTIONS Linear,False
1197,11,MDNC-12--L,DANCE 12: CHOREOGRAPHY Linear,False
1197,11,MDNCM12--L,DANCE COMPANY 12 Linear,False
1197,11,MDNTP12---,DANCE TECHNIQUE AND PERFORMANCE 12,False
1197,11,MENFP12---,ENGLISH FIRST PEOPLES 12,False
1197,11,MFOOD12---,FOOD STUDIES 12,False
1197,11,MPH--12---,PHYSICS 12,False
1197,11,MPREC12---,PRE-CALCULUS 12,False
1197,11,MTXT-12---,TEXTILES 12,True
1197,11,YPA--2CX--,YOGA FOR MINDFULNESS 12,True
1198,11,MATPH12---,ANATOMY AND PHYSIOLOGY 12,False
1198,11,MCLC-12--L,CAREER LIFE CONNECTIONS Linear,False
1198,11,MDNC-12--L,DANCE 12: CHOREOGRAPHY Linear,False
1198,11,MDNCM12--L,DANCE COMPANY 12 Linear,False
1198,11,MDNCN12---,DANCE CONDITIONING 12,False
1198,11,MENST12---,ENGLISH STUDIES 12,False
1198,11,MEVSC12C--,ENVIRONMENTAL SCIENCE 12 - CLIMATE CHANGE,False
1198,11,MSJ--12---,SOCIAL JUSTICE 12,False
1198,11,YPA--2CX--,YOGA FOR MINDFULNESS 12,False
1199,11,MACLV12---,ACTIVE LIVING 12,True
1199,11,MCH--12---,CHEMISTRY 12,False
1199,11,MCLC-12--L,CAREER LIFE CONNECTIONS Linear,False
1199,11,MEC--12---,ECONOMICS 12,False
1199,11,MECOM12---,E-COMMERCE 12,False
1199,11,MENFP12---,ENGLISH FIRST PEOPLES 12,False
1199,11,MINST12---,CONTEMPORARY INDIGENOUS STUDIES 12,True
1199,11,MPREC12---,PRE-CALCULUS 12,False
1199,11,MTAUT12---,AUTOMOTIVE TECHNOLOGY 12,False
1199,11,PBB--2H,CAMOSUN COL BUSINESS 12H,False
1199,11,YLAW-2CX--,CRIMINOLOGY 12,False
1200,11,ASTA-12---,AP STATISTICS 12,False
1200,11,MACC-12---,ACCOUNTING 12,False
1200,11,MBSP-11---,INTRODUCTORY SPANISH 11,False
1200,11,MCH--12---,CHEMISTRY 12,False
1200,11,MCLC-12--L,CAREER LIFE CONNECTIONS Linear,False
1200,11,MENST12---,ENGLISH STUDIES 12,False
1200,11,MPH--12---,PHYSICS 12,False
1200,11,MVAPH12---,PHOTOGRAPHY 12,True
1200,11,YED--2FX-L,SCHOLARSHIP PREPARATION 12 LINEAR,False
1201,11,MACC-12---,ACCOUNTING 12,True
1201,11,MACLV12---,ACTIVE LIVING 12,False
1201,11,MATPH12---,ANATOMY AND PHYSIOLOGY 12,False
1201,11,MCH--11---,CHEMISTRY 11,False
1201,11,MCLC-12--L,CAREER LIFE CONNECTIONS Linear,False
1201,11,MEC--12---,ECONOMICS 12,True
1201,11,MENFP12---,ENGLISH FIRST PEOPLES 12,False
1201,11,MPH--12---,PHYSICS 12,False
1201,11,MPREC12---,PRE-CALCULUS 12,False
1202,11,MATPH12---,ANATOMY AND PHYSIOLOGY 12,False
1202,11,MBSP-11---,INTRODUCTORY SPANISH 11,False
1202,11,MCH--11---,CHEMISTRY 11,False
1202,11,MCH--12---,CHEMISTRY 12,False
1202,11,MCLC-12--L,CAREER LIFE CONNECTIONS Linear,False
1202,11,MENST12---,ENGLISH STUDIES 12,False
1202,11,MPREC12---,PRE-CALCULUS 12,False
1202,11,MSP--11---,SPANISH 11,False
1202,11,MSP--12---,SPANISH 12,True
1202,11,MTXT-12---,TEXTILES 12,False
1202,11,MVAST12---,ART STUDIO 12,True
1203,11,MCLC-12--L,CAREER LIFE CONNECTIONS Linear,False
1203,11,MCMCL12---,COMPARATIVE CULTURES 12,False
1203,11,MDMD-12D--,3D ANIMATION 12,True
1203,11,MDRM-12---,DRAMA 12,False
1203,11,MENST12---,ENGLISH STUDIES 12,False
1203,11,MFOM-11---,FOUNDATIONS OF MATHEMATICS 11,False
1203,11,MFOOD12---,FOOD STUDIES 12,True
1203,11,MLST-12---,LAW STUDIES 12,False
1203,11,MTXT-12---,TEXTILES 12,False
1203,11,MWH--12---,20th CENTURY WORLD HISTORY 12,False
1203,11,MWPM-11---,WORKPLACE MATHEMATICS 11,False
1204,11,MATPH12---,ANATOMY AND PHYSIOLOGY 12,False
1204,11,MCH--12---,CHEMISTRY 12,False
1204,11,MCLC-12--L,CAREER LIFE CONNECTIONS Linear,False
1204,11,MDRM-12---,DRAMA 12,True
1204,11,MENFP12---,ENGLISH FIRST PEOPLES 12,False
1204,11,MFOOD12---,FOOD STUDIES 12,False
1204,11,MIMCB12--L,INSTRUMENTAL MUSIC 12: CONCERT BAND LINEAR,False
1204,11,MIMJB12--L,INSTRUMENTAL MUSIC 12: JAZZ BAND LINEAR,False
1204,11,MODED12---,OUTDOOR EDUCATION 12,False
1204,11,MPREC12---,PRE-CALCULUS 12,False
1204,11,MTDRF12---,DRAFTING 12,True
1204,11,YCPA-2AX-L,COMMUNITY LEADERSHIP 12 Linear,False
1204,11,YED--2FX-L,SCHOLARSHIP PREPARATION 12 LINEAR,False
1205,11,MCALC12---,CALCULUS 12,False
1205,11,MCLC-12--L,CAREER LIFE CONNECTIONS Linear,False
1205,11,MCMPR11AI-,COMPUTER PROGRAMMING 11 AI and Games,False
1205,11,MENFP12---,ENGLISH FIRST PEOPLES 12,False
1205,11,MENR-12---,ENGINEERING 12,False
1205,11,MGRPR12--L,GRAPHIC PRODUCTION 12 LINEAR,False
1205,11,MMACS12---,COMPUTER SCIENCE 12,False
1205,11,MPH--12---,PHYSICS 12,False
1205,11,MPREC12---,PRE-CALCULUS 12,False
1205,11,MTDRF12---,DRAFTING 12,False
1205,11,MTROB12--L,ROBOTICS 12 LINEAR,False
1205,11,MVAST12---,ART STUDIO 12,True
1206,11,ACSC-2A---,AP COMPUTER SCIENCE A 12,False
1206,11,APHM-12---,AP PHYSICS C (MECHANICS) 12 external credential,False
1206,11,MATPH12---,ANATOMY AND PHYSIOLOGY 12,False
1206,11,MCALC12---,CALCULUS 12,False
1206,11,MCH--12---,CHEMISTRY 12,False
1206,11,MCLC-12--L,CAREER LIFE CONNECTIONS Linear,False
1206,11,MCMPR12AI-,COMPUTER PROGRAMMING 12 AI and Games,True
1206,11,MEC--12---,ECONOMICS 12,False
1206,11,MENST12C--,ENGLISH STUDIES 12 CHALLENGE,False
1206,11,MPREC12H--,PRE-CALCULUS 12 HONOURS,False
1206,11,YED--2FX-L,SCHOLARSHIP PREPARATION 12 LINEAR,False
1206,11,YPSYC1AX--,PSYCHOLOGY 11,True
1207,11,MCLC-12--L,CAREER LIFE CONNECTIONS Linear,False
1207,11,MCMCL12---,COMPARATIVE CULTURES 12,False
1207,11,MDNTP12---,DANCE TECHNIQUE AND PERFORMANCE 12,False
1207,11,MENST12---,ENGLISH STUDIES 12,False
1207,11,MFR--12---,FRENCH 12,False
1207,11,MLST-12---,LAW STUDIES 12,False
1207,11,MPREC12H--,PRE-CALCULUS 12 HONOURS,False
1207,11,MSP--12---,SPANISH 12,False
1207,11,YLAW-2CX--,CRIMINOLOGY 12,False
1208,11,ACAL-12---,AP CALCULUS AB 12 external credential,False
1208,11,APHM-12---,AP PHYSICS C (MECHANICS) 12 external credential,True
1208,11,MCALC12---,CALCULUS 12,True
1208,11,MCH--12---,CHEMISTRY 12,False
1208,11,MCLC-12--L,CAREER LIFE CONNECTIONS Linear,False
1208,11,MEC--12---,ECONOMICS 12,False
1208,11,MENST12C--,ENGLISH STUDIES 12 CHALLENGE,False
1208,11,MLST-12---,LAW STUDIES 12,False
1208,11,MMUOR12S-L,INSTRUMENTAL MUSIC: ORCHESTRA 12 Strings Linear,False
1208,11,MPH--12---,PHYSICS 12,False
1208,11,MPREC12H--,PRE-CALCULUS 12 HONOURS,False
1208,11,MTDRF12---,DRAFTING 12,False
1208,11,MTROB12--L,ROBOTICS 12 LINEAR,False
1208,11,YED--2DX-L,PEER TUTORING 12 LINEAR,False
1209,11,AELC-12---,AP ENGLISH LITERATURE & COMPOSITION 12,False
1209,11,MATPH12---,ANATOMY AND PHYSIOLOGY 12,False
1209,11,MCALC12---,CALCULUS 12,False
1209,11,MCH--12---,CHEMISTRY 12,False
1209,11,MCLC-12--L,CAREER LIFE CONNECTIONS Linear,False
1209,11,MCMCC12--L,CHORAL MUSIC 12: CONCERT CHOIR Linear,False
1209,11,MEC--12---,ECONOMICS 12,True
1209,11,MEVSC12C--,ENVIRONMENTAL SCIENCE 12 - CLIMATE CHANGE,True
1209,11,MIMCB12--L,INSTRUMENTAL MUSIC 12: CONCERT BAND LINEAR,False
1209,11,MIMJB12--L,INSTRUMENTAL MUSIC 12: JAZZ BAND LINEAR,False
1209,11,MLTST12---,LITERARY STUDIES 12,False
1209,11,MPREC12---,PRE-CALCULUS 12,False
1210,11,MACLV12G--,ACTIVE LIVING 12 Girls,False
1210,11,MBSP-11---,INTRODUCTORY SPANISH 11,False
1210,11,MCALC12---,CALCULUS 12,True
1210,11,MCLC-12--L,CAREER LIFE CONNECTIONS Linear,False
1210,11,MDCF-12---,DANCE FOUNDATIONS 12,False
1210,11,MDNC-12--L,DANCE 12: CHOREOGRAPHY Linear,False
1210,11,MDNCM12--L,DANCE COMPANY 12 Linear,False
1210,11,MEC--12---,ECONOMICS 12,True
1210,11,MENFP12---,ENGLISH FIRST PEOPLES 12,False
1210,11,MENT-12---,ENTREPRENEURSHIP 12,False
1210,11,MEVSC12C--,ENVIRONMENTAL SCIENCE 12 - CLIMATE CHANGE,False
1210,11,MPREC12---,PRE-CALCULUS 12,False
1210,11,YCPA-2AX-L,COMMUNITY LEADERSHIP 12 Linear,False
1211,11,MATPH12---,ANATOMY AND PHYSIOLOGY 12,False
1211,11,MCALC12---,CALCULUS 12,False
1211,11,MCH--12---,CHEMISTRY 12,False
1211,11,MCLC-12--L,CAREER LIFE CONNECTIONS Linear,False
1211,11,MENR-12---,ENGINEERING 12,False
1211,11,MENST12C--,ENGLISH STUDIES 12 CHALLENGE,False
1211,11,MLFSC11---,LIFE SCIENCES 11,False
1211,11,MMACS12---,COMPUTER SCIENCE 12,False
1211,11,MPH--12---,PHYSICS 12,False
1211,11,MTDRF12---,DRAFTING 12,True
1212,11,MACLV12---,ACTIVE LIVING 12,False
1212,11,MCLC-12--L,CAREER LIFE CONNECTIONS Linear,False
1212,11,MENFP12---,ENGLISH FIRST PEOPLES 12,False
1212,11,MEVSC12C--,ENVIRONMENTAL SCIENCE 12 - CLIMATE CHANGE,True
1212,11,MFOM-11---,FOUNDATIONS OF MATHEMATICS 11,False
1212,11,MFOOD12---,FOOD STUDIES 12,False
1212,11,MTAUT12---,AUTOMOTIVE TECHNOLOGY 12,False
1212,11,MTDRF12---,DRAFTING 12,True
1212,11,YHRA-2AX--,CROSS TRAINING 12,False
1212,11,YLAW-2CX--,CRIMINOLOGY 12,False
1212,11,YPSYC1AX--,PSYCHOLOGY 11,False
1213,11,MACLV12---,ACTIVE LIVING 12,True
1213,11,MCALC12---,CALCULUS 12,False
1213,11,MCH--11---,CHEMISTRY 11,False
1213,11,MCH--12---,CHEMISTRY 12,False
1213,11,MCLC-12--L,CAREER LIFE CONNECTIONS Linear,False
1213,11,MENFP12---,ENGLISH FIRST PEOPLES 12,False
1213,11,MENR-12---,ENGINEERING 12,False
1213,11,MPH--12---,PHYSICS 12,False
1213,11,MTAUT12---,AUTOMOTIVE TECHNOLOGY 12,False
1213,11,MTDRF12---,DRAFTING 12,True
1213,11,MTEAD12---,ENGINE AND DRIVETRAIN 12,False
1213,11,MTROB12--L,ROBOTICS 12 LINEAR,False
1214,11,AELC-12---,AP ENGLISH LITERATURE & COMPOSITION 12,False
1214,11,MATPH12---,ANATOMY AND PHYSIOLOGY 12,False
1214,11,MCALC12---,CALCULUS 12,False
1214,11,MCH--12---,CHEMISTRY 12,False
1214,11,MCLC-12--L,CAREER LIFE CONNECTIONS Linear,False
1214,11,MEC--12---,ECONOMICS 12,True
1214,11,MIMCB12--L,INSTRUMENTAL MUSIC 12: CONCERT BAND LINEAR,False
1214,11,MIMJB12--L,INSTRUMENTAL MUSIC 12: JAZZ BAND LINEAR,False
1214,11,MLST-12---,LAW STUDIES 12,False
1214,11,MLTST12---,LITERARY STUDIES 12,False
1214,11,MPH--12---,PHYSICS 12,True
1214,11,MPREC12---,PRE-CALCULUS 12,False
1214,11,YED--2FX-L,SCHOLARSHIP PREPARATION 12 LINEAR,False
1215,11,MATPH12---,ANATOMY AND PHYSIOLOGY 12,False
1215,11,MCH--12---,CHEMISTRY 12,False
1215,11,MCLC-12--L,CAREER LIFE CONNECTIONS Linear,False
1215,11,MENFP12---,ENGLISH FIRST PEOPLES 12,False
1215,11,MENST12---,ENGLISH STUDIES 12,False
1215,11,MTXT-12---,TEXTILES 12,True
1215,11,YED--2FX-L,SCHOLARSHIP PREPARATION 12 LINEAR,False
1215,11,YPSYC1AX--,PSYCHOLOGY 11,False
1216,11,ACAL-12---,AP CALCULUS AB 12 external credential,False
1216,11,MAC--11---,ACCOUNTING 11,False
1216,11,MCALC12---,CALCULUS 12,True
1216,11,MCH--12---,CHEMISTRY 12,False
1216,11,MCLC-12--L,CAREER LIFE CONNECTIONS Linear,False
1216,11,MENST12---,ENGLISH STUDIES 12,False
1216,11,MLST-12---,LAW STUDIES 12,True
1216,11,MPH--12---,PHYSICS 12,False
1216,11,MPREC12H--,PRE-CALCULUS 12 HONOURS,False
1217,11,APHM-12---,AP PHYSICS C (MECHANICS) 12 external credential,False
1217,11,ASTA-12---,AP STATISTICS 12,False
1217,11,MCALC12---,CALCULUS 12,False
1217,11,MCH--12---,CHEMISTRY 12,False
1217,11,MCLC-12--L,CAREER LIFE CONNECTIONS Linear,False
1217,11,MCMPR12AI-,COMPUTER PROGRAMMING 12 AI and Games,True
1217,11,MENST12---,ENGLISH STUDIES 12,False
1217,11,MFOOD12---,FOOD STUDIES 12,True
1217,11,MLST-12---,LAW STUDIES 12,True
1217,11,MPREC12---,PRE-CALCULUS 12,False
1217,11,MTROB12---,ROBOTICS 12,False
1217,11,MTROB12--L,ROBOTICS 12 LINEAR,False
1217,11,YED--2FX-L,SCHOLARSHIP PREPARATION 12 LINEAR,False
1218,11,MFR--12---,FRENCH 12,False
1218,11,MLFSC11---,LIFE SCIENCES 11,False
1218,11,MODED12---,OUTDOOR EDUCATION 12,False
1218,11,MSJ--12---,SOCIAL JUSTICE 12,True
1218,11,MVAPH11---,PHOTOGRAPHY 11,True
1218,11,YPSYC1AX--,PSYCHOLOGY 11,False
1219,11,AELC-12---,AP ENGLISH LITERATURE & COMPOSITION 12,False
1219,11,MATPH12---,ANATOMY AND PHYSIOLOGY 12,False
1219,11,MCH--12---,CHEMISTRY 12,False
1219,11,MCLC-12--L,CAREER LIFE CONNECTIONS Linear,False
1219,11,MCMCL12---,COMPARATIVE CULTURES 12,False
1219,11,MLTST12---,LITERARY STUDIES 12,False
1219,11,MPH--11---,PHYSICS 11,True
1219,11,MPREC12---,PRE-CALCULUS 12,False
1219,11,MSP--12---,SPANISH 12,False
1219,11,YLAW-2CX--,CRIMINOLOGY 12,True
1219,11,YPSYC1AX--,PSYCHOLOGY 11,False
1220,11,MATPH12---,ANATOMY AND PHYSIOLOGY 12,False
1220,11,MCALC12---,CALCULUS 12,False
1220,11,MCH--12---,CHEMISTRY 12,False
1220,11,MCLC-12--L,CAREER LIFE CONNECTIONS Linear,False
1220,11,MCMCC12--L,CHORAL MUSIC 12: CONCERT CHOIR Linear,False
1220,11,MENFP12---,ENGLISH FIRST PEOPLES 12,False
1220,11,MFOOD12---,FOOD STUDIES 12,False
1220,11,MIMG-12---,INSTRUMENTAL MUSIC 12: GUITAR,False
1220,11,MMEDD12---,MEDIA DESIGN 12,True
1220,11,MPH--12---,PHYSICS 12,False
1220,11,YLAW-2CX--,CRIMINOLOGY 12,True
1221,11,ACAL-12---,AP CALCULUS AB 12 external credential,False
1221,11,MACLV12G--,ACTIVE LIVING 12 Girls,True
1221,11,MCH--12---,CHEMISTRY 12,False
1221,11,MCLC-12--L,CAREER LIFE CONNECTIONS Linear,False
1221,11,MENST12C--,ENGLISH STUDIES 12 CHALLENGE,False
1221,11,MFOOD12---,FOOD STUDIES 12,False
1221,11,MMUOR12S-L,INSTRUMENTAL MUSIC: ORCHESTRA 12 Strings Linear,False
1221,11,MPH--12---,PHYSICS 12,False
1221,11,MPREC12H--,PRE-CALCULUS 12 HONOURS,False
1221,11,MTDRF12---,DRAFTING 12,False
1221,11,MTXT-12---,TEXTILES 12,False
1222,11,APHM-12---,AP PHYSICS C (MECHANICS) 12 external credential,False
1222,11,MCALC12---,CALCULUS 12,False
1222,11,MCH--11---,CHEMISTRY 11,False
1222,11,MCH--12---,CHEMISTRY 12,True
1222,11,MCLC-12--L,CAREER LIFE CONNECTIONS Linear,False
1222,11,MDMD-12D--,3D ANIMATION 12,False
1222,11,MENST12---,ENGLISH STUDIES 12,False
1222,11,MMEDD12---,MEDIA DESIGN 12,False
1222,11,MMUOR12S-L,INSTRUMENTAL MUSIC: ORCHESTRA 12 Strings Linear,False
1222,11,MPH--12---,PHYSICS 12,True
1222,11,MPREC12---,PRE-CALCULUS 12,False
1222,11,YCPA-2AX-L,COMMUNITY LEADERSHIP 12 Linear,False
1222,11,YLAW-2CX--,CRIMINOLOGY 12,False
1223,11,MATPH12---,ANATOMY AND PHYSIOLOGY 12,False
1223,11,MCALC12---,CALCULUS 12,False
1223,11,MCH--12---,CHEMISTRY 12,False
1223,11,MCLC-12--L,CAREER LIFE CONNECTIONS Linear,False
1223,11,MDRM-12---,DRAMA 12,False
1223,11,MENST12---,ENGLISH STUDIES 12,False
1223,11,MFOOD12---,FOOD STUDIES 12,False
1223,11,MPGEO12---,PHYSICAL GEOGRAPHY 12,False
1223,11,MPREC12---,PRE-CALCULUS 12,False
1223,11,YPA--2CX--,YOGA FOR MINDFULNESS 12,True
1224,11,MATPH12---,ANATOMY AND PHYSIOLOGY 12,False
1224,11,MCALC12---,CALCULUS 12,False
1224,11,MCH--12---,CHEMISTRY 12,False
1224,11,MCLC-12--L,CAREER LIFE CONNECTIONS Linear,False
1224,11,MDNC-12--L,DANCE 12: CHOREOGRAPHY Linear,False
1224,11,MDNCM12--L,DANCE COMPANY 12 Linear,False
1224,11,MDNCN12---,DANCE CONDITIONING 12,True
1224,11,MENST12---,ENGLISH STUDIES 12,False
1224,11,MPH--12---,PHYSICS 12,False
1224,11,MPREC12---,PRE-CALCULUS 12,False
1224,11,MSP--12---,SPANISH 12,False
1224,11,MTXT-12---,TEXTILES 12,True
1224,11,MVAST12---,ART STUDIO 12,False
1224,11,YED--2FX-L,SCHOLARSHIP PREPARATION 12 LINEAR,False
1225,11,MATPH12---,ANATOMY AND PHYSIOLOGY 12,False
1225,11,MCLC-12--L,CAREER LIFE CONNECTIONS Linear,False
1225,11,MDNC-12--L,DANCE 12: CHOREOGRAPHY Linear,False
1225,11,MDNCM12--L,DANCE COMPANY 12 Linear,False
1225,11,MDNTP12---,DANCE TECHNIQUE AND PERFORMANCE 12,False
1225,11,MENFP12--Y,ENGLISH FIRST PEOPLES 12 Year,False
1225,11,MFOOD12---,FOOD STUDIES 12,False
1225,11,MVAST12---,ART STUDIO 12,False
1225,11,YESFL1CX--,ELL Academic Literacy 11,False
1226,11,AELC-12---,AP ENGLISH LITERATURE & COMPOSITION 12,False
1226,11,ASTA-12---,AP STATISTICS 12,False
1226,11,MCALC12---,CALCULUS 12,False
1226,11,MCLC-12--L,CAREER LIFE CONNECTIONS Linear,False
1226,11,MFR--12---,FRENCH 12,True
1226,11,MLFSC11---,LIFE SCIENCES 11,False
1226,11,MLTST12---,LITERARY STUDIES 12,False
1226,11,MPH--12---,PHYSICS 12,False
1226,11,MPREC12---,PRE-CALCULUS 12,False
1226,11,YLAW-2CX--,CRIMINOLOGY 12,True
1227,11,MACLV12G--,ACTIVE LIVING 12 Girls,True
1227,11,MDRM-12---,DRAMA 12,True
1227,11,MENST12---,ENGLISH STUDIES 12,False
1227,11,MLFSC11---,LIFE SCIENCES 11,False
1227,11,MPREC11---,PRE-CALCULUS 11,False
1227,11,MVAST12---,ART STUDIO 12,False
1228,11,AELC-12---,AP ENGLISH LITERATURE & COMPOSITION 12,False
1228,11,MATPH12---,ANATOMY AND PHYSIOLOGY 12,True
1228,11,MCALC12---,CALCULUS 12,False
1228,11,MCH--12---,CHEMISTRY 12,False
1228,11,MCLC-12--L,CAREER LIFE CONNECTIONS Linear,False
1228,11,MLFSC11---,LIFE SCIENCES 11,True
1228,11,MLTST12---,LITERARY STUDIES 12,False
1228,11,MPH--12---,PHYSICS 12,False
1228,11,MPREC12H--,PRE-CALCULUS 12 HONOURS,False
1228,11,MTAUT12---,AUTOMOTIVE TECHNOLOGY 12,False
1228,11,MTDRF12---,DRAFTING 12,True
1228,11,YCPA-2AX-L,COMMUNITY LEADERSHIP 12 Linear,False
1228,11,YED--2DX-L,PEER TUTORING 12 LINEAR,False
1228,11,YED--2FX-L,SCHOLARSHIP PREPARATION 12 LINEAR,False
1228,11,YPSYC1AX--,PSYCHOLOGY 11,False
1229,11,MATPH12---,ANATOMY AND PHYSIOLOGY 12,False
1229,11,MCH--12---,CHEMISTRY 12,False
1229,11,MCLC-12--L,CAREER LIFE CONNECTIONS Linear,False
1229,11,MENST12---,ENGLISH STUDIES 12,False
1229,11,MPH--12---,PHYSICS 12,False
1229,11,MPREC12---,PRE-CALCULUS 12,False
1229,11,MSP--12---,SPANISH 12,False
1229,11,MVAPH12---,PHOTOGRAPHY 12,True
1230,11,MCLC-12--L,CAREER LIFE CONNECTIONS Linear,False
1230,11,MENST12---,ENGLISH STUDIES 12,False
1230,11,MFOOD12---,FOOD STUDIES 12,False
1230,11,MLST-12---,LAW STUDIES 12,False
1230,11,MSJ--12---,SOCIAL JUSTICE 12,False
1230,11,MVAPH11---,PHOTOGRAPHY 11,False
1230,11,YED--2CX--,LEARNING STRATEGIES 12,False
1231,11,MATPH12---,ANATOMY AND PHYSIOLOGY 12,False
1231,11,MCH--12---,CHEMISTRY 12,False
1231,11,MCLC-12--L,CAREER LIFE CONNECTIONS Linear,False
1231,11,MCMCL12---,COMPARATIVE CULTURES 12,False
1231,11,MDNC-12--L,DANCE 12: CHOREOGRAPHY Linear,False
1231,11,MDNCM12--L,DANCE COMPANY 12 Linear,False
1231,11,MDNCN12---,DANCE CONDITIONING 12,True
1231,11,MDNTP12---,DANCE TECHNIQUE AND PERFORMANCE 12,False
1231,11,MENST12---,ENGLISH STUDIES 12,False
1231,11,MFOM-11---,FOUNDATIONS OF MATHEMATICS 11,False
1231,11,MTXT-12---,TEXTILES 12,False
1232,11,MCH--11---,CHEMISTRY 11,True
1232,11,MCLC-12---,CAREER LIFE CONNECTIONS,False
1232,11,MDRM-12---,DRAMA 12,True
1232,11,MENST12---,ENGLISH STUDIES 12,False
1232,11,MFOM-11---,FOUNDATIONS OF MATHEMATICS 11,False
1232,11,MFOOD12---,FOOD STUDIES 12,False
1232,11,YED--2CX--,LEARNING STRATEGIES 12,False
1233,11,MACLV12---,ACTIVE LIVING 12,False
1233,11,MCLC-12--L,CAREER LIFE CONNECTIONS Linear,False
1233,11,MENFP12---,ENGLISH FIRST PEOPLES 12,False
1233,11,MENR-12---,ENGINEERING 12,True
1233,11,MENT-12---,ENTREPRENEURSHIP 12,True
1233,11,MPH--11---,PHYSICS 11,False
1233,11,MPH--12---,PHYSICS 12,False
1233,11,MPREC12---,PRE-CALCULUS 12,False
1233,11,MTDRF12---,DRAFTING 12,False
1233,11,MWWK-12---,WOODWORK 12,False
1233,11,YHRA-2AX--,CROSS TRAINING 12,False
1234,11,MCALC12---,CALCULUS 12,False
1234,11,MCH--12---,CHEMISTRY 12,False
1234,11,MCLC-12--L,CAREER LIFE CONNECTIONS Linear,False
1234,11,MENFP12---,ENGLISH FIRST PEOPLES 12,False
1234,11,MMACS11---,COMPUTER SCIENCE 11,False
1234,11,MPH--12---,PHYSICS 12,False
1234,11,MPREC12H--,PRE-CALCULUS 12 HONOURS,False
1234,11,MWH--12---,20th CENTURY WORLD HISTORY 12,False
1235,11,AELC-12---,AP ENGLISH LITERATURE & COMPOSITION 12,False
1235,11,MACLV12G--,ACTIVE LIVING 12 Girls,True
1235,11,MCH--12---,CHEMISTRY 12,False
1235,11,MCLC-12--L,CAREER LIFE CONNECTIONS Linear,False
1235,11,MDRM-12---,DRAMA 12,False
1235,11,MLTST12---,LITERARY STUDIES 12,False
1235,11,MPH--12---,PHYSICS 12,False
1235,11,MPREC12---,PRE-CALCULUS 12,False
1235,11,MSJ--12---,SOCIAL JUSTICE 12,False
1235,11,MTXT-12---,TEXTILES 12,True
1235,11,YED--2FX-L,SCHOLARSHIP PREPARATION 12 LINEAR,False
1235,11,YLAW-2CX--,CRIMINOLOGY 12,False
1236,11,MATPH12---,ANATOMY AND PHYSIOLOGY 12,False
1236,11,MCLC-12--L,CAREER LIFE CONNECTIONS Linear,False
1236,11,MDNC-12--L,DANCE 12: CHOREOGRAPHY Linear,False
1236,11,MDNCM12--L,DANCE COMPANY 12 Linear,False
1236,11,MDNCN12---,DANCE CONDITIONING 12,False
1236,11,MENST12---,ENGLISH STUDIES 12,False
1236,11,MPREC12---,PRE-CALCULUS 12,False
1236,11,MTXT-12---,TEXTILES 12,False
1236,11,YLRA-2AX-L,ATHLETIC LEADERSHIP 12 Linear,False
1237,11,MCALC12---,CALCULUS 12,False
1237,11,MCH--12---,CHEMISTRY 12,False
1237,11,MCLC-12--L,CAREER LIFE CONNECTIONS Linear,False
1237,11,MEC--12---,ECONOMICS 12,False
1237,11,MENST12C--,ENGLISH STUDIES 12 CHALLENGE,False
1237,11,MPH--12---,PHYSICS 12,False
1237,11,MPREC12---,PRE-CALCULUS 12,False
1237,11,MTAUT12---,AUTOMOTIVE TECHNOLOGY 12,False
1237,11,MVAPH11---,PHOTOGRAPHY 11,False
1237,11,YLRA-2AX-L,ATHLETIC LEADERSHIP 12 Linear,False
1238,11,MCALC12---,CALCULUS 12,False
1238,11,MCH--12---,CHEMISTRY 12,False
1238,11,MCLC-12--L,CAREER LIFE CONNECTIONS Linear,False
1238,11,MENR-12---,ENGINEERING 12,False
1238,11,MENST12---,ENGLISH STUDIES 12,False
1238,11,MPGEO12---,PHYSICAL GEOGRAPHY 12,False
1238,11,MTAUT12---,AUTOMOTIVE TECHNOLOGY 12,False
1238,11,MTROB12--L,ROBOTICS 12 LINEAR,False
1239,11,ACAL-12---,AP CALCULUS AB 12 external credential,False
1239,11,ACSC-2A---,AP COMPUTER SCIENCE A 12,False
1239,11,APHM-12---,AP PHYSICS C (MECHANICS) 12 external credential,False
1239,11,ASTA-12---,AP STATISTICS 12,False
1239,11,MAC--11---,ACCOUNTING 11,False
1239,11,MATPH12---,ANATOMY AND PHYSIOLOGY 12,True
1239,11,MCH--12---,CHEMISTRY 12,False
1239,11,MCLC-12--L,CAREER LIFE CONNECTIONS Linear,False
1239,11,MENST12C--,ENGLISH STUDIES 12 CHALLENGE,False
1239,11,MGRPR12--L,GRAPHIC PRODUCTION 12 LINEAR,False
1239,11,MIMG-12---,INSTRUMENTAL MUSIC 12: GUITAR,True
1239,11,MPREC12H--,PRE-CALCULUS 12 HONOURS,False
1239,11,YED--2DX-L,PEER TUTORING 12 LINEAR,False
1239,11,YED--2FX-L,SCHOLARSHIP PREPARATION 12 LINEAR,False
1239,11,YLRA-2AX-L,ATHLETIC LEADERSHIP 12 Linear,False
1240,11,MAC--11---,ACCOUNTING 11,False
1240,11,MCLC-12--L,CAREER LIFE CONNECTIONS Linear,False
1240,11,MCMCL12---,COMPARATIVE CULTURES 12,False
1240,11,MDRM-12---,DRAMA 12,False
1240,11,MEC--12---,ECONOMICS 12,False
1240,11,MENFP12---,ENGLISH FIRST PEOPLES 12,False
1240,11,MFOOD12---,FOOD STUDIES 12,True
1240,11,MIMG-12---,INSTRUMENTAL MUSIC 12: GUITAR,True
1240,11,MLST-12---,LAW STUDIES 12,False
1240,11,MPREC12---,PRE-CALCULUS 12,False
1240,11,YLAW-2CX--,CRIMINOLOGY 12,False
1241,11,AELC-12---,AP ENGLISH LITERATURE & COMPOSITION 12,False
1241,11,MATPH12---,ANATOMY AND PHYSIOLOGY 12,False
1241,11,MCALC12---,CALCULUS 12,False
1241,11,MCH--12---,CHEMISTRY 12,False
1241,11,MCLC-12--L,CAREER LIFE CONNECTIONS Linear,False
1241,11,MEC--12---,ECONOMICS 12,True
1241,11,MIMJB12--L,INSTRUMENTAL MUSIC 12: JAZZ BAND LINEAR,False
1241,11,MLTST12---,LITERARY STUDIES 12,False
1241,11,MMUOR12S-L,INSTRUMENTAL MUSIC: ORCHESTRA 12 Strings Linear,False
1241,11,MPH--12---,PHYSICS 12,True
1241,11,MPREC12H--,PRE-CALCULUS 12 HONOURS,False
1241,11,MWH--12---,20th CENTURY WORLD HISTORY 12,False
1241,11,YCPA-2AX-L,COMMUNITY LEADERSHIP 12 Linear,False
1241,11,YPSYC1AX--,PSYCHOLOGY 11,False
1242,11,MCLC-12---,CAREER LIFE CONNECTIONS,False
1242,11,MENST12---,ENGLISH STUDIES 12,False
1242,11,MINST12---,CONTEMPORARY INDIGENOUS STUDIES 12,False
1242,11,MLST-12---,LAW STUDIES 12,False
1242,11,MWH--12---,20th CENTURY WORLD HISTORY 12,False
1242,11,YLAW-2CX--,CRIMINOLOGY 12,True
1242,11,YPSYC1AX--,PSYCHOLOGY 11,True
1243,11,MCLC-12--L,CAREER LIFE CONNECTIONS Linear,False
1243,11,MENFP12---,ENGLISH FIRST PEOPLES 12,False
1243,11,MEPSS11---,EXPLORATIONS IN SOCIAL STUDIES 11,False
1243,11,MFOOD12---,FOOD STUDIES 12,False
1243,11,MTAUT12---,AUTOMOTIVE TECHNOLOGY 12,False
1243,11,MWWK-12---,WOODWORK 12,False
1243,11,YED--2CX--,LEARNING STRATEGIES 12,True
1243,11,YHRA-2AX--,CROSS TRAINING 12,True
1244,11,ASTA-12---,AP STATISTICS 12,False
1244,11,MATPH12---,ANATOMY AND PHYSIOLOGY 12,False
1244,11,MCH--12---,CHEMISTRY 12,False
1244,11,MCLC-12--L,CAREER LIFE CONNECTIONS Linear,False
1244,11,MEC--12---,ECONOMICS 12,True
1244,11,MENFP12---,ENGLISH FIRST PEOPLES 12,False
1244,11,MLST-12---,LAW STUDIES 12,False
1244,11,MODED12---,OUTDOOR EDUCATION 12,False
1244,11,MPREC12H--,PRE-CALCULUS 12 HONOURS,False
1244,11,MSJ--12---,SOCIAL JUSTICE 12,True
1245,11,MACLV12---,ACTIVE LIVING 12,False
1245,11,MCLC-12--L,CAREER LIFE CONNECTIONS Linear,False
1245,11,MCLE-10---,CAREER LIFE EDUCATION 10,False
1245,11,MDMD-12D--,3D ANIMATION 12,True
1245,11,MENFP12---,ENGLISH FIRST PEOPLES 12,False
1245,11,MFOOD12---,FOOD STUDIES 12,False
1245,11,MMEDD12---,MEDIA DESIGN 12,False
1245,11,MTAUT12---,AUTOMOTIVE TECHNOLOGY 12,False
1245,11,MVAPH11---,PHOTOGRAPHY 11,False
1245,11,MWWK-12---,WOODWORK 12,False
1246,11,MACLV12---,ACTIVE LIVING 12,False
1246,11,MCLC-12--L,CAREER LIFE CONNECTIONS Linear,False
1246,11,MENFP12---,ENGLISH FIRST PEOPLES 12,False
1246,11,MENT-12---,ENTREPRENEURSHIP 12,False
1246,11,MFOOD12---,FOOD STUDIES 12,False
1246,11,MSJ--12---,SOCIAL JUSTICE 12,False
1246,11,MWEX-2A--L,WORK EXPERIENCE 12A LINEAR,False
1246,11,MWEX-2B--L,WORK EXPERIENCE 12B LINEAR,False
1246,11,MWPM-11---,WORKPLACE MATHEMATICS 11,False
1246,11,YPA--2CX--,YOGA FOR MINDFULNESS 12,False
1247,11,MAC--11---,ACCOUNTING 11,False
1247,11,MACC-12---,ACCOUNTING 12,True
1247,11,MCLC-12--L,CAREER LIFE CONNECTIONS Linear,False
1247,11,MEC--12---,ECONOMICS 12,False
1247,11,MENST12---,ENGLISH STUDIES 12,False
1247,11,MFOOD12---,FOOD STUDIES 12,True
1247,11,MINST12---,CONTEMPORARY INDIGENOUS STUDIES 12,False
1247,11,MLST-12---,LAW STUDIES 12,False
1247,11,MPREC12---,PRE-CALCULUS 12,False
1247,11,MTAUT12---,AUTOMOTIVE TECHNOLOGY 12,False
1247,11,YPSYC1AX--,PSYCHOLOGY 11,False
1248,11,MACLV12---,ACTIVE LIVING 12,False
1248,11,MCLC-12--L,CAREER LIFE CONNECTIONS Linear,False
1248,11,MCMPS11---,COMPOSITION 11,False
1248,11,MENST12---,ENGLISH STUDIES 12,False
1248,11,MPGEO12---,PHYSICAL GEOGRAPHY 12,False
1248,11,MTAUT12---,AUTOMOTIVE TECHNOLOGY 12,False
1248,11,YED--2CX--,LEARNING STRATEGIES 12,False
1248,11,YHRA-2AX--,CROSS TRAINING 12,False
1249,11,MACLV12---,ACTIVE LIVING 12,False
1249,11,MCLC-12--L,CAREER LIFE CONNECTIONS Linear,False
1249,11,MCLE-10---,CAREER LIFE EDUCATION 10,False
1249,11,MENFP12---,ENGLISH FIRST PEOPLES 12,False
1249,11,MFOOD12---,FOOD STUDIES 12,False
1249,11,MTAUT12---,AUTOMOTIVE TECHNOLOGY 12,False
1249,11,MWWK-12---,WOODWORK 12,False
1249,11,YED--2CX--,LEARNING STRATEGIES 12,False
1250,11,MCLC-12--L,CAREER LIFE CONNECTIONS Linear,False
1250,11,MCMCC12--L,CHORAL MUSIC 12: CONCERT CHOIR Linear,False
1250,11,MDRM-12---,DRAMA 12,False
1250,11,MENFP12--Y,ENGLISH FIRST PEOPLES 12 Year,False
1250,11,MEVSC12C--,ENVIRONMENTAL SCIENCE 12 - CLIMATE CHANGE,False
1250,11,MIMG-12---,INSTRUMENTAL MUSIC 12: GUITAR,False
1250,11,MMEDD12---,MEDIA DESIGN 12,True
1250,11,MPREC12---,PRE-CALCULUS 12,False
1250,11,MSPLG11---,SPOKEN LANGUAGE 11,False
1250,11,MTXT-12---,TEXTILES 12,False
1250,11,MVAST12---,ART STUDIO 12,True
1250,11,YED--2FX-L,SCHOLARSHIP PREPARATION 12 LINEAR,False
1250,11,YLAW-2CX--,CRIMINOLOGY 12,False
1251,11,MCLC-12--L,CAREER LIFE CONNECTIONS Linear,False
1251,11,MENFP12---,ENGLISH FIRST PEOPLES 12,False
1251,11,MEVSC12C--,ENVIRONMENTAL SCIENCE 12 - CLIMATE CHANGE,False
1251,11,MIMCB12--L,INSTRUMENTAL MUSIC 12: CONCERT BAND LINEAR,False
1251,11,MLFSC11---,LIFE SCIENCES 11,True
1251,11,MPH--11---,PHYSICS 11,False
1251,11,MPH--12---,PHYSICS 12,False
1251,11,MPREC12---,PRE-CALCULUS 12,False
1251,11,MSJ--12---,SOCIAL JUSTICE 12,False
1251,11,MTROB12---,ROBOTICS 12,True
1251,11,YED--2CX--,LEARNING STRATEGIES 12,False
1252,11,MATPH12---,ANATOMY AND PHYSIOLOGY 12,False
1252,11,MCH--12---,CHEMISTRY 12,False
1252,11,MCLC-12--L,CAREER LIFE CONNECTIONS Linear,False
1252,11,MENST12---,ENGLISH STUDIES 12,False
1252,11,MFOOD12---,FOOD STUDIES 12,False
1252,11,MLST-12---,LAW STUDIES 12,True
1252,11,MODED12---,OUTDOOR EDUCATION 12,False
1252,11,MPREC12---,PRE-CALCULUS 12,False
1252,11,MTAUT12---,AUTOMOTIVE TECHNOLOGY 12,False
1252,11,MTXT-12---,TEXTILES 12,False
1252,11,MVAPH12---,PHOTOGRAPHY 12,True
1252,11,YLRA-2AX-L,ATHLETIC LEADERSHIP 12 Linear,False
1253,11,MATPH12---,ANATOMY AND PHYSIOLOGY 12,True
1253,11,MCALC12---,CALCULUS 12,False
1253,11,MCH--12---,CHEMISTRY 12,False
1253,11,MCLC-12--L,CAREER LIFE CONNECTIONS Linear,False
1253,11,MENR-12---,ENGINEERING 12,False
1253,11,MENST12C--,ENGLISH STUDIES 12 CHALLENGE,False
1253,11,MPH--12---,PHYSICS 12,False
1253,11,MPREC12---,PRE-CALCULUS 12,False
1253,11,YHRA-2AX--,CROSS TRAINING 12,False
1254,11,ACAL-12---,AP CALCULUS AB 12 external credential,False
1254,11,APHM-12---,AP PHYSICS C (MECHANICS) 12 external credential,False
1254,11,ASTA-12---,AP STATISTICS 12,False
1254,11,MCH--12---,CHEMISTRY 12,False
1254,11,MCLC-12--L,CAREER LIFE CONNECTIONS Linear,False
1254,11,MDMD-12D--,3D ANIMATION 12,False
1254,11,MEC--12---,ECONOMICS 12,False
1254,11,MENST12---,ENGLISH STUDIES 12,False
1254,11,MFOOD12---,FOOD STUDIES 12,False
1255,11,MENFP12---,ENGLISH FIRST PEOPLES 12,False
1255,11,MFOM-11---,FOUNDATIONS OF MATHEMATICS 11,False
1256,11,MATPH12---,ANATOMY AND PHYSIOLOGY 12,False
1256,11,MCALC12---,CALCULUS 12,False
1256,11,MCH--12---,CHEMISTRY 12,False
1256,11,MCLC-12--L,CAREER LIFE CONNECTIONS Linear,False
1256,11,MENST12C--,ENGLISH STUDIES 12 CHALLENGE,False
1256,11,MPH--12---,PHYSICS 12,False
1256,11,MPREC12---,PRE-CALCULUS 12,False
1256,11,MTDRF12---,DRAFTING 12,False
1256,11,MTXT-12---,TEXTILES 12,True
1256,11,MVAST12---,ART STUDIO 12,True
1256,11,YCPA-2AX-L,COMMUNITY LEADERSHIP 12 Linear,False
1256,11,YED--2FX-L,SCHOLARSHIP PREPARATION 12 LINEAR,False
1256,11,YPSYC1AX--,PSYCHOLOGY 11,False
1257,11,ACAL-12---,AP CALCULUS AB 12 external credential,False
1257,11,ACSC-2A---,AP COMPUTER SCIENCE A 12,False
1257,11,APHM-12---,AP PHYSICS C (MECHANICS) 12 external credential,False
1257,11,MATPH12---,ANATOMY AND PHYSIOLOGY 12,True
1257,11,MCH--12---,CHEMISTRY 12,False
1257,11,MCLC-12--L,CAREER LIFE CONNECTIONS Linear,False
1257,11,MEC--12---,ECONOMICS 12,False
1257,11,MENST12C--,ENGLISH STUDIES 12 CHALLENGE,False
1257,11,MLFSC11---,LIFE SCIENCES 11,True
1257,11,MLST-12---,LAW STUDIES 12,False
1257,11,MPREC12H--,PRE-CALCULUS 12 HONOURS,False
1257,11,YED--2DX-L,PEER TUTORING 12 LINEAR,False
1257,11,YED--2FX-L,SCHOLARSHIP PREPARATION 12 LINEAR,False
1258,11,MATPH12---,ANATOMY AND PHYSIOLOGY 12,False
1258,11,MCALC12---,CALCULUS 12,False
1258,11,MCLC-12--L,CAREER LIFE CONNECTIONS Linear,False
1258,11,MCMCL12---,COMPARATIVE CULTURES 12,False
1258,11,MEC--12---,ECONOMICS 12,False
1258,11,MENST12C--,ENGLISH STUDIES 12 CHALLENGE,False
1258,11,MFOOD12---,FOOD STUDIES 12,False
1258,11,MODED12---,OUTDOOR EDUCATION 12,True
1258,11,MPGEO12---,PHYSICAL GEOGRAPHY 12,False
1258,11,MPH--12---,PHYSICS 12,False
1258,11,MWH--12---,20th CENTURY WORLD HISTORY 12,True
1258,11,YLRA-2AX-L,ATHLETIC LEADERSHIP 12 Linear,False
1259,11,ACAL-12---,AP CALCULUS AB 12 external credential,False
1259,11,APHM-12---,AP PHYSICS C (MECHANICS) 12 external credential,False
1259,11,ASTA-12---,AP STATISTICS 12,False
1259,11,MAC--11---,ACCOUNTING 11,True
1259,11,MCH--12---,CHEMISTRY 12,False
1259,11,MCLC-12--L,CAREER LIFE CONNECTIONS Linear,False
1259,11,MENST12C--,ENGLISH STUDIES 12 CHALLENGE,False
1259,11,MPREC12H--,PRE-CALCULUS 12 HONOURS,False
1259,11,MTXT-12---,TEXTILES 12,False
1259,11,YED--2DX-L,PEER TUTORING 12 LINEAR,False
1259,11,YED--2FX-L,SCHOLARSHIP PREPARATION 12 LINEAR,False
1260,11,ACAL-12---,AP CALCULUS AB 12 external credential,False
1260,11,AELC-12---,AP ENGLISH LITERATURE & COMPOSITION 12,False
1260,11,MATPH12---,ANATOMY AND PHYSIOLOGY 12,False
1260,11,MCH--12---,CHEMISTRY 12,False
1260,11,MCLC-12--L,CAREER LIFE CONNECTIONS Linear,False
1260,11,MIMG-12---,INSTRUMENTAL MUSIC 12: GUITAR,True
1260,11,MLTST12---,LITERARY STUDIES 12,False
1260,11,MPH--11---,PHYSICS 11,False
1260,11,MPH--12---,PHYSICS 12,True
1260,11,MPREC12H--,PRE-CALCULUS 12 HONOURS,False
1260,11,MWH--12---,20th CENTURY WORLD HISTORY 12,False
1260,11,YED--2DX-L,PEER TUTORING 12 LINEAR,False
1261,11,MACLV12---,ACTIVE LIVING 12,False
1261,11,MCALC12---,CALCULUS 12,False
1261,11,MCH--12---,CHEMISTRY 12,True
1261,11,MCLC-12--L,CAREER LIFE CONNECTIONS Linear,False
1261,11,MENFP12--Y,ENGLISH FIRST PEOPLES 12 Year,False
1261,11,MINST12---,CONTEMPORARY INDIGENOUS STUDIES 12,False
1261,11,MLST-12---,LAW STUDIES 12,True
1261,11,MPH--12---,PHYSICS 12,False
1261,11,MPREC12---,PRE-CALCULUS 12,False
1261,11,MSJ--12---,SOCIAL JUSTICE 12,False
1261,11,MSPLG11---,SPOKEN LANGUAGE 11,False
1262,11,MATPH12---,ANATOMY AND PHYSIOLOGY 12,False
1262,11,MCLC-12--L,CAREER LIFE CONNECTIONS Linear,False
1262,11,MDMD-12D--,3D ANIMATION 12,False
1262,11,MENST12---,ENGLISH STUDIES 12,False
1262,11,MFOM-11---,FOUNDATIONS OF MATHEMATICS 11,False
1262,11,MMACS11---,COMPUTER SCIENCE 11,False
1262,11,MPREC11---,PRE-CALCULUS 11,False
1262,11,MTAUT12---,AUTOMOTIVE TECHNOLOGY 12,False
1262,11,MWH--12---,20th CENTURY WORLD HISTORY 12,False
1262,11,YLAW-2CX--,CRIMINOLOGY 12,True
1263,11,AELC-12---,AP ENGLISH LITERATURE & COMPOSITION 12,False
1263,11,MATPH12---,ANATOMY AND PHYSIOLOGY 12,False
1263,11,MCALC12---,CALCULUS 12,False
1263,11,MCH--12---,CHEMISTRY 12,False
1263,11,MCLC-12--L,CAREER LIFE CONNECTIONS Linear,False
1263,11,MIMCB12--L,INSTRUMENTAL MUSIC 12: CONCERT BAND LINEAR,False
1263,11,MIMJB12--L,INSTRUMENTAL MUSIC 12: JAZZ BAND LINEAR,False
1263,11,MLTST12---,LITERARY STUDIES 12,False
1263,11,MPREC12---,PRE-CALCULUS 12,False
1263,11,YCPA-2AX-L,COMMUNITY LEADERSHIP 12 Linear,False
1263,11,YED--2FX-L,SCHOLARSHIP PREPARATION 12 LINEAR,False
1263,11,YPSYC1AX--,PSYCHOLOGY 11,True
1264,11,ACAL-12---,AP CALCULUS AB 12 external credential,False
1264,11,ACSC-2A---,AP COMPUTER SCIENCE A 12,False
1264,11,MATPH12---,ANATOMY AND PHYSIOLOGY 12,True
1264,11,MCALC12---,CALCULUS 12,True
1264,11,MCH--12---,CHEMISTRY 12,False
1264,11,MCLC-12--L,CAREER LIFE CONNECTIONS Linear,False
1264,11,MENST12C--,ENGLISH STUDIES 12 CHALLENGE,False
1264,11,MPH--12---,PHYSICS 12,False
1264,11,MPREC12H--,PRE-CALCULUS 12 HONOURS,False
1265,11,MACLV12---,ACTIVE LIVING 12,False
1265,11,MCLC-12--L,CAREER LIFE CONNECTIONS Linear,False
1265,11,MDRM-12---,DRAMA 12,False
1265,11,MENST12---,ENGLISH STUDIES 12,False
1265,11,MFOOD12---,FOOD STUDIES 12,False
1265,11,MINST12---,CONTEMPORARY INDIGENOUS STUDIES 12,False
1265,11,MPREC12---,PRE-CALCULUS 12,False
1265,11,MTAUT12---,AUTOMOTIVE TECHNOLOGY 12,False
1266,11,MCALC12---,CALCULUS 12,False
1266,11,MCH--12---,CHEMISTRY 12,False
1266,11,MCLC-12--L,CAREER LIFE CONNECTIONS Linear,False
1266,11,MENFP12---,ENGLISH FIRST PEOPLES 12,False
1266,11,MENR-12---,ENGINEERING 12,False
1266,11,MEVSC12C--,ENVIRONMENTAL SCIENCE 12 - CLIMATE CHANGE,False
1266,11,MFOOD12---,FOOD STUDIES 12,False
1266,11,MODED12---,OUTDOOR EDUCATION 12,False
1266,11,MPH--12---,PHYSICS 12,False
1266,11,MTROB12--L,ROBOTICS 12 LINEAR,False
1267,11,MCLC-12--L,CAREER LIFE CONNECTIONS Linear,False
1267,11,MDMD-12D--,3D ANIMATION 12,False
1267,11,MENFP12---,ENGLISH FIRST PEOPLES 12,False
1267,11,MLST-12---,LAW STUDIES 12,False
1267,11,MMEDD12---,MEDIA DESIGN 12,False
1267,11,MTXT-12---,TEXTILES 12,True
1267,11,MVAPH11---,PHOTOGRAPHY 11,False
1267,11,MVAPH12---,PHOTOGRAPHY 12,False
1267,11,MVAST12---,ART STUDIO 12,False
1267,11,MWH--12---,20th CENTURY WORLD HISTORY 12,False
1268,11,MCALC12---,CALCULUS 12,False
1268,11,MCLC-12--L,CAREER LIFE CONNECTIONS Linear,False
1268,11,MECOM12---,E-COMMERCE 12,False
1268,11,MENST12---,ENGLISH STUDIES 12,False
1268,11,MPH--11---,PHYSICS 11,False
1268,11,MPH--12---,PHYSICS 12,False
1268,11,PBB--2H,CAMOSUN COL BUSINESS 12H,False
1268,11,YED--2FX-L,SCHOLARSHIP PREPARATION 12 LINEAR,False
1269,11,MATPH12---,ANATOMY AND PHYSIOLOGY 12,False
1269,11,MCALC12---,CALCULUS 12,False
1269,11,MCH--11---,CHEMISTRY 11,False
1269,11,MCH--12---,CHEMISTRY 12,False
1269,11,MCLC-12--L,CAREER LIFE CONNECTIONS Linear,False
1269,11,MENFP12--Y,ENGLISH FIRST PEOPLES 12 Year,False
1269,11,MIMG-12---,INSTRUMENTAL MUSIC 12: GUITAR,True
1269,11,MPH--12---,PHYSICS 12,False
1269,11,MPREC12---,PRE-CALCULUS 12,False
1269,11,YCPA-2AXE-,COMMUNITY LEADERSHIP 12,False
1269,11,YESFL1CX--,ELL Academic Literacy 11,False
1270,11,MCALC12---,CALCULUS 12,False
1270,11,MCLC-12--L,CAREER LIFE CONNECTIONS Linear,False
1270,11,MDRM-12---,DRAMA 12,False
1270,11,MEC--12---,ECONOMICS 12,False
1270,11,MENFP12--Y,ENGLISH FIRST PEOPLES 12 Year,False
1270,11,MENT-12---,ENTREPRENEURSHIP 12,False
1270,11,MFOOD12---,FOOD STUDIES 12,True
1270,11,MLST-12---,LAW STUDIES 12,True
1270,11,MPREC12---,PRE-CALCULUS 12,False
1270,11,MWH--12---,20th CENTURY WORLD HISTORY 12,False
1270,11,YESFL1CX--,ELL Academic Literacy 11,False
1271,11,MACLV12---,ACTIVE LIVING 12,False
1271,11,MATPH12---,ANATOMY AND PHYSIOLOGY 12,False
1271,11,MCH--12---,CHEMISTRY 12,False
1271,11,MCLC-12--L,CAREER LIFE CONNECTIONS Linear,False
1271,11,MENFP12---,ENGLISH FIRST PEOPLES 12,False
1271,11,MFOOD12---,FOOD STUDIES 12,True
1271,11,MPH--12---,PHYSICS 12,False
1271,11,MPREC12---,PRE-CALCULUS 12,False
1271,11,MSJ--12---,SOCIAL JUSTICE 12,True
1271,11,MTDRF12---,DRAFTING 12,False
1271,11,MWH--12---,20th CENTURY WORLD HISTORY 12,False
1272,11,ACAL-12---,AP CALCULUS AB 12 external credential,False
1272,11,MCALC12---,CALCULUS 12,True
1272,11,MCH--12---,CHEMISTRY 12,False
1272,11,MCLC-12--L,CAREER LIFE CONNECTIONS Linear,False
1272,11,MENST12C--,ENGLISH STUDIES 12 CHALLENGE,False
1272,11,MIMCB12--L,INSTRUMENTAL MUSIC 12: CONCERT BAND LINEAR,False
1272,11,MPH--11---,PHYSICS 11,False
1272,11,MPH--12---,PHYSICS 12,False
1272,11,MPREC12H--,PRE-CALCULUS 12 HONOURS,False
1272,11,YCPA-2AX-L,COMMUNITY LEADERSHIP 12 Linear,False
1272,11,YED--2FX-L,SCHOLARSHIP PREPARATION 12 LINEAR,False
1272,11,YLAW-2CX--,CRIMINOLOGY 12,True
1273,11,MATPH12---,ANATOMY AND PHYSIOLOGY 12,False
1273,11,MCALC12---,CALCULUS 12,False
1273,11,MCH--11---,CHEMISTRY 11,False
1273,11,MCLC-12--L,CAREER LIFE CONNECTIONS Linear,False
1273,11,MENFP12--Y,ENGLISH FIRST PEOPLES 12 Year,False
1273,11,MGRPR12--L,GRAPHIC PRODUCTION 12 LINEAR,False
1273,11,MMACS12---,COMPUTER SCIENCE 12,True
1273,11,MPH--11---,PHYSICS 11,False
1273,11,MPREC12---,PRE-CALCULUS 12,False
1273,11,MTXT-12---,TEXTILES 12,True
1273,11,YESFL1CX--,ELL Academic Literacy 11,False
1273,11,YPSYC1AX--,PSYCHOLOGY 11,False
1274,11,MENST12---,ENGLISH STUDIES 12,False
1274,11,MFOM-11---,FOUNDATIONS OF MATHEMATICS 11,False
1274,11,MLST-12---,LAW STUDIES 12,True
1274,11,YLAW-2CX--,CRIMINOLOGY 12,False
1274,11,YPSYC1AX--,PSYCHOLOGY 11,False
1275,11,MCLC-12--L,CAREER LIFE CONNECTIONS Linear,False
1275,11,MCMCL12---,COMPARATIVE CULTURES 12,False
1275,11,MDNC-12--L,DANCE 12: CHOREOGRAPHY Linear,False
1275,11,MDNCM12--L,DANCE COMPANY 12 Linear,False
1275,11,MDNCN12---,DANCE CONDITIONING 12,True
1275,11,MDNTP12---,DANCE TECHNIQUE AND PERFORMANCE 12,False
1275,11,MENFP12---,ENGLISH FIRST PEOPLES 12,False
1275,11,MEVSC12C--,ENVIRONMENTAL SCIENCE 12 - CLIMATE CHANGE,False
1275,11,MFR--12---,FRENCH 12,False
1275,11,MLFSC11---,LIFE SCIENCES 11,False
1275,11,MLST-12---,LAW STUDIES 12,False
1275,11,MTXT-12---,TEXTILES 12,False
1275,11,YPSYC1AX--,PSYCHOLOGY 11,True
1276,10,MCMCL12---,COMPARATIVE CULTURES 12,False
1276,10,MCMPS11---,COMPOSITION 11,False
1276,10,MFOOD11---,FOOD STUDIES 11,False
1276,10,MLST-12---,LAW STUDIES 12,False
1276,10,MPH--11---,PHYSICS 11,False
1276,10,MPREC11---,PRE-CALCULUS 11,False
1276,10,MTAUT11---,AUTOMOTIVE TECHNOLOGY 11,False
1276,10,YLAW-2CX--,CRIMINOLOGY 12,False
1277,10,ASTA-12---,AP STATISTICS 12,False
1277,10,MCH--11---,CHEMISTRY 11,False
1277,10,MCLE-10---,CAREER LIFE EDUCATION 10,False
1277,10,MINST12C--,CONTEMPORARY INDIGENOUS STUDIES 12 CHALLENGE,False
1277,10,MLTST11C--,LITERARY STUDIES 11 Challenge,False
1277,10,MMACS12---,COMPUTER SCIENCE 12,False
1277,10,MPH--11---,PHYSICS 11,False
1277,10,MPREC11---,PRE-CALCULUS 11,False
1277,10,MTROB11--L,ROBOTICS 11 LINEAR,False
1277,10,YLRA-1AX-L,ATHLETIC LEADERSHIP 11 Linear,False
1278,10,MCH--11---,CHEMISTRY 11,False
1278,10,MCMPS11---,COMPOSITION 11,False
1278,10,MFOOD11---,FOOD STUDIES 11,True
1278,10,MLFSC11---,LIFE SCIENCES 11,False
1278,10,MPH--11---,PHYSICS 11,False
1278,10,MPREC11---,PRE-CALCULUS 11,False
1278,10,MSJ--12---,SOCIAL JUSTICE 12,False
1278,10,MVAPH11---,PHOTOGRAPHY 11,True
1278,10,YLAW-2CX--,CRIMINOLOGY 12,False
1278,10,YLRA-1AX-L,ATHLETIC LEADERSHIP 11 Linear,False
1278,10,YPSYC1AX--,PSYCHOLOGY 11,False
1279,10,MCLE-10--L,CAREER LIFE EDUCATION 10 Linear,False
1279,10,MCMPR11AI-,COMPUTER PROGRAMMING 11 AI and Games,True
1279,10,MCMPS11---,COMPOSITION 11,False
1279,10,MENR-11---,ENGINEERING 11,False
1279,10,MIMCB11--L,INSTRUMENTAL MUSIC 11: CONCERT BAND LINEAR,False
1279,10,MIMG-11---,INSTRUMENTAL MUSIC 11: GUITAR,True
1279,10,MINST12---,CONTEMPORARY INDIGENOUS STUDIES 12,False
1279,10,MMACS11---,COMPUTER SCIENCE 11,False
1279,10,MPH--11---,PHYSICS 11,False
1279,10,MPREC11---,PRE-CALCULUS 11,False
1279,10,MTROB11--L,ROBOTICS 11 LINEAR,False
1280,10,MAC--11---,ACCOUNTING 11,False
1280,10,MCLE-10---,CAREER LIFE EDUCATION 10,False
1280,10,MCMPS11---,COMPOSITION 11,False
1280,10,MENR-11---,ENGINEERING 11,False
1280,10,MEPSS11---,EXPLORATIONS IN SOCIAL STUDIES 11,False
1280,10,MFOOD11---,FOOD STUDIES 11,True
1280,10,MFR--10---,FRENCH 10,False
1280,10,MMAP-11---,MARKETING AND PROMOTION 11,True
1280,10,MPH--11---,PHYSICS 11,False
1280,10,MPREC11---,PRE-CALCULUS 11,False
1280,10,YCPA-1AX-L,COMMUNITY LEADERSHIP 11 Linear,False
1281,10,MCH--11---,CHEMISTRY 11,False
1281,10,MCLE-10---,CAREER LIFE EDUCATION 10,False
1281,10,MCMPS11---,COMPOSITION 11,False
1281,10,MEPSS11---,EXPLORATIONS IN SOCIAL STUDIES 11,False
1281,10,MFOOD11---,FOOD STUDIES 11,True
1281,10,MFR--10---,FRENCH 10,False
1281,10,MLFSC11---,LIFE SCIENCES 11,False
1281,10,MPREC11---,PRE-CALCULUS 11,False
1281,10,MTXT-11---,TEXTILES 11,False
1281,10,YCPA-1AX-L,COMMUNITY LEADERSHIP 11 Linear,False
1281,10,YPSYC1AX--,PSYCHOLOGY 11,True
1282,10,MCH--11---,CHEMISTRY 11,False
1282,10,MCMPS11---,COMPOSITION 11,False
1282,10,MFOOD11---,FOOD STUDIES 11,True
1282,10,MLFSC11---,LIFE SCIENCES 11,False
1282,10,MLST-12---,LAW STUDIES 12,False
1282,10,MPREC11---,PRE-CALCULUS 11,False
1282,10,MSP--11---,SPANISH 11,False
1282,10,MTAUT11---,AUTOMOTIVE TECHNOLOGY 11,False
1282,10,MTXT-11---,TEXTILES 11,False
1282,10,MWEX-2A--L,WORK EXPERIENCE 12A LINEAR,False
1282,10,MWWK-11---,WOODWORK 11,True
1282,10,YCPA-1AX-L,COMMUNITY LEADERSHIP 11 Linear,False
1283,10,MCH--11---,CHEMISTRY 11,False
1283,10,MCLE-10---,CAREER LIFE EDUCATION 10,False
1283,10,MCMPS11---,COMPOSITION 11,False
1283,10,MFOOD11---,FOOD STUDIES 11,True
1283,10,MINST12---,CONTEMPORARY INDIGENOUS STUDIES 12,False
1283,10,MPH--11---,PHYSICS 11,False
1283,10,MPREC11---,PRE-CALCULUS 11,False
1283,10,MTDRF11---,DRAFTING 11,False
1283,10,MTXT-11---,TEXTILES 11,True
1283,10,MVAST11---,ART STUDIO 11,False
1284,10,MCH--11---,CHEMISTRY 11,False
1284,10,MCMPS11---,COMPOSITION 11,False
1284,10,MEPSS11---,EXPLORATIONS IN SOCIAL STUDIES 11,False
1284,10,MFOOD11---,FOOD STUDIES 11,True
1284,10,MFR--11---,FRENCH 11,False
1284,10,MINST12---,CONTEMPORARY INDIGENOUS STUDIES 12,False
1284,10,MLFSC11---,LIFE SCIENCES 11,False
1284,10,MPH--11---,PHYSICS 11,False
1284,10,MPREC11---,PRE-CALCULUS 11,False
1284,10,YCPA-1AXE-,COMMUNITY LEADERSHIP 11,False
1284,10,YPSYC1AX--,PSYCHOLOGY 11,True
1285,10,MCLE-10---,CAREER LIFE EDUCATION 10,False
1285,10,MCMPS11---,COMPOSITION 11,False
1285,10,MEVSC11---,ENVIRONMENTAL SCIENCE 11,False
1285,10,MLST-12---,LAW STUDIES 12,False
1285,10,MTXT-11---,TEXTILES 11,False
1285,10,MWEX-2A--L,WORK EXPERIENCE 12A LINEAR,False
1285,10,MWPM-11---,WORKPLACE MATHEMATICS 11,False
1285,10,YLAW-2CX--,CRIMINOLOGY 12,False
1285,10,YPA--1CX--,YOGA FOR MINDFULNESS 11,False
1285,10,YPSYC1AX--,PSYCHOLOGY 11,True
1286,10,MEPSS11---,EXPLORATIONS IN SOCIAL STUDIES 11,False
1286,10,MLFSC11---,LIFE SCIENCES 11,False
1286,10,MMAP-11---,MARKETING AND PROMOTION 11,True
1286,10,MMEDD11---,MEDIA DESIGN 11,False
1286,10,MPREC11---,PRE-CALCULUS 11,False
1286,10,YLAW-2CX--,CRIMINOLOGY 12,True
1287,10,ASTA-12---,AP STATISTICS 12,False
1287,10,MCH--11---,CHEMISTRY 11,False
1287,10,MINST12C--,CONTEMPORARY INDIGENOUS STUDIES 12 CHALLENGE,False
1287,10,MLTST11C--,LITERARY STUDIES 11 Challenge,False
1287,10,MPH--11---,PHYSICS 11,False
1287,10,MPREC11---,PRE-CALCULUS 11,False
1287,10,MTDRF11---,DRAFTING 11,True
1287,10,YLAW-2CX--,CRIMINOLOGY 12,False
1287,10,YPSYC1AX--,PSYCHOLOGY 11,False
1288,10,MACLV11G--,ACTIVE LIVING 11 Girls,False
1288,10,MCMPS11---,COMPOSITION 11,False
1288,10,MDRM-11---,DRAMA 11,False
1288,10,MEPSS11---,EXPLORATIONS IN SOCIAL STUDIES 11,False
1288,10,MEVSC11---,ENVIRONMENTAL SCIENCE 11,False
1288,10,MFOOD11---,FOOD STUDIES 11,False
1288,10,MFR--11---,FRENCH 11,False
1288,10,MPREC11---,PRE-CALCULUS 11,False
1288,10,MVAPH11---,PHOTOGRAPHY 11,True
1289,10,MCMPS11---,COMPOSITION 11,False
1289,10,MEPSS11---,EXPLORATIONS IN SOCIAL STUDIES 11,False
1289,10,MFOM-11---,FOUNDATIONS OF MATHEMATICS 11,False
1289,10,MLFSC11---,LIFE SCIENCES 11,False
1290,10,MCMPS11---,COMPOSITION 11,False
1290,10,MEPSS11---,EXPLORATIONS IN SOCIAL STUDIES 11,False
1290,10,MFOM-11---,FOUNDATIONS OF MATHEMATICS 11,False
1290,10,MLFSC11---,LIFE SCIENCES 11,False
1291,10,MCLE-10---,CAREER LIFE EDUCATION 10,False
1291,10,MCMPS11---,COMPOSITION 11,False
1291,10,MEVSC11---,ENVIRONMENTAL SCIENCE 11,False
1291,10,MFOM-11---,FOUNDATIONS OF MATHEMATICS 11,False
1291,10,MIMG-11---,INSTRUMENTAL MUSIC 11: GUITAR,False
1291,10,MLST-12---,LAW STUDIES 12,False
1291,10,MTAUT11---,AUTOMOTIVE TECHNOLOGY 11,False
1291,10,MWH--12---,20th CENTURY WORLD HISTORY 12,True
1291,10,YLAW-2CX--,CRIMINOLOGY 12,False
1292,10,MCMPS11---,COMPOSITION 11,False
1292,10,MMEDD11---,MEDIA DESIGN 11,False
1292,10,MPREC11---,PRE-CALCULUS 11,False
1292,10,MVAST11---,ART STUDIO 11,True
1292,10,YHRA-1AX--,CROSS TRAINING 11,False
1293,10,ASTA-12---,AP STATISTICS 12,False
1293,10,MATPH12---,ANATOMY AND PHYSIOLOGY 12,True
1293,10,MCH--11---,CHEMISTRY 11,False
1293,10,MEC--12---,ECONOMICS 12,False
1293,10,MINST12C--,CONTEMPORARY INDIGENOUS STUDIES 12 CHALLENGE,False
1293,10,MLTST11C--,LITERARY STUDIES 11 Challenge,False
1293,10,MPH--11---,PHYSICS 11,False
1293,10,MPREC11---,PRE-CALCULUS 11,False
1293,10,YLAW-2CX--,CRIMINOLOGY 12,False
1293,10,YLRA-1AX-L,ATHLETIC LEADERSHIP 11 Linear,False
1293,10,YPSYC1AX--,PSYCHOLOGY 11,True
1294,10,MACLV11G--,ACTIVE LIVING 11 Girls,True
1294,10,MCH--11---,CHEMISTRY 11,False
1294,10,MCMCL12---,COMPARATIVE CULTURES 12,False
1294,10,MCMPS11---,COMPOSITION 11,False
1294,10,MDCF-11---,DANCE FOUNDATIONS 11,True
1294,10,MLFSC11---,LIFE SCIENCES 11,False
1294,10,MPH--11---,PHYSICS 11,False
1294,10,MPREC11---,PRE-CALCULUS 11,False
1294,10,YPA--1CX--,YOGA FOR MINDFULNESS 11,False
1294,10,YPSYC1AX--,PSYCHOLOGY 11,False
1295,10,MCH--11---,CHEMISTRY 11,False
1295,10,MCLE-10--L,CAREER LIFE EDUCATION 10 Linear,False
1295,10,MCMPS11---,COMPOSITION 11,False
1295,10,MIMCB11--L,INSTRUMENTAL MUSIC 11: CONCERT BAND LINEAR,False
1295,10,MIMJB11--L,INSTRUMENTAL MUSIC 11: JAZZ BAND LINEAR,False
1295,10,MLST-12---,LAW STUDIES 12,False
1295,10,MPH--11---,PHYSICS 11,False
1295,10,MPREC11---,PRE-CALCULUS 11,False
1295,10,MTXT-11---,TEXTILES 11,True
1295,10,YLAW-2CX--,CRIMINOLOGY 12,False
1295,10,YPSYC1AX--,PSYCHOLOGY 11,True
1296,10,MACLV11FB-,ACTIVE LIVING 11 Football,False
1296,10,MCLE-10--L,CAREER LIFE EDUCATION 10 Linear,False
1296,10,MCMPS11---,COMPOSITION 11,False
1296,10,MFOM-11---,FOUNDATIONS OF MATHEMATICS 11,False
1296,10,MINST12---,CONTEMPORARY INDIGENOUS STUDIES 12,False
1296,10,MLFSC11---,LIFE SCIENCES 11,False
1296,10,MMACS11---,COMPUTER SCIENCE 11,True
1296,10,YED--1DX-L,LEARNING STRATEGIES 11 LINEAR,False
1296,10,YHRA-1AX--,CROSS TRAINING 11,False
1297,10,MCH--11---,CHEMISTRY 11,False
1297,10,MCMCL12---,COMPARATIVE CULTURES 12,False
1297,10,MCMPS11---,COMPOSITION 11,False
1297,10,MENST12---,ENGLISH STUDIES 12,False
1297,10,MEPSS11---,EXPLORATIONS IN SOCIAL STUDIES 11,False
1297,10,MMEDD11---,MEDIA DESIGN 11,False
1297,10,MPREC11---,PRE-CALCULUS 11,False
1297,10,MPREC12---,PRE-CALCULUS 12,False
1298,10,ASTA-12---,AP STATISTICS 12,False
1298,10,MCH--11---,CHEMISTRY 11,False
1298,10,MCLE-10---,CAREER LIFE EDUCATION 10,False
1298,10,MINST12C--,CONTEMPORARY INDIGENOUS STUDIES 12 CHALLENGE,False
1298,10,MLFSC11---,LIFE SCIENCES 11,False
1298,10,MLST-12---,LAW STUDIES 12,True
1298,10,MLTST11C--,LITERARY STUDIES 11 Challenge,False
1298,10,MMACS12---,COMPUTER SCIENCE 12,True
1298,10,MPH--11---,PHYSICS 11,False
1298,10,MPREC12---,PRE-CALCULUS 12,True
1298,10,MPREC12---,PRE-CALCULUS 12,False
1298,10,YPSYC1AX--,PSYCHOLOGY 11,True
1299,10,MCMPS11---,COMPOSITION 11,False
1299,10,MDCF-11---,DANCE FOUNDATIONS 11,True
1299,10,MFOOD11---,FOOD STUDIES 11,True
1299,10,MFR--11---,FRENCH 11,False
1299,10,MPREC11---,PRE-CALCULUS 11,False
1299,10,YPSYC1AX--,PSYCHOLOGY 11,False
1300,10,MCLE-10---,CAREER LIFE EDUCATION 10,False
1300,10,MCMPS11---,COMPOSITION 11,False
1300,10,MEPSS11---,EXPLORATIONS IN SOCIAL STUDIES 11,False
1300,10,MFOOD11---,FOOD STUDIES 11,True
1300,10,MODED11---,OUTDOOR EDUCATION 11,False
1300,10,MPH--11---,PHYSICS 11,False
1300,10,MTAUT11---,AUTOMOTIVE TECHNOLOGY 11,False
1300,10,MWPM-11---,WORKPLACE MATHEMATICS 11,False
1300,10,MWWK-11---,WOODWORK 11,False
1300,10,YED--1DX--,LEARNING STRATEGIES 11,True
1301,10,MCH--11---,CHEMISTRY 11,False
1301,10,MCMPS11---,COMPOSITION 11,False
1301,10,MDNC-11--L,DANCE 11: CHOREOGRAPHY Linear,False
1301,10,MDNCM11--L,DANCE COMPANY 11 Linear,False
1301,10,MLST-12---,LAW STUDIES 12,False
1301,10,MPREC11---,PRE-CALCULUS 11,False
1301,10,YED--1DX-L,LEARNING STRATEGIES 11 LINEAR,False
1302,10,MCH--11---,CHEMISTRY 11,False
1302,10,MCLE-10---,CAREER LIFE EDUCATION 10,False
1302,10,MINST12C--,CONTEMPORARY INDIGENOUS STUDIES 12 CHALLENGE,False
1302,10,MLFSC11---,LIFE SCIENCES 11,False
1302,10,MLTST11C--,LITERARY STUDIES 11 Challenge,False
1302,10,MMACS11---,COMPUTER SCIENCE 11,False
1302,10,MPH--11---,PHYSICS 11,False
1302,10,MPREC11---,PRE-CALCULUS 11,False
1302,10,YLAW-2CX--,CRIMINOLOGY 12,True
1303,10,MACLV11FB-,ACTIVE LIVING 11 Football,False
1303,10,MCLE-10---,CAREER LIFE EDUCATION 10,False
1303,10,MCMPS11---,COMPOSITION 11,False
1303,10,MEVSC11---,ENVIRONMENTAL SCIENCE 11,False
1303,10,MFOOD11---,FOOD STUDIES 11,False
1303,10,MGRPR11--L,GRAPHIC PRODUCTION 11 LINEAR,False
1303,10,MLST-12---,LAW STUDIES 12,False
1303,10,MTAUT11---,AUTOMOTIVE TECHNOLOGY 11,False
1303,10,MVAPH11---,PHOTOGRAPHY 11,True
1303,10,MWEX-2A--L,WORK EXPERIENCE 12A LINEAR,False
1303,10,MWPM-11---,WORKPLACE MATHEMATICS 11,False
1303,10,MWWK-11---,WOODWORK 11,True
1303,10,YHRA-1AX--,CROSS TRAINING 11,False
1303,10,YLRA-1AX-L,ATHLETIC LEADERSHIP 11 Linear,False
1304,10,MACLV11FB-,ACTIVE LIVING 11 Football,False
1304,10,MCLE-10---,CAREER LIFE EDUCATION 10,False
1304,10,MCMPS11---,COMPOSITION 11,False
1304,10,MEVSC11---,ENVIRONMENTAL SCIENCE 11,False
1304,10,MFR--11---,FRENCH 11,False
1304,10,MLST-12---,LAW STUDIES 12,False
1304,10,MWPM-11---,WORKPLACE MATHEMATICS 11,False
1304,10,YHRA-1AX--,CROSS TRAINING 11,False
1305,10,MAC--11---,ACCOUNTING 11,True
1305,10,MACLV11---,ACTIVE LIVING 11,True
1305,10,MCMPS11---,COMPOSITION 11,False
1305,10,MLFSC11---,LIFE SCIENCES 11,False
1305,10,MMAP-11---,MARKETING AND PROMOTION 11,False
1305,10,YLAW-2CX--,CRIMINOLOGY 12,False
1306,10,MCH--11---,CHEMISTRY 11,False
1306,10,MCMPS11---,COMPOSITION 11,False
1306,10,MINST12---,CONTEMPORARY INDIGENOUS STUDIES 12,False
1306,10,MPH--11---,PHYSICS 11,False
1306,10,MPREC11---,PRE-CALCULUS 11,False
1306,10,MTXT-11---,TEXTILES 11,False
1306,10,YED--1DX--,LEARNING STRATEGIES 11,True
1306,10,YLAW-2CX--,CRIMINOLOGY 12,False
1306,10,YPSYC1AX--,PSYCHOLOGY 11,False
1307,10,MCH--11---,CHEMISTRY 11,False
1307,10,MCLE-10---,CAREER LIFE EDUCATION 10,False
1307,10,MCMPS11---,COMPOSITION 11,False
1307,10,MDNC-11--L,DANCE 11: CHOREOGRAPHY Linear,False
1307,10,MDNCM11--L,DANCE COMPANY 11 Linear,False
1307,10,MDNTP11---,DANCE TECHNIQUE AND PERFORMANCE 11,False
1307,10,MEPSS11---,EXPLORATIONS IN SOCIAL STUDIES 11,False
1307,10,MLFSC11---,LIFE SCIENCES 11,True
1307,10,MMEDD11---,MEDIA DESIGN 11,False
1307,10,MPREC11---,PRE-CALCULUS 11,False
1307,10,MTXT-11---,TEXTILES 11,False
1308,10,MCH--11---,CHEMISTRY 11,False
1308,10,MCMPR11AI-,COMPUTER PROGRAMMING 11 AI and Games,True
1308,10,MFOOD11---,FOOD STUDIES 11,False
1308,10,MINST12C--,CONTEMPORARY INDIGENOUS STUDIES 12 CHALLENGE,False
1308,10,MLTST11C--,LITERARY STUDIES 11 Challenge,False
1308,10,MMACS11---,COMPUTER SCIENCE 11,False
1308,10,MPH--11---,PHYSICS 11,False
1308,10,MPREC11---,PRE-CALCULUS 11,False
1308,10,MTAUT11---,AUTOMOTIVE TECHNOLOGY 11,False
1308,10,MVAPH11---,PHOTOGRAPHY 11,True
1309,10,MAC--11---,ACCOUNTING 11,False
1309,10,MCH--11---,CHEMISTRY 11,False
1309,10,MCMPS11---,COMPOSITION 11,False
1309,10,MEPSS11---,EXPLORATIONS IN SOCIAL STUDIES 11,False
1309,10,MMAP-11---,MARKETING AND PROMOTION 11,False
1309,10,MMEDD11---,MEDIA DESIGN 11,False
1309,10,MPREC11---,PRE-CALCULUS 11,False
1309,10,MTXT-11---,TEXTILES 11,False
1309,10,MVAST11---,ART STUDIO 11,True
1310,10,ASTA-12---,AP STATISTICS 12,False
1310,10,MACC-12---,ACCOUNTING 12,True
1310,10,MCH--11---,CHEMISTRY 11,False
1310,10,MCLE-10---,CAREER LIFE EDUCATION 10,False
1310,10,MEC--12---,ECONOMICS 12,True
1310,10,MINST12C--,CONTEMPORARY INDIGENOUS STUDIES 12 CHALLENGE,False
1310,10,MLFSC11---,LIFE SCIENCES 11,False
1310,10,MLTST11C--,LITERARY STUDIES 11 Challenge,False
1310,10,MPH--11---,PHYSICS 11,False
1310,10,MPREC11H--,PRE-CALCULUS 11 HONOURS,False
1310,10,YED--1EX-L,PEER TUTORING 11 LINEAR,False
1311,10,MAC--11---,ACCOUNTING 11,False
1311,10,MCH--11---,CHEMISTRY 11,False
1311,10,MCLE-10---,CAREER LIFE EDUCATION 10,False
1311,10,MCMPS11---,COMPOSITION 11,False
1311,10,MEC--12---,ECONOMICS 12,False
1311,10,MEPSS11---,EXPLORATIONS IN SOCIAL STUDIES 11,False
1311,10,MEVSC11---,ENVIRONMENTAL SCIENCE 11,True
1311,10,MLFSC11---,LIFE SCIENCES 11,False
1311,10,MPREC11---,PRE-CALCULUS 11,False
1311,10,YPSYC1AX--,PSYCHOLOGY 11,True
1312,10,MACC-12---,ACCOUNTING 12,True
1312,10,MCH--11---,CHEMISTRY 11,False
1312,10,MCLE-10---,CAREER LIFE EDUCATION 10,False
1312,10,MCMPS11---,COMPOSITION 11,False
1312,10,MFR--11---,FRENCH 11,False
1312,10,MLST-12---,LAW STUDIES 12,False
1312,10,MPH--11---,PHYSICS 11,False
1312,10,MPREC11---,PRE-CALCULUS 11,False
1312,10,MWEX-2A--L,WORK EXPERIENCE 12A LINEAR,False
1312,10,YCPA-1AX-L,COMMUNITY LEADERSHIP 11 Linear,False
1312,10,YLAW-2CX--,CRIMINOLOGY 12,False
1312,10,YPSYC1AX--,PSYCHOLOGY 11,True
1313,10,ASTA-12---,AP STATISTICS 12,False
1313,10,MCH--11---,CHEMISTRY 11,False
1313,10,MCLE-10---,CAREER LIFE EDUCATION 10,False
1313,10,MFR--11---,FRENCH 11,True
1313,10,MINST12C--,CONTEMPORARY INDIGENOUS STUDIES 12 CHALLENGE,False
1313,10,MLFSC11---,LIFE SCIENCES 11,True
1313,10,MLTST11C--,LITERARY STUDIES 11 Challenge,False
1313,10,MMACS12---,COMPUTER SCIENCE 12,False
1313,10,MPH--11---,PHYSICS 11,False
1313,10,MPREC11H--,PRE-CALCULUS 11 HONOURS,False
1313,10,YCPA-1AX-L,COMMUNITY LEADERSHIP 11 Linear,False
1313,10,YED--1EX-L,PEER TUTORING 11 LINEAR,False
1314,10,ASTA-12---,AP STATISTICS 12,False
1314,10,MACLV11---,ACTIVE LIVING 11,False
1314,10,MCMPS11---,COMPOSITION 11,False
1314,10,MLST-12---,LAW STUDIES 12,False
1314,10,MPH--11---,PHYSICS 11,False
1314,10,MPREC11---,PRE-CALCULUS 11,False
1314,10,MPREC12---,PRE-CALCULUS 12,True
1314,10,MSP--11---,SPANISH 11,False
1314,10,MWH--12---,20th CENTURY WORLD HISTORY 12,True
1314,10,YLAW-2CX--,CRIMINOLOGY 12,False
1315,10,MCH--11---,CHEMISTRY 11,False
1315,10,MCMPR11AI-,COMPUTER PROGRAMMING 11 AI and Games,False
1315,10,MCMPS11---,COMPOSITION 11,False
1315,10,MENR-11---,ENGINEERING 11,True
1315,10,MLFSC11---,LIFE SCIENCES 11,False
1315,10,MLST-12---,LAW STUDIES 12,False
1315,10,MPH--11---,PHYSICS 11,False
1315,10,MPREC11---,PRE-CALCULUS 11,False
1315,10,YCPA-1AX-L,COMMUNITY LEADERSHIP 11 Linear,False
1315,10,YPSYC1AX--,PSYCHOLOGY 11,False
1316,10,MACLV11FB-,ACTIVE LIVING 11 Football,False
1316,10,MCH--11---,CHEMISTRY 11,False
1316,10,MCMPS11---,COMPOSITION 11,False
1316,10,MFOOD11---,FOOD STUDIES 11,False
1316,10,MMAP-11---,MARKETING AND PROMOTION 11,False
1316,10,MPREC11---,PRE-CALCULUS 11,False
1316,10,MWH--12---,20th CENTURY WORLD HISTORY 12,False
1316,10,YHRA-1AX--,CROSS TRAINING 11,False
1316,10,YLAW-2CX--,CRIMINOLOGY 12,True
1316,10,YPSYC1AX--,PSYCHOLOGY 11,True
1317,10,MACLV11FB-,ACTIVE LIVING 11 Football,False
1317,10,MCLE-10---,CAREER LIFE EDUCATION 10,False
1317,10,MCMPS11---,COMPOSITION 11,False
1317,10,MEVSC11---,ENVIRONMENTAL SCIENCE 11,False
1317,10,MFOOD11---,FOOD STUDIES 11,False
1317,10,MLST-12---,LAW STUDIES 12,False
1317,10,MWPM-11---,WORKPLACE MATHEMATICS 11,False
1317,10,YED--1DX--,LEARNING STRATEGIES 11,True
1317,10,YHRA-1AX--,CROSS TRAINING 11,False
1318,10,MCLE-10---,CAREER LIFE EDUCATION 10,False
1318,10,MCMPS11---,COMPOSITION 11,False
1318,10,MLST-12---,LAW STUDIES 12,False
1318,10,MODED11---,OUTDOOR EDUCATION 11,True
1318,10,MPH--11---,PHYSICS 11,False
1318,10,MPREC11---,PRE-CALCULUS 11,False
1318,10,MTAUT11---,AUTOMOTIVE TECHNOLOGY 11,False
1318,10,MVAPH11---,PHOTOGRAPHY 11,False
1318,10,MWWK-11---,WOODWORK 11,True
1318,10,YLAW-2CX--,CRIMINOLOGY 12,False
1319,10,MACC-12---,ACCOUNTING 12,True
1319,10,MATPH12---,ANATOMY AND PHYSIOLOGY 12,False
1319,10,MCH--11---,CHEMISTRY 11,False
1319,10,MCLE-10---,CAREER LIFE EDUCATION 10,False
1319,10,MCMPS11---,COMPOSITION 11,False
1319,10,MLST-12---,LAW STUDIES 12,False
1319,10,MMACS11---,COMPUTER SCIENCE 11,True
1319,10,MPH--11---,PHYSICS 11,False
1319,10,MPREC11H--,PRE-CALCULUS 11 HONOURS,False
1319,10,YED--1EX-L,PEER TUTORING 11 LINEAR,False
1319,10,YPSYC1AX--,PSYCHOLOGY 11,False
1320,10,MCLE-10---,CAREER LIFE EDUCATION 10,False
1320,10,MCMPS11---,COMPOSITION 11,False
1320,10,MEVSC11---,ENVIRONMENTAL SCIENCE 11,False
1320,10,MFOOD11---,FOOD STUDIES 11,False
1320,10,MODED11---,OUTDOOR EDUCATION 11,False
1320,10,MPGEO12---,PHYSICAL GEOGRAPHY 12,False
1320,10,MVAPH11---,PHOTOGRAPHY 11,True
1320,10,MWPM-11---,WORKPLACE MATHEMATICS 11,False
1320,10,YLAW-2CX--,CRIMINOLOGY 12,False
1321,10,MCH--11---,CHEMISTRY 11,False
1321,10,MCLE-10--L,CAREER LIFE EDUCATION 10 Linear,False
1321,10,MCMPS11---,COMPOSITION 11,False
1321,10,MFOOD11---,FOOD STUDIES 11,False
1321,10,MFR--11---,FRENCH 11,True
1321,10,MIMCB11--L,INSTRUMENTAL MUSIC 11: CONCERT BAND LINEAR,False
1321,10,MIMJB11--L,INSTRUMENTAL MUSIC 11: JAZZ BAND LINEAR,False
1321,10,MLFSC11---,LIFE SCIENCES 11,False
1321,10,MPREC11---,PRE-CALCULUS 11,False
1321,10,MSJ--12---,SOCIAL JUSTICE 12,False
1321,10,MTXT-11---,TEXTILES 11,True
1322,10,MAC--11---,ACCOUNTING 11,False
1322,10,MCLE-10---,CAREER LIFE EDUCATION 10,False
1322,10,MCMCL12---,COMPARATIVE CULTURES 12,False
1322,10,MCMPS11---,COMPOSITION 11,False
1322,10,MFOOD11---,FOOD STUDIES 11,True
1322,10,MLST-12---,LAW STUDIES 12,True
1322,10,MPH--11---,PHYSICS 11,False
1322,10,MPH--12---,PHYSICS 12,True
1322,10,MPREC11---,PRE-CALCULUS 11,False
1322,10,MVAPH11---,PHOTOGRAPHY 11,False
1322,10,MWEX-2A--L,WORK EXPERIENCE 12A LINEAR,False
1322,10,YCPA-1AX-L,COMMUNITY LEADERSHIP 11 Linear,False
1322,10,YPSYC1AX--,PSYCHOLOGY 11,False
1323,10,MCH--11---,CHEMISTRY 11,False
1323,10,MCLE-10---,CAREER LIFE EDUCATION 10,False
1323,10,MCMPS11---,COMPOSITION 11,False
1323,10,MGRPR11--L,GRAPHIC PRODUCTION 11 LINEAR,False
1323,10,MLFSC11---,LIFE SCIENCES 11,False
1323,10,MPGEO12---,PHYSICAL GEOGRAPHY 12,False
1323,10,MPH--11---,PHYSICS 11,False
1323,10,MPREC11H--,PRE-CALCULUS 11 HONOURS,False
1323,10,MPREC12---,PRE-CALCULUS 12,True
1323,10,MTXT-11---,TEXTILES 11,True
1323,10,YCPA-1AX-L,COMMUNITY LEADERSHIP 11 Linear,False
1323,10,YED--1EX-L,PEER TUTORING 11 LINEAR,False
1323,10,YLAW-2CX--,CRIMINOLOGY 12,False
1324,10,MATPH12---,ANATOMY AND PHYSIOLOGY 12,True
1324,10,MCH--11---,CHEMISTRY 11,False
1324,10,MCLE-10--L,CAREER LIFE EDUCATION 10 Linear,False
1324,10,MCMCC11--L,CHORAL MUSIC 11: CONCERT CHOIR Linear,False
1324,10,MIMCB11--L,INSTRUMENTAL MUSIC 11: CONCERT BAND LINEAR,False
1324,10,MINST12C--,CONTEMPORARY INDIGENOUS STUDIES 12 CHALLENGE,False
1324,10,MLFSC11---,LIFE SCIENCES 11,False
1324,10,MLTST11C--,LITERARY STUDIES 11 Challenge,False
1324,10,MPH--11---,PHYSICS 11,False
1324,10,MPREC11---,PRE-CALCULUS 11,False
1324,10,MSP--11---,SPANISH 11,True
1324,10,YCPA-1AXE-,COMMUNITY LEADERSHIP 11,False
1325,10,MCLE-10---,CAREER LIFE EDUCATION 10,False
1325,10,MCMPS11---,COMPOSITION 11,False
1325,10,MDNC-11--L,DANCE 11: CHOREOGRAPHY Linear,False
1325,10,MDNCM11--L,DANCE COMPANY 11 Linear,False
1325,10,MDNCN11---,DANCE CONDITIONING 11,True
1325,10,MDNTP11---,DANCE TECHNIQUE AND PERFORMANCE 11,False
1325,10,MEPSS11---,EXPLORATIONS IN SOCIAL STUDIES 11,False
1325,10,MLFSC11---,LIFE SCIENCES 11,False
1325,10,MTXT-11---,TEXTILES 11,False
1325,10,MWPM-11---,WORKPLACE MATHEMATICS 11,False
1325,10,MWWK-11---,WOODWORK 11,True
1325,10,YLAW-2CX--,CRIMINOLOGY 12,False
1326,10,MACLV11---,ACTIVE LIVING 11,False
1326,10,MATPH12---,ANATOMY AND PHYSIOLOGY 12,True
1326,10,MCMPS11---,COMPOSITION 11,False
1326,10,MEPSS11---,EXPLORATIONS IN SOCIAL STUDIES 11,False
1326,10,MEVSC11---,ENVIRONMENTAL SCIENCE 11,False
1326,10,MLST-12---,LAW STUDIES 12,False
1326,10,MPREC11---,PRE-CALCULUS 11,False
1326,10,MSP--11---,SPANISH 11,True
1326,10,MWWK-11---,WOODWORK 11,False
1326,10,YLAW-2CX--,CRIMINOLOGY 12,False
1326,10,YLRA-1AX-L,ATHLETIC LEADERSHIP 11 Linear,False
1327,10,MCH--11---,CHEMISTRY 11,False
1327,10,MCLE-10--L,CAREER LIFE EDUCATION 10 Linear,False
1327,10,MCMCL12---,COMPARATIVE CULTURES 12,False
1327,10,MCMPS11---,COMPOSITION 11,False
1327,10,MDMD-12D--,3D ANIMATION 12,True
1327,10,MIMCB11--L,INSTRUMENTAL MUSIC 11: CONCERT BAND LINEAR,False
1327,10,MIMJB11--L,INSTRUMENTAL MUSIC 11: JAZZ BAND LINEAR,False
1327,10,MPH--11---,PHYSICS 11,False
1327,10,MPREC11---,PRE-CALCULUS 11,False
1327,10,MTDRF11---,DRAFTING 11,False
1327,10,YPSYC1AX--,PSYCHOLOGY 11,True
1328,10,MACLV11---,ACTIVE LIVING 11,True
1328,10,MCLE-10---,CAREER LIFE EDUCATION 10,False
1328,10,MCMPS11---,COMPOSITION 11,False
1328,10,MEVSC11---,ENVIRONMENTAL SCIENCE 11,False
1328,10,MFOOD11---,FOOD STUDIES 11,False
1328,10,MLST-12---,LAW STUDIES 12,False
1328,10,MVAPH11---,PHOTOGRAPHY 11,False
1328,10,MWPM-10---,WORKPLACE MATHEMATICS 10,False
1328,10,MWPM-11---,WORKPLACE MATHEMATICS 11,True
1328,10,YED--1DX--,LEARNING STRATEGIES 11,False
1328,10,YLAW-2CX--,CRIMINOLOGY 12,True
1329,10,MCH--11---,CHEMISTRY 11,False
1329,10,MCH--12---,CHEMISTRY 12,True
1329,10,MCMPS11---,COMPOSITION 11,False
1329,10,MDNC-11--L,DANCE 11: CHOREOGRAPHY Linear,False
1329,10,MDNCM11--L,DANCE COMPANY 11 Linear,False
1329,10,MDNCN11---,DANCE CONDITIONING 11,False
1329,10,MLFSC11---,LIFE SCIENCES 11,True
1329,10,MLST-12---,LAW STUDIES 12,False
1329,10,MPREC11---,PRE-CALCULUS 11,False
1329,10,MSJ--12---,SOCIAL JUSTICE 12,False
1329,10,YCPA-1AX-L,COMMUNITY LEADERSHIP 11 Linear,False
1329,10,YLAW-2CX--,CRIMINOLOGY 12,False
1329,10,YPSYC1AX--,PSYCHOLOGY 11,False
1330,10,MEFWR10---,EFP WRITING 10,False
1330,10,MFOOD11---,FOOD STUDIES 11,False
1330,10,MIMG-11---,INSTRUMENTAL MUSIC 11: GUITAR,False
1330,10,MPHED10---,PHYSICAL AND HEALTH EDUCATION 10,False
1330,10,MSC--10---,SCIENCE 10,False
1330,10,MSS--10---,SOCIAL STUDIES 10,False
1330,10,MTXT-12---,TEXTILES 12,False
1330,10,MWPM-11---,WORKPLACE MATHEMATICS 11,False
1331,10,MCH--11---,CHEMISTRY 11,False
1331,10,MCLE-10---,CAREER LIFE EDUCATION 10,False
1331,10,MCMCL12---,COMPARATIVE CULTURES 12,False
1331,10,MCMPS11---,COMPOSITION 11,False
1331,10,MEVSC11---,ENVIRONMENTAL SCIENCE 11,False
1331,10,MLFSC11---,LIFE SCIENCES 11,False
1331,10,MODED11---,OUTDOOR EDUCATION 11,False
1331,10,MPREC11---,PRE-CALCULUS 11,False
1332,10,MAC--11---,ACCOUNTING 11,False
1332,10,MCH--11---,CHEMISTRY 11,False
1332,10,MCH--12---,CHEMISTRY 12,False
1332,10,MCLE-10---,CAREER LIFE EDUCATION 10,False
1332,10,MGRPR11--L,GRAPHIC PRODUCTION 11 LINEAR,False
1332,10,MINST12C--,CONTEMPORARY INDIGENOUS STUDIES 12 CHALLENGE,False
1332,10,MLFSC11---,LIFE SCIENCES 11,True
1332,10,MLST-12---,LAW STUDIES 12,True
1332,10,MLTST11C--,LITERARY STUDIES 11 Challenge,False
1332,10,MPH--11---,PHYSICS 11,False
1332,10,MPREC11---,PRE-CALCULUS 11,False
1332,10,YCPA-1AX-L,COMMUNITY LEADERSHIP 11 Linear,False
1333,10,MACLV11G--,ACTIVE LIVING 11 Girls,False
1333,10,MCMPS11---,COMPOSITION 11,False
1333,10,MDCF-11---,DANCE FOUNDATIONS 11,True
1333,10,MLFSC11---,LIFE SCIENCES 11,False
1333,10,YPA--1CX--,YOGA FOR MINDFULNESS 11,True
1333,10,YPSYC1AX--,PSYCHOLOGY 11,False
1334,10,MCH--11---,CHEMISTRY 11,False
1334,10,MCLE-10--L,CAREER LIFE EDUCATION 10 Linear,False
1334,10,MCMCC11--L,CHORAL MUSIC 11: CONCERT CHOIR Linear,False
1334,10,MCMPS11---,COMPOSITION 11,False
1334,10,MDRM-11---,DRAMA 11,False
1334,10,MIMCB11--L,INSTRUMENTAL MUSIC 11: CONCERT BAND LINEAR,False
1334,10,MLFSC11---,LIFE SCIENCES 11,True
1334,10,MPREC11---,PRE-CALCULUS 11,False
1334,10,MSJ--12---,SOCIAL JUSTICE 12,False
1334,10,MSP--11---,SPANISH 11,False
1334,10,MTXT-11---,TEXTILES 11,True
1334,10,YCPA-1AXE-,COMMUNITY LEADERSHIP 11,False
1335,10,MACC-12---,ACCOUNTING 12,True
1335,10,MCH--11---,CHEMISTRY 11,False
1335,10,MCLE-10--L,CAREER LIFE EDUCATION 10 Linear,False
1335,10,MCMPS11---,COMPOSITION 11,False
1335,10,MFOOD11---,FOOD STUDIES 11,True
1335,10,MIMCB11--L,INSTRUMENTAL MUSIC 11: CONCERT BAND LINEAR,False
1335,10,MLST-12---,LAW STUDIES 12,False
1335,10,MPH--11---,PHYSICS 11,False
1335,10,MPREC11---,PRE-CALCULUS 11,False
1335,10,MSP--11---,SPANISH 11,False
1336,10,MATPH12---,ANATOMY AND PHYSIOLOGY 12,False
1336,10,MCLE-10---,CAREER LIFE EDUCATION 10,False
1336,10,MCMPS11---,COMPOSITION 11,False
1336,10,MFOOD11---,FOOD STUDIES 11,False
1336,10,MLST-12---,LAW STUDIES 12,False
1336,10,MPH--11---,PHYSICS 11,False
1336,10,MPREC11---,PRE-CALCULUS 11,False
1336,10,YED--1DX--,LEARNING STRATEGIES 11,False
1337,10,MACLV11FB-,ACTIVE LIVING 11 Football,False
1337,10,MBSP-11---,INTRODUCTORY SPANISH 11,False
1337,10,MCLE-10---,CAREER LIFE EDUCATION 10,False
1337,10,MCMPS11---,COMPOSITION 11,False
1337,10,MEPSS11---,EXPLORATIONS IN SOCIAL STUDIES 11,False
1337,10,MEVSC11---,ENVIRONMENTAL SCIENCE 11,False
1337,10,MWPM-11---,WORKPLACE MATHEMATICS 11,False
1337,10,YHRA-1AX--,CROSS TRAINING 11,False
1337,10,YPSYC1AX--,PSYCHOLOGY 11,False
1338,10,MCH--11---,CHEMISTRY 11,False
1338,10,MCMPS11---,COMPOSITION 11,False
1338,10,MEC--12---,ECONOMICS 12,True
1338,10,MEPSS11---,EXPLORATIONS IN SOCIAL STUDIES 11,False
1338,10,MLFSC11---,LIFE SCIENCES 11,False
1338,10,MLST-12---,LAW STUDIES 12,True
1338,10,MPH--11---,PHYSICS 11,False
1338,10,MPREC11---,PRE-CALCULUS 11,False
1338,10,YCPA-1AX-L,COMMUNITY LEADERSHIP 11 Linear,False
1338,10,YLAW-2CX--,CRIMINOLOGY 12,False
1338,10,YPSYC1AX--,PSYCHOLOGY 11,False
1339,10,MCLE-10---,CAREER LIFE EDUCATION 10,False
1339,10,MCMPR11AI-,COMPUTER PROGRAMMING 11 AI and Games,True
1339,10,MCMPS11---,COMPOSITION 11,False
1339,10,MDMD-12D--,3D ANIMATION 12,True
1339,10,MLST-12---,LAW STUDIES 12,False
1339,10,MMACS12---,COMPUTER SCIENCE 12,False
1339,10,MPH--11---,PHYSICS 11,False
1339,10,MPREC11---,PRE-CALCULUS 11,False
1339,10,MTDRF11---,DRAFTING 11,False
1339,10,YLAW-2CX--,CRIMINOLOGY 12,False
1340,10,MACLV11FB-,ACTIVE LIVING 11 Football,False
1340,10,MCLE-10---,CAREER LIFE EDUCATION 10,False
1340,10,MCMPS11---,COMPOSITION 11,False
1340,10,MEVSC11---,ENVIRONMENTAL SCIENCE 11,False
1340,10,MFOOD11---,FOOD STUDIES 11,False
1340,10,MLST-12---,LAW STUDIES 12,False
1340,10,MMACS11---,COMPUTER SCIENCE 11,True
1340,10,MPREC11---,PRE-CALCULUS 11,False
1340,10,MVAPH11---,PHOTOGRAPHY 11,True
1340,10,YHRA-1AX--,CROSS TRAINING 11,False
1341,10,MACLV12---,ACTIVE LIVING 12,False
1341,10,MCLE-10---,CAREER LIFE EDUCATION 10,False
1341,10,MCMPS11---,COMPOSITION 11,False
1341,10,MEPSS11---,EXPLORATIONS IN SOCIAL STUDIES 11,False
1341,10,MEVSC11---,ENVIRONMENTAL SCIENCE 11,True
1341,10,MPGEO12---,PHYSICAL GEOGRAPHY 12,False
1341,10,MPH--11---,PHYSICS 11,False
1341,10,MPREC11---,PRE-CALCULUS 11,False
1341,10,MWH--12---,20th CENTURY WORLD HISTORY 12,False
1342,10,MCMPS11---,COMPOSITION 11,False
1342,10,MEPSS11---,EXPLORATIONS IN SOCIAL STUDIES 11,False
1342,10,MEVSC11---,ENVIRONMENTAL SCIENCE 11,False
1342,10,MFOM-11---,FOUNDATIONS OF MATHEMATICS 11,False
1342,10,MMAP-11---,MARKETING AND PROMOTION 11,False
1342,10,MTXT-11---,TEXTILES 11,False
1342,10,MVAST11---,ART STUDIO 11,False
1342,10,MWWK-11---,WOODWORK 11,True
1342,10,YED--1DX--,LEARNING STRATEGIES 11,False
1342,10,YPA--1CX--,YOGA FOR MINDFULNESS 11,True
1342,10,YPSYC1AX--,PSYCHOLOGY 11,True
1343,10,MBSP-11---,INTRODUCTORY SPANISH 11,False
1343,10,MCMPS11---,COMPOSITION 11,False
1343,10,MDCF-11---,DANCE FOUNDATIONS 11,False
1343,10,MFOM-11---,FOUNDATIONS OF MATHEMATICS 11,False
1343,10,MVAPH11---,PHOTOGRAPHY 11,True
1343,10,MVAST11---,ART STUDIO 11,True
1344,10,MACLV11G--,ACTIVE LIVING 11 Girls,False
1344,10,MCMPS11---,COMPOSITION 11,False
1344,10,MFOOD11---,FOOD STUDIES 11,True
1344,10,MTXT-11---,TEXTILES 11,False
1344,10,MVAST11---,ART STUDIO 11,False
1344,10,MWWK-11---,WOODWORK 11,True
1345,10,MCH--11---,CHEMISTRY 11,False
1345,10,MCLE-10---,CAREER LIFE EDUCATION 10,False
1345,10,MINST12C--,CONTEMPORARY INDIGENOUS STUDIES 12 CHALLENGE,False
1345,10,MLFSC11---,LIFE SCIENCES 11,True
1345,10,MLTST11C--,LITERARY STUDIES 11 Challenge,False
1345,10,MMACS12---,COMPUTER SCIENCE 12,False
1345,10,MPH--11---,PHYSICS 11,False
1345,10,MPREC11---,PRE-CALCULUS 11,False
1345,10,MSP--11---,SPANISH 11,False
1345,10,MTDRF11---,DRAFTING 11,True
1346,10,MCH--11---,CHEMISTRY 11,False
1346,10,MCH--12---,CHEMISTRY 12,True
1346,10,MCLE-10---,CAREER LIFE EDUCATION 10,False
1346,10,MCMCL12---,COMPARATIVE CULTURES 12,False
1346,10,MCMPS11---,COMPOSITION 11,False
1346,10,MPH--11---,PHYSICS 11,False
1346,10,MPREC11H--,PRE-CALCULUS 11 HONOURS,False
1346,10,MSP--11---,SPANISH 11,True
1346,10,MTAUT11---,AUTOMOTIVE TECHNOLOGY 11,False
1346,10,YLAW-2CX--,CRIMINOLOGY 12,False
1347,10,MCMPS11---,COMPOSITION 11,False
1347,10,MEPSS11---,EXPLORATIONS IN SOCIAL STUDIES 11,False
1347,10,MFOM-11---,FOUNDATIONS OF MATHEMATICS 11,False
1347,10,MLFSC11---,LIFE SCIENCES 11,False
1348,10,MCMPS11---,COMPOSITION 11,False
1348,10,MFOM-11---,FOUNDATIONS OF MATHEMATICS 11,False
1348,10,MLFSC11---,LIFE SCIENCES 11,False
1348,10,MTXT-11---,TEXTILES 11,False
1348,10,YPSYC1AX--,PSYCHOLOGY 11,True
1349,10,MATPH12---,ANATOMY AND PHYSIOLOGY 12,False
1349,10,MCH--11---,CHEMISTRY 11,False
1349,10,MCLE-10---,CAREER LIFE EDUCATION 10,False
1349,10,MCMPS11---,COMPOSITION 11,False
1349,10,MFOOD11---,FOOD STUDIES 11,False
1349,10,MLFSC11---,LIFE SCIENCES 11,True
1349,10,MLST-12---,LAW STUDIES 12,False
1349,10,MPREC11---,PRE-CALCULUS 11,False
1349,10,MWEX-2A--L,WORK EXPERIENCE 12A LINEAR,False
1349,10,YLRA-1AX-L,ATHLETIC LEADERSHIP 11 Linear,False
1349,10,YPSYC1AX--,PSYCHOLOGY 11,False
1350,10,MACLV11---,ACTIVE LIVING 11,True
1350,10,MCH--11---,CHEMISTRY 11,False
1350,10,MCLE-10---,CAREER LIFE EDUCATION 10,False
1350,10,MCMCL12---,COMPARATIVE CULTURES 12,False
1350,10,MCMPS11---,COMPOSITION 11,False
1350,10,MENR-11---,ENGINEERING 11,True
1350,10,MFOOD11---,FOOD STUDIES 11,False
1350,10,MLST-12---,LAW STUDIES 12,True
1350,10,MPH--11---,PHYSICS 11,False
1350,10,MPREC11---,PRE-CALCULUS 11,False
1350,10,YLAW-2CX--,CRIMINOLOGY 12,False
1351,10,MATPH12---,ANATOMY AND PHYSIOLOGY 12,False
1351,10,MCH--11---,CHEMISTRY 11,False
1351,10,MCLE-10---,CAREER LIFE EDUCATION 10,False
1351,10,MCMPS11---,COMPOSITION 11,False
1351,10,MINST12---,CONTEMPORARY INDIGENOUS STUDIES 12,False
1351,10,MPH--11---,PHYSICS 11,False
1351,10,MPREC11---,PRE-CALCULUS 11,False
1351,10,YPSYC1AX--,PSYCHOLOGY 11,False
1352,10,MCMPS11---,COMPOSITION 11,False
1352,10,MEPSS11---,EXPLORATIONS IN SOCIAL STUDIES 11,False
1352,10,MFOM-11---,FOUNDATIONS OF MATHEMATICS 11,False
1352,10,MLFSC11---,LIFE SCIENCES 11,False
1353,10,MCLE-10---,CAREER LIFE EDUCATION 10,False
1353,10,MDNC-11--L,DANCE 11: CHOREOGRAPHY Linear,False
1353,10,MDNCM11--L,DANCE COMPANY 11 Linear,False
1353,10,MFOM-11---,FOUNDATIONS OF MATHEMATICS 11,False
1353,10,MINST12C--,CONTEMPORARY INDIGENOUS STUDIES 12 CHALLENGE,False
1353,10,MLFSC11---,LIFE SCIENCES 11,False
1353,10,MLTST11C--,LITERARY STUDIES 11 Challenge,False
1353,10,MSP--10---,SPANISH 10,False
1353,10,MSP--11---,SPANISH 11,False
1353,10,YLAW-2CX--,CRIMINOLOGY 12,True
1353,10,YPSYC1AX--,PSYCHOLOGY 11,False
1354,10,MCLE-10---,CAREER LIFE EDUCATION 10,False
1354,10,MCMPS11---,COMPOSITION 11,False
1354,10,MFOOD11---,FOOD STUDIES 11,False
1354,10,MIMG-11---,INSTRUMENTAL MUSIC 11: GUITAR,True
1354,10,MLFSC11---,LIFE SCIENCES 11,False
1354,10,MTXT-11---,TEXTILES 11,False
1354,10,MWH--12---,20th CENTURY WORLD HISTORY 12,False
1354,10,MWPM-11---,WORKPLACE MATHEMATICS 11,False
1354,10,YCPA-1AXE-,COMMUNITY LEADERSHIP 11,False
1354,10,YLAW-2CX--,CRIMINOLOGY 12,False
1355,10,MCLE-10--L,CAREER LIFE EDUCATION 10 Linear,False
1355,10,MCMCC11--L,CHORAL MUSIC 11: CONCERT CHOIR Linear,False
1355,10,MCMPS11---,COMPOSITION 11,False
1355,10,MFOOD11---,FOOD STUDIES 11,True
1355,10,MIMCB11--L,INSTRUMENTAL MUSIC 11: CONCERT BAND LINEAR,False
1355,10,MLFSC11---,LIFE SCIENCES 11,False
1355,10,MPREC11---,PRE-CALCULUS 11,False
1355,10,MTXT-11---,TEXTILES 11,True
1355,10,MWH--12---,20th CENTURY WORLD HISTORY 12,False
1355,10,YCPA-1AXE-,COMMUNITY LEADERSHIP 11,False
1355,10,YLAW-2CX--,CRIMINOLOGY 12,False
1355,10,YPSYC1AX--,PSYCHOLOGY 11,False
1356,10,MACLV11G--,ACTIVE LIVING 11 Girls,False
1356,10,MCMPS11---,COMPOSITION 11,True
1356,10,MIMG-11---,INSTRUMENTAL MUSIC 11: GUITAR,True
1356,10,MMAP-11---,MARKETING AND PROMOTION 11,False
1356,10,MTXT-11---,TEXTILES 11,False
1356,10,MVAST11---,ART STUDIO 11,False
1357,10,ASTA-12---,AP STATISTICS 12,False
1357,10,MACC-12---,ACCOUNTING 12,False
1357,10,MCLE-10--L,CAREER LIFE EDUCATION 10 Linear,False
1357,10,MIMCB11--L,INSTRUMENTAL MUSIC 11: CONCERT BAND LINEAR,False
1357,10,MIMJB11--L,INSTRUMENTAL MUSIC 11: JAZZ BAND LINEAR,False
1357,10,MINST12C--,CONTEMPORARY INDIGENOUS STUDIES 12 CHALLENGE,False
1357,10,MLST-12---,LAW STUDIES 12,True
1357,10,MLTST11C--,LITERARY STUDIES 11 Challenge,False
1357,10,MMACS11---,COMPUTER SCIENCE 11,True
1357,10,MPH--11---,PHYSICS 11,False
1357,10,MPREC11H--,PRE-CALCULUS 11 HONOURS,False
1358,10,ASTA-12---,AP STATISTICS 12,False
1358,10,MAC--11---,ACCOUNTING 11,True
1358,10,MCH--11---,CHEMISTRY 11,False
1358,10,MEC--12---,ECONOMICS 12,False
1358,10,MINST12C--,CONTEMPORARY INDIGENOUS STUDIES 12 CHALLENGE,False
1358,10,MLST-12---,LAW STUDIES 12,True
1358,10,MLTST11C--,LITERARY STUDIES 11 Challenge,False
1358,10,MMACS12---,COMPUTER SCIENCE 12,False
1358,10,MPH--11---,PHYSICS 11,False
1358,10,MPREC11H--,PRE-CALCULUS 11 HONOURS,False
1358,10,YED--1EX-L,PEER TUTORING 11 LINEAR,False
1359,10,MATPH12---,ANATOMY AND PHYSIOLOGY 12,False
1359,10,MCH--11---,CHEMISTRY 11,False
1359,10,MCLE-10---,CAREER LIFE EDUCATION 10,False
1359,10,MCMPS11---,COMPOSITION 11,False
1359,10,MFR--12---,FRENCH 12,True
1359,10,MGRPR11--L,GRAPHIC PRODUCTION 11 LINEAR,False
1359,10,MLFSC11---,LIFE SCIENCES 11,False
1359,10,MLST-12---,LAW STUDIES 12,False
1359,10,MMACS12---,COMPUTER SCIENCE 12,True
1359,10,MPH--11---,PHYSICS 11,False
1359,10,MPREC11H--,PRE-CALCULUS 11 HONOURS,False
1359,10,YCPA-1AX-L,COMMUNITY LEADERSHIP 11 Linear,False
1360,10,MCLE-10---,CAREER LIFE EDUCATION 10,False
1360,10,MCMPS11---,COMPOSITION 11,False
1360,10,MDRM-11---,DRAMA 11,True
1360,10,MEPSS11---,EXPLORATIONS IN SOCIAL STUDIES 11,False
1360,10,MEVSC11---,ENVIRONMENTAL SCIENCE 11,False
1360,10,MEVSC12C--,ENVIRONMENTAL SCIENCE 12 - CLIMATE CHANGE,True
1360,10,MWPM-11---,WORKPLACE MATHEMATICS 11,False
1360,10,YED--1DX--,LEARNING STRATEGIES 11,False
1360,10,YLAW-2CX--,CRIMINOLOGY 12,False
1360,10,YPSYC1AX--,PSYCHOLOGY 11,False
1361,10,MDMD-12D--,3D ANIMATION 12,False
1361,10,MDRM-11---,DRAMA 11,False
1361,10,MMAP-11---,MARKETING AND PROMOTION 11,False
1361,10,MMEDD11---,MEDIA DESIGN 11,True
1361,10,MVAPH11---,PHOTOGRAPHY 11,False
1362,10,MCH--11---,CHEMISTRY 11,False
1362,10,MCMPR11AI-,COMPUTER PROGRAMMING 11 AI and Games,False
1362,10,MCMPS11---,COMPOSITION 11,False
1362,10,MFOOD11---,FOOD STUDIES 11,False
1362,10,MLST-12---,LAW STUDIES 12,False
1362,10,MMACS11---,COMPUTER SCIENCE 11,False
1362,10,MPH--11---,PHYSICS 11,False
1362,10,MPREC12---,PRE-CALCULUS 12,False
1363,10,MACLV11---,ACTIVE LIVING 11,False
1363,10,MCLE-10---,CAREER LIFE EDUCATION 10,False
1363,10,MCMPS11---,COMPOSITION 11,False
1363,10,MEVSC11---,ENVIRONMENTAL SCIENCE 11,False
1363,10,MFOOD11---,FOOD STUDIES 11,True
1363,10,MMAP-11---,MARKETING AND PROMOTION 11,True
1363,10,MSC--10---,SCIENCE 10,False
1363,10,MWH--12---,20th CENTURY WORLD HISTORY 12,False
1363,10,MWPM-11---,WORKPLACE MATHEMATICS 11,False
1363,10,YED--1DX--,LEARNING STRATEGIES 11,False
1363,10,YLAW-2CX--,CRIMINOLOGY 12,True
1364,10,MCH--11---,CHEMISTRY 11,False
1364,10,MCLE-10--L,CAREER LIFE EDUCATION 10 Linear,False
1364,10,MENR-11---,ENGINEERING 11,False
1364,10,MIMCB11--L,INSTRUMENTAL MUSIC 11: CONCERT BAND LINEAR,False
1364,10,MIMJB11--L,INSTRUMENTAL MUSIC 11: JAZZ BAND LINEAR,False
1364,10,MINST12C--,CONTEMPORARY INDIGENOUS STUDIES 12 CHALLENGE,False
1364,10,MLTST11C--,LITERARY STUDIES 11 Challenge,False
1364,10,MPH--11---,PHYSICS 11,False
1364,10,MPREC11---,PRE-CALCULUS 11,False
1364,10,MTAUT11---,AUTOMOTIVE TECHNOLOGY 11,True
1364,10,MTROB11--L,ROBOTICS 11 LINEAR,False
1364,10,YCPA-1AXE-,COMMUNITY LEADERSHIP 11,False
1364,10,YLAW-2CX--,CRIMINOLOGY 12,True
1365,10,MDRM-11---,DRAMA 11,False
1365,10,MINST12C--,CONTEMPORARY INDIGENOUS STUDIES 12 CHALLENGE,False
1365,10,MLFSC11---,LIFE SCIENCES 11,False
1365,10,MLTST11C--,LITERARY STUDIES 11 Challenge,False
1365,10,MMACS11---,COMPUTER SCIENCE 11,True
1365,10,MMEDD11---,MEDIA DESIGN 11,False
1365,10,MPREC11---,PRE-CALCULUS 11,False
1365,10,MVAPH11---,PHOTOGRAPHY 11,False
1365,10,YPSYC1AX--,PSYCHOLOGY 11,False
1366,10,MAC--11---,ACCOUNTING 11,False
1366,10,MACLV11G--,ACTIVE LIVING 11 Girls,False
1366,10,MCH--11---,CHEMISTRY 11,False
1366,10,MCMCL12---,COMPARATIVE CULTURES 12,False
1366,10,MCMPS11---,COMPOSITION 11,False
1366,10,MDRM-11---,DRAMA 11,True
1366,10,MEVSC11---,ENVIRONMENTAL SCIENCE 11,False
1366,10,MMEDD11---,MEDIA DESIGN 11,True
1366,10,MPREC12---,PRE-CALCULUS 12,False
1366,10,YPSYC1AX--,PSYCHOLOGY 11,False
1367,10,MCMPS11---,COMPOSITION 11,False
1367,10,MSP--11---,SPANISH 11,False
1367,10,MVAPH11---,PHOTOGRAPHY 11,False
1367,10,MVAST11---,ART STUDIO 11,False
1367,10,YPSYC1AX--,PSYCHOLOGY 11,True
1368,10,MCLE-10---,CAREER LIFE EDUCATION 10,False
1368,10,MCMPS11---,COMPOSITION 11,False
1368,10,MEVSC11---,ENVIRONMENTAL SCIENCE 11,False
1368,10,MFOM-11---,FOUNDATIONS OF MATHEMATICS 11,False
1368,10,MFOOD11---,FOOD STUDIES 11,False
1368,10,MFR--09---,FRENCH 9,False
1368,10,MINST12---,CONTEMPORARY INDIGENOUS STUDIES 12,False
1368,10,MLFSC11---,LIFE SCIENCES 11,False
1369,10,MACLV11---,ACTIVE LIVING 11,False
1369,10,MCLE-10---,CAREER LIFE EDUCATION 10,False
1369,10,MCMPS11---,COMPOSITION 11,False
1369,10,MEPSS11---,EXPLORATIONS IN SOCIAL STUDIES 11,False
1369,10,MEVSC12C--,ENVIRONMENTAL SCIENCE 12 - CLIMATE CHANGE,False
1369,10,MFOOD11---,FOOD STUDIES 11,False
1369,10,MPREC11---,PRE-CALCULUS 11,False
1369,10,MSP--11---,SPANISH 11,False
1369,10,MTAUT11---,AUTOMOTIVE TECHNOLOGY 11,True
1369,10,MWWK-11---,WOODWORK 11,True
1370,10,MAC--11---,ACCOUNTING 11,False
1370,10,MCMPS11---,COMPOSITION 11,False
1370,10,MEVSC11---,ENVIRONMENTAL SCIENCE 11,True
1370,10,MFR--11---,FRENCH 11,False
1370,10,MTXT-11---,TEXTILES 11,False
1370,10,YPSYC1AX--,PSYCHOLOGY 11,True
1371,10,MACLV11---,ACTIVE LIVING 11,False
1371,10,MCMPS11---,COMPOSITION 11,False
1371,10,MDRM-11---,DRAMA 11,False
1371,10,MENR-11---,ENGINEERING 11,False
1371,10,MEVSC11---,ENVIRONMENTAL SCIENCE 11,False
1371,10,MODED11---,OUTDOOR EDUCATION 11,False
1371,10,MPREC11---,PRE-CALCULUS 11,False
1371,10,MTDRF11---,DRAFTING 11,False
1371,10,MWWK-11---,WOODWORK 11,True
1372,10,MCH--11---,CHEMISTRY 11,False
1372,10,MCLE-10---,CAREER LIFE EDUCATION 10,False
1372,10,MCMCL12---,COMPARATIVE CULTURES 12,True
1372,10,MCMPS11---,COMPOSITION 11,False
1372,10,MFOOD11---,FOOD STUDIES 11,True
1372,10,MLST-12---,LAW STUDIES 12,False
1372,10,MPREC11H--,PRE-CALCULUS 11 HONOURS,False
1372,10,MSP--11---,SPANISH 11,False
1372,10,MTDRF11---,DRAFTING 11,False
1372,10,YLAW-2CX--,CRIMINOLOGY 12,False
1373,10,MAC--11---,ACCOUNTING 11,True
1373,10,MACLV11---,ACTIVE LIVING 11,False
1373,10,MCH--11---,CHEMISTRY 11,False
1373,10,MCMPS11---,COMPOSITION 11,False
1373,10,MFOOD11---,FOOD STUDIES 11,False
1373,10,MINST12---,CONTEMPORARY INDIGENOUS STUDIES 12,False
1373,10,MPH--11---,PHYSICS 11,False
1373,10,MPREC12---,PRE-CALCULUS 12,False
1373,10,MTAUT11---,AUTOMOTIVE TECHNOLOGY 11,False
1373,10,YLAW-2CX--,CRIMINOLOGY 12,True
1374,10,MATPH12---,ANATOMY AND PHYSIOLOGY 12,False
1374,10,MCH--11---,CHEMISTRY 11,False
1374,10,MCH--12---,CHEMISTRY 12,False
1374,10,MCMCL12---,COMPARATIVE CULTURES 12,False
1374,10,MCMPS11---,COMPOSITION 11,False
1374,10,MEVSC12C--,ENVIRONMENTAL SCIENCE 12 - CLIMATE CHANGE,True
1374,10,MLFSC11---,LIFE SCIENCES 11,False
1374,10,MPH--11---,PHYSICS 11,False
1374,10,MPH--12---,PHYSICS 12,True
1374,10,MPREC11H--,PRE-CALCULUS 11 HONOURS,False
1374,10,MWEX-2B--L,WORK EXPERIENCE 12B LINEAR,False
1374,10,YCPA-1AX-L,COMMUNITY LEADERSHIP 11 Linear,False
1375,10,MACLV11G--,ACTIVE LIVING 11 Girls,False
1375,10,MCMPS11---,COMPOSITION 11,False
1375,10,MEVSC11---,ENVIRONMENTAL SCIENCE 11,False
1375,10,MLFSC11---,LIFE SCIENCES 11,False
1375,10,MPGEO12---,PHYSICAL GEOGRAPHY 12,True
1375,10,YPA--1CX--,YOGA FOR MINDFULNESS 11,True
1376,10,MATPH12---,ANATOMY AND PHYSIOLOGY 12,False
1376,10,MCH--11---,CHEMISTRY 11,False
1376,10,MCLE-10---,CAREER LIFE EDUCATION 10,False
1376,10,MGRPR11--L,GRAPHIC PRODUCTION 11 LINEAR,False
1376,10,MINST12C--,CONTEMPORARY INDIGENOUS STUDIES 12 CHALLENGE,False
1376,10,MLFSC11---,LIFE SCIENCES 11,True
1376,10,MLTST11C--,LITERARY STUDIES 11 Challenge,False
1376,10,MPH--11---,PHYSICS 11,False
1376,10,MPREC11H--,PRE-CALCULUS 11 HONOURS,False
1376,10,MTROB11---,ROBOTICS 11,False
1377,10,MAC--11---,ACCOUNTING 11,False
1377,10,MCLE-10---,CAREER LIFE EDUCATION 10,False
1377,10,MCMPS11---,COMPOSITION 11,False
1377,10,MEC--12---,ECONOMICS 12,True
1377,10,MEPSS11---,EXPLORATIONS IN SOCIAL STUDIES 11,False
1377,10,MEVSC11---,ENVIRONMENTAL SCIENCE 11,True
1377,10,MLFSC11---,LIFE SCIENCES 11,False
1377,10,MPREC11---,PRE-CALCULUS 11,False
1377,10,MPREC12---,PRE-CALCULUS 12,False
1377,10,MSC--10---,SCIENCE 10,False
1378,10,MCH--11---,CHEMISTRY 11,False
1378,10,MCMPS11---,COMPOSITION 11,False
1378,10,MLFSC11---,LIFE SCIENCES 11,False
1378,10,MLST-12---,LAW STUDIES 12,False
1378,10,MMAP-11---,MARKETING AND PROMOTION 11,False
1378,10,MPH--11---,PHYSICS 11,False
1378,10,MPREC11---,PRE-CALCULUS 11,False
1378,10,MPREC12---,PRE-CALCULUS 12,False
1378,10,YLRA-1AX-L,ATHLETIC LEADERSHIP 11 Linear,False
1379,10,MCLE-10---,CAREER LIFE EDUCATION 10,False
1379,10,MCMPS11---,COMPOSITION 11,False
1379,10,MEPSS11---,EXPLORATIONS IN SOCIAL STUDIES 11,False
1379,10,MMAP-11---,MARKETING AND PROMOTION 11,False
1379,10,MMEDD11---,MEDIA DESIGN 11,False
1379,10,MPH--11---,PHYSICS 11,False
1379,10,MPREC11---,PRE-CALCULUS 11,False
1379,10,MVAST11---,ART STUDIO 11,False
1380,10,MCLE-10---,CAREER LIFE EDUCATION 10,False
1380,10,MCMPS10---,COMPOSITION 10,False
1380,10,MCMPS11---,COMPOSITION 11,False
1380,10,MDNCN11---,DANCE CONDITIONING 11,False
1380,10,MDRM-11---,DRAMA 11,False
1380,10,MEPSS11---,EXPLORATIONS IN SOCIAL STUDIES 11,True
1380,10,MEVSC11---,ENVIRONMENTAL SCIENCE 11,False
1380,10,MTAUT11---,AUTOMOTIVE TECHNOLOGY 11,False
1380,10,MWPM-11---,WORKPLACE MATHEMATICS 11,False
1380,10,YPA--1CX--,YOGA FOR MINDFULNESS 11,True
1381,10,MATPH12---,ANATOMY AND PHYSIOLOGY 12,False
1381,10,MCH--11---,CHEMISTRY 11,False
1381,10,MCLE-10--L,CAREER LIFE EDUCATION 10 Linear,False
1381,10,MCMPS11---,COMPOSITION 11,False
1381,10,MIMCB11--L,INSTRUMENTAL MUSIC 11: CONCERT BAND LINEAR,False
1381,10,MPH--11---,PHYSICS 11,False
1381,10,MPREC12---,PRE-CALCULUS 12,False
1381,10,MTAUT11---,AUTOMOTIVE TECHNOLOGY 11,True
1381,10,MWH--12---,20th CENTURY WORLD HISTORY 12,False
1382,10,MACLV11---,ACTIVE LIVING 11,True
1382,10,MCLE-10--L,CAREER LIFE EDUCATION 10 Linear,False
1382,10,MCMPS11---,COMPOSITION 11,False
1382,10,MIMCB11--L,INSTRUMENTAL MUSIC 11: CONCERT BAND LINEAR,False
1382,10,MIMG-11---,INSTRUMENTAL MUSIC 11: GUITAR,False
1382,10,MIMJB11--L,INSTRUMENTAL MUSIC 11: JAZZ BAND LINEAR,False
1382,10,MLST-12---,LAW STUDIES 12,False
1382,10,MPH--11---,PHYSICS 11,False
1382,10,MPREC11---,PRE-CALCULUS 11,False
1382,10,MSP--11---,SPANISH 11,False
1382,10,YLAW-2CX--,CRIMINOLOGY 12,True
1383,10,MCLE-10---,CAREER LIFE EDUCATION 10,False
1383,10,MCMPS11---,COMPOSITION 11,False
1383,10,MLST-12---,LAW STUDIES 12,False
1383,10,MODED11---,OUTDOOR EDUCATION 11,True
1383,10,MPH--11---,PHYSICS 11,False
1383,10,MPREC11---,PRE-CALCULUS 11,False
1383,10,MSP--11---,SPANISH 11,False
1383,10,MTAUT11---,AUTOMOTIVE TECHNOLOGY 11,False
1383,10,YCPA-1AX-L,COMMUNITY LEADERSHIP 11 Linear,False
1383,10,YLAW-2CX--,CRIMINOLOGY 12,True
1383,10,YPSYC1AX--,PSYCHOLOGY 11,False
1384,10,MACLV11G--,ACTIVE LIVING 11 Girls,False
1384,10,MCMCL12---,COMPARATIVE CULTURES 12,True
1384,10,MCMPS11---,COMPOSITION 11,False
1384,10,MDRM-11---,DRAMA 11,False
1384,10,MEPSS11---,EXPLORATIONS IN SOCIAL STUDIES 11,False
1384,10,MFOOD11---,FOOD STUDIES 11,False
1384,10,MLFSC11---,LIFE SCIENCES 11,False
1384,10,MMAP-11---,MARKETING AND PROMOTION 11,True
1384,10,MSP--11---,SPANISH 11,False
1384,10,MVAST11---,ART STUDIO 11,False
1385,10,MACLV11---,ACTIVE LIVING 11,False
1385,10,MCH--11---,CHEMISTRY 11,False
1385,10,MCLE-10---,CAREER LIFE EDUCATION 10,False
1385,10,MCMPS11---,COMPOSITION 11,False
1385,10,MENR-11---,ENGINEERING 11,True
1385,10,MMACS11---,COMPUTER SCIENCE 11,False
1385,10,MPH--11---,PHYSICS 11,False
1385,10,MPREC11---,PRE-CALCULUS 11,False
1385,10,MTROB11---,ROBOTICS 11,False
1385,10,MWWK-11---,WOODWORK 11,True
1386,10,MACLV11---,ACTIVE LIVING 11,False
1386,10,MCMPS11---,COMPOSITION 11,False
1386,10,MEPSS11---,EXPLORATIONS IN SOCIAL STUDIES 11,False
1386,10,MPREC11---,PRE-CALCULUS 11,False
1387,10,MCMPS11---,COMPOSITION 11,False
1387,10,MDCF-11---,DANCE FOUNDATIONS 11,True
1387,10,MDRM-11---,DRAMA 11,True
1387,10,MEPSS11---,EXPLORATIONS IN SOCIAL STUDIES 11,False
1387,10,MFOM-11---,FOUNDATIONS OF MATHEMATICS 11,False
1387,10,MLFSC11---,LIFE SCIENCES 11,False
1388,10,MCH--12---,CHEMISTRY 12,False
1388,10,MCMPS11---,COMPOSITION 11,False
1388,10,MEPSS11---,EXPLORATIONS IN SOCIAL STUDIES 11,False
1388,10,MIMG-11---,INSTRUMENTAL MUSIC 11: GUITAR,False
1388,10,MLST-12---,LAW STUDIES 12,False
1388,10,MPH--11---,PHYSICS 11,False
1388,10,MPREC11---,PRE-CALCULUS 11,False
1388,10,MTXT-11---,TEXTILES 11,False
1388,10,MWWK-11---,WOODWORK 11,True
1388,10,YCPA-1AXE-,COMMUNITY LEADERSHIP 11,False
1389,10,MCH--11---,CHEMISTRY 11,False
1389,10,MCLE-10--L,CAREER LIFE EDUCATION 10 Linear,False
1389,10,MCMPS11---,COMPOSITION 11,False
1389,10,MIMCB11--L,INSTRUMENTAL MUSIC 11: CONCERT BAND LINEAR,False
1389,10,MIMJB11--L,INSTRUMENTAL MUSIC 11: JAZZ BAND LINEAR,False
1389,10,MLFSC11---,LIFE SCIENCES 11,False
1389,10,MPREC11---,PRE-CALCULUS 11,False
1389,10,MSP--11---,SPANISH 11,True
1389,10,MTAUT11---,AUTOMOTIVE TECHNOLOGY 11,False
1389,10,MVAST11---,ART STUDIO 11,True
1389,10,MWH--12---,20th CENTURY WORLD HISTORY 12,False
1390,10,MACLV11---,ACTIVE LIVING 11,False
1390,10,MENST12---,ENGLISH STUDIES 12,False
1390,10,MEVSC11---,ENVIRONMENTAL SCIENCE 11,False
1390,10,MLST-12---,LAW STUDIES 12,False
1390,10,MTAUT11---,AUTOMOTIVE TECHNOLOGY 11,False
1390,10,MVAPH11---,PHOTOGRAPHY 11,False
1390,10,MWPM-11---,WORKPLACE MATHEMATICS 11,False
1390,10,YED--1DX--,LEARNING STRATEGIES 11,False
1391,10,MCLE-10---,CAREER LIFE EDUCATION 10,False
1391,10,MCMPS11---,COMPOSITION 11,False
1391,10,MDNC-11--L,DANCE 11: CHOREOGRAPHY Linear,False
1391,10,MDNCM11--L,DANCE COMPANY 11 Linear,False
1391,10,MDNTP11---,DANCE TECHNIQUE AND PERFORMANCE 11,False
1391,10,MEVSC11---,ENVIRONMENTAL SCIENCE 11,False
1391,10,MFOOD11---,FOOD STUDIES 11,True
1391,10,MSJ--12---,SOCIAL JUSTICE 12,False
1391,10,MSP--11---,SPANISH 11,False
1391,10,MTXT-11---,TEXTILES 11,False
1391,10,YED--1DX--,LEARNING STRATEGIES 11,False
1392,10,MCH--11---,CHEMISTRY 11,False
1392,10,MCLE-10--L,CAREER LIFE EDUCATION 10 Linear,False
1392,10,MCMPS11---,COMPOSITION 11,False
1392,10,MENR-11---,ENGINEERING 11,False
1392,10,MIMCB11--L,INSTRUMENTAL MUSIC 11: CONCERT BAND LINEAR,False
1392,10,MMACS11---,COMPUTER SCIENCE 11,True
1392,10,MPH--11---,PHYSICS 11,False
1392,10,MPREC11---,PRE-CALCULUS 11,False
1392,10,MPREC12---,PRE-CALCULUS 12,False
1392,10,YCPA-1AX-L,COMMUNITY LEADERSHIP 11 Linear,False
1393,10,MAC--11---,ACCOUNTING 11,False
1393,10,MCLE-10---,CAREER LIFE EDUCATION 10,False
1393,10,MCMCL12---,COMPARATIVE CULTURES 12,False
1393,10,MCMPS11---,COMPOSITION 11,False
1393,10,MEC--12---,ECONOMICS 12,True
1393,10,MEVSC11---,ENVIRONMENTAL SCIENCE 11,False
1393,10,MLST-12---,LAW STUDIES 12,False
1393,10,MPREC12---,PRE-CALCULUS 12,False
1393,10,MWH--12---,20th CENTURY WORLD HISTORY 12,True
1393,10,YLAW-2CX--,CRIMINOLOGY 12,False
1394,10,ASTA-12---,AP STATISTICS 12,False
1394,10,MATPH12---,ANATOMY AND PHYSIOLOGY 12,True
1394,10,MCH--11---,CHEMISTRY 11,False
1394,10,MINST12C--,CONTEMPORARY INDIGENOUS STUDIES 12 CHALLENGE,False
1394,10,MLFSC11---,LIFE SCIENCES 11,False
1394,10,MLST-12---,LAW STUDIES 12,False
1394,10,MLTST11C--,LITERARY STUDIES 11 Challenge,False
1394,10,MPH--11---,PHYSICS 11,False
1394,10,MSP--11---,SPANISH 11,False
1394,10,YCPA-1AXE-,COMMUNITY LEADERSHIP 11,False
1394,10,YLAW-2CX--,CRIMINOLOGY 12,True
1395,10,MCLE-10---,CAREER LIFE EDUCATION 10,False
1395,10,MCMPS11---,COMPOSITION 11,False
1395,10,MEVSC11---,ENVIRONMENTAL SCIENCE 11,False
1395,10,MFOM-11---,FOUNDATIONS OF MATHEMATICS 11,False
1395,10,MINST12---,CONTEMPORARY INDIGENOUS STUDIES 12,False
1395,10,MTXT-11---,TEXTILES 11,False
1395,10,MVAPH11---,PHOTOGRAPHY 11,False
1395,10,MVAST11---,ART STUDIO 11,True
1395,10,YPA--1CX--,YOGA FOR MINDFULNESS 11,True
1395,10,YPSYC1AX--,PSYCHOLOGY 11,False
1396,10,MAC--11---,ACCOUNTING 11,True
1396,10,MCH--11---,CHEMISTRY 11,False
1396,10,MCLE-10---,CAREER LIFE EDUCATION 10,False
1396,10,MCMPS11---,COMPOSITION 11,False
1396,10,MENR-11---,ENGINEERING 11,True
1396,10,MFOM-11---,FOUNDATIONS OF MATHEMATICS 11,False
1396,10,MFR--11---,FRENCH 11,False
1396,10,MTAUT11---,AUTOMOTIVE TECHNOLOGY 11,False
1396,10,MWH--12---,20th CENTURY WORLD HISTORY 12,False
1396,10,YLAW-2CX--,CRIMINOLOGY 12,False
1397,10,MCH--11---,CHEMISTRY 11,True
1397,10,MCMPS11---,COMPOSITION 11,False
1397,10,MDCF-11---,DANCE FOUNDATIONS 11,True
1397,10,MLFSC11---,LIFE SCIENCES 11,False
1397,10,MPREC11---,PRE-CALCULUS 11,False
1397,10,YPSYC1AX--,PSYCHOLOGY 11,False
1398,10,MACLV11---,ACTIVE LIVING 11,False
1398,10,MCMPR11AI-,COMPUTER PROGRAMMING 11 AI and Games,True
1398,10,MCMPS11---,COMPOSITION 11,False
1398,10,MEVSC11---,ENVIRONMENTAL SCIENCE 11,False
1398,10,MFOM-11---,FOUNDATIONS OF MATHEMATICS 11,True
1398,10,MFOOD11---,FOOD STUDIES 11,False
1398,10,MMEDD11---,MEDIA DESIGN 11,True
1398,10,MSP--11---,SPANISH 11,False
1398,10,MTPOW10---,ADST ?  POWER TECHNOLOGY 10,False
1398,10,MTROB11---,ROBOTICS 11,True
1398,10,MTROB11---,ROBOTICS 11,True
1398,10,MWPM-11---,WORKPLACE MATHEMATICS 11,False
1398,10,YPA--1CX--,YOGA FOR MINDFULNESS 11,False
1399,10,MCH--11---,CHEMISTRY 11,False
1399,10,MCMPS11---,COMPOSITION 11,False
1399,10,MEC--12---,ECONOMICS 12,True
1399,10,MEVSC11---,ENVIRONMENTAL SCIENCE 11,False
1399,10,MODED11---,OUTDOOR EDUCATION 11,False
1399,10,MPGEO12---,PHYSICAL GEOGRAPHY 12,False
1399,10,MPH--11---,PHYSICS 11,False
1399,10,MPREC11---,PRE-CALCULUS 11,False
1399,10,YLAW-2CX--,CRIMINOLOGY 12,True
1399,10,YPSYC1AX--,PSYCHOLOGY 11,False
1400,10,MACLV11FB-,ACTIVE LIVING 11 Football,False
1400,10,MCMPS11---,COMPOSITION 11,False
1400,10,MENR-11---,ENGINEERING 11,False
1400,10,MEPSS11---,EXPLORATIONS IN SOCIAL STUDIES 11,False
1400,10,MMAP-11---,MARKETING AND PROMOTION 11,False
1400,10,MPGEO12---,PHYSICAL GEOGRAPHY 12,False
1400,10,MPREC11---,PRE-CALCULUS 11,False
1400,10,YHRA-1AX--,CROSS TRAINING 11,False
1401,10,MAC--11---,ACCOUNTING 11,False
1401,10,MCLE-10--L,CAREER LIFE EDUCATION 10 Linear,False
1401,10,MCMPS11---,COMPOSITION 11,False
1401,10,MIMCB11--L,INSTRUMENTAL MUSIC 11: CONCERT BAND LINEAR,False
1401,10,MINST12---,CONTEMPORARY INDIGENOUS STUDIES 12,False
1401,10,MLFSC11---,LIFE SCIENCES 11,False
1401,10,MLST-12---,LAW STUDIES 12,False
1401,10,MPREC11---,PRE-CALCULUS 11,False
1401,10,MTAUT11---,AUTOMOTIVE TECHNOLOGY 11,True
1401,10,MVAST11---,ART STUDIO 11,True
1401,10,YCPA-1AX-L,COMMUNITY LEADERSHIP 11 Linear,False
1402,10,MCMPS11---,COMPOSITION 11,False
1402,10,MFOOD11---,FOOD STUDIES 11,False
1402,10,MPREC11---,PRE-CALCULUS 11,False
1402,10,MSP--11---,SPANISH 11,False
1402,10,YLAW-2CX--,CRIMINOLOGY 12,True
1403,10,MACLV11---,ACTIVE LIVING 11,False
1403,10,MCLE-10---,CAREER LIFE EDUCATION 10,False
1403,10,MENFP12--Y,ENGLISH FIRST PEOPLES 12 Year,False
1403,10,MEPSS11---,EXPLORATIONS IN SOCIAL STUDIES 11,True
1403,10,MEVSC11---,ENVIRONMENTAL SCIENCE 11,False
1403,10,MMEDD11---,MEDIA DESIGN 11,False
1403,10,MSC--10---,SCIENCE 10,False
1403,10,MSPLG11---,SPOKEN LANGUAGE 11,False
1403,10,MWPM-11---,WORKPLACE MATHEMATICS 11,False
1404,10,MACLV11FB-,ACTIVE LIVING 11 Football,False
1404,10,MCMPS11---,COMPOSITION 11,False
1404,10,MEVSC11---,ENVIRONMENTAL SCIENCE 11,False
1404,10,MFOOD11---,FOOD STUDIES 11,False
1404,10,MLST-12---,LAW STUDIES 12,False
1404,10,MVAPH11---,PHOTOGRAPHY 11,False
1404,10,MWPM-11---,WORKPLACE MATHEMATICS 11,False
1404,10,YHRA-1AX--,CROSS TRAINING 11,False
1404,10,YLAW-2CX--,CRIMINOLOGY 12,True
1405,10,MCMPS11---,COMPOSITION 11,False
1405,10,MEPSS11---,EXPLORATIONS IN SOCIAL STUDIES 11,False
1405,10,MFOM-11---,FOUNDATIONS OF MATHEMATICS 11,False
1405,10,MLFSC11---,LIFE SCIENCES 11,False
1406,10,MACC-12---,ACCOUNTING 12,False
1406,10,MCH--11---,CHEMISTRY 11,False
1406,10,MCMPS11---,COMPOSITION 11,False
1406,10,MDNC-11--L,DANCE 11: CHOREOGRAPHY Linear,False
1406,10,MDNCM11--L,DANCE COMPANY 11 Linear,False
1406,10,MDNTP11---,DANCE TECHNIQUE AND PERFORMANCE 11,False
1406,10,MFOOD11---,FOOD STUDIES 11,True
1406,10,MLST-12---,LAW STUDIES 12,True
1406,10,MPREC11---,PRE-CALCULUS 11,False
1406,10,MSJ--12---,SOCIAL JUSTICE 12,False
1406,10,YCPA-1AX-L,COMMUNITY LEADERSHIP 11 Linear,False
1406,10,YPSYC1AX--,PSYCHOLOGY 11,False
1407,10,MCH--11---,CHEMISTRY 11,False
1407,10,MCLE-10--L,CAREER LIFE EDUCATION 10 Linear,False
1407,10,MIMCB11--L,INSTRUMENTAL MUSIC 11: CONCERT BAND LINEAR,False
1407,10,MIMJB11--L,INSTRUMENTAL MUSIC 11: JAZZ BAND LINEAR,False
1407,10,MINST12C--,CONTEMPORARY INDIGENOUS STUDIES 12 CHALLENGE,False
1407,10,MLTST11C--,LITERARY STUDIES 11 Challenge,False
1407,10,MMACS12---,COMPUTER SCIENCE 12,False
1407,10,MPH--11---,PHYSICS 11,False
1407,10,MPREC11---,PRE-CALCULUS 11,False
1407,10,MTDRF11---,DRAFTING 11,True
1407,10,YCPA-1AX-L,COMMUNITY LEADERSHIP 11 Linear,False
1407,10,YPSYC1AX--,PSYCHOLOGY 11,True
1408,10,MATPH12---,ANATOMY AND PHYSIOLOGY 12,False
1408,10,MCH--11---,CHEMISTRY 11,False
1408,10,MCLE-10---,CAREER LIFE EDUCATION 10,False
1408,10,MGRPR11--L,GRAPHIC PRODUCTION 11 LINEAR,False
1408,10,MINST12C--,CONTEMPORARY INDIGENOUS STUDIES 12 CHALLENGE,False
1408,10,MLST-12---,LAW STUDIES 12,True
1408,10,MLTST11C--,LITERARY STUDIES 11 Challenge,False
1408,10,MMUOR11S-L,INSTRUMENTAL MUSIC: ORCHESTRA 11 Strings Linear,False
1408,10,MPH--11---,PHYSICS 11,False
1408,10,MPREC11---,PRE-CALCULUS 11,False
1408,10,YCPA-1AX-L,COMMUNITY LEADERSHIP 11 Linear,False
1408,10,YLAW-2CX--,CRIMINOLOGY 12,False
1409,10,ACSC-2A---,AP COMPUTER SCIENCE A 12,False
1409,10,MCH--11---,CHEMISTRY 11,False
1409,10,MCLE-10---,CAREER LIFE EDUCATION 10,False
1409,10,MFR--11---,FRENCH 11,False
1409,10,MINST12C--,CONTEMPORARY INDIGENOUS STUDIES 12 CHALLENGE,False
1409,10,MLTST11C--,LITERARY STUDIES 11 Challenge,False
1409,10,MPH--11---,PHYSICS 11,False
1409,10,MPH--12---,PHYSICS 12,True
1409,10,MPREC11H--,PRE-CALCULUS 11 HONOURS,False
1409,10,MTDRF11---,DRAFTING 11,True
1410,10,MCLE-10---,CAREER LIFE EDUCATION 10,False
1410,10,MCMPS11---,COMPOSITION 11,False
1410,10,MEPSS11---,EXPLORATIONS IN SOCIAL STUDIES 11,False
1410,10,MMEDD11---,MEDIA DESIGN 11,False
1410,10,MPH--11---,PHYSICS 11,False
1410,10,MPREC11H--,PRE-CALCULUS 11 HONOURS,False
1410,10,MTXT-11---,TEXTILES 11,False
1410,10,MVAST11---,ART STUDIO 11,False
1410,10,YLAW-2CX--,CRIMINOLOGY 12,True
1411,10,MCH--11---,CHEMISTRY 11,False
1411,10,MCLE-10--L,CAREER LIFE EDUCATION 10 Linear,False
1411,10,MCMPS11---,COMPOSITION 11,False
1411,10,MENR-11---,ENGINEERING 11,True
1411,10,MEPSS11---,EXPLORATIONS IN SOCIAL STUDIES 11,False
1411,10,MIMCB11--L,INSTRUMENTAL MUSIC 11: CONCERT BAND LINEAR,False
1411,10,MPH--11---,PHYSICS 11,False
1411,10,MPREC11H--,PRE-CALCULUS 11 HONOURS,False
1411,10,MTDRF11---,DRAFTING 11,False
1411,10,MWWK-11---,WOODWORK 11,True
1412,10,MCMPS11---,COMPOSITION 11,False
1412,10,MFR--11---,FRENCH 11,False
1412,10,MLFSC11---,LIFE SCIENCES 11,False
1412,10,MSP--11---,SPANISH 11,True
1412,10,YPSYC1AX--,PSYCHOLOGY 11,False
1413,10,MCMPS10---,COMPOSITION 10,False
1413,10,MDCF-11---,DANCE FOUNDATIONS 11,True
1413,10,MFOM-11---,FOUNDATIONS OF MATHEMATICS 11,False
1413,10,MLFSC11---,LIFE SCIENCES 11,False
1413,10,MMAP-11---,MARKETING AND PROMOTION 11,True
1413,10,MTXT-11---,TEXTILES 11,False
1414,10,MCH--11---,CHEMISTRY 11,False
1414,10,MCMPS11---,COMPOSITION 11,False
1414,10,MENR-11---,ENGINEERING 11,False
1414,10,MINST12---,CONTEMPORARY INDIGENOUS STUDIES 12,False
1414,10,MODED11---,OUTDOOR EDUCATION 11,False
1414,10,MPH--11---,PHYSICS 11,True
1414,10,MPREC11---,PRE-CALCULUS 11,False
1414,10,MTROB11---,ROBOTICS 11,False
1415,10,MAC--11---,ACCOUNTING 11,True
1415,10,MACLV11---,ACTIVE LIVING 11,False
1415,10,MCLE-10---,CAREER LIFE EDUCATION 10,False
1415,10,MCMPS10---,COMPOSITION 10,False
1415,10,MMAP-11---,MARKETING AND PROMOTION 11,True
1415,10,MPH--11---,PHYSICS 11,False
1415,10,MPREC11---,PRE-CALCULUS 11,False
1415,10,MSS--10---,SOCIAL STUDIES 10,False
1415,10,MVAST11---,ART STUDIO 11,False
1415,10,YESFL0AX--,BEGINNERS ELL 10,False
1416,10,MATPH12---,ANATOMY AND PHYSIOLOGY 12,False
1416,10,MCLE-10---,CAREER LIFE EDUCATION 10,False
1416,10,MCMPS11---,COMPOSITION 11,False
1416,10,MEC--12---,ECONOMICS 12,False
1416,10,MENR-11---,ENGINEERING 11,True
1416,10,MLST-12---,LAW STUDIES 12,False
1416,10,MMACS12---,COMPUTER SCIENCE 12,False
1416,10,MPREC11---,PRE-CALCULUS 11,False
1416,10,MTAUT11---,AUTOMOTIVE TECHNOLOGY 11,False
1416,10,MTROB11---,ROBOTICS 11,True
1417,10,MACLV11---,ACTIVE LIVING 11,False
1417,10,MCH--11---,CHEMISTRY 11,False
1417,10,MCLE-10---,CAREER LIFE EDUCATION 10,False
1417,10,MCMPS11---,COMPOSITION 11,False
1417,10,MFOOD11---,FOOD STUDIES 11,False
1417,10,MINST12---,CONTEMPORARY INDIGENOUS STUDIES 12,False
1417,10,MLFSC11---,LIFE SCIENCES 11,True
1417,10,MPREC11---,PRE-CALCULUS 11,False
1417,10,MSP--11---,SPANISH 11,False
1417,10,YPA--1CX--,YOGA FOR MINDFULNESS 11,False
1418,10,MCMPS11---,COMPOSITION 11,False
1418,10,MEPSS11---,EXPLORATIONS IN SOCIAL STUDIES 11,False
1418,10,MLFSC11---,LIFE SCIENCES 11,False
1418,10,MPREC11---,PRE-CALCULUS 11,False
1419,10,MCMPS11---,COMPOSITION 11,False
1419,10,MFOM-11---,FOUNDATIONS OF MATHEMATICS 11,False
1419,10,MINST12---,CONTEMPORARY INDIGENOUS STUDIES 12,False
1419,10,MLFSC11---,LIFE SCIENCES 11,False
1419,10,MMEDD11---,MEDIA DESIGN 11,False
1419,10,MVAPH11---,PHOTOGRAPHY 11,True
1419,10,MVAST11---,ART STUDIO 11,True
1419,10,YED--1DX--,LEARNING STRATEGIES 11,False
1419,10,YLAW-2CX--,CRIMINOLOGY 12,False
1419,10,YPSYC1AX--,PSYCHOLOGY 11,False
1420,10,MCH--11---,CHEMISTRY 11,False
1420,10,MCLE-10--L,CAREER LIFE EDUCATION 10 Linear,False
1420,10,MIMCB11--L,INSTRUMENTAL MUSIC 11: CONCERT BAND LINEAR,False
1420,10,MINST12C--,CONTEMPORARY INDIGENOUS STUDIES 12 CHALLENGE,False
1420,10,MLST-12---,LAW STUDIES 12,False
1420,10,MLTST11C--,LITERARY STUDIES 11 Challenge,False
1420,10,MMUOR11S-L,INSTRUMENTAL MUSIC: ORCHESTRA 11 Strings Linear,False
1420,10,MPH--11---,PHYSICS 11,False
1420,10,MPREC11H--,PRE-CALCULUS 11 HONOURS,False
1420,10,YLAW-2CX--,CRIMINOLOGY 12,True
1421,10,MACLV11G--,ACTIVE LIVING 11 Girls,True
1421,10,MCLE-10--L,CAREER LIFE EDUCATION 10 Linear,False
1421,10,MCMPS11---,COMPOSITION 11,False
1421,10,MEVSC11---,ENVIRONMENTAL SCIENCE 11,False
1421,10,MFOOD11---,FOOD STUDIES 11,False
1421,10,MINST12---,CONTEMPORARY INDIGENOUS STUDIES 12,False
1421,10,MTXT-11---,TEXTILES 11,True
1421,10,MWPM-11---,WORKPLACE MATHEMATICS 11,False
1421,10,YED--1DX-L,LEARNING STRATEGIES 11 LINEAR,False
1421,10,YPA--1CX--,YOGA FOR MINDFULNESS 11,False
1422,10,MCH--11---,CHEMISTRY 11,False
1422,10,MCLE-10---,CAREER LIFE EDUCATION 10,False
1422,10,MCMPS11---,COMPOSITION 11,False
1422,10,MDNC-11--L,DANCE 11: CHOREOGRAPHY Linear,False
1422,10,MDNCM11--L,DANCE COMPANY 11 Linear,False
1422,10,MDNCN11---,DANCE CONDITIONING 11,True
1422,10,MDNTP11---,DANCE TECHNIQUE AND PERFORMANCE 11,False
1422,10,MFOM-11---,FOUNDATIONS OF MATHEMATICS 11,False
1422,10,MLFSC11---,LIFE SCIENCES 11,False
1422,10,MSJ--12---,SOCIAL JUSTICE 12,False
1422,10,MSP--12---,SPANISH 12,False
1422,10,YCPA-1AX-L,COMMUNITY LEADERSHIP 11 Linear,False
1422,10,YLAW-2CX--,CRIMINOLOGY 12,True
1423,10,MAC--11---,ACCOUNTING 11,True
1423,10,MACLV11G--,ACTIVE LIVING 11 Girls,False
1423,10,MCMPS11---,COMPOSITION 11,False
1423,10,MDRM-11---,DRAMA 11,False
1423,10,MEPSS11---,EXPLORATIONS IN SOCIAL STUDIES 11,False
1423,10,MFOM-11---,FOUNDATIONS OF MATHEMATICS 11,False
1423,10,MLFSC11---,LIFE SCIENCES 11,False
1423,10,MMAP-11---,MARKETING AND PROMOTION 11,False
1423,10,YPSYC1AX--,PSYCHOLOGY 11,False
1424,10,MAC--11---,ACCOUNTING 11,False
1424,10,MACLV11---,ACTIVE LIVING 11,False
1424,10,MCMPS11---,COMPOSITION 11,False
1424,10,MEPSS11---,EXPLORATIONS IN SOCIAL STUDIES 11,False
1424,10,MFOM-11---,FOUNDATIONS OF MATHEMATICS 11,False
1424,10,MIMG-11---,INSTRUMENTAL MUSIC 11: GUITAR,False
1424,10,MLFSC11---,LIFE SCIENCES 11,True
1424,10,MMAP-11---,MARKETING AND PROMOTION 11,False
1424,10,MMEDD11---,MEDIA DESIGN 11,False
1424,10,MTAUT11---,AUTOMOTIVE TECHNOLOGY 11,True
1425,10,MCMPS11---,COMPOSITION 11,False
1425,10,MDNTP11---,DANCE TECHNIQUE AND PERFORMANCE 11,True
1425,10,MFR--11---,FRENCH 11,False
1425,10,MTXT-11---,TEXTILES 11,False
1425,10,YLAW-2CX--,CRIMINOLOGY 12,False
1425,10,YPSYC1AX--,PSYCHOLOGY 11,True
1426,10,MCLE-10--L,CAREER LIFE EDUCATION 10 Linear,False
1426,10,MCMPS11---,COMPOSITION 11,False
1426,10,MDCF-11---,DANCE FOUNDATIONS 11,False
1426,10,MDRM-11---,DRAMA 11,True
1426,10,MFOOD11---,FOOD STUDIES 11,False
1426,10,MIMCB11--L,INSTRUMENTAL MUSIC 11: CONCERT BAND LINEAR,False
1426,10,MMEDD11---,MEDIA DESIGN 11,False
1426,10,MPREC11---,PRE-CALCULUS 11,False
1426,10,MTXT-11---,TEXTILES 11,False
1427,10,MACLV11G--,ACTIVE LIVING 11 Girls,False
1427,10,MCMPS11---,COMPOSITION 11,False
1427,10,MDMD-12D--,3D ANIMATION 12,True
1427,10,MDRM-11---,DRAMA 11,False
1427,10,MLFSC11---,LIFE SCIENCES 11,False
1427,10,MMAP-11---,MARKETING AND PROMOTION 11,True
1428,10,MCMPS11---,COMPOSITION 11,False
1428,10,MEPSS11---,EXPLORATIONS IN SOCIAL STUDIES 11,False
1428,10,MFOM-11---,FOUNDATIONS OF MATHEMATICS 11,False
1428,10,MLFSC11---,LIFE SCIENCES 11,False
1429,10,MACLV11---,ACTIVE LIVING 11,False
1429,10,MCMPS11---,COMPOSITION 11,False
1429,10,MDRM-11---,DRAMA 11,False
1429,10,MEPSS11---,EXPLORATIONS IN SOCIAL STUDIES 11,False
1429,10,MMAP-11---,MARKETING AND PROMOTION 11,True
1429,10,MMEDD11---,MEDIA DESIGN 11,False
1429,10,MPH--11---,PHYSICS 11,False
1429,10,MPREC11---,PRE-CALCULUS 11,False
1429,10,MTROB11---,ROBOTICS 11,False
1429,10,MWH--12---,20th CENTURY WORLD HISTORY 12,True
1430,10,MCH--11---,CHEMISTRY 11,False
1430,10,MCMPS11---,COMPOSITION 11,False
1430,10,MFR--11---,FRENCH 11,False
1430,10,MLST-12---,LAW STUDIES 12,False
1430,10,MPREC11---,PRE-CALCULUS 11,False
1430,10,MTAUT11---,AUTOMOTIVE TECHNOLOGY 11,False
1430,10,MWEX-2A--L,WORK EXPERIENCE 12A LINEAR,False
1430,10,MWH--12---,20th CENTURY WORLD HISTORY 12,True
1430,10,YCPA-1AX-L,COMMUNITY LEADERSHIP 11 Linear,False
1430,10,YLAW-2CX--,CRIMINOLOGY 12,False
1430,10,YPSYC1AX--,PSYCHOLOGY 11,True
1431,10,MACLV11G--,ACTIVE LIVING 11 Girls,False
1431,10,MDCF-11---,DANCE FOUNDATIONS 11,True
1431,10,MFOOD11---,FOOD STUDIES 11,False
1431,10,MTXT-11---,TEXTILES 11,True
1431,10,MVAPH11---,PHOTOGRAPHY 11,False
1431,10,YLAW-2CX--,CRIMINOLOGY 12,False
1432,10,MCMPS11---,COMPOSITION 11,False
1432,10,MEVSC11---,ENVIRONMENTAL SCIENCE 11,False
1432,10,MFMP-10---,FOUNDATIONS OF MATH AND PRE-CALCULUS 10,False
1432,10,MIMG-11---,INSTRUMENTAL MUSIC 11: GUITAR,True
1432,10,MPREC11---,PRE-CALCULUS 11,False
1432,10,MSJ--12---,SOCIAL JUSTICE 12,False
1432,10,MTXT-11---,TEXTILES 11,True
1432,10,YED--1DX--,LEARNING STRATEGIES 11,False
1432,10,YLAW-2CX--,CRIMINOLOGY 12,False
1432,10,YPSYC1AX--,PSYCHOLOGY 11,False
1433,10,MCH--11---,CHEMISTRY 11,False
1433,10,MDRM-11---,DRAMA 11,False
1433,10,MEVSC11---,ENVIRONMENTAL SCIENCE 11,False
1433,10,MEVSC12C--,ENVIRONMENTAL SCIENCE 12 - CLIMATE CHANGE,True
1433,10,MFOOD11---,FOOD STUDIES 11,True
1433,10,MINST12C--,CONTEMPORARY INDIGENOUS STUDIES 12 CHALLENGE,False
1433,10,MLTST11C--,LITERARY STUDIES 11 Challenge,False
1433,10,MODED11---,OUTDOOR EDUCATION 11,False
1433,10,MPH--11---,PHYSICS 11,False
1433,10,MPREC11H--,PRE-CALCULUS 11 HONOURS,False
1433,10,YCPA-1AXE-,COMMUNITY LEADERSHIP 11,False
1434,10,ASTA-12---,AP STATISTICS 12,False
1434,10,MATPH12---,ANATOMY AND PHYSIOLOGY 12,True
1434,10,MCH--11---,CHEMISTRY 11,False
1434,10,MCLE-10---,CAREER LIFE EDUCATION 10,False
1434,10,MINST12C--,CONTEMPORARY INDIGENOUS STUDIES 12 CHALLENGE,False
1434,10,MLTST11C--,LITERARY STUDIES 11 Challenge,False
1434,10,MMACS12---,COMPUTER SCIENCE 12,False
1434,10,MPGEO12---,PHYSICAL GEOGRAPHY 12,True
1434,10,MPH--11---,PHYSICS 11,False
1434,10,MPREC11H--,PRE-CALCULUS 11 HONOURS,False
1434,10,YED--1EX-L,PEER TUTORING 11 LINEAR,False
1434,10,YLRA-1AX-L,ATHLETIC LEADERSHIP 11 Linear,False
1435,10,MAC--11---,ACCOUNTING 11,True
1435,10,MCMPS11---,COMPOSITION 11,False
1435,10,MENR-11---,ENGINEERING 11,False
1435,10,MFOOD11---,FOOD STUDIES 11,False
1435,10,MMAP-11---,MARKETING AND PROMOTION 11,False
1435,10,MMEDD11---,MEDIA DESIGN 11,False
1435,10,MODED11---,OUTDOOR EDUCATION 11,False
1435,10,MPREC11---,PRE-CALCULUS 11,False
1435,10,YLAW-2CX--,CRIMINOLOGY 12,False
1436,10,ASTA-12---,AP STATISTICS 12,False
1436,10,MCH--11---,CHEMISTRY 11,False
1436,10,MINST12C--,CONTEMPORARY INDIGENOUS STUDIES 12 CHALLENGE,False
1436,10,MLTST11C--,LITERARY STUDIES 11 Challenge,False
1436,10,MMACS12---,COMPUTER SCIENCE 12,False
1436,10,MPH--11---,PHYSICS 11,False
1436,10,MPREC11---,PRE-CALCULUS 11,False
1436,10,MSP--12---,SPANISH 12,False
1436,10,MTROB11--L,ROBOTICS 11 LINEAR,False
1436,10,YCPA-1AX-L,COMMUNITY LEADERSHIP 11 Linear,False
1436,10,YED--1EX-L,PEER TUTORING 11 LINEAR,False
1437,10,MACLV11---,ACTIVE LIVING 11,False
1437,10,MCLE-10---,CAREER LIFE EDUCATION 10,False
1437,10,MCMPS11---,COMPOSITION 11,False
1437,10,MEPSS11---,EXPLORATIONS IN SOCIAL STUDIES 11,False
1437,10,MFOM-11---,FOUNDATIONS OF MATHEMATICS 11,False
1437,10,MFOOD11---,FOOD STUDIES 11,False
1437,10,MLFSC11---,LIFE SCIENCES 11,False
1437,10,MVAST11---,ART STUDIO 11,True
1437,10,MWWK-11---,WOODWORK 11,False
1438,10,MACLV11---,ACTIVE LIVING 11,True
1438,10,MCLE-10---,CAREER LIFE EDUCATION 10,False
1438,10,MCMPS11---,COMPOSITION 11,False
1438,10,MEPSS11---,EXPLORATIONS IN SOCIAL STUDIES 11,False
1438,10,MFOM-11---,FOUNDATIONS OF MATHEMATICS 11,False
1438,10,MFOOD11---,FOOD STUDIES 11,False
1438,10,MINST12---,CONTEMPORARY INDIGENOUS STUDIES 12,False
1438,10,MLFSC11---,LIFE SCIENCES 11,False
1438,10,MMAP-11---,MARKETING AND PROMOTION 11,False
1438,10,MWH--12---,20th CENTURY WORLD HISTORY 12,True
1439,10,MACLV11---,ACTIVE LIVING 11,False
1439,10,MATPH12---,ANATOMY AND PHYSIOLOGY 12,False
1439,10,MCH--11---,CHEMISTRY 11,False
1439,10,MCLE-10---,CAREER LIFE EDUCATION 10,False
1439,10,MCMPS11---,COMPOSITION 11,False
1439,10,MFOOD11---,FOOD STUDIES 11,True
1439,10,MLST-12---,LAW STUDIES 12,False
1439,10,MPREC12---,PRE-CALCULUS 12,False
1439,10,MVAST11---,ART STUDIO 11,False
1439,10,YCPA-1AX-L,COMMUNITY LEADERSHIP 11 Linear,False
1439,10,YPSYC1AX--,PSYCHOLOGY 11,True
1440,10,MCH--11---,CHEMISTRY 11,False
1440,10,MCLE-10---,CAREER LIFE EDUCATION 10,False
1440,10,MCMPS11---,COMPOSITION 11,False
1440,10,MEPSS11---,EXPLORATIONS IN SOCIAL STUDIES 11,False
1440,10,MEVSC11---,ENVIRONMENTAL SCIENCE 11,False
1440,10,MODED11---,OUTDOOR EDUCATION 11,False
1440,10,MPH--11---,PHYSICS 11,False
1440,10,MPREC11H--,PRE-CALCULUS 11 HONOURS,False
1441,10,MACLV11---,ACTIVE LIVING 11,True
1441,10,MCH--11---,CHEMISTRY 11,False
1441,10,MCMCL12---,COMPARATIVE CULTURES 12,True
1441,10,MCMPS11---,COMPOSITION 11,False
1441,10,MLST-12---,LAW STUDIES 12,False
1441,10,MPH--11---,PHYSICS 11,False
1441,10,MPREC11---,PRE-CALCULUS 11,False
1441,10,MSJ--12---,SOCIAL JUSTICE 12,False
1441,10,MWEX-2A--L,WORK EXPERIENCE 12A LINEAR,False
1441,10,YCPA-1AX-L,COMMUNITY LEADERSHIP 11 Linear,False
1441,10,YLAW-2CX--,CRIMINOLOGY 12,False
1441,10,YLRA-1AX-L,ATHLETIC LEADERSHIP 11 Linear,False
1441,10,YPSYC1AX--,PSYCHOLOGY 11,False
1442,10,MCMPS11---,COMPOSITION 11,False
1442,10,MLFSC11---,LIFE SCIENCES 11,False
1442,10,MTXT-11---,TEXTILES 11,False
1442,10,MVAPH11---,PHOTOGRAPHY 11,False
1442,10,YPSYC1AX--,PSYCHOLOGY 11,True
1443,10,MATPH12---,ANATOMY AND PHYSIOLOGY 12,False
1443,10,MCH--11---,CHEMISTRY 11,False
1443,10,MCH--12---,CHEMISTRY 12,True
1443,10,MEVSC12C--,ENVIRONMENTAL SCIENCE 12 - CLIMATE CHANGE,True
1443,10,MINST12C--,CONTEMPORARY INDIGENOUS STUDIES 12 CHALLENGE,False
1443,10,MLFSC11---,LIFE SCIENCES 11,False
1443,10,MLTST11C--,LITERARY STUDIES 11 Challenge,False
1443,10,MPH--11---,PHYSICS 11,False
1443,10,MPREC11---,PRE-CALCULUS 11,False
1443,10,YED--1EX-L,PEER TUTORING 11 LINEAR,False
1443,10,YLRA-1AX-L,ATHLETIC LEADERSHIP 11 Linear,False
1443,10,YPSYC1AX--,PSYCHOLOGY 11,False
1444,10,MCMPS11---,COMPOSITION 11,False
1444,10,MEPSS11---,EXPLORATIONS IN SOCIAL STUDIES 11,False
1444,10,MFOM-11---,FOUNDATIONS OF MATHEMATICS 11,False
1444,10,MLFSC11---,LIFE SCIENCES 11,False
1445,10,MCMPS11---,COMPOSITION 11,False
1445,10,MEPSS11---,EXPLORATIONS IN SOCIAL STUDIES 11,False
1445,10,MFMP-10---,FOUNDATIONS OF MATH AND PRE-CALCULUS 10,True
1445,10,MFOM-11---,FOUNDATIONS OF MATHEMATICS 11,False
1445,10,MLFSC11---,LIFE SCIENCES 11,False
1445,10,MSS--10---,SOCIAL STUDIES 10,True
1446,10,MCLE-10---,CAREER LIFE EDUCATION 10,False
1446,10,MCMPS11---,COMPOSITION 11,False
1446,10,MEPSS11---,EXPLORATIONS IN SOCIAL STUDIES 11,False
1446,10,MFOOD11---,FOOD STUDIES 11,False
1446,10,MLFSC11---,LIFE SCIENCES 11,False
1446,10,MTXT-11---,TEXTILES 11,False
1446,10,MVAST11---,ART STUDIO 11,True
1446,10,MWPM-11---,WORKPLACE MATHEMATICS 11,False
1446,10,MWWK-11---,WOODWORK 11,False
1447,10,MCLE-10---,CAREER LIFE EDUCATION 10,False
1447,10,MCMPS11---,COMPOSITION 11,False
1447,10,MEVSC11---,ENVIRONMENTAL SCIENCE 11,False
1447,10,MEVSC12C--,ENVIRONMENTAL SCIENCE 12 - CLIMATE CHANGE,True
1447,10,MLST-12---,LAW STUDIES 12,False
1447,10,MPREC11---,PRE-CALCULUS 11,False
1447,10,MVAST11---,ART STUDIO 11,True
1447,10,YLAW-2CX--,CRIMINOLOGY 12,False
1447,10,YPA--1CX--,YOGA FOR MINDFULNESS 11,False
1447,10,YPSYC1AX--,PSYCHOLOGY 11,False
1448,10,MAC--11---,ACCOUNTING 11,False
1448,10,MCLE-10---,CAREER LIFE EDUCATION 10,False
1448,10,MCMPS11---,COMPOSITION 11,False
1448,10,MENR-11---,ENGINEERING 11,False
1448,10,MENT-12---,ENTREPRENEURSHIP 12,False
1448,10,MLFSC11---,LIFE SCIENCES 11,False
1448,10,MPREC11---,PRE-CALCULUS 11,False
1448,10,MVAPH11---,PHOTOGRAPHY 11,True
1448,10,MVAST11---,ART STUDIO 11,False
1449,10,MCMPS11---,COMPOSITION 11,False
1449,10,MEPSS11---,EXPLORATIONS IN SOCIAL STUDIES 11,False
1449,10,MFOM-11---,FOUNDATIONS OF MATHEMATICS 11,False
1449,10,MLFSC11---,LIFE SCIENCES 11,False
1450,10,MAC--11---,ACCOUNTING 11,True
1450,10,MCH--11---,CHEMISTRY 11,False
1450,10,MCH--12---,CHEMISTRY 12,True
1450,10,MCLE-10---,CAREER LIFE EDUCATION 10,False
1450,10,MCMPS11---,COMPOSITION 11,False
1450,10,MDNCN11---,DANCE CONDITIONING 11,False
1450,10,MLST-12---,LAW STUDIES 12,False
1450,10,MPREC11---,PRE-CALCULUS 11,False
1450,10,MSP--11---,SPANISH 11,False
1450,10,YCPA-1AX-L,COMMUNITY LEADERSHIP 11 Linear,False
1450,10,YLAW-2CX--,CRIMINOLOGY 12,False
1451,10,MAC--11---,ACCOUNTING 11,True
1451,10,MATPH12---,ANATOMY AND PHYSIOLOGY 12,False
1451,10,MCH--11---,CHEMISTRY 11,True
1451,10,MCLE-10---,CAREER LIFE EDUCATION 10,False
1451,10,MCMPS11---,COMPOSITION 11,False
1451,10,MLFSC11---,LIFE SCIENCES 11,False
1451,10,MPGEO12---,PHYSICAL GEOGRAPHY 12,False
1451,10,MPREC11---,PRE-CALCULUS 11,False
1451,10,MSP--11---,SPANISH 11,False
1451,10,YLRA-1AX-L,ATHLETIC LEADERSHIP 11 Linear,False
1451,10,YPSYC1AX--,PSYCHOLOGY 11,False
1452,10,MACLV11---,ACTIVE LIVING 11,False
1452,10,MCH--11---,CHEMISTRY 11,False
1452,10,MCMCL12---,COMPARATIVE CULTURES 12,False
1452,10,MENFP12---,ENGLISH FIRST PEOPLES 12,False
1452,10,MPH--11---,PHYSICS 11,False
1452,10,MPREC11---,PRE-CALCULUS 11,False
1452,10,MSJ--12---,SOCIAL JUSTICE 12,False
1452,10,MVAPH11---,PHOTOGRAPHY 11,True
1452,10,MWWK-11---,WOODWORK 11,False
1453,10,MCH--11---,CHEMISTRY 11,False
1453,10,MCLE-10---,CAREER LIFE EDUCATION 10,False
1453,10,MENR-11---,ENGINEERING 11,True
1453,10,MINST12C--,CONTEMPORARY INDIGENOUS STUDIES 12 CHALLENGE,False
1453,10,MLFSC11---,LIFE SCIENCES 11,False
1453,10,MLTST11C--,LITERARY STUDIES 11 Challenge,False
1453,10,MMACS11---,COMPUTER SCIENCE 11,False
1453,10,MPH--11---,PHYSICS 11,False
1453,10,MPREC11---,PRE-CALCULUS 11,False
1453,10,MTDRF11---,DRAFTING 11,True
1454,10,MACLV11FB-,ACTIVE LIVING 11 Football,False
1454,10,MCLE-10---,CAREER LIFE EDUCATION 10,False
1454,10,MCMPS11---,COMPOSITION 11,False
1454,10,MDMD-12D--,3D ANIMATION 12,True
1454,10,MEVSC11---,ENVIRONMENTAL SCIENCE 11,False
1454,10,MFOM-11---,FOUNDATIONS OF MATHEMATICS 11,False
1454,10,MLST-12---,LAW STUDIES 12,False
1454,10,MMACS12---,COMPUTER SCIENCE 12,False
1454,10,MVAPH12---,PHOTOGRAPHY 12,True
1454,10,YHRA-1AX--,CROSS TRAINING 11,False
1454,10,YPA--1CX--,YOGA FOR MINDFULNESS 11,True
1455,10,MCH--11---,CHEMISTRY 11,False
1455,10,MCLE-10--L,CAREER LIFE EDUCATION 10 Linear,False
1455,10,MCMPS11---,COMPOSITION 11,False
1455,10,MFR--12---,FRENCH 12,True
1455,10,MIMCB11--L,INSTRUMENTAL MUSIC 11: CONCERT BAND LINEAR,False
1455,10,MIMJB11--L,INSTRUMENTAL MUSIC 11: JAZZ BAND LINEAR,False
1455,10,MINST12---,CONTEMPORARY INDIGENOUS STUDIES 12,False
1455,10,MLST-12---,LAW STUDIES 12,False
1455,10,MMACS12---,COMPUTER SCIENCE 12,True
1455,10,MPH--11---,PHYSICS 11,False
1455,10,MPREC11---,PRE-CALCULUS 11,False
1456,10,MATPH12---,ANATOMY AND PHYSIOLOGY 12,False
1456,10,MCMPS11---,COMPOSITION 11,False
1456,10,MMAP-11---,MARKETING AND PROMOTION 11,False
1456,10,MPGEO12---,PHYSICAL GEOGRAPHY 12,True
1456,10,YPSYC1AX--,PSYCHOLOGY 11,False
1457,10,MACLV11FB-,ACTIVE LIVING 11 Football,False
1457,10,MCLE-10---,CAREER LIFE EDUCATION 10,False
1457,10,MCMPS11---,COMPOSITION 11,False
1457,10,MEPSS11---,EXPLORATIONS IN SOCIAL STUDIES 11,False
1457,10,MEVSC11---,ENVIRONMENTAL SCIENCE 11,False
1457,10,MSP--12---,SPANISH 12,False
1457,10,MTAUT11---,AUTOMOTIVE TECHNOLOGY 11,True
1457,10,MWPM-11---,WORKPLACE MATHEMATICS 11,False
1457,10,YHRA-1AX--,CROSS TRAINING 11,False
1458,10,MCMPS11---,COMPOSITION 11,False
1458,10,MEPSS11---,EXPLORATIONS IN SOCIAL STUDIES 11,False
1458,10,MFOM-11---,FOUNDATIONS OF MATHEMATICS 11,False
1458,10,MLFSC11---,LIFE SCIENCES 11,False
1459,10,MCH--11---,CHEMISTRY 11,False
1459,10,MCLE-10---,CAREER LIFE EDUCATION 10,False
1459,10,MCMPS11---,COMPOSITION 11,False
1459,10,MEC--12---,ECONOMICS 12,False
1459,10,MLST-12---,LAW STUDIES 12,False
1459,10,MPH--11---,PHYSICS 11,False
1459,10,MPREC11---,PRE-CALCULUS 11,False
1459,10,MSJ--12---,SOCIAL JUSTICE 12,True
1459,10,YCPA-1AX-L,COMMUNITY LEADERSHIP 11 Linear,False
1459,10,YED--1EX-L,PEER TUTORING 11 LINEAR,False
1459,10,YLAW-2CX--,CRIMINOLOGY 12,False
1459,10,YPSYC1AX--,PSYCHOLOGY 11,True
1460,10,MCLE-10--L,CAREER LIFE EDUCATION 10 Linear,False
1460,10,MCMPS11---,COMPOSITION 11,False
1460,10,MDCF-11---,DANCE FOUNDATIONS 11,False
1460,10,MDNC-11--L,DANCE 11: CHOREOGRAPHY Linear,False
1460,10,MDNCM11--L,DANCE COMPANY 11 Linear,False
1460,10,MDNCN11---,DANCE CONDITIONING 11,False
1460,10,MEVSC11---,ENVIRONMENTAL SCIENCE 11,False
1460,10,MSJ--12---,SOCIAL JUSTICE 12,False
1460,10,MTXT-11---,TEXTILES 11,True
1460,10,MWPM-11---,WORKPLACE MATHEMATICS 11,False
1460,10,YED--1DX-L,LEARNING STRATEGIES 11 LINEAR,False
1461,10,MACLV11---,ACTIVE LIVING 11,False
1461,10,MCMPS11---,COMPOSITION 11,False
1461,10,MEPSS11---,EXPLORATIONS IN SOCIAL STUDIES 11,False
1461,10,MFOOD11---,FOOD STUDIES 11,True
1461,10,MMACS11---,COMPUTER SCIENCE 11,True
1461,10,MPH--11---,PHYSICS 11,False
1461,10,MPREC11---,PRE-CALCULUS 11,False
1461,10,MTAUT11---,AUTOMOTIVE TECHNOLOGY 11,False
1461,10,MVAST11---,ART STUDIO 11,True
1461,10,MWWK-11---,WOODWORK 11,False
1461,10,YLAW-2CX--,CRIMINOLOGY 12,False
1462,10,MATPH12---,ANATOMY AND PHYSIOLOGY 12,False
1462,10,MCH--11---,CHEMISTRY 11,False
1462,10,MCMPS11---,COMPOSITION 11,False
1462,10,MIMG-11---,INSTRUMENTAL MUSIC 11: GUITAR,True
1462,10,MLFSC11---,LIFE SCIENCES 11,True
1462,10,MLST-12---,LAW STUDIES 12,False
1462,10,MPREC11---,PRE-CALCULUS 11,False
1462,10,MWEX-2A--L,WORK EXPERIENCE 12A LINEAR,False
1462,10,MWH--12---,20th CENTURY WORLD HISTORY 12,False
1462,10,YCPA-1AX-L,COMMUNITY LEADERSHIP 11 Linear,False
1462,10,YED--1EX-L,PEER TUTORING 11 LINEAR,False
1462,10,YLAW-2CX--,CRIMINOLOGY 12,False
1462,10,YPSYC1AX--,PSYCHOLOGY 11,False
1463,10,MCH--11---,CHEMISTRY 11,False
1463,10,MCLE-10--L,CAREER LIFE EDUCATION 10 Linear,False
1463,10,MCMPS11---,COMPOSITION 11,False
1463,10,MDNC-11--L,DANCE 11: CHOREOGRAPHY Linear,False
1463,10,MDNCM11--L,DANCE COMPANY 11 Linear,False
1463,10,MFOOD11---,FOOD STUDIES 11,True
1463,10,MIMCB11--L,INSTRUMENTAL MUSIC 11: CONCERT BAND LINEAR,False
1463,10,MIMJB11--L,INSTRUMENTAL MUSIC 11: JAZZ BAND LINEAR,False
1463,10,MINST12---,CONTEMPORARY INDIGENOUS STUDIES 12,False
1463,10,MLFSC11---,LIFE SCIENCES 11,False
1463,10,MPREC11H--,PRE-CALCULUS 11 HONOURS,False
1463,10,MTDRF11---,DRAFTING 11,True
1463,10,YCPA-1AX-L,COMMUNITY LEADERSHIP 11 Linear,False
1463,10,YLAW-2CX--,CRIMINOLOGY 12,False
1464,10,MBSP-11---,INTRODUCTORY SPANISH 11,False
1464,10,MCH--11---,CHEMISTRY 11,False
1464,10,MCMPS11---,COMPOSITION 11,False
1464,10,MEVSC11---,ENVIRONMENTAL SCIENCE 11,True
1464,10,MFOOD11---,FOOD STUDIES 11,False
1464,10,MLST-12---,LAW STUDIES 12,False
1464,10,MPREC11---,PRE-CALCULUS 11,False
1464,10,MVAST11---,ART STUDIO 11,True
1464,10,YLAW-2CX--,CRIMINOLOGY 12,False
1464,10,YPSYC1AX--,PSYCHOLOGY 11,False
1465,10,MACLV11G--,ACTIVE LIVING 11 Girls,False
1465,10,MCMPS11---,COMPOSITION 11,False
1465,10,MDMD-12D--,3D ANIMATION 12,False
1465,10,MEPSS11---,EXPLORATIONS IN SOCIAL STUDIES 11,False
1465,10,MFOM-11---,FOUNDATIONS OF MATHEMATICS 11,False
1465,10,MLFSC11---,LIFE SCIENCES 11,False
1465,10,MMAP-11---,MARKETING AND PROMOTION 11,False
1465,10,MVAPH11---,PHOTOGRAPHY 11,False
1466,10,MACLV11G--,ACTIVE LIVING 11 Girls,False
1466,10,MCMCL12---,COMPARATIVE CULTURES 12,True
1466,10,MCMPS11---,COMPOSITION 11,False
1466,10,MEPSS11---,EXPLORATIONS IN SOCIAL STUDIES 11,False
1466,10,MFR--11---,FRENCH 11,False
1467,10,MACLV11---,ACTIVE LIVING 11,False
1467,10,MCH--11---,CHEMISTRY 11,False
1467,10,MCMPS11---,COMPOSITION 11,False
1467,10,MDMD-12D--,3D ANIMATION 12,False
1467,10,MENT-12---,ENTREPRENEURSHIP 12,False
1467,10,MIMG-11---,INSTRUMENTAL MUSIC 11: GUITAR,True
1467,10,MODED11---,OUTDOOR EDUCATION 11,False
1467,10,MPREC11---,PRE-CALCULUS 11,False
1467,10,MTDRF11---,DRAFTING 11,True
1467,10,MWH--12---,20th CENTURY WORLD HISTORY 12,False
1468,10,MCH--11---,CHEMISTRY 11,False
1468,10,MCLE-10--L,CAREER LIFE EDUCATION 10 Linear,False
1468,10,MCMPS11---,COMPOSITION 11,False
1468,10,MIMCB11--L,INSTRUMENTAL MUSIC 11: CONCERT BAND LINEAR,False
1468,10,MIMJB11--L,INSTRUMENTAL MUSIC 11: JAZZ BAND LINEAR,False
1468,10,MLST-12---,LAW STUDIES 12,False
1468,10,MMACS12---,COMPUTER SCIENCE 12,True
1468,10,MPH--11---,PHYSICS 11,False
1468,10,MPREC11---,PRE-CALCULUS 11,False
1468,10,YLAW-2CX--,CRIMINOLOGY 12,False
1468,10,YPSYC1AX--,PSYCHOLOGY 11,True
1469,10,MCH--11---,CHEMISTRY 11,False
1469,10,MCLE-10--L,CAREER LIFE EDUCATION 10 Linear,False
1469,10,MCMPS11---,COMPOSITION 11,False
1469,10,MIMCB11--L,INSTRUMENTAL MUSIC 11: CONCERT BAND LINEAR,False
1469,10,MLST-12---,LAW STUDIES 12,False
1469,10,MMACS11---,COMPUTER SCIENCE 11,True
1469,10,MPH--11---,PHYSICS 11,False
1469,10,MPH--12---,PHYSICS 12,False
1469,10,MPREC11H--,PRE-CALCULUS 11 HONOURS,False
1469,10,MTROB11---,ROBOTICS 11,True
1469,10,YCPA-1AX-L,COMMUNITY LEADERSHIP 11 Linear,False
1470,10,MACLV11---,ACTIVE LIVING 11,True
1470,10,MCH--11---,CHEMISTRY 11,False
1470,10,MCLE-10---,CAREER LIFE EDUCATION 10,False
1470,10,MCMPS11---,COMPOSITION 11,False
1470,10,MENR-11---,ENGINEERING 11,True
1470,10,MINST12---,CONTEMPORARY INDIGENOUS STUDIES 12,False
1470,10,MLFSC11---,LIFE SCIENCES 11,False
1470,10,MMACS11---,COMPUTER SCIENCE 11,False
1470,10,MPH--11---,PHYSICS 11,False
1470,10,MPREC11---,PRE-CALCULUS 11,False
1470,10,MTROB11--L,ROBOTICS 11 LINEAR,False
1470,10,YLRA-1AX-L,ATHLETIC LEADERSHIP 11 Linear,False
1471,10,MCH--11---,CHEMISTRY 11,False
1471,10,MCMPS11---,COMPOSITION 11,False
1471,10,MEPSS11---,EXPLORATIONS IN SOCIAL STUDIES 11,False
1471,10,MEVSC11---,ENVIRONMENTAL SCIENCE 11,True
1471,10,MFR--11---,FRENCH 11,False
1471,10,MLFSC11---,LIFE SCIENCES 11,False
1471,10,MODED11---,OUTDOOR EDUCATION 11,False
1471,10,MPREC11---,PRE-CALCULUS 11,False
1471,10,YPSYC1AX--,PSYCHOLOGY 11,False
1472,10,MATPH12---,ANATOMY AND PHYSIOLOGY 12,False
1472,10,MCH--11---,CHEMISTRY 11,False
1472,10,MCMPS11---,COMPOSITION 11,False
1472,10,MENT-12---,ENTREPRENEURSHIP 12,True
1472,10,MFOOD11---,FOOD STUDIES 11,False
1472,10,MLST-12---,LAW STUDIES 12,False
1472,10,MPH--11---,PHYSICS 11,False
1472,10,MPREC11---,PRE-CALCULUS 11,False
1472,10,YLAW-2CX--,CRIMINOLOGY 12,False
1472,10,YPSYC1AX--,PSYCHOLOGY 11,True
1473,10,MAC--11---,ACCOUNTING 11,False
1473,10,MCH--11---,CHEMISTRY 11,False
1473,10,MCMPS11---,COMPOSITION 11,False
1473,10,MDNC-11--L,DANCE 11: CHOREOGRAPHY Linear,False
1473,10,MDNCM11--L,DANCE COMPANY 11 Linear,False
1473,10,MEC--12---,ECONOMICS 12,True
1473,10,MLST-12---,LAW STUDIES 12,False
1473,10,MMACS12---,COMPUTER SCIENCE 12,False
1473,10,MPH--11---,PHYSICS 11,False
1473,10,MPREC11---,PRE-CALCULUS 11,False
1473,10,MTDRF11---,DRAFTING 11,False
1473,10,YCPA-1AX-L,COMMUNITY LEADERSHIP 11 Linear,False
1473,10,YED--1EX-L,PEER TUTORING 11 LINEAR,False
1473,10,YPSYC1AX--,PSYCHOLOGY 11,True
1474,10,MAC--11---,ACCOUNTING 11,False
1474,10,MACLV11---,ACTIVE LIVING 11,False
1474,10,MCH--11---,CHEMISTRY 11,False
1474,10,MCLE-10---,CAREER LIFE EDUCATION 10,False
1474,10,MFR--11---,FRENCH 11,True
1474,10,MINST12C--,CONTEMPORARY INDIGENOUS STUDIES 12 CHALLENGE,False
1474,10,MLTST11C--,LITERARY STUDIES 11 Challenge,False
1474,10,MMACS11---,COMPUTER SCIENCE 11,False
1474,10,MPREC11---,PRE-CALCULUS 11,False
1474,10,MTROB11--L,ROBOTICS 11 LINEAR,False
1474,10,MWWK-11---,WOODWORK 11,True
1475,10,MCH--11---,CHEMISTRY 11,False
1475,10,MCLE-10--L,CAREER LIFE EDUCATION 10 Linear,False
1475,10,MCMPS11---,COMPOSITION 11,False
1475,10,MFOOD11---,FOOD STUDIES 11,True
1475,10,MIMCB11--L,INSTRUMENTAL MUSIC 11: CONCERT BAND LINEAR,False
1475,10,MIMJB11--L,INSTRUMENTAL MUSIC 11: JAZZ BAND LINEAR,False
1475,10,MLFSC11---,LIFE SCIENCES 11,False
1475,10,MLST-12---,LAW STUDIES 12,False
1475,10,MPREC11---,PRE-CALCULUS 11,False
1475,10,MTDRF11---,DRAFTING 11,True
1475,10,YCPA-1AX-L,COMMUNITY LEADERSHIP 11 Linear,False
1475,10,YLAW-2CX--,CRIMINOLOGY 12,False
1476,10,MCMCC11--L,CHORAL MUSIC 11: CONCERT CHOIR Linear,False
1476,10,MCMPS10---,COMPOSITION 10,False
1476,10,MDNTP11---,DANCE TECHNIQUE AND PERFORMANCE 11,False
1476,10,MEVSC11---,ENVIRONMENTAL SCIENCE 11,False
1476,10,MFOOD11---,FOOD STUDIES 11,False
1476,10,MIMG-11---,INSTRUMENTAL MUSIC 11: GUITAR,True
1476,10,MPREC11---,PRE-CALCULUS 11,False
1476,10,MSS--10---,SOCIAL STUDIES 10,False
1476,10,MTXT-11---,TEXTILES 11,False
1476,10,YESFL0AX--,BEGINNERS ELL 10,False
1477,10,MACLV11---,ACTIVE LIVING 11,True
1477,10,MCMPS11---,COMPOSITION 11,False
1477,10,MEPSS11---,EXPLORATIONS IN SOCIAL STUDIES 11,False
1477,10,MEVSC11---,ENVIRONMENTAL SCIENCE 11,False
1477,10,MFOM-11---,FOUNDATIONS OF MATHEMATICS 11,False
1477,10,MLFSC11---,LIFE SCIENCES 11,False
1477,10,MSP--11---,SPANISH 11,False
1477,10,MTAUT11---,AUTOMOTIVE TECHNOLOGY 11,False
1477,10,MWWK-11---,WOODWORK 11,False
1478,10,ASTA-12---,AP STATISTICS 12,False
1478,10,MCH--11---,CHEMISTRY 11,False
1478,10,MENT-12---,ENTREPRENEURSHIP 12,True
1478,10,MFR--11---,FRENCH 11,False
1478,10,MINST12C--,CONTEMPORARY INDIGENOUS STUDIES 12 CHALLENGE,False
1478,10,MLTST11C--,LITERARY STUDIES 11 Challenge,False
1478,10,MMAP-11---,MARKETING AND PROMOTION 11,False
1478,10,MPH--11---,PHYSICS 11,False
1478,10,MPREC11H--,PRE-CALCULUS 11 HONOURS,False
1478,10,YED--1EX-L,PEER TUTORING 11 LINEAR,False
1478,10,YLRA-1AX-L,ATHLETIC LEADERSHIP 11 Linear,False
1479,10,MCMPS11---,COMPOSITION 11,False
1479,10,MLFSC11---,LIFE SCIENCES 11,False
1479,10,MPREC11---,PRE-CALCULUS 11,False
1479,10,MSP--11---,SPANISH 11,False
1479,10,MTXT-11---,TEXTILES 11,True
1479,10,MVAPH11---,PHOTOGRAPHY 11,True
1480,10,MCMPS11---,COMPOSITION 11,False
1480,10,MDRM-11---,DRAMA 11,False
1480,10,MEC--12---,ECONOMICS 12,True
1480,10,MENR-11---,ENGINEERING 11,False
1480,10,MLFSC11---,LIFE SCIENCES 11,False
1481,10,MCMPS11---,COMPOSITION 11,False
1481,10,MEPSS11---,EXPLORATIONS IN SOCIAL STUDIES 11,False
1481,10,MLFSC11---,LIFE SCIENCES 11,False
1481,10,MMAP-11---,MARKETING AND PROMOTION 11,False
1482,10,MCLE-10---,CAREER LIFE EDUCATION 10,False
1482,10,MCMPS11---,COMPOSITION 11,False
1482,10,MLST-12---,LAW STUDIES 12,False
1482,10,MMAP-11---,MARKETING AND PROMOTION 11,False
1482,10,MPH--11---,PHYSICS 11,False
1482,10,MPREC12---,PRE-CALCULUS 12,False
1482,10,MTAUT11---,AUTOMOTIVE TECHNOLOGY 11,False
1482,10,YHRA-1AX--,CROSS TRAINING 11,True
1482,10,YLAW-2CX--,CRIMINOLOGY 12,False
1483,10,MCH--11---,CHEMISTRY 11,False
1483,10,MCLE-10---,CAREER LIFE EDUCATION 10,False
1483,10,MCMPR11AI-,COMPUTER PROGRAMMING 11 AI and Games,False
1483,10,MCMPS11---,COMPOSITION 11,False
1483,10,MEPSS11---,EXPLORATIONS IN SOCIAL STUDIES 11,False
1483,10,MFOOD11---,FOOD STUDIES 11,False
1483,10,MLFSC11---,LIFE SCIENCES 11,True
1483,10,MMACS12---,COMPUTER SCIENCE 12,False
1483,10,MPREC11---,PRE-CALCULUS 11,False
1483,10,YPA--1CX--,YOGA FOR MINDFULNESS 11,True
1484,10,ASTA-12---,AP STATISTICS 12,False
1484,10,MCH--11---,CHEMISTRY 11,False
1484,10,MCLE-10--L,CAREER LIFE EDUCATION 10 Linear,False
1484,10,MEVSC12C--,ENVIRONMENTAL SCIENCE 12 - CLIMATE CHANGE,True
1484,10,MGRPR11--L,GRAPHIC PRODUCTION 11 LINEAR,False
1484,10,MIMCB11--L,INSTRUMENTAL MUSIC 11: CONCERT BAND LINEAR,False
1484,10,MINST12C--,CONTEMPORARY INDIGENOUS STUDIES 12 CHALLENGE,False
1484,10,MLTST11C--,LITERARY STUDIES 11 Challenge,False
1484,10,MMACS11---,COMPUTER SCIENCE 11,True
1484,10,MPH--11---,PHYSICS 11,False
1484,10,MPREC11H--,PRE-CALCULUS 11 HONOURS,False
1485,10,MATPH12---,ANATOMY AND PHYSIOLOGY 12,False
1485,10,MCH--11---,CHEMISTRY 11,False
1485,10,MCLE-10--L,CAREER LIFE EDUCATION 10 Linear,False
1485,10,MCMPS11---,COMPOSITION 11,False
1485,10,MIMG-11---,INSTRUMENTAL MUSIC 11: GUITAR,True
1485,10,MPREC11---,PRE-CALCULUS 11,False
1485,10,MVAPH11---,PHOTOGRAPHY 11,False
1485,10,YED--1DX-L,LEARNING STRATEGIES 11 LINEAR,False
1485,10,YLAW-2CX--,CRIMINOLOGY 12,False
1486,10,MCH--11---,CHEMISTRY 11,False
1486,10,MCH--12---,CHEMISTRY 12,False
1486,10,MCLE-10---,CAREER LIFE EDUCATION 10,False
1486,10,MCMPS11---,COMPOSITION 11,False
1486,10,MFOOD11---,FOOD STUDIES 11,True
1486,10,MGRPR11--L,GRAPHIC PRODUCTION 11 LINEAR,False
1486,10,MLFSC11---,LIFE SCIENCES 11,False
1486,10,MLST-12---,LAW STUDIES 12,False
1486,10,MPH--11---,PHYSICS 11,False
1486,10,MPREC11---,PRE-CALCULUS 11,False
1486,10,YCPA-1AX-L,COMMUNITY LEADERSHIP 11 Linear,False
1486,10,YLAW-2CX--,CRIMINOLOGY 12,True
1487,10,MATPH12---,ANATOMY AND PHYSIOLOGY 12,True
1487,10,MCH--11---,CHEMISTRY 11,False
1487,10,MCLE-10---,CAREER LIFE EDUCATION 10,False
1487,10,MGRPR11--L,GRAPHIC PRODUCTION 11 LINEAR,False
1487,10,MIMCB11--L,INSTRUMENTAL MUSIC 11: CONCERT BAND LINEAR,True
1487,10,MINST12C--,CONTEMPORARY INDIGENOUS STUDIES 12 CHALLENGE,False
1487,10,MLST-12---,LAW STUDIES 12,False
1487,10,MLTST11C--,LITERARY STUDIES 11 Challenge,False
1487,10,MPH--11---,PHYSICS 11,False
1487,10,MPREC11---,PRE-CALCULUS 11,False
1487,10,MTDRF11---,DRAFTING 11,False
1487,10,YCPA-1AXE-,COMMUNITY LEADERSHIP 11,False
1488,10,MCMPS11---,COMPOSITION 11,False
1488,10,MEVSC11---,ENVIRONMENTAL SCIENCE 11,False
1488,10,MFOM-11---,FOUNDATIONS OF MATHEMATICS 11,False
1488,10,MFOOD11---,FOOD STUDIES 11,False
1488,10,MFR--10---,FRENCH 10,True
1488,10,MLST-12---,LAW STUDIES 12,False
1488,10,MMAP-11---,MARKETING AND PROMOTION 11,True
1488,10,MVAPH11---,PHOTOGRAPHY 11,False
1488,10,MVAST11---,ART STUDIO 11,False
1488,10,YPA--1CX--,YOGA FOR MINDFULNESS 11,False
1489,10,MACLV11---,ACTIVE LIVING 11,False
1489,10,MCLE-10---,CAREER LIFE EDUCATION 10,False
1489,10,MCMPS11---,COMPOSITION 11,False
1489,10,MFOOD11---,FOOD STUDIES 11,False
1489,10,MLFSC11---,LIFE SCIENCES 11,False
1489,10,MLST-12---,LAW STUDIES 12,False
1489,10,MPREC11---,PRE-CALCULUS 11,False
1489,10,YLRA-1AX-L,ATHLETIC LEADERSHIP 11 Linear,False
1489,10,YPA--1CX--,YOGA FOR MINDFULNESS 11,False
1490,10,MCMPS11---,COMPOSITION 11,False
1490,10,MDCF-11---,DANCE FOUNDATIONS 11,False
1490,10,MMUOR11S-L,INSTRUMENTAL MUSIC: ORCHESTRA 11 Strings Linear,False
1490,10,MVAPH11---,PHOTOGRAPHY 11,False
1490,10,MVAST11---,ART STUDIO 11,True
1491,10,MCH--11---,CHEMISTRY 11,False
1491,10,MCLE-10---,CAREER LIFE EDUCATION 10,False
1491,10,MCMPS11---,COMPOSITION 11,False
1491,10,MEPSS11---,EXPLORATIONS IN SOCIAL STUDIES 11,False
1491,10,MFOOD11---,FOOD STUDIES 11,True
1491,10,MLFSC11---,LIFE SCIENCES 11,False
1491,10,MMEDD11---,MEDIA DESIGN 11,False
1491,10,MPH--11---,PHYSICS 11,False
1491,10,MPREC11---,PRE-CALCULUS 11,False
1491,10,MVAPH11---,PHOTOGRAPHY 11,True
1492,10,MCMCC11--L,CHORAL MUSIC 11: CONCERT CHOIR Linear,False
1492,10,MCMPS11---,COMPOSITION 11,False
1492,10,MDRM-11---,DRAMA 11,False
1492,10,MMAP-11---,MARKETING AND PROMOTION 11,False
1492,10,YLAW-2CX--,CRIMINOLOGY 12,True
1492,10,YPA--1CX--,YOGA FOR MINDFULNESS 11,True
1492,10,YPSYC1AX--,PSYCHOLOGY 11,False
1493,10,MACLV11---,ACTIVE LIVING 11,False
1493,10,MCH--11---,CHEMISTRY 11,False
1493,10,MCLE-10---,CAREER LIFE EDUCATION 10,False
1493,10,MCMPS11---,COMPOSITION 11,False
1493,10,MEPSS11---,EXPLORATIONS IN SOCIAL STUDIES 11,False
1493,10,MFOOD11---,FOOD STUDIES 11,True
1493,10,MODED11---,OUTDOOR EDUCATION 11,False
1493,10,MPREC11---,PRE-CALCULUS 11,False
1493,10,MTAUT11---,AUTOMOTIVE TECHNOLOGY 11,False
1494,10,MATPH12---,ANATOMY AND PHYSIOLOGY 12,False
1494,10,MCH--11---,CHEMISTRY 11,False
1494,10,MCH--12---,CHEMISTRY 12,False
1494,10,MINST12C--,CONTEMPORARY INDIGENOUS STUDIES 12 CHALLENGE,False
1494,10,MLTST11C--,LITERARY STUDIES 11 Challenge,False
1494,10,MMACS12---,COMPUTER SCIENCE 12,True
1494,10,MPH--11---,PHYSICS 11,False
1494,10,MPH--12---,PHYSICS 12,True
1494,10,MPREC11---,PRE-CALCULUS 11,False
1494,10,MPREC12---,PRE-CALCULUS 12,False
1495,10,MCH--11---,CHEMISTRY 11,False
1495,10,MCMPS11---,COMPOSITION 11,False
1495,10,MEPSS11---,EXPLORATIONS IN SOCIAL STUDIES 11,False
1495,10,MFOOD11---,FOOD STUDIES 11,False
1495,10,MLFSC11---,LIFE SCIENCES 11,False
1495,10,MPH--11---,PHYSICS 11,False
1495,10,MPREC11---,PRE-CALCULUS 11,False
1495,10,YCPA-1AX-L,COMMUNITY LEADERSHIP 11 Linear,False
1495,10,YLAW-2CX--,CRIMINOLOGY 12,True
1495,10,YPSYC1AX--,PSYCHOLOGY 11,False
1496,10,MACLV11FB-,ACTIVE LIVING 11 Football,False
1496,10,MCLE-10---,CAREER LIFE EDUCATION 10,False
1496,10,MCMPS11---,COMPOSITION 11,False
1496,10,MEVSC11---,ENVIRONMENTAL SCIENCE 11,False
1496,10,MFOOD11---,FOOD STUDIES 11,True
1496,10,MINST12---,CONTEMPORARY INDIGENOUS STUDIES 12,False
1496,10,MTAUT11---,AUTOMOTIVE TECHNOLOGY 11,False
1496,10,MWPM-11---,WORKPLACE MATHEMATICS 11,False
1496,10,MWWK-11---,WOODWORK 11,True
1496,10,YHRA-1AX--,CROSS TRAINING 11,False
1497,10,MCLE-10---,CAREER LIFE EDUCATION 10,False
1497,10,MCMPS11---,COMPOSITION 11,False
1497,10,MINST12---,CONTEMPORARY INDIGENOUS STUDIES 12,False
1497,10,MLFSC11---,LIFE SCIENCES 11,False
1497,10,MSP--11---,SPANISH 11,False
1497,10,MTAUT11---,AUTOMOTIVE TECHNOLOGY 11,False
1497,10,MWPM-11---,WORKPLACE MATHEMATICS 11,False
1497,10,MWWK-11---,WOODWORK 11,False
1498,10,MCMPS11---,COMPOSITION 11,False
1498,10,MEPSS11---,EXPLORATIONS IN SOCIAL STUDIES 11,False
1498,10,MFOM-11---,FOUNDATIONS OF MATHEMATICS 11,False
1498,10,MLFSC11---,LIFE SCIENCES 11,False
1499,10,ASTA-12---,AP STATISTICS 12,False
1499,10,MCH--11---,CHEMISTRY 11,False
1499,10,MCLE-10---,CAREER LIFE EDUCATION 10,False
1499,10,MENR-11---,ENGINEERING 11,True
1499,10,MINST12C--,CONTEMPORARY INDIGENOUS STUDIES 12 CHALLENGE,False
1499,10,MLTST11C--,LITERARY STUDIES 11 Challenge,False
1499,10,MMACS12---,COMPUTER SCIENCE 12,False
1499,10,MPH--11---,PHYSICS 11,False
1499,10,MPREC11---,PRE-CALCULUS 11,False
1499,10,MTROB11--L,ROBOTICS 11 LINEAR,False
1499,10,YED--1EX-L,PEER TUTORING 11 LINEAR,False
1500,10,MCLE-10---,CAREER LIFE EDUCATION 10,False
1500,10,MCMCC11--L,CHORAL MUSIC 11: CONCERT CHOIR Linear,False
1500,10,MCMPS11---,COMPOSITION 11,False
1500,10,MDNC-11--L,DANCE 11: CHOREOGRAPHY Linear,False
1500,10,MDNCM11--L,DANCE COMPANY 11 Linear,False
1500,10,MDNTP11---,DANCE TECHNIQUE AND PERFORMANCE 11,False
1500,10,MDRM-11---,DRAMA 11,False
1500,10,MEPSS11---,EXPLORATIONS IN SOCIAL STUDIES 11,False
1500,10,MEVSC11---,ENVIRONMENTAL SCIENCE 11,False
1500,10,MVAPH11---,PHOTOGRAPHY 11,False
1500,10,MWPM-11---,WORKPLACE MATHEMATICS 11,False
1501,10,MCMPS11---,COMPOSITION 11,False
1501,10,MEPSS11---,EXPLORATIONS IN SOCIAL STUDIES 11,False
1501,10,MEVSC11---,ENVIRONMENTAL SCIENCE 11,False
1501,10,MFOOD11---,FOOD STUDIES 11,False
1501,10,MPGEO12---,PHYSICAL GEOGRAPHY 12,True
1501,10,MTAUT11---,AUTOMOTIVE TECHNOLOGY 11,False
1501,10,MWPM-11---,WORKPLACE MATHEMATICS 11,False
1501,10,MWWK-11---,WOODWORK 11,False
1501,10,YLAW-2CX--,CRIMINOLOGY 12,False
1502,10,MACLV11---,ACTIVE LIVING 11,False
1502,10,MCH--11---,CHEMISTRY 11,False
1502,10,MCLE-10---,CAREER LIFE EDUCATION 10,False
1502,10,MFOOD11---,FOOD STUDIES 11,True
1502,10,MINST12C--,CONTEMPORARY INDIGENOUS STUDIES 12 CHALLENGE,False
1502,10,MLFSC11---,LIFE SCIENCES 11,True
1502,10,MLST-12---,LAW STUDIES 12,False
1502,10,MLTST11C--,LITERARY STUDIES 11 Challenge,False
1502,10,MPH--11---,PHYSICS 11,False
1502,10,MPREC11---,PRE-CALCULUS 11,False
1502,10,YLRA-1AX-L,ATHLETIC LEADERSHIP 11 Linear,False
1503,10,MACC-12---,ACCOUNTING 12,True
1503,10,MATPH12---,ANATOMY AND PHYSIOLOGY 12,False
1503,10,MCH--11---,CHEMISTRY 11,False
1503,10,MCLE-10---,CAREER LIFE EDUCATION 10,False
1503,10,MIMCB11--L,INSTRUMENTAL MUSIC 11: CONCERT BAND LINEAR,True
1503,10,MIMJB11--L,INSTRUMENTAL MUSIC 11: JAZZ BAND LINEAR,True
1503,10,MINST12C--,CONTEMPORARY INDIGENOUS STUDIES 12 CHALLENGE,False
1503,10,MLTST11C--,LITERARY STUDIES 11 Challenge,False
1503,10,MMUOR11S-L,INSTRUMENTAL MUSIC: ORCHESTRA 11 Strings Linear,False
1503,10,MPH--11---,PHYSICS 11,False
1503,10,MPREC11H--,PRE-CALCULUS 11 HONOURS,False
1503,10,MTDRF11---,DRAFTING 11,False
1503,10,YCPA-1AXE-,COMMUNITY LEADERSHIP 11,False
1504,10,MCH--11---,CHEMISTRY 11,False
1504,10,MCMPS11---,COMPOSITION 11,False
1504,10,MENR-11---,ENGINEERING 11,True
1504,10,MEPSS11---,EXPLORATIONS IN SOCIAL STUDIES 11,False
1504,10,MODED11---,OUTDOOR EDUCATION 11,True
1504,10,MPH--11---,PHYSICS 11,False
1504,10,MPREC11---,PRE-CALCULUS 11,False
1504,10,MTXT-11---,TEXTILES 11,False
1504,10,YLAW-2CX--,CRIMINOLOGY 12,False
1504,10,YPSYC1AX--,PSYCHOLOGY 11,False
1505,10,MCH--11---,CHEMISTRY 11,False
1505,10,MCLE-10---,CAREER LIFE EDUCATION 10,False
1505,10,MCMPS11---,COMPOSITION 11,False
1505,10,MEPSS11---,EXPLORATIONS IN SOCIAL STUDIES 11,False
1505,10,MFOM-11---,FOUNDATIONS OF MATHEMATICS 11,False
1505,10,MFOOD11---,FOOD STUDIES 11,False
1505,10,MLFSC11---,LIFE SCIENCES 11,False
1505,10,MVAST11---,ART STUDIO 11,False
1506,10,MCH--11---,CHEMISTRY 11,False
1506,10,MCLE-10--L,CAREER LIFE EDUCATION 10 Linear,False
1506,10,MCMCL12---,COMPARATIVE CULTURES 12,True
1506,10,MIMCB11--L,INSTRUMENTAL MUSIC 11: CONCERT BAND LINEAR,False
1506,10,MIMJB11--L,INSTRUMENTAL MUSIC 11: JAZZ BAND LINEAR,False
1506,10,MINST12C--,CONTEMPORARY INDIGENOUS STUDIES 12 CHALLENGE,False
1506,10,MLFSC11---,LIFE SCIENCES 11,False
1506,10,MLTST11C--,LITERARY STUDIES 11 Challenge,False
1506,10,MMACS11---,COMPUTER SCIENCE 11,False
1506,10,MMEDD11---,MEDIA DESIGN 11,True
1506,10,MPREC11H--,PRE-CALCULUS 11 HONOURS,False
1506,10,YCPA-1AXE-,COMMUNITY LEADERSHIP 11,False
1507,10,MATPH12---,ANATOMY AND PHYSIOLOGY 12,False
1507,10,MCALC12---,CALCULUS 12,False
1507,10,MCH--11---,CHEMISTRY 11,False
1507,10,MCH--12---,CHEMISTRY 12,False
1507,10,MINST12C--,CONTEMPORARY INDIGENOUS STUDIES 12 CHALLENGE,False
1507,10,MLTST11C--,LITERARY STUDIES 11 Challenge,False
1507,10,MPH--11---,PHYSICS 11,False
1507,10,MPH--12---,PHYSICS 12,True
1507,10,MPREC12---,PRE-CALCULUS 12,False
1508,10,MATPH12---,ANATOMY AND PHYSIOLOGY 12,False
1508,10,MCH--11---,CHEMISTRY 11,False
1508,10,MCLE-10---,CAREER LIFE EDUCATION 10,False
1508,10,MFOOD11---,FOOD STUDIES 11,True
1508,10,MINST12C--,CONTEMPORARY INDIGENOUS STUDIES 12 CHALLENGE,False
1508,10,MLTST11C--,LITERARY STUDIES 11 Challenge,False
1508,10,MPH--11---,PHYSICS 11,False
1508,10,MPREC11---,PRE-CALCULUS 11,False
1508,10,MSP--11---,SPANISH 11,True
1508,10,YLAW-2CX--,CRIMINOLOGY 12,False
1509,10,MACLV11G--,ACTIVE LIVING 11 Girls,False
1509,10,MCH--11---,CHEMISTRY 11,True
1509,10,MCMPS11---,COMPOSITION 11,False
1509,10,MEVSC11---,ENVIRONMENTAL SCIENCE 11,False
1509,10,MEVSC12C--,ENVIRONMENTAL SCIENCE 12 - CLIMATE CHANGE,False
1509,10,MINST12---,CONTEMPORARY INDIGENOUS STUDIES 12,False
1509,10,MLFSC11---,LIFE SCIENCES 11,True
1509,10,MPGEO12---,PHYSICAL GEOGRAPHY 12,False
1509,10,MPREC11---,PRE-CALCULUS 11,False
1509,10,YPSYC1AX--,PSYCHOLOGY 11,False
1510,10,MCH--11---,CHEMISTRY 11,False
1510,10,MCLE-10---,CAREER LIFE EDUCATION 10,False
1510,10,MCMPS11---,COMPOSITION 11,False
1510,10,MFOM-11---,FOUNDATIONS OF MATHEMATICS 11,False
1510,10,MFOOD11---,FOOD STUDIES 11,False
1510,10,MLFSC11---,LIFE SCIENCES 11,False
1510,10,MMAP-11---,MARKETING AND PROMOTION 11,True
1510,10,MSJ--12---,SOCIAL JUSTICE 12,False
1510,10,MVAPH11---,PHOTOGRAPHY 11,True
1510,10,YLRA-1AX-L,ATHLETIC LEADERSHIP 11 Linear,False
1510,10,YPA--1CX--,YOGA FOR MINDFULNESS 11,False
1511,10,MACLV11G--,ACTIVE LIVING 11 Girls,False
1511,10,MCLE-10--L,CAREER LIFE EDUCATION 10 Linear,False
1511,10,MCMPS11---,COMPOSITION 11,False
1511,10,MEPSS11---,EXPLORATIONS IN SOCIAL STUDIES 11,False
1511,10,MFOM-11---,FOUNDATIONS OF MATHEMATICS 11,False
1511,10,MIMCB11--L,INSTRUMENTAL MUSIC 11: CONCERT BAND LINEAR,False
1511,10,MMAP-11---,MARKETING AND PROMOTION 11,True
1511,10,MODED11---,OUTDOOR EDUCATION 11,False
1511,10,MVAPH11---,PHOTOGRAPHY 11,False
1512,10,MCH--11---,CHEMISTRY 11,False
1512,10,MCLE-10---,CAREER LIFE EDUCATION 10,False
1512,10,MCMPS11---,COMPOSITION 11,False
1512,10,MEC--12---,ECONOMICS 12,True
1512,10,MEPSS11---,EXPLORATIONS IN SOCIAL STUDIES 11,False
1512,10,MLFSC11---,LIFE SCIENCES 11,False
1512,10,MPH--11---,PHYSICS 11,False
1512,10,MPREC11---,PRE-CALCULUS 11,False
1512,10,YED--1DX--,LEARNING STRATEGIES 11,True
1513,10,MCH--11---,CHEMISTRY 11,False
1513,10,MCLE-10---,CAREER LIFE EDUCATION 10,False
1513,10,MFOOD11---,FOOD STUDIES 11,True
1513,10,MIMCB11--L,INSTRUMENTAL MUSIC 11: CONCERT BAND LINEAR,True
1513,10,MINST12C--,CONTEMPORARY INDIGENOUS STUDIES 12 CHALLENGE,False
1513,10,MLTST11C--,LITERARY STUDIES 11 Challenge,False
1513,10,MPH--11---,PHYSICS 11,False
1513,10,MPREC11---,PRE-CALCULUS 11,False
1513,10,MVAST11---,ART STUDIO 11,False
1513,10,YLAW-2CX--,CRIMINOLOGY 12,False
1514,10,MACLV11FB-,ACTIVE LIVING 11 Football,False
1514,10,MBSP-11---,INTRODUCTORY SPANISH 11,False
1514,10,MCLE-10---,CAREER LIFE EDUCATION 10,False
1514,10,MCMPS11---,COMPOSITION 11,False
1514,10,MEPSS11---,EXPLORATIONS IN SOCIAL STUDIES 11,False
1514,10,MEVSC11---,ENVIRONMENTAL SCIENCE 11,False
1514,10,MVAPH11---,PHOTOGRAPHY 11,True
1514,10,MWPM-11---,WORKPLACE MATHEMATICS 11,False
1514,10,YHRA-1AX--,CROSS TRAINING 11,False
1515,10,MCLE-10---,CAREER LIFE EDUCATION 10,False
1515,10,MCMPS11---,COMPOSITION 11,False
1515,10,MEFWR10---,EFP WRITING 10,False
1515,10,MEVSC11---,ENVIRONMENTAL SCIENCE 11,False
1515,10,MFOOD11---,FOOD STUDIES 11,False
1515,10,MSS--10---,SOCIAL STUDIES 10,False
1515,10,MTAUT11---,AUTOMOTIVE TECHNOLOGY 11,False
1515,10,MVAPH11---,PHOTOGRAPHY 11,True
1515,10,MWPM-11---,WORKPLACE MATHEMATICS 11,False
1515,10,YPA--1CX--,YOGA FOR MINDFULNESS 11,True
1516,10,ASTA-12---,AP STATISTICS 12,False
1516,10,MCH--11---,CHEMISTRY 11,False
1516,10,MCMCC11--L,CHORAL MUSIC 11: CONCERT CHOIR Linear,False
1516,10,MDRM-11---,DRAMA 11,False
1516,10,MINST12C--,CONTEMPORARY INDIGENOUS STUDIES 12 CHALLENGE,False
1516,10,MLFSC11---,LIFE SCIENCES 11,False
1516,10,MLTST11C--,LITERARY STUDIES 11 Challenge,False
1516,10,MMUOR11S-L,INSTRUMENTAL MUSIC: ORCHESTRA 11 Strings Linear,False
1516,10,MODED11---,OUTDOOR EDUCATION 11,True
1516,10,MPH--11---,PHYSICS 11,False
1516,10,MPREC11H--,PRE-CALCULUS 11 HONOURS,False
1516,10,MTXT-11---,TEXTILES 11,True
1516,10,YCPA-1AXE-,COMMUNITY LEADERSHIP 11,False
1517,10,ASTA-12---,AP STATISTICS 12,False
1517,10,MCH--11---,CHEMISTRY 11,False
1517,10,MCLE-10---,CAREER LIFE EDUCATION 10,False
1517,10,MDMD-12D--,3D ANIMATION 12,True
1517,10,MEC--12---,ECONOMICS 12,True
1517,10,MINST12C--,CONTEMPORARY INDIGENOUS STUDIES 12 CHALLENGE,False
1517,10,MLTST11C--,LITERARY STUDIES 11 Challenge,False
1517,10,MMACS11---,COMPUTER SCIENCE 11,False
1517,10,MPH--11---,PHYSICS 11,False
1517,10,MPREC11H--,PRE-CALCULUS 11 HONOURS,False
1517,10,YCPA-1AXE-,COMMUNITY LEADERSHIP 11,False
1518,10,MCLE-10---,CAREER LIFE EDUCATION 10,False
1518,10,MCMPS11---,COMPOSITION 11,False
1518,10,MEVSC11---,ENVIRONMENTAL SCIENCE 11,False
1518,10,MFOOD11---,FOOD STUDIES 11,False
1518,10,MVAPH11---,PHOTOGRAPHY 11,True
1518,10,MWH--12---,20th CENTURY WORLD HISTORY 12,False
1518,10,MWPM-11---,WORKPLACE MATHEMATICS 11,False
1518,10,YLAW-2CX--,CRIMINOLOGY 12,False
1518,10,YPSYC1AX--,PSYCHOLOGY 11,False
1519,10,MCMPS11---,COMPOSITION 11,False
1519,10,MEPSS11---,EXPLORATIONS IN SOCIAL STUDIES 11,False
1519,10,MFOM-11---,FOUNDATIONS OF MATHEMATICS 11,False
1519,10,MLFSC11---,LIFE SCIENCES 11,False
1520,10,MCMPS11---,COMPOSITION 11,False
1520,10,MEPSS11---,EXPLORATIONS IN SOCIAL STUDIES 11,False
1520,10,MFOM-11---,FOUNDATIONS OF MATHEMATICS 11,False
1520,10,MLFSC11---,LIFE SCIENCES 11,False
1521,10,MCH--11---,CHEMISTRY 11,True
1521,10,MCLE-10---,CAREER LIFE EDUCATION 10,False
1521,10,MCMPS11---,COMPOSITION 11,False
1521,10,MFOM-11---,FOUNDATIONS OF MATHEMATICS 11,False
1521,10,MFOOD11---,FOOD STUDIES 11,True
1521,10,MINST12---,CONTEMPORARY INDIGENOUS STUDIES 12,False
1521,10,MLFSC11---,LIFE SCIENCES 11,False
1521,10,MSP--11---,SPANISH 11,False
1521,10,MTXT-11---,TEXTILES 11,False
1521,10,MVAPH11---,PHOTOGRAPHY 11,True
1521,10,YLAW-2CX--,CRIMINOLOGY 12,False
1521,10,YPSYC1AX--,PSYCHOLOGY 11,True
1522,10,ACSC-2A---,AP COMPUTER SCIENCE A 12,False
1522,10,MCH--11---,CHEMISTRY 11,False
1522,10,MCLE-10---,CAREER LIFE EDUCATION 10,False
1522,10,MGRPR11--L,GRAPHIC PRODUCTION 11 LINEAR,False
1522,10,MINST12C--,CONTEMPORARY INDIGENOUS STUDIES 12 CHALLENGE,False
1522,10,MLTST11C--,LITERARY STUDIES 11 Challenge,False
1522,10,MMACS12---,COMPUTER SCIENCE 12,False
1522,10,MPH--11---,PHYSICS 11,False
1522,10,MPREC11---,PRE-CALCULUS 11,False
1522,10,YCPA-1AX-L,COMMUNITY LEADERSHIP 11 Linear,False
1522,10,YLRA-1AX-L,ATHLETIC LEADERSHIP 11 Linear,False
1523,10,MBSP-11---,INTRODUCTORY SPANISH 11,False
1523,10,MCH--11---,CHEMISTRY 11,False
1523,10,MCMPS11---,COMPOSITION 11,False
1523,10,MLST-12---,LAW STUDIES 12,False
1523,10,MMACS11---,COMPUTER SCIENCE 11,False
1523,10,MPH--11---,PHYSICS 11,False
1523,10,MPREC11---,PRE-CALCULUS 11,False
1523,10,MPREC12---,PRE-CALCULUS 12,False
1524,10,MAC--11---,ACCOUNTING 11,False
1524,10,MCLE-10--L,CAREER LIFE EDUCATION 10 Linear,False
1524,10,MCMPS11---,COMPOSITION 11,False
1524,10,MENR-11---,ENGINEERING 11,True
1524,10,MIMCB11--L,INSTRUMENTAL MUSIC 11: CONCERT BAND LINEAR,False
1524,10,MIMJB11--L,INSTRUMENTAL MUSIC 11: JAZZ BAND LINEAR,False
1524,10,MLST-12---,LAW STUDIES 12,False
1524,10,MPH--11---,PHYSICS 11,False
1524,10,MPREC11---,PRE-CALCULUS 11,False
1524,10,MSP--11---,SPANISH 11,False
1524,10,YLRA-1AX-L,ATHLETIC LEADERSHIP 11 Linear,False
1524,10,YPSYC1AX--,PSYCHOLOGY 11,True
1525,10,MCH--11---,CHEMISTRY 11,False
1525,10,MCLE-10--L,CAREER LIFE EDUCATION 10 Linear,False
1525,10,MCMPS11---,COMPOSITION 11,False
1525,10,MENR-11---,ENGINEERING 11,True
1525,10,MIMCB11--L,INSTRUMENTAL MUSIC 11: CONCERT BAND LINEAR,False
1525,10,MODED11---,OUTDOOR EDUCATION 11,True
1525,10,MPGEO12---,PHYSICAL GEOGRAPHY 12,False
1525,10,MPH--11---,PHYSICS 11,False
1525,10,MPREC11---,PRE-CALCULUS 11,False
1525,10,MPREC12---,PRE-CALCULUS 12,False
1526,10,MACLV11---,ACTIVE LIVING 11,False
1526,10,MCH--11---,CHEMISTRY 11,False
1526,10,MCLE-10--L,CAREER LIFE EDUCATION 10 Linear,False
1526,10,MCMPS11---,COMPOSITION 11,False
1526,10,MEC--12---,ECONOMICS 12,True
1526,10,MIMCB11--L,INSTRUMENTAL MUSIC 11: CONCERT BAND LINEAR,False
1526,10,MIMJB11--L,INSTRUMENTAL MUSIC 11: JAZZ BAND LINEAR,True
1526,10,MLST-12---,LAW STUDIES 12,False
1526,10,MPH--11---,PHYSICS 11,False
1526,10,MPREC12---,PRE-CALCULUS 12,False
1526,10,MTAUT11---,AUTOMOTIVE TECHNOLOGY 11,True
1526,10,YLRA-1AX-L,ATHLETIC LEADERSHIP 11 Linear,False
1527,10,MAC--11---,ACCOUNTING 11,True
1527,10,MACLV11---,ACTIVE LIVING 11,False
1527,10,MCH--11---,CHEMISTRY 11,False
1527,10,MCMPS11---,COMPOSITION 11,False
1527,10,MFOOD11---,FOOD STUDIES 11,False
1527,10,MINST12---,CONTEMPORARY INDIGENOUS STUDIES 12,False
1527,10,MPH--11---,PHYSICS 11,False
1527,10,MPREC11---,PRE-CALCULUS 11,False
1527,10,MTAUT11---,AUTOMOTIVE TECHNOLOGY 11,False
1527,10,YLAW-2CX--,CRIMINOLOGY 12,True
1528,10,MCH--11---,CHEMISTRY 11,False
1528,10,MCLE-10---,CAREER LIFE EDUCATION 10,False
1528,10,MCMPS11---,COMPOSITION 11,False
1528,10,MDNC-11--L,DANCE 11: CHOREOGRAPHY Linear,False
1528,10,MDNCM11--L,DANCE COMPANY 11 Linear,False
1528,10,MDNCN11---,DANCE CONDITIONING 11,True
1528,10,MDNTP11---,DANCE TECHNIQUE AND PERFORMANCE 11,False
1528,10,MLFSC11---,LIFE SCIENCES 11,False
1528,10,MLST-12---,LAW STUDIES 12,False
1528,10,MPREC11---,PRE-CALCULUS 11,False
1528,10,MSJ--12---,SOCIAL JUSTICE 12,False
1528,10,YCPA-1AX-L,COMMUNITY LEADERSHIP 11 Linear,False
1529,10,MACC-12---,ACCOUNTING 12,False
1529,10,MATPH12---,ANATOMY AND PHYSIOLOGY 12,False
1529,10,MCH--11---,CHEMISTRY 11,False
1529,10,MCMPS11---,COMPOSITION 11,False
1529,10,MINST12---,CONTEMPORARY INDIGENOUS STUDIES 12,False
1529,10,MLST-12---,LAW STUDIES 12,False
1529,10,MPREC11---,PRE-CALCULUS 11,False
1529,10,MSJ--12---,SOCIAL JUSTICE 12,True
1529,10,YCPA-1AX-L,COMMUNITY LEADERSHIP 11 Linear,False
1529,10,YED--1EX-L,PEER TUTORING 11 LINEAR,False
1529,10,YLAW-2CX--,CRIMINOLOGY 12,True
1529,10,YPSYC1AX--,PSYCHOLOGY 11,False
1530,10,MACLV11---,ACTIVE LIVING 11,False
1530,10,MCH--11---,CHEMISTRY 11,False
1530,10,MCLE-10---,CAREER LIFE EDUCATION 10,False
1530,10,MCMPS11---,COMPOSITION 11,False
1530,10,MFOOD11---,FOOD STUDIES 11,True
1530,10,MLFSC11---,LIFE SCIENCES 11,False
1530,10,MPREC11H--,PRE-CALCULUS 11 HONOURS,False
1530,10,MSJ--12---,SOCIAL JUSTICE 12,False
1530,10,MTDRF11---,DRAFTING 11,True
1530,10,YPSYC1AX--,PSYCHOLOGY 11,False
1531,10,ACSC-2A---,AP COMPUTER SCIENCE A 12,False
1531,10,MCH--11---,CHEMISTRY 11,True
1531,10,MCLE-10--L,CAREER LIFE EDUCATION 10 Linear,False
1531,10,MDMD-12D--,3D ANIMATION 12,True
1531,10,MIMCB11--L,INSTRUMENTAL MUSIC 11: CONCERT BAND LINEAR,False
1531,10,MIMJB11--L,INSTRUMENTAL MUSIC 11: JAZZ BAND LINEAR,False
1531,10,MINST12C--,CONTEMPORARY INDIGENOUS STUDIES 12 CHALLENGE,False
1531,10,MLTST11C--,LITERARY STUDIES 11 Challenge,False
1531,10,MMACS12---,COMPUTER SCIENCE 12,False
1531,10,MPH--11---,PHYSICS 11,False
1531,10,MPREC11H--,PRE-CALCULUS 11 HONOURS,False
1531,10,YCPA-1AX-L,COMMUNITY LEADERSHIP 11 Linear,False
1531,10,YPSYC1AX--,PSYCHOLOGY 11,True
1532,10,MACC-12---,ACCOUNTING 12,False
1532,10,MCLE-10---,CAREER LIFE EDUCATION 10,False
1532,10,MCMPS11---,COMPOSITION 11,False
1532,10,MEC--12---,ECONOMICS 12,False
1532,10,MEVSC11---,ENVIRONMENTAL SCIENCE 11,False
1532,10,MIMG-11---,INSTRUMENTAL MUSIC 11: GUITAR,False
1532,10,MPREC11---,PRE-CALCULUS 11,False
1532,10,MPREC12---,PRE-CALCULUS 12,True
1532,10,MSJ--12---,SOCIAL JUSTICE 12,False
1533,10,MAC--11---,ACCOUNTING 11,True
1533,10,MCH--11---,CHEMISTRY 11,False
1533,10,MCLE-10---,CAREER LIFE EDUCATION 10,False
1533,10,MCMPS11---,COMPOSITION 11,False
1533,10,MFOOD11---,FOOD STUDIES 11,False
1533,10,MLST-12---,LAW STUDIES 12,False
1533,10,MPREC11---,PRE-CALCULUS 11,False
1533,10,MWWK-11---,WOODWORK 11,True
1533,10,YLAW-2CX--,CRIMINOLOGY 12,False
1533,10,YPSYC1AX--,PSYCHOLOGY 11,False
1534,10,MCH--11---,CHEMISTRY 11,False
1534,10,MCLE-10--L,CAREER LIFE EDUCATION 10 Linear,False
1534,10,MIMCB11--L,INSTRUMENTAL MUSIC 11: CONCERT BAND LINEAR,False
1534,10,MIMJB11--L,INSTRUMENTAL MUSIC 11: JAZZ BAND LINEAR,False
1534,10,MINST12C--,CONTEMPORARY INDIGENOUS STUDIES 12 CHALLENGE,False
1534,10,MLST-12---,LAW STUDIES 12,True
1534,10,MLTST11C--,LITERARY STUDIES 11 Challenge,False
1534,10,MPH--11---,PHYSICS 11,False
1534,10,MPREC11H--,PRE-CALCULUS 11 HONOURS,False
1534,10,MTXT-11---,TEXTILES 11,False
1534,10,YCPA-1AX-L,COMMUNITY LEADERSHIP 11 Linear,False
1535,10,MCLE-10---,CAREER LIFE EDUCATION 10,False
1535,10,MCMPS11---,COMPOSITION 11,False
1535,10,MFOM-11---,FOUNDATIONS OF MATHEMATICS 11,False
1535,10,MFOOD11---,FOOD STUDIES 11,False
1535,10,MLFSC11---,LIFE SCIENCES 11,False
1535,10,MODED11---,OUTDOOR EDUCATION 11,False
1535,10,MPGEO12---,PHYSICAL GEOGRAPHY 12,False
1535,10,MTXT-11---,TEXTILES 11,True
1535,10,MVAST11---,ART STUDIO 11,False
1536,10,ASTA-12---,AP STATISTICS 12,False
1536,10,MATPH12---,ANATOMY AND PHYSIOLOGY 12,True
1536,10,MCH--11---,CHEMISTRY 11,False
1536,10,MCLE-10--L,CAREER LIFE EDUCATION 10 Linear,False
1536,10,MGRPR11--L,GRAPHIC PRODUCTION 11 LINEAR,False
1536,10,MIMCB11--L,INSTRUMENTAL MUSIC 11: CONCERT BAND LINEAR,False
1536,10,MIMJB11--L,INSTRUMENTAL MUSIC 11: JAZZ BAND LINEAR,False
1536,10,MINST12C--,CONTEMPORARY INDIGENOUS STUDIES 12 CHALLENGE,False
1536,10,MLTST11C--,LITERARY STUDIES 11 Challenge,False
1536,10,MPH--11---,PHYSICS 11,False
1536,10,MPREC11H--,PRE-CALCULUS 11 HONOURS,False
1536,10,YCPA-1AX-L,COMMUNITY LEADERSHIP 11 Linear,False
1536,10,YLAW-2CX--,CRIMINOLOGY 12,True
1537,10,MCH--11---,CHEMISTRY 11,False
1537,10,MCLE-10---,CAREER LIFE EDUCATION 10,False
1537,10,MCMPR11AI-,COMPUTER PROGRAMMING 11 AI and Games,False
1537,10,MCMPS11---,COMPOSITION 11,False
1537,10,MINST12---,CONTEMPORARY INDIGENOUS STUDIES 12,False
1537,10,MMACS11---,COMPUTER SCIENCE 11,False
1537,10,MPH--11---,PHYSICS 11,False
1537,10,MPREC12---,PRE-CALCULUS 12,False
1537,10,MTROB11---,ROBOTICS 11,True
1538,10,MACC-12---,ACCOUNTING 12,False
1538,10,MCLE-10---,CAREER LIFE EDUCATION 10,False
1538,10,MCMPS11---,COMPOSITION 11,False
1538,10,MEPSS11---,EXPLORATIONS IN SOCIAL STUDIES 11,False
1538,10,MMUOR11S-L,INSTRUMENTAL MUSIC: ORCHESTRA 11 Strings Linear,False
1538,10,MPH--11---,PHYSICS 11,False
1538,10,MPREC11---,PRE-CALCULUS 11,False
1538,10,MPREC12---,PRE-CALCULUS 12,False
1538,10,MTAUT11---,AUTOMOTIVE TECHNOLOGY 11,False
1539,10,MFR--11---,FRENCH 11,False
1539,10,MMAP-11---,MARKETING AND PROMOTION 11,True
1539,10,MPREC11---,PRE-CALCULUS 11,False
1539,10,MTDRF11---,DRAFTING 11,False
1539,10,YPSYC1AX--,PSYCHOLOGY 11,False
1540,9,MAC--11---,ACCOUNTING 11,False
1540,9,MEFWR10---,EFP WRITING 10,False
1540,9,MFMP-10---,FOUNDATIONS OF MATH AND PRE-CALCULUS 10,False
1540,9,MMACS11---,COMPUTER SCIENCE 11,False
1540,9,MPHED10B--,PHYSICAL AND HEALTH EDUCATION 10 Boys,False
1540,9,MSC--10---,SCIENCE 10,False
1540,9,MSS--10---,SOCIAL STUDIES 10,False
1540,9,MTEAR10---,ADST ?  ELECTRONICS AND ROBOTICS 10,True
1540,9,MTPOW10---,ADST ?  POWER TECHNOLOGY 10,False
1540,9,MVAPH10---,VISUAL ARTS: PHOTOGRAPHY 10,True
1540,9,YLRA-0AX-L,ATHLETIC LEADERSHIP 10 U16,False
1541,9,MDMD-12D--,3D ANIMATION 12,False
1541,9,MEFWR10---,EFP WRITING 10,False
1541,9,MFMP-10---,FOUNDATIONS OF MATH AND PRE-CALCULUS 10,False
1541,9,MPHED10---,PHYSICAL AND HEALTH EDUCATION 10,False
1541,9,MSC--10---,SCIENCE 10,False
1541,9,MSS--10---,SOCIAL STUDIES 10,False
1541,9,MTEAR10---,ADST ?  ELECTRONICS AND ROBOTICS 10,False
1541,9,MTEAR10--L,ADST ?  ELECTRONICS AND ROBOTICS 10 Linear,False
1541,9,MTPOW10---,ADST ?  POWER TECHNOLOGY 10,True
1541,9,MWWK-10---,ADST ?  WOODWORK 10,True
1541,9,YED--0AX--,LEARNING STRATEGIES 10,False
1542,9,MEFWR10---,EFP WRITING 10,False
1542,9,MFMP-10---,FOUNDATIONS OF MATH AND PRE-CALCULUS 10,False
1542,9,MMACS11---,COMPUTER SCIENCE 11,False
1542,9,MPHED10B--,PHYSICAL AND HEALTH EDUCATION 10 Boys,False
1542,9,MSC--10---,SCIENCE 10,False
1542,9,MSS--10---,SOCIAL STUDIES 10,False
1542,9,MTEXP10---,ADST-Technology Explorations 10,False
1542,9,MTPOW10---,ADST ?  POWER TECHNOLOGY 10,True
1542,9,MVAPH10---,VISUAL ARTS: PHOTOGRAPHY 10,True
1542,9,MWBDV10IT-,Information and Communications Technologies 10,False
1543,9,MAC--11---,ACCOUNTING 11,False
1543,9,MCMPS10C--,COMPOSITION 10 Challenge,False
1543,9,MFMP-10C--,FOUNDATIONS OF MATH AND PRE-CALCULUS 10 CHALLENGE,False
1543,9,MFR--12---,FRENCH 12,True
1543,9,MMACS11---,COMPUTER SCIENCE 11,False
1543,9,MPHED10G--,PHYSICAL AND HEALTH EDUCATION 10 Girls,False
1543,9,MSC--10C--,SCIENCE 10: CHALLENGE,False
1543,9,MSS--10C--,SOCIAL STUDIES 10 CHALLENGE,False
1543,9,MTDRF10---,ADST ?  DRAFTING 10,True
1543,9,MWBDV10IT-,Information and Communications Technologies 10,False
1543,9,YED--0BX-L,PEER TUTORING 10 LINEAR,False
1543,9,YLRA-0AX-L,ATHLETIC LEADERSHIP 10 U16,False
1544,9,MCMPS10---,COMPOSITION 10,False
1544,9,MFMP-10---,FOUNDATIONS OF MATH AND PRE-CALCULUS 10,False
1544,9,MFOOD10---,ADST ?  FOOD STUDIES 10,True
1544,9,MPHED10FB-,PHYSICAL AND HEALTH EDUCATION 10 Football,False
1544,9,MSC--10---,SCIENCE 10,False
1544,9,MSP--09---,SPANISH 9,False
1544,9,MSS--10---,SOCIAL STUDIES 10,False
1544,9,MVAPH10---,VISUAL ARTS: PHOTOGRAPHY 10,True
1544,9,MWWK-10---,ADST ?  WOODWORK 10,True
1544,9,YESFL0AX--,BEGINNERS ELL 10,False
1544,9,YHRA-0AX--,CROSS TRAINING 10,False
1545,9,MCMPS10---,COMPOSITION 10,False
1545,9,MPHED10FB-,PHYSICAL AND HEALTH EDUCATION 10 Football,False
1545,9,MSC--10---,SCIENCE 10,False
1545,9,MSS--10---,SOCIAL STUDIES 10,False
1545,9,MWBDV10IT-,Information and Communications Technologies 10,False
1545,9,MWPM-10---,WORKPLACE MATHEMATICS 10,False
1545,9,YED--0AX--,LEARNING STRATEGIES 10,False
1545,9,YHRA-0AX--,CROSS TRAINING 10,False
1546,9,MEFWR10---,EFP WRITING 10,False
1546,9,MFOOD10---,ADST ?  FOOD STUDIES 10,False
1546,9,MPHED10B--,PHYSICAL AND HEALTH EDUCATION 10 Boys,False
1546,9,MSC--10---,SCIENCE 10,False
1546,9,MSS--10---,SOCIAL STUDIES 10,False
1546,9,MTDRF10---,ADST ?  DRAFTING 10,True
1546,9,MTPOW10---,ADST ?  POWER TECHNOLOGY 10,False
1546,9,MVAPH10---,VISUAL ARTS: PHOTOGRAPHY 10,True
1546,9,MWPM-10---,WORKPLACE MATHEMATICS 10,False
1546,9,MWWK-10---,ADST ?  WOODWORK 10,False
1547,9,MAC--11---,ACCOUNTING 11,True
1547,9,MCMPS10C--,COMPOSITION 10 Challenge,False
1547,9,MFMP-10C--,FOUNDATIONS OF MATH AND PRE-CALCULUS 10 CHALLENGE,False
1547,9,MFR--09---,FRENCH 9,False
1547,9,MFR--10---,FRENCH 10,False
1547,9,MPHED10G--,PHYSICAL AND HEALTH EDUCATION 10 Girls,False
1547,9,MSC--10C--,SCIENCE 10: CHALLENGE,False
1547,9,MSS--10C--,SOCIAL STUDIES 10 CHALLENGE,False
1547,9,MVAST10---,VISUAL ARTS: ART STUDIO 10,True
1547,9,MWBDV10IT-,Information and Communications Technologies 10,False
1547,9,YCPA-0AXE-,COMMUNITY LEADERSHIP 10,False
1547,9,YED--0BX-L,PEER TUTORING 10 LINEAR,False
1548,9,MCLE-10---,CAREER LIFE EDUCATION 10,True
1548,9,MCMPR11AI-,COMPUTER PROGRAMMING 11 AI and Games,False
1548,9,MDMD-12D--,3D ANIMATION 12,True
1548,9,MEFWR10---,EFP WRITING 10,False
1548,9,MFMP-10H--,FOUNDATIONS OF MATH AND PRE-CALCULUS 10 HONOURS,False
1548,9,MIDS-0C---,INDEPENDENT DIRECTED STUDIES 10C,False
1548,9,MMACS11---,COMPUTER SCIENCE 11,False
1548,9,MPHED10B--,PHYSICAL AND HEALTH EDUCATION 10 Boys,False
1548,9,MSC--10---,SCIENCE 10,False
1548,9,MSS--10---,SOCIAL STUDIES 10,False
1548,9,MTEAR10--L,ADST ?  ELECTRONICS AND ROBOTICS 10 Linear,False
1548,9,MTEXP10---,ADST-Technology Explorations 10,False
1549,9,MEFWR10---,EFP WRITING 10,False
1549,9,MFMP-10---,FOUNDATIONS OF MATH AND PRE-CALCULUS 10,False
1549,9,MFOOD10---,ADST ?  FOOD STUDIES 10,False
1549,9,MMUCB10--L,INSTRUMENTAL MUSIC: CONCERT BAND 10 Linear,False
1549,9,MPHED10--L,PHYSICAL AND HEALTH EDUCATION 10 LINEAR,False
1549,9,MSC--10---,SCIENCE 10,False
1549,9,MSS--10---,SOCIAL STUDIES 10,False
1549,9,MTXT-10---,TEXTILES 10,False
1549,9,MVAPH10---,VISUAL ARTS: PHOTOGRAPHY 10,True
1549,9,MVAST10---,VISUAL ARTS: ART STUDIO 10,True
1550,9,MEFWR10---,EFP WRITING 10,False
1550,9,MFMP-10---,FOUNDATIONS OF MATH AND PRE-CALCULUS 10,False
1550,9,MMACS11---,COMPUTER SCIENCE 11,False
1550,9,MMUCB10--L,INSTRUMENTAL MUSIC: CONCERT BAND 10 Linear,False
1550,9,MMUJB10--L,INSTRUMENTAL MUSIC: JAZZ BAND 10 Linear,False
1550,9,MPHED10--L,PHYSICAL AND HEALTH EDUCATION 10 LINEAR,False
1550,9,MSC--10---,SCIENCE 10,False
1550,9,MSS--10---,SOCIAL STUDIES 10,False
1550,9,MTEAR10---,ADST ?  ELECTRONICS AND ROBOTICS 10,False
1550,9,MTEXP10---,ADST-Technology Explorations 10,True
1550,9,MTPOW10---,ADST ?  POWER TECHNOLOGY 10,True
1551,9,MADEM10---,ADST ? ENTREPRENEURSHIP AND MARKETING 10,True
1551,9,MCMPS10---,COMPOSITION 10,False
1551,9,MFMP-10---,FOUNDATIONS OF MATH AND PRE-CALCULUS 10,False
1551,9,MPHED10FB-,PHYSICAL AND HEALTH EDUCATION 10 Football,False
1551,9,MSC--10---,SCIENCE 10,False
1551,9,MSS--10---,SOCIAL STUDIES 10,False
1551,9,MTPOW10---,ADST ?  POWER TECHNOLOGY 10,False
1551,9,MWBDV10IT-,Information and Communications Technologies 10,False
1551,9,YHRA-0AX--,CROSS TRAINING 10,False
1552,9,MCLE-10---,CAREER LIFE EDUCATION 10,False
1552,9,MEFLS10---,EFP LITERARY STUDIES 10,False
1552,9,MFMP-10---,FOUNDATIONS OF MATH AND PRE-CALCULUS 10,False
1552,9,MPHED10G--,PHYSICAL AND HEALTH EDUCATION 10 Girls,False
1552,9,MSC--10---,SCIENCE 10,False
1552,9,MSP--10---,SPANISH 10,False
1552,9,MSS--10---,SOCIAL STUDIES 10,False
1552,9,MTXT-10---,TEXTILES 10,False
1552,9,MVAPH10---,VISUAL ARTS: PHOTOGRAPHY 10,True
1552,9,YPA--0CX--,YOGA FOR MINDFULNESS 10,True
1553,9,MDNC-10--L,DANCE 10: CHOREOGRAPHY Linear,False
1553,9,MDNCM10--L,DANCE COMPANY 10 Linear,False
1553,9,MEFWR10---,EFP WRITING 10,False
1553,9,MFMP-10---,FOUNDATIONS OF MATH AND PRE-CALCULUS 10,False
1553,9,MIDS-0B---,INDEPENDENT DIRECTED STUDIES 10B,False
1553,9,MMACS11---,COMPUTER SCIENCE 11,False
1553,9,MMUGT10---,INSTRUMENTAL MUSIC: GUITAR 10,False
1553,9,MPHED10G--,PHYSICAL AND HEALTH EDUCATION 10 Girls,False
1553,9,MSC--10---,SCIENCE 10,False
1553,9,MSS--10---,SOCIAL STUDIES 10,False
1553,9,MVAPH10---,VISUAL ARTS: PHOTOGRAPHY 10,True
1553,9,YCPA-0AX-L,COMMUNITY LEADERSHIP 10 Linear,False
1554,9,MCMPR11AI-,COMPUTER PROGRAMMING 11 AI and Games,True
1554,9,MCMPS10C--,COMPOSITION 10 Challenge,False
1554,9,MFMP-10C--,FOUNDATIONS OF MATH AND PRE-CALCULUS 10 CHALLENGE,False
1554,9,MFOOD10---,ADST ?  FOOD STUDIES 10,True
1554,9,MMACS11---,COMPUTER SCIENCE 11,False
1554,9,MPHED10B--,PHYSICAL AND HEALTH EDUCATION 10 Boys,False
1554,9,MSC--10C--,SCIENCE 10: CHALLENGE,False
1554,9,MSS--10C--,SOCIAL STUDIES 10 CHALLENGE,False
1554,9,MTDRF10---,ADST ?  DRAFTING 10,False
1554,9,MTPOW10---,ADST ?  POWER TECHNOLOGY 10,False
1554,9,YLRA-0AX-L,ATHLETIC LEADERSHIP 10 U16,False
1555,9,MDRM-10---,DRAMA 10,False
1555,9,MEFWR10---,EFP WRITING 10,False
1555,9,MFOOD10---,ADST ?  FOOD STUDIES 10,False
1555,9,MMUGT10---,INSTRUMENTAL MUSIC: GUITAR 10,False
1555,9,MPHED10B--,PHYSICAL AND HEALTH EDUCATION 10 Boys,False
1555,9,MSC--10---,SCIENCE 10,False
1555,9,MSS--10---,SOCIAL STUDIES 10,False
1555,9,MTXT-10---,TEXTILES 10,True
1555,9,MWPM-10---,WORKPLACE MATHEMATICS 10,False
1556,9,MEFWR10---,EFP WRITING 10,False
1556,9,MFMP-10---,FOUNDATIONS OF MATH AND PRE-CALCULUS 10,False
1556,9,MFOOD10---,ADST ?  FOOD STUDIES 10,False
1556,9,MMEDD10---,ADST ? MEDIA DESIGN 10,True
1556,9,MPHED10G--,PHYSICAL AND HEALTH EDUCATION 10 Girls,False
1556,9,MSC--10---,SCIENCE 10,False
1556,9,MSP--10---,SPANISH 10,False
1556,9,MSS--10---,SOCIAL STUDIES 10,False
1556,9,MTPOW10---,ADST ?  POWER TECHNOLOGY 10,False
1556,9,MVAPH10---,VISUAL ARTS: PHOTOGRAPHY 10,True
1557,9,MADEM10---,ADST ? ENTREPRENEURSHIP AND MARKETING 10,False
1557,9,MDNC-10--L,DANCE 10: CHOREOGRAPHY Linear,False
1557,9,MDNCM10--L,DANCE COMPANY 10 Linear,False
1557,9,MEFWR10---,EFP WRITING 10,False
1557,9,MFMP-10---,FOUNDATIONS OF MATH AND PRE-CALCULUS 10,False
1557,9,MFOOD10---,ADST ?  FOOD STUDIES 10,False
1557,9,MIDS-0B---,INDEPENDENT DIRECTED STUDIES 10B,False
1557,9,MPHED10G--,PHYSICAL AND HEALTH EDUCATION 10 Girls,False
1557,9,MSC--10---,SCIENCE 10,False
1557,9,MSS--10---,SOCIAL STUDIES 10,False
1557,9,MTDRF10---,ADST ?  DRAFTING 10,True
1558,9,MAC--11---,ACCOUNTING 11,True
1558,9,MCMPS10C--,COMPOSITION 10 Challenge,False
1558,9,MFMP-10C--,FOUNDATIONS OF MATH AND PRE-CALCULUS 10 CHALLENGE,False
1558,9,MFOOD10---,ADST ?  FOOD STUDIES 10,True
1558,9,MMACS11---,COMPUTER SCIENCE 11,False
1558,9,MMUCB10--L,INSTRUMENTAL MUSIC: CONCERT BAND 10 Linear,False
1558,9,MMUJB10--L,INSTRUMENTAL MUSIC: JAZZ BAND 10 Linear,False
1558,9,MPHED10--L,PHYSICAL AND HEALTH EDUCATION 10 LINEAR,False
1558,9,MSC--10C--,SCIENCE 10: CHALLENGE,False
1558,9,MSS--10C--,SOCIAL STUDIES 10 CHALLENGE,False
1558,9,MTEAR10---,ADST ?  ELECTRONICS AND ROBOTICS 10,False
1559,9,MAC--11---,ACCOUNTING 11,True
1559,9,MCMPR11AI-,COMPUTER PROGRAMMING 11 AI and Games,False
1559,9,MEFWR10---,EFP WRITING 10,False
1559,9,MFMP-10---,FOUNDATIONS OF MATH AND PRE-CALCULUS 10,False
1559,9,MFOOD10---,ADST ?  FOOD STUDIES 10,False
1559,9,MFR--12---,FRENCH 12,False
1559,9,MIDS-0C---,INDEPENDENT DIRECTED STUDIES 10C,False
1559,9,MPHED10G--,PHYSICAL AND HEALTH EDUCATION 10 Girls,False
1559,9,MSC--10---,SCIENCE 10,False
1559,9,MSS--10---,SOCIAL STUDIES 10,False
1559,9,MTXT-10---,TEXTILES 10,True
1559,9,YLRA-0AX-L,ATHLETIC LEADERSHIP 10 U16,False
1560,9,MEFWR10---,EFP WRITING 10,False
1560,9,MFMP-10---,FOUNDATIONS OF MATH AND PRE-CALCULUS 10,False
1560,9,MFOOD10---,ADST ?  FOOD STUDIES 10,False
1560,9,MMEDD10---,ADST ? MEDIA DESIGN 10,True
1560,9,MMUGT10---,INSTRUMENTAL MUSIC: GUITAR 10,False
1560,9,MPHED10B--,PHYSICAL AND HEALTH EDUCATION 10 Boys,False
1560,9,MSC--10---,SCIENCE 10,False
1560,9,MSS--10---,SOCIAL STUDIES 10,False
1560,9,MTPOW10---,ADST ?  POWER TECHNOLOGY 10,False
1560,9,MWBDV10IT-,Information and Communications Technologies 10,True
1561,9,MCMPS10C--,COMPOSITION 10 Challenge,False
1561,9,MDRM-10---,DRAMA 10,False
1561,9,MFMP-10C--,FOUNDATIONS OF MATH AND PRE-CALCULUS 10 CHALLENGE,False
1561,9,MFOOD10---,ADST ?  FOOD STUDIES 10,True
1561,9,MPHED10---,PHYSICAL AND HEALTH EDUCATION 10,False
1561,9,MSC--10C--,SCIENCE 10: CHALLENGE,False
1561,9,MSS--10C--,SOCIAL STUDIES 10 CHALLENGE,False
1561,9,MTEAR10---,ADST ?  ELECTRONICS AND ROBOTICS 10,False
1561,9,MVAST10---,VISUAL ARTS: ART STUDIO 10,True
1561,9,MWBDV10IT-,Information and Communications Technologies 10,False
1562,9,MADEM10---,ADST ? ENTREPRENEURSHIP AND MARKETING 10,True
1562,9,MEFWR10---,EFP WRITING 10,False
1562,9,MFMP-10---,FOUNDATIONS OF MATH AND PRE-CALCULUS 10,False
1562,9,MFOOD10---,ADST ?  FOOD STUDIES 10,False
1562,9,MPHED10FB-,PHYSICAL AND HEALTH EDUCATION 10 Football,False
1562,9,MSC--10---,SCIENCE 10,False
1562,9,MSS--10---,SOCIAL STUDIES 10,False
1562,9,MTPOW10---,ADST ?  POWER TECHNOLOGY 10,False
1562,9,YHRA-0AX--,CROSS TRAINING 10,False
1563,9,MDRM-10---,DRAMA 10,True
1563,9,MEFWR10---,EFP WRITING 10,False
1563,9,MFMP-10---,FOUNDATIONS OF MATH AND PRE-CALCULUS 10,False
1563,9,MIDS-0C---,INDEPENDENT DIRECTED STUDIES 10C,False
1563,9,MMUCB10--L,INSTRUMENTAL MUSIC: CONCERT BAND 10 Linear,False
1563,9,MPHED10--L,PHYSICAL AND HEALTH EDUCATION 10 LINEAR,False
1563,9,MSC--10---,SCIENCE 10,False
1563,9,MSS--10---,SOCIAL STUDIES 10,False
1563,9,MTXT-10---,TEXTILES 10,False
1563,9,MVAPH10---,VISUAL ARTS: PHOTOGRAPHY 10,False
1563,9,MVAST10---,VISUAL ARTS: ART STUDIO 10,True
1564,9,MEFWR10---,EFP WRITING 10,False
1564,9,MFMP-10---,FOUNDATIONS OF MATH AND PRE-CALCULUS 10,False
1564,9,MFOOD10---,ADST ?  FOOD STUDIES 10,False
1564,9,MPHED10FB-,PHYSICAL AND HEALTH EDUCATION 10 Football,False
1564,9,MSC--10---,SCIENCE 10,False
1564,9,MSP--10---,SPANISH 10,True
1564,9,MSS--10---,SOCIAL STUDIES 10,False
1564,9,MTPOW10---,ADST ?  POWER TECHNOLOGY 10,False
1564,9,MWWK-10---,ADST ?  WOODWORK 10,True
1564,9,YHRA-0AX--,CROSS TRAINING 10,False
1565,9,MADEM10---,ADST ? ENTREPRENEURSHIP AND MARKETING 10,True
1565,9,MCMPS10---,COMPOSITION 10,False
1565,9,MFOOD10---,ADST ?  FOOD STUDIES 10,False
1565,9,MPHED10B--,PHYSICAL AND HEALTH EDUCATION 10 Boys,False
1565,9,MSC--10---,SCIENCE 10,False
1565,9,MSP--10---,SPANISH 10,True
1565,9,MSS--10---,SOCIAL STUDIES 10,False
1565,9,MTPOW10---,ADST ?  POWER TECHNOLOGY 10,False
1565,9,MWPM-10---,WORKPLACE MATHEMATICS 10,False
1565,9,MWWK-10---,ADST ?  WOODWORK 10,False
1566,9,MAC--11---,ACCOUNTING 11,False
1566,9,MADEM10---,ADST ? ENTREPRENEURSHIP AND MARKETING 10,False
1566,9,MCLE-10---,CAREER LIFE EDUCATION 10,False
1566,9,MCMPS10C--,COMPOSITION 10 Challenge,False
1566,9,MDNC-10--L,DANCE 10: CHOREOGRAPHY Linear,False
1566,9,MDNCM10--L,DANCE COMPANY 10 Linear,False
1566,9,MFMP-10C--,FOUNDATIONS OF MATH AND PRE-CALCULUS 10 CHALLENGE,False
1566,9,MFR--12---,FRENCH 12,True
1566,9,MPHED10G--,PHYSICAL AND HEALTH EDUCATION 10 Girls,False
1566,9,MSC--10C--,SCIENCE 10: CHALLENGE,False
1566,9,MSS--10C--,SOCIAL STUDIES 10 CHALLENGE,False
1566,9,MWBDV10IT-,Information and Communications Technologies 10,True
1566,9,YCPA-0AX-L,COMMUNITY LEADERSHIP 10 Linear,False
1567,9,MAC--11---,ACCOUNTING 11,False
1567,9,MADEM10---,ADST ? ENTREPRENEURSHIP AND MARKETING 10,True
1567,9,MCMPS10---,COMPOSITION 10,False
1567,9,MDMD-12D--,3D ANIMATION 12,False
1567,9,MFMP-10H--,FOUNDATIONS OF MATH AND PRE-CALCULUS 10 HONOURS,False
1567,9,MFR--10---,FRENCH 10,False
1567,9,MPHED10---,PHYSICAL AND HEALTH EDUCATION 10,False
1567,9,MSC--10---,SCIENCE 10,False
1567,9,MSS--10---,SOCIAL STUDIES 10,False
1567,9,MTDRF10---,ADST ?  DRAFTING 10,True
1568,9,MAC--11---,ACCOUNTING 11,False
1568,9,MCMPR11AI-,COMPUTER PROGRAMMING 11 AI and Games,False
1568,9,MDMD-12D--,3D ANIMATION 12,True
1568,9,MEFWR10---,EFP WRITING 10,False
1568,9,MFMP-10H--,FOUNDATIONS OF MATH AND PRE-CALCULUS 10 HONOURS,False
1568,9,MFOOD10---,ADST ?  FOOD STUDIES 10,True
1568,9,MFR--12---,FRENCH 12,False
1568,9,MIDS-0C---,INDEPENDENT DIRECTED STUDIES 10C,False
1568,9,MSC--10---,SCIENCE 10,False
1568,9,MSS--10---,SOCIAL STUDIES 10,False
1568,9,MTPOW10---,ADST ?  POWER TECHNOLOGY 10,False
1568,9,YLRA-0AX-L,ATHLETIC LEADERSHIP 10 U16,False
1569,9,MCLE-10---,CAREER LIFE EDUCATION 10,False
1569,9,MCMPR11AI-,COMPUTER PROGRAMMING 11 AI and Games,False
1569,9,MDMD-12D--,3D ANIMATION 12,False
1569,9,MEFWR10---,EFP WRITING 10,False
1569,9,MFMP-10---,FOUNDATIONS OF MATH AND PRE-CALCULUS 10,False
1569,9,MFOOD10---,ADST ?  FOOD STUDIES 10,True
1569,9,MMACS11---,COMPUTER SCIENCE 11,True
1569,9,MPHED10G--,PHYSICAL AND HEALTH EDUCATION 10 Girls,False
1569,9,MSC--10---,SCIENCE 10,False
1569,9,MSS--10---,SOCIAL STUDIES 10,False
1569,9,YCPA-0AX-L,COMMUNITY LEADERSHIP 10 Linear,False
1570,9,MAC--11---,ACCOUNTING 11,False
1570,9,MCMPR11AI-,COMPUTER PROGRAMMING 11 AI and Games,False
1570,9,MEFWR10---,EFP WRITING 10,False
1570,9,MFMP-10---,FOUNDATIONS OF MATH AND PRE-CALCULUS 10,False
1570,9,MFOOD10---,ADST ?  FOOD STUDIES 10,False
1570,9,MFR--12---,FRENCH 12,False
1570,9,MSC--10---,SCIENCE 10,False
1570,9,MSS--10---,SOCIAL STUDIES 10,False
1570,9,MTXT-10---,TEXTILES 10,True
1570,9,YLRA-0AX-L,ATHLETIC LEADERSHIP 10 U16,False
1571,9,MEFWR10---,EFP WRITING 10,False
1571,9,MFMP-10---,FOUNDATIONS OF MATH AND PRE-CALCULUS 10,False
1571,9,MFOOD10---,ADST ?  FOOD STUDIES 10,False
1571,9,MMUGT10---,INSTRUMENTAL MUSIC: GUITAR 10,True
1571,9,MPHED10---,PHYSICAL AND HEALTH EDUCATION 10,False
1571,9,MSC--10---,SCIENCE 10,False
1571,9,MSP--10---,SPANISH 10,True
1571,9,MSS--10---,SOCIAL STUDIES 10,False
1571,9,MTPOW10---,ADST ?  POWER TECHNOLOGY 10,False
1571,9,YED--0AX--,LEARNING STRATEGIES 10,False
1572,9,MAC--11---,ACCOUNTING 11,True
1572,9,MDMD-12D--,3D ANIMATION 12,False
1572,9,MEFWR10---,EFP WRITING 10,False
1572,9,MFMP-10H--,FOUNDATIONS OF MATH AND PRE-CALCULUS 10 HONOURS,False
1572,9,MMEDD10---,ADST ? MEDIA DESIGN 10,False
1572,9,MPHED10G--,PHYSICAL AND HEALTH EDUCATION 10 Girls,False
1572,9,MSC--10---,SCIENCE 10,False
1572,9,MSS--10---,SOCIAL STUDIES 10,False
1572,9,MVAST10---,VISUAL ARTS: ART STUDIO 10,False
1572,9,MWBDV10IT-,Information and Communications Technologies 10,True
1572,9,YCPA-0AX-L,COMMUNITY LEADERSHIP 10 Linear,False
1573,9,MCMPR11AI-,COMPUTER PROGRAMMING 11 AI and Games,True
1573,9,MEFWR10---,EFP WRITING 10,False
1573,9,MFMP-10H--,FOUNDATIONS OF MATH AND PRE-CALCULUS 10 HONOURS,False
1573,9,MMACS11---,COMPUTER SCIENCE 11,False
1573,9,MMUGT10---,INSTRUMENTAL MUSIC: GUITAR 10,False
1573,9,MPHED10B--,PHYSICAL AND HEALTH EDUCATION 10 Boys,False
1573,9,MSC--10---,SCIENCE 10,False
1573,9,MSP--10---,SPANISH 10,True
1573,9,MSS--10---,SOCIAL STUDIES 10,False
1573,9,MTEXP10---,ADST-Technology Explorations 10,False
1573,9,YLRA-0AX-L,ATHLETIC LEADERSHIP 10 U16,False
1574,9,MDNC-10--L,DANCE 10: CHOREOGRAPHY Linear,False
1574,9,MDNCM10--L,DANCE COMPANY 10 Linear,False
1574,9,MDNTP10---,DANCE TECHNIQUE AND PERFORMANCE 10,False
1574,9,MEFWR10---,EFP WRITING 10,False
1574,9,MFOOD10---,ADST ?  FOOD STUDIES 10,False
1574,9,MPHED10G--,PHYSICAL AND HEALTH EDUCATION 10 Girls,False
1574,9,MSC--10---,SCIENCE 10,False
1574,9,MSS--10---,SOCIAL STUDIES 10,False
1574,9,MTXT-10---,TEXTILES 10,False
1574,9,YCPA-0AX-L,COMMUNITY LEADERSHIP 10 Linear,False
1574,9,YED--0AX--,LEARNING STRATEGIES 10,False
1574,9,YPA--0CX--,YOGA FOR MINDFULNESS 10,True
1575,9,MCMPR11AI-,COMPUTER PROGRAMMING 11 AI and Games,True
1575,9,MEFWR10---,EFP WRITING 10,False
1575,9,MFMP-10H--,FOUNDATIONS OF MATH AND PRE-CALCULUS 10 HONOURS,False
1575,9,MFOOD10---,ADST ?  FOOD STUDIES 10,True
1575,9,MMACS11---,COMPUTER SCIENCE 11,False
1575,9,MPHED10B--,PHYSICAL AND HEALTH EDUCATION 10 Boys,False
1575,9,MSC--10---,SCIENCE 10,False
1575,9,MSS--10---,SOCIAL STUDIES 10,False
1575,9,MTEXP10---,ADST-Technology Explorations 10,False
1575,9,MTPOW10---,ADST ?  POWER TECHNOLOGY 10,False
1575,9,YED--0BX-L,PEER TUTORING 10 LINEAR,False
1576,9,MEFWR10---,EFP WRITING 10,False
1576,9,MFMP-10---,FOUNDATIONS OF MATH AND PRE-CALCULUS 10,False
1576,9,MFOOD10---,ADST ?  FOOD STUDIES 10,False
1576,9,MMUCB10--L,INSTRUMENTAL MUSIC: CONCERT BAND 10 Linear,False
1576,9,MMUCC10--L,CHORAL MUSIC: CONCERT CHOIR 10 Linear,False
1576,9,MPHED10--L,PHYSICAL AND HEALTH EDUCATION 10 LINEAR,False
1576,9,MSC--10---,SCIENCE 10,False
1576,9,MSS--10---,SOCIAL STUDIES 10,False
1576,9,MTXT-10---,TEXTILES 10,False
1576,9,MVAST10---,VISUAL ARTS: ART STUDIO 10,True
1577,9,MCMPR11AI-,COMPUTER PROGRAMMING 11 AI and Games,True
1577,9,MCMPS10---,COMPOSITION 10,False
1577,9,MFMP-10---,FOUNDATIONS OF MATH AND PRE-CALCULUS 10,False
1577,9,MFOOD10---,ADST ?  FOOD STUDIES 10,True
1577,9,MMUCB10--L,INSTRUMENTAL MUSIC: CONCERT BAND 10 Linear,False
1577,9,MMUJB10--L,INSTRUMENTAL MUSIC: JAZZ BAND 10 Linear,False
1577,9,MMUOR10S-L,INSTRUMENTAL MUSIC: ORCHESTRA 10 Strings LINEAR,False
1577,9,MPHED10--L,PHYSICAL AND HEALTH EDUCATION 10 LINEAR,False
1577,9,MSC--10---,SCIENCE 10,False
1577,9,MSS--10---,SOCIAL STUDIES 10,False
1577,9,MTEAR10--L,ADST ?  ELECTRONICS AND ROBOTICS 10 Linear,False
1577,9,MTXT-10---,TEXTILES 10,False
1577,9,MVAPH10---,VISUAL ARTS: PHOTOGRAPHY 10,False
1578,9,MCMPS10---,COMPOSITION 10,False
1578,9,MFMP-10---,FOUNDATIONS OF MATH AND PRE-CALCULUS 10,False
1578,9,MSC--10---,SCIENCE 10,False
1578,9,MSS--10---,SOCIAL STUDIES 10,False
1579,9,MCMPS10---,COMPOSITION 10,False
1579,9,MFOOD10---,ADST ?  FOOD STUDIES 10,False
1579,9,MMEDD10---,ADST ? MEDIA DESIGN 10,True
1579,9,MMUGT10---,INSTRUMENTAL MUSIC: GUITAR 10,True
1579,9,MPHED10G--,PHYSICAL AND HEALTH EDUCATION 10 Girls,False
1579,9,MSC--10---,SCIENCE 10,False
1579,9,MSS--10---,SOCIAL STUDIES 10,False
1579,9,MTXT-10---,TEXTILES 10,False
1579,9,MWPM-10---,WORKPLACE MATHEMATICS 10,False
1579,9,YED--0AX--,LEARNING STRATEGIES 10,False
1580,9,MEFWR10---,EFP WRITING 10,False
1580,9,MFMP-10---,FOUNDATIONS OF MATH AND PRE-CALCULUS 10,False
1580,9,MFOOD10---,ADST ?  FOOD STUDIES 10,False
1580,9,MPHED10--L,PHYSICAL AND HEALTH EDUCATION 10 LINEAR,False
1580,9,MSC--10---,SCIENCE 10,False
1580,9,MSS--10---,SOCIAL STUDIES 10,False
1580,9,MTPOW10---,ADST ?  POWER TECHNOLOGY 10,True
1580,9,MWWK-10---,ADST ?  WOODWORK 10,False
1580,9,YED--0AX-L,LEARNING STRATEGIES 10 LINEAR,False
1581,9,MADEM10---,ADST ? ENTREPRENEURSHIP AND MARKETING 10,True
1581,9,MCLE-10---,CAREER LIFE EDUCATION 10,False
1581,9,MEFWR10---,EFP WRITING 10,False
1581,9,MFMP-10---,FOUNDATIONS OF MATH AND PRE-CALCULUS 10,False
1581,9,MFOOD10---,ADST ?  FOOD STUDIES 10,True
1581,9,MLFSC11---,LIFE SCIENCES 11,False
1581,9,MPHED10FB-,PHYSICAL AND HEALTH EDUCATION 10 Football,False
1581,9,MSC--10---,SCIENCE 10,False
1581,9,MTPOW10---,ADST ?  POWER TECHNOLOGY 10,False
1581,9,MVAPH10---,VISUAL ARTS: PHOTOGRAPHY 10,True
1581,9,YHRA-0AX--,CROSS TRAINING 10,False
1582,9,MCLE-10---,CAREER LIFE EDUCATION 10,False
1582,9,MCMPR11AI-,COMPUTER PROGRAMMING 11 AI and Games,True
1582,9,MCMPS10C--,COMPOSITION 10 Challenge,False
1582,9,MFMP-10C--,FOUNDATIONS OF MATH AND PRE-CALCULUS 10 CHALLENGE,False
1582,9,MFOOD10---,ADST ?  FOOD STUDIES 10,True
1582,9,MMACS11---,COMPUTER SCIENCE 11,False
1582,9,MMUOR10S-L,INSTRUMENTAL MUSIC: ORCHESTRA 10 Strings LINEAR,False
1582,9,MPHED10---,PHYSICAL AND HEALTH EDUCATION 10,False
1582,9,MPREC11---,PRE-CALCULUS 11,False
1582,9,MSC--10C--,SCIENCE 10: CHALLENGE,False
1582,9,MSS--10C--,SOCIAL STUDIES 10 CHALLENGE,False
1582,9,YCPA-0AXE-,COMMUNITY LEADERSHIP 10,False
1582,9,YED--0BX-L,PEER TUTORING 10 LINEAR,False
1583,9,MCMPS10---,COMPOSITION 10,False
1583,9,MDMD-12D--,3D ANIMATION 12,True
1583,9,MFMP-10H--,FOUNDATIONS OF MATH AND PRE-CALCULUS 10 HONOURS,False
1583,9,MFR--10---,FRENCH 10,False
1583,9,MMUCB10--L,INSTRUMENTAL MUSIC: CONCERT BAND 10 Linear,False
1583,9,MMUJB10--L,INSTRUMENTAL MUSIC: JAZZ BAND 10 Linear,False
1583,9,MPHED10--L,PHYSICAL AND HEALTH EDUCATION 10 LINEAR,False
1583,9,MSC--10---,SCIENCE 10,False
1583,9,MSS--10---,SOCIAL STUDIES 10,False
1583,9,MTEAR10---,ADST ?  ELECTRONICS AND ROBOTICS 10,True
1583,9,MTEAR10--L,ADST ?  ELECTRONICS AND ROBOTICS 10 Linear,False
1583,9,MTEXP10---,ADST-Technology Explorations 10,False
1584,9,MCLE-10---,CAREER LIFE EDUCATION 10,False
1584,9,MEFWR10---,EFP WRITING 10,False
1584,9,MFMP-10---,FOUNDATIONS OF MATH AND PRE-CALCULUS 10,False
1584,9,MFOOD10---,ADST ?  FOOD STUDIES 10,False
1584,9,MMAP-11---,MARKETING AND PROMOTION 11,True
1584,9,MSC--10---,SCIENCE 10,False
1584,9,MSS--10---,SOCIAL STUDIES 10,False
1584,9,MTEAR10---,ADST ?  ELECTRONICS AND ROBOTICS 10,True
1584,9,MTEXP10---,ADST-Technology Explorations 10,False
1584,9,YED--0AX--,LEARNING STRATEGIES 10,False
1585,9,MCLE-10---,CAREER LIFE EDUCATION 10,False
1585,9,MEFWR10---,EFP WRITING 10,False
1585,9,MFMP-10---,FOUNDATIONS OF MATH AND PRE-CALCULUS 10,False
1585,9,MFOOD10---,ADST ?  FOOD STUDIES 10,True
1585,9,MPHED10B--,PHYSICAL AND HEALTH EDUCATION 10 Boys,False
1585,9,MSC--10---,SCIENCE 10,False
1585,9,MSS--10---,SOCIAL STUDIES 10,False
1585,9,MTPOW10---,ADST ?  POWER TECHNOLOGY 10,False
1585,9,MWBDV10IT-,Information and Communications Technologies 10,True
1585,9,MWWK-10---,ADST ?  WOODWORK 10,False
1586,9,MEFWR10---,EFP WRITING 10,False
1586,9,MFOOD10---,ADST ?  FOOD STUDIES 10,False
1586,9,MPHED10B--,PHYSICAL AND HEALTH EDUCATION 10 Boys,False
1586,9,MSC--10---,SCIENCE 10,False
1586,9,MSS--10---,SOCIAL STUDIES 10,False
1586,9,MVAST10---,VISUAL ARTS: ART STUDIO 10,False
1586,9,MWPM-10---,WORKPLACE MATHEMATICS 10,False
1586,9,MWWK-10---,ADST ?  WOODWORK 10,False
1587,9,MEFWR10---,EFP WRITING 10,False
1587,9,MFMP-10---,FOUNDATIONS OF MATH AND PRE-CALCULUS 10,False
1587,9,MMAP-11---,MARKETING AND PROMOTION 11,False
1587,9,MMEDD10---,ADST ? MEDIA DESIGN 10,True
1587,9,MPHED10G--,PHYSICAL AND HEALTH EDUCATION 10 Girls,False
1587,9,MSC--10---,SCIENCE 10,False
1587,9,MSS--10---,SOCIAL STUDIES 10,False
1587,9,MTDRF10---,ADST ?  DRAFTING 10,True
1587,9,MTXT-10---,TEXTILES 10,False
1587,9,MVAST10---,VISUAL ARTS: ART STUDIO 10,False
1588,9,MDRM-10---,DRAMA 10,False
1588,9,MEFWR10---,EFP WRITING 10,False
1588,9,MFOOD10---,ADST ?  FOOD STUDIES 10,False
1588,9,MPHED10B--,PHYSICAL AND HEALTH EDUCATION 10 Boys,False
1588,9,MPHED10B--,PHYSICAL AND HEALTH EDUCATION 10 Boys,False
1588,9,MSS--10---,SOCIAL STUDIES 10,False
1588,9,MVAPH10---,VISUAL ARTS: PHOTOGRAPHY 10,False
1588,9,MVAST10---,VISUAL ARTS: ART STUDIO 10,True
1588,9,MWPM-10---,WORKPLACE MATHEMATICS 10,False
1589,9,MEFWR10---,EFP WRITING 10,False
1589,9,MFMP-10H--,FOUNDATIONS OF MATH AND PRE-CALCULUS 10 HONOURS,False
1589,9,MFR--10---,FRENCH 10,False
1589,9,MMEDD10---,ADST ? MEDIA DESIGN 10,False
1589,9,MPHED10G--,PHYSICAL AND HEALTH EDUCATION 10 Girls,False
1589,9,MSC--10---,SCIENCE 10,False
1589,9,MSS--10---,SOCIAL STUDIES 10,False
1589,9,MTDRF10---,ADST ?  DRAFTING 10,False
1589,9,MTPOW10---,ADST ?  POWER TECHNOLOGY 10,True
1589,9,MTXT-10---,TEXTILES 10,True
1590,9,MAC--11---,ACCOUNTING 11,False
1590,9,MCMPR11AI-,COMPUTER PROGRAMMING 11 AI and Games,True
1590,9,MEFWR10---,EFP WRITING 10,False
1590,9,MFMP-10---,FOUNDATIONS OF MATH AND PRE-CALCULUS 10,False
1590,9,MFOOD10---,ADST ?  FOOD STUDIES 10,True
1590,9,MMACS11---,COMPUTER SCIENCE 11,False
1590,9,MPHED10B--,PHYSICAL AND HEALTH EDUCATION 10 Boys,False
1590,9,MSC--10---,SCIENCE 10,False
1590,9,MSS--10---,SOCIAL STUDIES 10,False
1590,9,MTPOW10---,ADST ?  POWER TECHNOLOGY 10,False
1591,9,MEFWR10---,EFP WRITING 10,False
1591,9,MFMP-10---,FOUNDATIONS OF MATH AND PRE-CALCULUS 10,False
1591,9,MFOOD10---,ADST ?  FOOD STUDIES 10,False
1591,9,MMUGT10---,INSTRUMENTAL MUSIC: GUITAR 10,True
1591,9,MPHED10---,PHYSICAL AND HEALTH EDUCATION 10,False
1591,9,MSC--10---,SCIENCE 10,False
1591,9,MSS--10---,SOCIAL STUDIES 10,False
1591,9,MTEAR10---,ADST ?  ELECTRONICS AND ROBOTICS 10,True
1591,9,MWWK-10---,ADST ?  WOODWORK 10,False
1591,9,YPR--0BX--,OUTDOOR EDUCATION 10,False
1592,9,MCMPR11AI-,COMPUTER PROGRAMMING 11 AI and Games,True
1592,9,MEFWR10---,EFP WRITING 10,False
1592,9,MFMP-10---,FOUNDATIONS OF MATH AND PRE-CALCULUS 10,False
1592,9,MFOOD10---,ADST ?  FOOD STUDIES 10,False
1592,9,MMACS11---,COMPUTER SCIENCE 11,False
1592,9,MPHED10B--,PHYSICAL AND HEALTH EDUCATION 10 Boys,False
1592,9,MSC--10---,SCIENCE 10,False
1592,9,MSS--10---,SOCIAL STUDIES 10,False
1592,9,MTEXP10---,ADST-Technology Explorations 10,True
1592,9,MWWK-10---,ADST ?  WOODWORK 10,False
1593,9,MCMPS10---,COMPOSITION 10,False
1593,9,MFMP-10---,FOUNDATIONS OF MATH AND PRE-CALCULUS 10,False
1593,9,MSC--10---,SCIENCE 10,False
1593,9,MSS--10---,SOCIAL STUDIES 10,False
1594,9,MCMPS10C--,COMPOSITION 10 Challenge,False
1594,9,MFMP-10C--,FOUNDATIONS OF MATH AND PRE-CALCULUS 10 CHALLENGE,False
1594,9,MFOOD10---,ADST ?  FOOD STUDIES 10,True
1594,9,MMACS11---,COMPUTER SCIENCE 11,False
1594,9,MMUCB10--L,INSTRUMENTAL MUSIC: CONCERT BAND 10 Linear,False
1594,9,MPHED10--L,PHYSICAL AND HEALTH EDUCATION 10 LINEAR,False
1594,9,MSC--10C--,SCIENCE 10: CHALLENGE,False
1594,9,MSS--10C--,SOCIAL STUDIES 10 CHALLENGE,False
1594,9,MVAPH10---,VISUAL ARTS: PHOTOGRAPHY 10,False
1594,9,YCPA-0AX-L,COMMUNITY LEADERSHIP 10 Linear,False
1594,9,YED--0BX-L,PEER TUTORING 10 LINEAR,False
1595,9,MEFWR10---,EFP WRITING 10,False
1595,9,MFMP-10---,FOUNDATIONS OF MATH AND PRE-CALCULUS 10,False
1595,9,MFOOD10---,ADST ?  FOOD STUDIES 10,False
1595,9,MMUGT10---,INSTRUMENTAL MUSIC: GUITAR 10,False
1595,9,MPHED10B--,PHYSICAL AND HEALTH EDUCATION 10 Boys,False
1595,9,MSC--10---,SCIENCE 10,False
1595,9,MSS--10---,SOCIAL STUDIES 10,False
1595,9,MTPOW10---,ADST ?  POWER TECHNOLOGY 10,False
1595,9,MWWK-10---,ADST ?  WOODWORK 10,True
1595,9,YED--0AX--,LEARNING STRATEGIES 10,True
1596,9,MCMPS10C--,COMPOSITION 10 Challenge,False
1596,9,MFMP-10C--,FOUNDATIONS OF MATH AND PRE-CALCULUS 10 CHALLENGE,False
1596,9,MFR--12---,FRENCH 12,False
1596,9,MMACS11---,COMPUTER SCIENCE 11,False
1596,9,MPHED10B--,PHYSICAL AND HEALTH EDUCATION 10 Boys,False
1596,9,MSC--10C--,SCIENCE 10: CHALLENGE,False
1596,9,MSS--10C--,SOCIAL STUDIES 10 CHALLENGE,False
1596,9,MTDRF10---,ADST ?  DRAFTING 10,True
1596,9,MWBDV10IT-,Information and Communications Technologies 10,False
1597,9,MADEM10---,ADST ? ENTREPRENEURSHIP AND MARKETING 10,True
1597,9,MEFWR10---,EFP WRITING 10,False
1597,9,MFMP-10---,FOUNDATIONS OF MATH AND PRE-CALCULUS 10,False
1597,9,MFOOD10---,ADST ?  FOOD STUDIES 10,False
1597,9,MIDS-0B---,INDEPENDENT DIRECTED STUDIES 10B,True
1597,9,MPHED10G--,PHYSICAL AND HEALTH EDUCATION 10 Girls,False
1597,9,MSC--10---,SCIENCE 10,False
1597,9,MSP--10---,SPANISH 10,False
1597,9,MSS--10---,SOCIAL STUDIES 10,False
1597,9,MTXT-10---,TEXTILES 10,False
1598,9,MDRM-10---,DRAMA 10,False
1598,9,MEFWR10---,EFP WRITING 10,False
1598,9,MFMP-10---,FOUNDATIONS OF MATH AND PRE-CALCULUS 10,False
1598,9,MFR--10---,FRENCH 10,False
1598,9,MIDS-0C---,INDEPENDENT DIRECTED STUDIES 10C,False
1598,9,MMUCC10--L,CHORAL MUSIC: CONCERT CHOIR 10 Linear,False
1598,9,MPHED10G--,PHYSICAL AND HEALTH EDUCATION 10 Girls,False
1598,9,MSC--10---,SCIENCE 10,False
1598,9,MSS--10---,SOCIAL STUDIES 10,False
1598,9,MTDRF10---,ADST ?  DRAFTING 10,True
1598,9,MTXT-10---,TEXTILES 10,True
1598,9,MVAST10---,VISUAL ARTS: ART STUDIO 10,False
1599,9,MAC--11---,ACCOUNTING 11,False
1599,9,MEFWR10---,EFP WRITING 10,False
1599,9,MFMP-10---,FOUNDATIONS OF MATH AND PRE-CALCULUS 10,False
1599,9,MFOOD10---,ADST ?  FOOD STUDIES 10,False
1599,9,MPHED10G--,PHYSICAL AND HEALTH EDUCATION 10 Girls,False
1599,9,MSC--10---,SCIENCE 10,False
1599,9,MSS--10---,SOCIAL STUDIES 10,False
1599,9,MVAPH10---,VISUAL ARTS: PHOTOGRAPHY 10,False
1599,9,MVAST10---,VISUAL ARTS: ART STUDIO 10,True
1599,9,YLRA-0AX-L,ATHLETIC LEADERSHIP 10 U16,False
1599,9,YPA--0CX--,YOGA FOR MINDFULNESS 10,True
1600,9,MAC--11---,ACCOUNTING 11,False
1600,9,MEFWR10---,EFP WRITING 10,False
1600,9,MFMP-10H--,FOUNDATIONS OF MATH AND PRE-CALCULUS 10 HONOURS,False
1600,9,MFOOD10---,ADST ?  FOOD STUDIES 10,True
1600,9,MPHED10---,PHYSICAL AND HEALTH EDUCATION 10,False
1600,9,MSC--10---,SCIENCE 10,False
1600,9,MSS--10---,SOCIAL STUDIES 10,False
1600,9,MTDRF10---,ADST ?  DRAFTING 10,False
1600,9,MTXT-10---,TEXTILES 10,False
1600,9,MWBDV10IT-,Information and Communications Technologies 10,True
1601,9,MCMPR11AI-,COMPUTER PROGRAMMING 11 AI and Games,False
1601,9,MCMPS10C--,COMPOSITION 10 Challenge,False
1601,9,MFMP-10C--,FOUNDATIONS OF MATH AND PRE-CALCULUS 10 CHALLENGE,False
1601,9,MFR--10---,FRENCH 10,False
1601,9,MMACS11---,COMPUTER SCIENCE 11,False
1601,9,MSC--10C--,SCIENCE 10: CHALLENGE,False
1601,9,MSS--10C--,SOCIAL STUDIES 10 CHALLENGE,False
1601,9,MTEXP10---,ADST-Technology Explorations 10,False
1601,9,MTPOW10---,ADST ?  POWER TECHNOLOGY 10,True
1601,9,YED--0BX-L,PEER TUTORING 10 LINEAR,False
1602,9,MADEM10---,ADST ? ENTREPRENEURSHIP AND MARKETING 10,True
1602,9,MCMPS10---,COMPOSITION 10,False
1602,9,MFMP-10---,FOUNDATIONS OF MATH AND PRE-CALCULUS 10,False
1602,9,MSC--10---,SCIENCE 10,False
1602,9,MTXT-10---,TEXTILES 10,False
1603,9,MCMPS10C--,COMPOSITION 10 Challenge,False
1603,9,MFMP-10C--,FOUNDATIONS OF MATH AND PRE-CALCULUS 10 CHALLENGE,False
1603,9,MFR--12---,FRENCH 12,True
1603,9,MMACS11---,COMPUTER SCIENCE 11,False
1603,9,MPHED10---,PHYSICAL AND HEALTH EDUCATION 10,False
1603,9,MSC--10C--,SCIENCE 10: CHALLENGE,False
1603,9,MSS--10C--,SOCIAL STUDIES 10 CHALLENGE,False
1603,9,MTDRF10---,ADST ?  DRAFTING 10,False
1603,9,MTEXP10---,ADST-Technology Explorations 10,True
1603,9,MWBDV10IT-,Information and Communications Technologies 10,False
1604,9,MAC--11---,ACCOUNTING 11,False
1604,9,MADEM10---,ADST ? ENTREPRENEURSHIP AND MARKETING 10,False
1604,9,MCMPS10---,COMPOSITION 10,False
1604,9,MFMP-10H--,FOUNDATIONS OF MATH AND PRE-CALCULUS 10 HONOURS,False
1604,9,MFR--10---,FRENCH 10,True
1604,9,MMEDD10---,ADST ? MEDIA DESIGN 10,True
1604,9,MPHED10---,PHYSICAL AND HEALTH EDUCATION 10,False
1604,9,MSC--10---,SCIENCE 10,False
1604,9,MSS--10---,SOCIAL STUDIES 10,False
1604,9,MWBDV10IT-,Information and Communications Technologies 10,False
1604,9,YLRA-0AX-L,ATHLETIC LEADERSHIP 10 U16,False
1605,9,MCMPS10C--,COMPOSITION 10 Challenge,False
1605,9,MDRM-10---,DRAMA 10,False
1605,9,MFMP-10C--,FOUNDATIONS OF MATH AND PRE-CALCULUS 10 CHALLENGE,False
1605,9,MIDS-0C---,INDEPENDENT DIRECTED STUDIES 10C,False
1605,9,MMUCB10--L,INSTRUMENTAL MUSIC: CONCERT BAND 10 Linear,False
1605,9,MMUJB10--L,INSTRUMENTAL MUSIC: JAZZ BAND 10 Linear,False
1605,9,MPHED10--L,PHYSICAL AND HEALTH EDUCATION 10 LINEAR,False
1605,9,MSC--10C--,SCIENCE 10: CHALLENGE,False
1605,9,MSS--10C--,SOCIAL STUDIES 10 CHALLENGE,False
1605,9,MTXT-10---,TEXTILES 10,True
1605,9,MVAST10---,VISUAL ARTS: ART STUDIO 10,False
1606,9,MAC--11---,ACCOUNTING 11,True
1606,9,MCLE-10---,CAREER LIFE EDUCATION 10,True
1606,9,MCMPR11AI-,COMPUTER PROGRAMMING 11 AI and Games,True
1606,9,MCMPS10C--,COMPOSITION 10 Challenge,False
1606,9,MFMP-10C--,FOUNDATIONS OF MATH AND PRE-CALCULUS 10 CHALLENGE,False
1606,9,MMACS11---,COMPUTER SCIENCE 11,False
1606,9,MSC--10C--,SCIENCE 10: CHALLENGE,False
1606,9,MSS--10C--,SOCIAL STUDIES 10 CHALLENGE,False
1606,9,MTDRF10---,ADST ?  DRAFTING 10,False
1606,9,MTPOW10---,ADST ?  POWER TECHNOLOGY 10,True
1607,9,MADEM10---,ADST ? ENTREPRENEURSHIP AND MARKETING 10,True
1607,9,MCMPS10---,COMPOSITION 10,False
1607,9,MDRM-10---,DRAMA 10,False
1607,9,MFMP-10---,FOUNDATIONS OF MATH AND PRE-CALCULUS 10,False
1607,9,MFOOD10---,ADST ?  FOOD STUDIES 10,False
1607,9,MPHED10G--,PHYSICAL AND HEALTH EDUCATION 10 Girls,False
1607,9,MSC--10---,SCIENCE 10,False
1607,9,MSS--10---,SOCIAL STUDIES 10,False
1607,9,MTXT-10---,TEXTILES 10,False
1607,9,MVAPH10---,VISUAL ARTS: PHOTOGRAPHY 10,True
1607,9,YCPA-0AX-L,COMMUNITY LEADERSHIP 10 Linear,False
1608,9,MEFWR10---,EFP WRITING 10,False
1608,9,MFMP-10---,FOUNDATIONS OF MATH AND PRE-CALCULUS 10,False
1608,9,MFOOD10---,ADST ?  FOOD STUDIES 10,False
1608,9,MFR--12---,FRENCH 12,True
1608,9,MMUCB10--L,INSTRUMENTAL MUSIC: CONCERT BAND 10 Linear,False
1608,9,MMUGT10---,INSTRUMENTAL MUSIC: GUITAR 10,True
1608,9,MPHED10--L,PHYSICAL AND HEALTH EDUCATION 10 LINEAR,False
1608,9,MSC--10---,SCIENCE 10,False
1608,9,MSS--10---,SOCIAL STUDIES 10,False
1608,9,MTPOW10---,ADST ?  POWER TECHNOLOGY 10,False
1609,9,MEFWR10---,EFP WRITING 10,False
1609,9,MFMP-10H--,FOUNDATIONS OF MATH AND PRE-CALCULUS 10 HONOURS,False
1609,9,MIDS-0C---,INDEPENDENT DIRECTED STUDIES 10C,False
1609,9,MMACS11---,COMPUTER SCIENCE 11,False
1609,9,MMEDD10---,ADST ? MEDIA DESIGN 10,False
1609,9,MPHED10B--,PHYSICAL AND HEALTH EDUCATION 10 Boys,False
1609,9,MSC--10---,SCIENCE 10,False
1609,9,MSS--10---,SOCIAL STUDIES 10,False
1609,9,MTDRF10---,ADST ?  DRAFTING 10,False
1609,9,MTEXP10---,ADST-Technology Explorations 10,True
1609,9,MVAST10---,VISUAL ARTS: ART STUDIO 10,True
1609,9,YLRA-0AX-L,ATHLETIC LEADERSHIP 10 U16,False
1610,9,MCLE-10---,CAREER LIFE EDUCATION 10,False
1610,9,MEFWR10---,EFP WRITING 10,False
1610,9,MEVSC11---,ENVIRONMENTAL SCIENCE 11,False
1610,9,MFMP-10---,FOUNDATIONS OF MATH AND PRE-CALCULUS 10,False
1610,9,MFOOD10---,ADST ?  FOOD STUDIES 10,True
1610,9,MFR--10---,FRENCH 10,False
1610,9,MFR--11---,FRENCH 11,False
1610,9,MSC--10---,SCIENCE 10,False
1610,9,MSP--10---,SPANISH 10,True
1610,9,MSS--10---,SOCIAL STUDIES 10,False
1610,9,MTXT-10---,TEXTILES 10,True
1611,9,MDRM-10---,DRAMA 10,True
1611,9,MEFWR10---,EFP WRITING 10,False
1611,9,MFMP-10---,FOUNDATIONS OF MATH AND PRE-CALCULUS 10,False
1611,9,MFOOD10---,ADST ?  FOOD STUDIES 10,True
1611,9,MIDS-0C---,INDEPENDENT DIRECTED STUDIES 10C,False
1611,9,MMUCC10--L,CHORAL MUSIC: CONCERT CHOIR 10 Linear,False
1611,9,MPHED10G--,PHYSICAL AND HEALTH EDUCATION 10 Girls,False
1611,9,MSC--10---,SCIENCE 10,False
1611,9,MSS--10---,SOCIAL STUDIES 10,False
1611,9,MTPOW10---,ADST ?  POWER TECHNOLOGY 10,False
1611,9,MTXT-10---,TEXTILES 10,False
1611,9,MWBDV10IT-,Information and Communications Technologies 10,False
1612,9,MDNC-10--L,DANCE 10: CHOREOGRAPHY Linear,False
1612,9,MDNCM10--L,DANCE COMPANY 10 Linear,False
1612,9,MEFWR10---,EFP WRITING 10,False
1612,9,MFMP-10H--,FOUNDATIONS OF MATH AND PRE-CALCULUS 10 HONOURS,False
1612,9,MFOOD10---,ADST ?  FOOD STUDIES 10,False
1612,9,MMEDD10---,ADST ? MEDIA DESIGN 10,False
1612,9,MPHED10G--,PHYSICAL AND HEALTH EDUCATION 10 Girls,False
1612,9,MSC--10---,SCIENCE 10,False
1612,9,MSP--10---,SPANISH 10,False
1612,9,MSS--10---,SOCIAL STUDIES 10,False
1612,9,MTDRF10---,ADST ?  DRAFTING 10,True
1612,9,MTXT-10---,TEXTILES 10,True
1612,9,YLRA-0AX-L,ATHLETIC LEADERSHIP 10 U16,False
1613,9,MDMD-12D--,3D ANIMATION 12,False
1613,9,MEFWR10---,EFP WRITING 10,False
1613,9,MFMP-10---,FOUNDATIONS OF MATH AND PRE-CALCULUS 10,False
1613,9,MPHED10---,PHYSICAL AND HEALTH EDUCATION 10,False
1613,9,MSC--10---,SCIENCE 10,False
1613,9,MSS--10---,SOCIAL STUDIES 10,False
1613,9,MTEAR10---,ADST ?  ELECTRONICS AND ROBOTICS 10,False
1613,9,MTEXP10---,ADST-Technology Explorations 10,True
1613,9,MTXT-10---,TEXTILES 10,False
1613,9,MVAST10---,VISUAL ARTS: ART STUDIO 10,True
1614,9,MCMPR11AI-,COMPUTER PROGRAMMING 11 AI and Games,True
1614,9,MCMPS10C--,COMPOSITION 10 Challenge,False
1614,9,MDMD-12D--,3D ANIMATION 12,True
1614,9,MFMP-10C--,FOUNDATIONS OF MATH AND PRE-CALCULUS 10 CHALLENGE,False
1614,9,MMACS11---,COMPUTER SCIENCE 11,False
1614,9,MPHED10---,PHYSICAL AND HEALTH EDUCATION 10,False
1614,9,MSC--10C--,SCIENCE 10: CHALLENGE,False
1614,9,MSP--11---,SPANISH 11,False
1614,9,MSS--10C--,SOCIAL STUDIES 10 CHALLENGE,False
1614,9,MTEXP10---,ADST-Technology Explorations 10,False
1615,9,MAC--11---,ACCOUNTING 11,False
1615,9,MEFWR10---,EFP WRITING 10,False
1615,9,MFMP-10---,FOUNDATIONS OF MATH AND PRE-CALCULUS 10,False
1615,9,MFOOD10---,ADST ?  FOOD STUDIES 10,True
1615,9,MIDS-0C---,INDEPENDENT DIRECTED STUDIES 10C,False
1615,9,MMUCB10--L,INSTRUMENTAL MUSIC: CONCERT BAND 10 Linear,False
1615,9,MMUJB10--L,INSTRUMENTAL MUSIC: JAZZ BAND 10 Linear,False
1615,9,MPHED10--L,PHYSICAL AND HEALTH EDUCATION 10 LINEAR,False
1615,9,MSC--10---,SCIENCE 10,False
1615,9,MSS--10---,SOCIAL STUDIES 10,False
1615,9,MTEXP10---,ADST-Technology Explorations 10,False
1615,9,MTXT-10---,TEXTILES 10,True
1615,9,YLRA-0AX-L,ATHLETIC LEADERSHIP 10 U16,False
1616,9,MCMPS10---,COMPOSITION 10,False
1616,9,MDRM-10---,DRAMA 10,False
1616,9,MMEDD10---,ADST ? MEDIA DESIGN 10,False
1616,9,MSC--10---,SCIENCE 10,False
1616,9,MVAPH10---,VISUAL ARTS: PHOTOGRAPHY 10,True
1616,9,MVAST10---,VISUAL ARTS: ART STUDIO 10,True
1617,9,MAC--11---,ACCOUNTING 11,False
1617,9,MEFWR10---,EFP WRITING 10,False
1617,9,MFMP-10H--,FOUNDATIONS OF MATH AND PRE-CALCULUS 10 HONOURS,False
1617,9,MMACS11---,COMPUTER SCIENCE 11,False
1617,9,MMAP-11---,MARKETING AND PROMOTION 11,True
1617,9,MMUGT10---,INSTRUMENTAL MUSIC: GUITAR 10,True
1617,9,MPHED10G--,PHYSICAL AND HEALTH EDUCATION 10 Girls,False
1617,9,MSC--10---,SCIENCE 10,False
1617,9,MSS--10---,SOCIAL STUDIES 10,False
1617,9,MVAST10---,VISUAL ARTS: ART STUDIO 10,False
1617,9,YCPA-0AX-L,COMMUNITY LEADERSHIP 10 Linear,False
1618,9,MCMPS10---,COMPOSITION 10,False
1618,9,MFMP-10---,FOUNDATIONS OF MATH AND PRE-CALCULUS 10,False
1618,9,MFOOD10---,ADST ?  FOOD STUDIES 10,True
1618,9,MMEDD10---,ADST ? MEDIA DESIGN 10,True
1618,9,MPHED10---,PHYSICAL AND HEALTH EDUCATION 10,False
1618,9,MSC--10---,SCIENCE 10,False
1618,9,MSS--10---,SOCIAL STUDIES 10,False
1618,9,MTEAR10--L,ADST ?  ELECTRONICS AND ROBOTICS 10 Linear,False
1618,9,MVAPH10---,VISUAL ARTS: PHOTOGRAPHY 10,False
1618,9,MWBDV10IT-,Information and Communications Technologies 10,False
1618,9,YESFL0AX--,BEGINNERS ELL 10,False
1619,9,MCMPR11AI-,COMPUTER PROGRAMMING 11 AI and Games,False
1619,9,MDMD-12D--,3D ANIMATION 12,True
1619,9,MEFWR10---,EFP WRITING 10,False
1619,9,MFMP-10---,FOUNDATIONS OF MATH AND PRE-CALCULUS 10,False
1619,9,MMACS11---,COMPUTER SCIENCE 11,False
1619,9,MPHED10B--,PHYSICAL AND HEALTH EDUCATION 10 Boys,False
1619,9,MSC--10---,SCIENCE 10,False
1619,9,MSS--10---,SOCIAL STUDIES 10,False
1619,9,MTDRF10---,ADST ?  DRAFTING 10,True
1619,9,MTEAR10--L,ADST ?  ELECTRONICS AND ROBOTICS 10 Linear,False
1619,9,MTEXP10---,ADST-Technology Explorations 10,False
1620,9,MCMPS10C--,COMPOSITION 10 Challenge,False
1620,9,MDRM-10---,DRAMA 10,True
1620,9,MFMP-10C--,FOUNDATIONS OF MATH AND PRE-CALCULUS 10 CHALLENGE,False
1620,9,MFOOD10---,ADST ?  FOOD STUDIES 10,False
1620,9,MMACS11---,COMPUTER SCIENCE 11,False
1620,9,MMUCB10--L,INSTRUMENTAL MUSIC: CONCERT BAND 10 Linear,False
1620,9,MPHED10--L,PHYSICAL AND HEALTH EDUCATION 10 LINEAR,False
1620,9,MSC--10C--,SCIENCE 10: CHALLENGE,False
1620,9,MSS--10C--,SOCIAL STUDIES 10 CHALLENGE,False
1620,9,YED--0BX-L,PEER TUTORING 10 LINEAR,False
1621,9,MCMPR11AI-,COMPUTER PROGRAMMING 11 AI and Games,True
1621,9,MCMPS10C--,COMPOSITION 10 Challenge,False
1621,9,MFMP-10C--,FOUNDATIONS OF MATH AND PRE-CALCULUS 10 CHALLENGE,False
1621,9,MIDS-0C---,INDEPENDENT DIRECTED STUDIES 10C,False
1621,9,MMACS11---,COMPUTER SCIENCE 11,False
1621,9,MPHED10---,PHYSICAL AND HEALTH EDUCATION 10,False
1621,9,MSC--10C--,SCIENCE 10: CHALLENGE,False
1621,9,MSS--10C--,SOCIAL STUDIES 10 CHALLENGE,False
1621,9,MTEAR10---,ADST ?  ELECTRONICS AND ROBOTICS 10,False
1621,9,MTEXP10---,ADST-Technology Explorations 10,False
1621,9,MWWK-10---,ADST ?  WOODWORK 10,True
1622,9,MAC--11---,ACCOUNTING 11,True
1622,9,MCMPS10C--,COMPOSITION 10 Challenge,False
1622,9,MFMP-10C--,FOUNDATIONS OF MATH AND PRE-CALCULUS 10 CHALLENGE,False
1622,9,MFOOD10---,ADST ?  FOOD STUDIES 10,False
1622,9,MMACS11---,COMPUTER SCIENCE 11,False
1622,9,MPHED10---,PHYSICAL AND HEALTH EDUCATION 10,False
1622,9,MSC--10C--,SCIENCE 10: CHALLENGE,False
1622,9,MSS--10C--,SOCIAL STUDIES 10 CHALLENGE,False
1622,9,MTDRF10---,ADST ?  DRAFTING 10,True
1622,9,MVAST10---,VISUAL ARTS: ART STUDIO 10,False
1623,9,MADEM10---,ADST ? ENTREPRENEURSHIP AND MARKETING 10,True
1623,9,MCMPS10---,COMPOSITION 10,False
1623,9,MFMP-10---,FOUNDATIONS OF MATH AND PRE-CALCULUS 10,False
1623,9,MFOOD10---,ADST ?  FOOD STUDIES 10,False
1623,9,MMEDD10---,ADST ? MEDIA DESIGN 10,True
1623,9,MMUCB10--L,INSTRUMENTAL MUSIC: CONCERT BAND 10 Linear,False
1623,9,MMUGT10---,INSTRUMENTAL MUSIC: GUITAR 10,False
1623,9,MMUOR10S-L,INSTRUMENTAL MUSIC: ORCHESTRA 10 Strings LINEAR,False
1623,9,MPHED10--L,PHYSICAL AND HEALTH EDUCATION 10 LINEAR,False
1623,9,MSC--10---,SCIENCE 10,False
1623,9,YESFL0AX--,BEGINNERS ELL 10,False
1624,9,MEFWR10---,EFP WRITING 10,False
1624,9,MFOOD10---,ADST ?  FOOD STUDIES 10,True
1624,9,MPHED10FB-,PHYSICAL AND HEALTH EDUCATION 10 Football,False
1624,9,MSC--10---,SCIENCE 10,False
1624,9,MSS--10---,SOCIAL STUDIES 10,False
1624,9,MTPOW10---,ADST ?  POWER TECHNOLOGY 10,False
1624,9,MVAPH10---,VISUAL ARTS: PHOTOGRAPHY 10,False
1624,9,MWPM-10---,WORKPLACE MATHEMATICS 10,False
1624,9,MWWK-10---,ADST ?  WOODWORK 10,True
1624,9,YHRA-0AX--,CROSS TRAINING 10,False
1625,9,MCMPR11AI-,COMPUTER PROGRAMMING 11 AI and Games,True
1625,9,MCMPS10---,COMPOSITION 10,False
1625,9,MFMP-10---,FOUNDATIONS OF MATH AND PRE-CALCULUS 10,False
1625,9,MFR--10---,FRENCH 10,False
1625,9,MIDS-0B---,INDEPENDENT DIRECTED STUDIES 10B,False
1625,9,MIDS-0C---,INDEPENDENT DIRECTED STUDIES 10C,False
1625,9,MMACS11---,COMPUTER SCIENCE 11,False
1625,9,MMAP-11---,MARKETING AND PROMOTION 11,True
1625,9,MMUOR10S-L,INSTRUMENTAL MUSIC: ORCHESTRA 10 Strings LINEAR,False
1625,9,MPHED10G--,PHYSICAL AND HEALTH EDUCATION 10 Girls,False
1625,9,MSC--10---,SCIENCE 10,False
1625,9,MSS--10---,SOCIAL STUDIES 10,False
1626,9,MCMPS10---,COMPOSITION 10,False
1626,9,MFMP-10---,FOUNDATIONS OF MATH AND PRE-CALCULUS 10,False
1626,9,MMACS11---,COMPUTER SCIENCE 11,False
1626,9,MPHED10B--,PHYSICAL AND HEALTH EDUCATION 10 Boys,False
1626,9,MSC--10---,SCIENCE 10,False
1626,9,MSS--10---,SOCIAL STUDIES 10,False
1626,9,MTDRF10---,ADST ?  DRAFTING 10,True
1626,9,MTEXP10---,ADST-Technology Explorations 10,False
1626,9,MWBDV10IT-,Information and Communications Technologies 10,False
1626,9,YED--0AX--,LEARNING STRATEGIES 10,True
1627,9,MCMPR11AI-,COMPUTER PROGRAMMING 11 AI and Games,True
1627,9,MEFWR10---,EFP WRITING 10,False
1627,9,MFMP-10H--,FOUNDATIONS OF MATH AND PRE-CALCULUS 10 HONOURS,False
1627,9,MFOOD10---,ADST ?  FOOD STUDIES 10,False
1627,9,MFR--10---,FRENCH 10,False
1627,9,MMACS11---,COMPUTER SCIENCE 11,False
1627,9,MPHED10---,PHYSICAL AND HEALTH EDUCATION 10,False
1627,9,MSC--10---,SCIENCE 10,False
1627,9,MSS--10---,SOCIAL STUDIES 10,False
1627,9,MTEAR10---,ADST ?  ELECTRONICS AND ROBOTICS 10,True
1628,9,MAC--11---,ACCOUNTING 11,True
1628,9,MBSP-11---,INTRODUCTORY SPANISH 11,True
1628,9,MEFWR10---,EFP WRITING 10,False
1628,9,MFMP-10---,FOUNDATIONS OF MATH AND PRE-CALCULUS 10,False
1628,9,MFOOD10---,ADST ?  FOOD STUDIES 10,False
1628,9,MPHED10B--,PHYSICAL AND HEALTH EDUCATION 10 Boys,False
1628,9,MSC--10---,SCIENCE 10,False
1628,9,MSS--10---,SOCIAL STUDIES 10,False
1628,9,MVAPH10---,VISUAL ARTS: PHOTOGRAPHY 10,False
1628,9,MWBDV10IT-,Information and Communications Technologies 10,False
1628,9,YLRA-0AX-L,ATHLETIC LEADERSHIP 10 U16,False
1629,9,MAC--11---,ACCOUNTING 11,True
1629,9,MCMPS10C--,COMPOSITION 10 Challenge,False
1629,9,MFMP-10C--,FOUNDATIONS OF MATH AND PRE-CALCULUS 10 CHALLENGE,False
1629,9,MMUCB10--L,INSTRUMENTAL MUSIC: CONCERT BAND 10 Linear,False
1629,9,MPHED10--L,PHYSICAL AND HEALTH EDUCATION 10 LINEAR,False
1629,9,MSC--10C--,SCIENCE 10: CHALLENGE,False
1629,9,MSS--10C--,SOCIAL STUDIES 10 CHALLENGE,False
1629,9,MTEXP10---,ADST-Technology Explorations 10,True
1629,9,MTPOW10---,ADST ?  POWER TECHNOLOGY 10,False
1629,9,MWBDV10IT-,Information and Communications Technologies 10,False
1629,9,YLRA-0AX-L,ATHLETIC LEADERSHIP 10 U16,False
1630,9,MEFWR10---,EFP WRITING 10,False
1630,9,MFMP-10H--,FOUNDATIONS OF MATH AND PRE-CALCULUS 10 HONOURS,False
1630,9,MMUGT10---,INSTRUMENTAL MUSIC: GUITAR 10,False
1630,9,MPHED10G--,PHYSICAL AND HEALTH EDUCATION 10 Girls,False
1630,9,MSC--10---,SCIENCE 10,False
1630,9,MSS--10---,SOCIAL STUDIES 10,False
1630,9,MTDRF10---,ADST ?  DRAFTING 10,True
1630,9,MTXT-10---,TEXTILES 10,False
1630,9,MVAST10---,VISUAL ARTS: ART STUDIO 10,False
1630,9,MWBDV10IT-,Information and Communications Technologies 10,True
1631,9,MCMPS10---,COMPOSITION 10,False
1631,9,MFOOD10---,ADST ?  FOOD STUDIES 10,False
1631,9,MPHED10B--,PHYSICAL AND HEALTH EDUCATION 10 Boys,False
1631,9,MSC--10---,SCIENCE 10,False
1631,9,MSP--10---,SPANISH 10,True
1631,9,MSS--10---,SOCIAL STUDIES 10,False
1631,9,MTEXP10---,ADST-Technology Explorations 10,False
1631,9,MWPM-10---,WORKPLACE MATHEMATICS 10,False
1631,9,YESFL0AX--,BEGINNERS ELL 10,False
1632,9,MEFWR10---,EFP WRITING 10,False
1632,9,MFOOD10---,ADST ?  FOOD STUDIES 10,False
1632,9,MPHED10G--,PHYSICAL AND HEALTH EDUCATION 10 Girls,False
1632,9,MSC--10---,SCIENCE 10,False
1632,9,MSP--10---,SPANISH 10,False
1632,9,MSS--10---,SOCIAL STUDIES 10,False
1632,9,MTPOW10---,ADST ?  POWER TECHNOLOGY 10,False
1632,9,MWPM-10---,WORKPLACE MATHEMATICS 10,False
1632,9,YPA--0CX--,YOGA FOR MINDFULNESS 10,True
1633,9,MAC--11---,ACCOUNTING 11,False
1633,9,MCMPS10---,COMPOSITION 10,False
1633,9,MFMP-10---,FOUNDATIONS OF MATH AND PRE-CALCULUS 10,False
1633,9,MFOOD10---,ADST ?  FOOD STUDIES 10,True
1633,9,MFR--10---,FRENCH 10,True
1633,9,MPHED10G--,PHYSICAL AND HEALTH EDUCATION 10 Girls,False
1633,9,MSC--10---,SCIENCE 10,False
1633,9,MSS--10---,SOCIAL STUDIES 10,False
1633,9,MTDRF10---,ADST ?  DRAFTING 10,False
1633,9,MWBDV10IT-,Information and Communications Technologies 10,False
1633,9,YLRA-0AX-L,ATHLETIC LEADERSHIP 10 U16,False
1634,9,MCMPR11AI-,COMPUTER PROGRAMMING 11 AI and Games,False
1634,9,MEFWR10---,EFP WRITING 10,False
1634,9,MFMP-10---,FOUNDATIONS OF MATH AND PRE-CALCULUS 10,False
1634,9,MMACS11---,COMPUTER SCIENCE 11,True
1634,9,MMEDD10---,ADST ? MEDIA DESIGN 10,True
1634,9,MMUCB10--L,INSTRUMENTAL MUSIC: CONCERT BAND 10 Linear,False
1634,9,MPHED10---,PHYSICAL AND HEALTH EDUCATION 10,False
1634,9,MSC--10---,SCIENCE 10,False
1634,9,MSS--10---,SOCIAL STUDIES 10,False
1634,9,YED--0AX-L,LEARNING STRATEGIES 10 LINEAR,False
1635,9,MADEM10---,ADST ? ENTREPRENEURSHIP AND MARKETING 10,True
1635,9,MCH--11---,CHEMISTRY 11,False
1635,9,MCLE-10---,CAREER LIFE EDUCATION 10,False
1635,9,MEFWR10---,EFP WRITING 10,False
1635,9,MFMP-10---,FOUNDATIONS OF MATH AND PRE-CALCULUS 10,False
1635,9,MFR--10---,FRENCH 10,False
1635,9,MPHED10---,PHYSICAL AND HEALTH EDUCATION 10,False
1635,9,MSC--10---,SCIENCE 10,False
1635,9,MTEAR10---,ADST ?  ELECTRONICS AND ROBOTICS 10,True
1635,9,MTEAR10--L,ADST ?  ELECTRONICS AND ROBOTICS 10 Linear,False
1635,9,MTEXP10---,ADST-Technology Explorations 10,True
1635,9,MWBDV10IT-,Information and Communications Technologies 10,False
1636,9,MAC--11---,ACCOUNTING 11,False
1636,9,MEFWR10---,EFP WRITING 10,False
1636,9,MFMP-10---,FOUNDATIONS OF MATH AND PRE-CALCULUS 10,False
1636,9,MFOOD10---,ADST ?  FOOD STUDIES 10,True
1636,9,MIDS-0C---,INDEPENDENT DIRECTED STUDIES 10C,False
1636,9,MMEDD10---,ADST ? MEDIA DESIGN 10,False
1636,9,MPHED10---,PHYSICAL AND HEALTH EDUCATION 10,False
1636,9,MSC--10---,SCIENCE 10,False
1636,9,MSP--10---,SPANISH 10,False
1636,9,MSS--10---,SOCIAL STUDIES 10,False
1636,9,MVAPH10---,VISUAL ARTS: PHOTOGRAPHY 10,True
1637,9,MCMPS10---,COMPOSITION 10,False
1637,9,MFMP-10---,FOUNDATIONS OF MATH AND PRE-CALCULUS 10,False
1637,9,MFOOD10---,ADST ?  FOOD STUDIES 10,False
1637,9,MPHED10B--,PHYSICAL AND HEALTH EDUCATION 10 Boys,False
1637,9,MSC--10---,SCIENCE 10,False
1637,9,MSP--10---,SPANISH 10,True
1637,9,MSS--10---,SOCIAL STUDIES 10,False
1637,9,MWWK-10---,ADST ?  WOODWORK 10,False
1637,9,YPR--0BX--,OUTDOOR EDUCATION 10,False
1638,9,MCLE-10---,CAREER LIFE EDUCATION 10,False
1638,9,MEFWR10---,EFP WRITING 10,False
1638,9,MFMP-10---,FOUNDATIONS OF MATH AND PRE-CALCULUS 10,False
1638,9,MFR--10---,FRENCH 10,False
1638,9,MPHED10G--,PHYSICAL AND HEALTH EDUCATION 10 Girls,False
1638,9,MSC--10---,SCIENCE 10,False
1638,9,MSP--10---,SPANISH 10,True
1638,9,MSS--10---,SOCIAL STUDIES 10,False
1638,9,MTDRF10---,ADST ?  DRAFTING 10,True
1638,9,MVAST10---,VISUAL ARTS: ART STUDIO 10,False
1638,9,YCPA-0AX-L,COMMUNITY LEADERSHIP 10 Linear,False
1639,9,MEFWR10---,EFP WRITING 10,False
1639,9,MFMP-10---,FOUNDATIONS OF MATH AND PRE-CALCULUS 10,False
1639,9,MMACS11---,COMPUTER SCIENCE 11,False
1639,9,MPHED10---,PHYSICAL AND HEALTH EDUCATION 10,False
1639,9,MSC--10---,SCIENCE 10,False
1639,9,MSS--10---,SOCIAL STUDIES 10,False
1639,9,MTDRF10---,ADST ?  DRAFTING 10,True
1639,9,MTEXP10---,ADST-Technology Explorations 10,True
1639,9,MVAPH10---,VISUAL ARTS: PHOTOGRAPHY 10,False
1639,9,MWBDV10IT-,Information and Communications Technologies 10,False
1640,9,MEFWR10---,EFP WRITING 10,False
1640,9,MFMP-10H--,FOUNDATIONS OF MATH AND PRE-CALCULUS 10 HONOURS,False
1640,9,MMACS11---,COMPUTER SCIENCE 11,False
1640,9,MPHED10---,PHYSICAL AND HEALTH EDUCATION 10,False
1640,9,MSC--10---,SCIENCE 10,False
1640,9,MSS--10---,SOCIAL STUDIES 10,False
1640,9,MTDRF10---,ADST ?  DRAFTING 10,True
1640,9,MTEAR10--L,ADST ?  ELECTRONICS AND ROBOTICS 10 Linear,False
1640,9,MTEXP10---,ADST-Technology Explorations 10,True
1640,9,MVAPH10---,VISUAL ARTS: PHOTOGRAPHY 10,False
1640,9,MWBDV10IT-,Information and Communications Technologies 10,False
1641,9,MCMPR11AI-,COMPUTER PROGRAMMING 11 AI and Games,True
1641,9,MEFWR10---,EFP WRITING 10,False
1641,9,MFMP-10---,FOUNDATIONS OF MATH AND PRE-CALCULUS 10,False
1641,9,MFOOD10---,ADST ?  FOOD STUDIES 10,False
1641,9,MPHED10B--,PHYSICAL AND HEALTH EDUCATION 10 Boys,False
1641,9,MSC--10---,SCIENCE 10,False
1641,9,MSS--10---,SOCIAL STUDIES 10,False
1641,9,MVAST10---,VISUAL ARTS: ART STUDIO 10,False
1641,9,YED--0AX--,LEARNING STRATEGIES 10,True
1641,9,YPR--0BX--,OUTDOOR EDUCATION 10,False
1642,9,MCLE-10---,CAREER LIFE EDUCATION 10,False
1642,9,MCMPR11AI-,COMPUTER PROGRAMMING 11 AI and Games,True
1642,9,MEFWR10---,EFP WRITING 10,False
1642,9,MFMP-10H--,FOUNDATIONS OF MATH AND PRE-CALCULUS 10 HONOURS,False
1642,9,MIDS-0C---,INDEPENDENT DIRECTED STUDIES 10C,False
1642,9,MMACS11---,COMPUTER SCIENCE 11,False
1642,9,MMEDD10---,ADST ? MEDIA DESIGN 10,True
1642,9,MPHED10G--,PHYSICAL AND HEALTH EDUCATION 10 Girls,False
1642,9,MSC--10---,SCIENCE 10,False
1642,9,MSS--10---,SOCIAL STUDIES 10,False
1642,9,MTEAR10--L,ADST ?  ELECTRONICS AND ROBOTICS 10 Linear,False
1642,9,MTEXP10---,ADST-Technology Explorations 10,False
1642,9,YCPA-0AX-L,COMMUNITY LEADERSHIP 10 Linear,False
1643,9,MADEM10---,ADST ? ENTREPRENEURSHIP AND MARKETING 10,False
1643,9,MCMPS10C--,COMPOSITION 10 Challenge,False
1643,9,MDMD-12D--,3D ANIMATION 12,True
1643,9,MFMP-10C--,FOUNDATIONS OF MATH AND PRE-CALCULUS 10 CHALLENGE,False
1643,9,MPHED10B--,PHYSICAL AND HEALTH EDUCATION 10 Boys,False
1643,9,MSC--10C--,SCIENCE 10: CHALLENGE,False
1643,9,MSS--10C--,SOCIAL STUDIES 10 CHALLENGE,False
1643,9,MTEAR10--L,ADST ?  ELECTRONICS AND ROBOTICS 10 Linear,False
1643,9,MTEXP10---,ADST-Technology Explorations 10,False
1643,9,MWBDV10IT-,Information and Communications Technologies 10,False
1644,9,MAC--11---,ACCOUNTING 11,True
1644,9,MCMPS10C--,COMPOSITION 10 Challenge,False
1644,9,MFMP-10C--,FOUNDATIONS OF MATH AND PRE-CALCULUS 10 CHALLENGE,False
1644,9,MFR--10---,FRENCH 10,False
1644,9,MMACS11---,COMPUTER SCIENCE 11,False
1644,9,MPHED10B--,PHYSICAL AND HEALTH EDUCATION 10 Boys,False
1644,9,MSC--10C--,SCIENCE 10: CHALLENGE,False
1644,9,MSS--10C--,SOCIAL STUDIES 10 CHALLENGE,False
1644,9,MTPOW10---,ADST ?  POWER TECHNOLOGY 10,False
1644,9,MVAPH10---,VISUAL ARTS: PHOTOGRAPHY 10,True
1644,9,YLRA-0AX-L,ATHLETIC LEADERSHIP 10 U16,False
1645,9,MCLE-10---,CAREER LIFE EDUCATION 10,False
1645,9,MCMPR11AI-,COMPUTER PROGRAMMING 11 AI and Games,False
1645,9,MEFWR10---,EFP WRITING 10,False
1645,9,MFMP-10H--,FOUNDATIONS OF MATH AND PRE-CALCULUS 10 HONOURS,False
1645,9,MMACS11---,COMPUTER SCIENCE 11,False
1645,9,MPHED10B--,PHYSICAL AND HEALTH EDUCATION 10 Boys,False
1645,9,MSC--10---,SCIENCE 10,False
1645,9,MSS--10---,SOCIAL STUDIES 10,False
1645,9,MTEAR10---,ADST ?  ELECTRONICS AND ROBOTICS 10,True
1645,9,MVAPH10---,VISUAL ARTS: PHOTOGRAPHY 10,True
1646,9,MCMPR11AI-,COMPUTER PROGRAMMING 11 AI and Games,True
1646,9,MCMPS10C--,COMPOSITION 10 Challenge,False
1646,9,MFMP-10C--,FOUNDATIONS OF MATH AND PRE-CALCULUS 10 CHALLENGE,False
1646,9,MFOOD10---,ADST ?  FOOD STUDIES 10,True
1646,9,MMACS11---,COMPUTER SCIENCE 11,False
1646,9,MPHED10B--,PHYSICAL AND HEALTH EDUCATION 10 Boys,False
1646,9,MSC--10C--,SCIENCE 10: CHALLENGE,False
1646,9,MSS--10C--,SOCIAL STUDIES 10 CHALLENGE,False
1646,9,MTEXP10---,ADST-Technology Explorations 10,False
1646,9,MTPOW10---,ADST ?  POWER TECHNOLOGY 10,False
1646,9,YED--0BX-L,PEER TUTORING 10 LINEAR,False
1647,9,MCMPS10C--,COMPOSITION 10 Challenge,False
1647,9,MFMP-10C--,FOUNDATIONS OF MATH AND PRE-CALCULUS 10 CHALLENGE,False
1647,9,MMACS11---,COMPUTER SCIENCE 11,True
1647,9,MMUCB10--L,INSTRUMENTAL MUSIC: CONCERT BAND 10 Linear,False
1647,9,MMUJB10--L,INSTRUMENTAL MUSIC: JAZZ BAND 10 Linear,False
1647,9,MMUOR10S-L,INSTRUMENTAL MUSIC: ORCHESTRA 10 Strings LINEAR,False
1647,9,MPHED10--L,PHYSICAL AND HEALTH EDUCATION 10 LINEAR,False
1647,9,MSC--10C--,SCIENCE 10: CHALLENGE,False
1647,9,MSS--10C--,SOCIAL STUDIES 10 CHALLENGE,False
1647,9,MTEAR10--L,ADST ?  ELECTRONICS AND ROBOTICS 10 Linear,False
1647,9,MTEXP10---,ADST-Technology Explorations 10,False
1647,9,MTPOW10---,ADST ?  POWER TECHNOLOGY 10,False
1648,9,MAC--11---,ACCOUNTING 11,False
1648,9,MCMPS10C--,COMPOSITION 10 Challenge,False
1648,9,MFMP-10C--,FOUNDATIONS OF MATH AND PRE-CALCULUS 10 CHALLENGE,False
1648,9,MMACS11---,COMPUTER SCIENCE 11,False
1648,9,MPHED10B--,PHYSICAL AND HEALTH EDUCATION 10 Boys,False
1648,9,MSC--10C--,SCIENCE 10: CHALLENGE,False
1648,9,MSP--10---,SPANISH 10,True
1648,9,MSS--10C--,SOCIAL STUDIES 10 CHALLENGE,False
1648,9,MVAPH10---,VISUAL ARTS: PHOTOGRAPHY 10,True
1648,9,MWBDV10IT-,Information and Communications Technologies 10,False
1648,9,YED--0BX-L,PEER TUTORING 10 LINEAR,False
1649,9,MAC--11---,ACCOUNTING 11,False
1649,9,MCMPS10---,COMPOSITION 10,False
1649,9,MFMP-10---,FOUNDATIONS OF MATH AND PRE-CALCULUS 10,False
1649,9,MFOOD10---,ADST ?  FOOD STUDIES 10,False
1649,9,MIDS-0C---,INDEPENDENT DIRECTED STUDIES 10C,False
1649,9,MMAP-11---,MARKETING AND PROMOTION 11,True
1649,9,MMUCB10--L,INSTRUMENTAL MUSIC: CONCERT BAND 10 Linear,False
1649,9,MMUGT10---,INSTRUMENTAL MUSIC: GUITAR 10,True
1649,9,MMUJB10--L,INSTRUMENTAL MUSIC: JAZZ BAND 10 Linear,False
1649,9,MPHED10--L,PHYSICAL AND HEALTH EDUCATION 10 LINEAR,False
1649,9,MSC--10---,SCIENCE 10,False
1649,9,MSS--10---,SOCIAL STUDIES 10,False
1650,9,MCMPS10---,COMPOSITION 10,False
1650,9,MMUCB10--L,INSTRUMENTAL MUSIC: CONCERT BAND 10 Linear,False
1650,9,MPHED10G--,PHYSICAL AND HEALTH EDUCATION 10 Girls,False
1650,9,MSC--10---,SCIENCE 10,False
1650,9,MSS--10---,SOCIAL STUDIES 10,False
1650,9,MTXT-10---,TEXTILES 10,True
1650,9,MVAST10---,VISUAL ARTS: ART STUDIO 10,False
1650,9,MWPM-10---,WORKPLACE MATHEMATICS 10,False
1650,9,YED--0AX-L,LEARNING STRATEGIES 10 LINEAR,False
1651,9,MAC--11---,ACCOUNTING 11,False
1651,9,MEFWR10---,EFP WRITING 10,False
1651,9,MFMP-10---,FOUNDATIONS OF MATH AND PRE-CALCULUS 10,False
1651,9,MFOOD10---,ADST ?  FOOD STUDIES 10,False
1651,9,MPHED10G--,PHYSICAL AND HEALTH EDUCATION 10 Girls,False
1651,9,MSC--10---,SCIENCE 10,False
1651,9,MSS--10---,SOCIAL STUDIES 10,False
1651,9,MTXT-10---,TEXTILES 10,True
1651,9,MWBDV10IT-,Information and Communications Technologies 10,False
1651,9,YLRA-0AX-L,ATHLETIC LEADERSHIP 10 U16,False
1651,9,YPA--0CX--,YOGA FOR MINDFULNESS 10,True
1652,9,MCMPS10---,COMPOSITION 10,False
1652,9,MFMP-10---,FOUNDATIONS OF MATH AND PRE-CALCULUS 10,False
1652,9,MSC--10---,SCIENCE 10,False
1652,9,MSS--10---,SOCIAL STUDIES 10,False
1653,9,MAC--11---,ACCOUNTING 11,False
1653,9,MDMD-12D--,3D ANIMATION 12,True
1653,9,MEFWR10---,EFP WRITING 10,False
1653,9,MFMP-10H--,FOUNDATIONS OF MATH AND PRE-CALCULUS 10 HONOURS,False
1653,9,MFOOD10---,ADST ?  FOOD STUDIES 10,False
1653,9,MFR--12---,FRENCH 12,False
1653,9,MIDS-0C---,INDEPENDENT DIRECTED STUDIES 10C,False
1653,9,MMEDD10---,ADST ? MEDIA DESIGN 10,True
1653,9,MPHED10G--,PHYSICAL AND HEALTH EDUCATION 10 Girls,False
1653,9,MSC--10---,SCIENCE 10,False
1653,9,MSS--10---,SOCIAL STUDIES 10,False
1654,9,MCLE-10---,CAREER LIFE EDUCATION 10,False
1654,9,MEFWR10---,EFP WRITING 10,False
1654,9,MFMP-10---,FOUNDATIONS OF MATH AND PRE-CALCULUS 10,False
1654,9,MFOOD10---,ADST ?  FOOD STUDIES 10,False
1654,9,MPHED10G--,PHYSICAL AND HEALTH EDUCATION 10 Girls,False
1654,9,MSC--10---,SCIENCE 10,False
1654,9,MSP--10---,SPANISH 10,False
1654,9,MSS--10---,SOCIAL STUDIES 10,False
1654,9,MTXT-10---,TEXTILES 10,True
1654,9,YED--0AX--,LEARNING STRATEGIES 10,True
1655,9,MCMPS10---,COMPOSITION 10,False
1655,9,MFMP-10---,FOUNDATIONS OF MATH AND PRE-CALCULUS 10,False
1655,9,MMACS11---,COMPUTER SCIENCE 11,False
1655,9,MPHED10B--,PHYSICAL AND HEALTH EDUCATION 10 Boys,False
1655,9,MSC--10---,SCIENCE 10,False
1655,9,MSS--10---,SOCIAL STUDIES 10,False
1655,9,MTDRF10---,ADST ?  DRAFTING 10,True
1655,9,MTEXP10---,ADST-Technology Explorations 10,False
1655,9,MWBDV10IT-,Information and Communications Technologies 10,False
1655,9,YED--0AX--,LEARNING STRATEGIES 10,True
1656,9,MCMPS10---,COMPOSITION 10,False
1656,9,MFMP-10H--,FOUNDATIONS OF MATH AND PRE-CALCULUS 10 HONOURS,False
1656,9,MMACS11---,COMPUTER SCIENCE 11,False
1656,9,MPHED10B--,PHYSICAL AND HEALTH EDUCATION 10 Boys,False
1656,9,MSC--10---,SCIENCE 10,False
1656,9,MSP--10---,SPANISH 10,True
1656,9,MSS--10---,SOCIAL STUDIES 10,False
1656,9,MTDRF10---,ADST ?  DRAFTING 10,True
1656,9,MTEAR10--L,ADST ?  ELECTRONICS AND ROBOTICS 10 Linear,False
1656,9,MTEXP10---,ADST-Technology Explorations 10,False
1656,9,MWBDV10IT-,Information and Communications Technologies 10,False
1657,9,MCMPS10C--,COMPOSITION 10 Challenge,False
1657,9,MDCF-10---,DANCE FOUNDATIONS 10,False
1657,9,MDRM-10---,DRAMA 10,False
1657,9,MFMP-10C--,FOUNDATIONS OF MATH AND PRE-CALCULUS 10 CHALLENGE,False
1657,9,MIDS-0C---,INDEPENDENT DIRECTED STUDIES 10C,False
1657,9,MPHED10G--,PHYSICAL AND HEALTH EDUCATION 10 Girls,False
1657,9,MSC--10C--,SCIENCE 10: CHALLENGE,False
1657,9,MSS--10C--,SOCIAL STUDIES 10 CHALLENGE,False
1657,9,MVAPH10---,VISUAL ARTS: PHOTOGRAPHY 10,True
1657,9,MWBDV10IT-,Information and Communications Technologies 10,False
1658,9,MADEM10---,ADST ? ENTREPRENEURSHIP AND MARKETING 10,True
1658,9,MCMPS10---,COMPOSITION 10,False
1658,9,MDMD-12D--,3D ANIMATION 12,False
1658,9,MFMP-10---,FOUNDATIONS OF MATH AND PRE-CALCULUS 10,False
1658,9,MFR--10---,FRENCH 10,False
1658,9,MPHED10G--,PHYSICAL AND HEALTH EDUCATION 10 Girls,False
1658,9,MSC--10---,SCIENCE 10,False
1658,9,MSS--10---,SOCIAL STUDIES 10,False
1658,9,MTDRF10---,ADST ?  DRAFTING 10,False
1658,9,YPA--0CX--,YOGA FOR MINDFULNESS 10,True
1659,9,MAC--11---,ACCOUNTING 11,False
1659,9,MBSP-11---,INTRODUCTORY SPANISH 11,False
1659,9,MEFWR10---,EFP WRITING 10,False
1659,9,MFOOD10---,ADST ?  FOOD STUDIES 10,False
1659,9,MPHED10G--,PHYSICAL AND HEALTH EDUCATION 10 Girls,False
1659,9,MSC--10---,SCIENCE 10,False
1659,9,MSS--10---,SOCIAL STUDIES 10,False
1659,9,MTEXP10---,ADST-Technology Explorations 10,True
1659,9,MWPM-10---,WORKPLACE MATHEMATICS 10,False
1660,9,MCMPS10---,COMPOSITION 10,False
1660,9,MFOOD10---,ADST ?  FOOD STUDIES 10,True
1660,9,MMUGT10---,INSTRUMENTAL MUSIC: GUITAR 10,False
1660,9,MPHED10B--,PHYSICAL AND HEALTH EDUCATION 10 Boys,False
1660,9,MSC--10---,SCIENCE 10,False
1660,9,MSS--10---,SOCIAL STUDIES 10,False
1660,9,MTDRF10---,ADST ?  DRAFTING 10,False
1660,9,MVAPH10---,VISUAL ARTS: PHOTOGRAPHY 10,False
1660,9,MVAST10---,VISUAL ARTS: ART STUDIO 10,True
1660,9,MWPM-10---,WORKPLACE MATHEMATICS 10,False
1661,9,MCLE-10---,CAREER LIFE EDUCATION 10,True
1661,9,MDMD-12D--,3D ANIMATION 12,True
1661,9,MEFWR10---,EFP WRITING 10,False
1661,9,MFMP-10H--,FOUNDATIONS OF MATH AND PRE-CALCULUS 10 HONOURS,False
1661,9,MMACS11---,COMPUTER SCIENCE 11,False
1661,9,MPHED10B--,PHYSICAL AND HEALTH EDUCATION 10 Boys,False
1661,9,MSC--10---,SCIENCE 10,False
1661,9,MSS--10---,SOCIAL STUDIES 10,False
1661,9,MTEAR10---,ADST ?  ELECTRONICS AND ROBOTICS 10,False
1661,9,MTEAR10--L,ADST ?  ELECTRONICS AND ROBOTICS 10 Linear,False
1661,9,MTEXP10---,ADST-Technology Explorations 10,False
1662,9,MCMPS10---,COMPOSITION 10,False
1662,9,MFOOD10---,ADST ?  FOOD STUDIES 10,True
1662,9,MPHED10FB-,PHYSICAL AND HEALTH EDUCATION 10 Football,False
1662,9,MSC--10---,SCIENCE 10,False
1662,9,MSS--10---,SOCIAL STUDIES 10,False
1662,9,MTPOW10---,ADST ?  POWER TECHNOLOGY 10,False
1662,9,MWPM-10---,WORKPLACE MATHEMATICS 10,False
1662,9,YED--0AX--,LEARNING STRATEGIES 10,False
1662,9,YHRA-0AX--,CROSS TRAINING 10,False
1663,9,MAC--11---,ACCOUNTING 11,False
1663,9,MACLV11G--,ACTIVE LIVING 11 Girls,False
1663,9,MCMPS10---,COMPOSITION 10,False
1663,9,MFMP-10---,FOUNDATIONS OF MATH AND PRE-CALCULUS 10,False
1663,9,MFOOD10---,ADST ?  FOOD STUDIES 10,False
1663,9,MMEDD10---,ADST ? MEDIA DESIGN 10,True
1663,9,MSC--10---,SCIENCE 10,False
1663,9,MSS--10---,SOCIAL STUDIES 10,False
1663,9,MWBDV10IT-,Information and Communications Technologies 10,False
1663,9,YPA--0CX--,YOGA FOR MINDFULNESS 10,True
1664,9,MADEM10---,ADST ? ENTREPRENEURSHIP AND MARKETING 10,True
1664,9,MCMPS10---,COMPOSITION 10,False
1664,9,MFMP-10H--,FOUNDATIONS OF MATH AND PRE-CALCULUS 10 HONOURS,False
1664,9,MIDS-0B---,INDEPENDENT DIRECTED STUDIES 10B,False
1664,9,MPHED10---,PHYSICAL AND HEALTH EDUCATION 10,False
1664,9,MSC--10---,SCIENCE 10,False
1664,9,MSS--10---,SOCIAL STUDIES 10,False
1664,9,MTDRF10---,ADST ?  DRAFTING 10,False
1664,9,MTXT-10---,TEXTILES 10,True
1664,9,MWBDV10IT-,Information and Communications Technologies 10,False
1664,9,YCPA-0AXE-,COMMUNITY LEADERSHIP 10,False
1664,9,YED--0BX-L,PEER TUTORING 10 LINEAR,False
1665,9,MEFWR10---,EFP WRITING 10,False
1665,9,MFMP-10---,FOUNDATIONS OF MATH AND PRE-CALCULUS 10,False
1665,9,MFOOD10---,ADST ?  FOOD STUDIES 10,False
1665,9,MIDS-0C---,INDEPENDENT DIRECTED STUDIES 10C,False
1665,9,MMUCC10--L,CHORAL MUSIC: CONCERT CHOIR 10 Linear,False
1665,9,MPHED10B--,PHYSICAL AND HEALTH EDUCATION 10 Boys,False
1665,9,MSC--10---,SCIENCE 10,False
1665,9,MSS--10---,SOCIAL STUDIES 10,False
1665,9,MTEXP10---,ADST-Technology Explorations 10,False
1665,9,MTPOW10---,ADST ?  POWER TECHNOLOGY 10,False
1665,9,MVAPH10---,VISUAL ARTS: PHOTOGRAPHY 10,True
1665,9,MWWK-10---,ADST ?  WOODWORK 10,True
1666,9,MCMPS10C--,COMPOSITION 10 Challenge,False
1666,9,MDRM-10---,DRAMA 10,False
1666,9,MFMP-10C--,FOUNDATIONS OF MATH AND PRE-CALCULUS 10 CHALLENGE,False
1666,9,MFR--12---,FRENCH 12,True
1666,9,MMACS11---,COMPUTER SCIENCE 11,True
1666,9,MMEDD10---,ADST ? MEDIA DESIGN 10,True
1666,9,MMUGT10---,INSTRUMENTAL MUSIC: GUITAR 10,False
1666,9,MMUOR10S-L,INSTRUMENTAL MUSIC: ORCHESTRA 10 Strings LINEAR,False
1666,9,MPHED10---,PHYSICAL AND HEALTH EDUCATION 10,False
1666,9,MPREC11---,PRE-CALCULUS 11,False
1666,9,MSC--10C--,SCIENCE 10: CHALLENGE,False
1666,9,MSS--10C--,SOCIAL STUDIES 10 CHALLENGE,False
1666,9,YCPA-0AXE-,COMMUNITY LEADERSHIP 10,False
1667,9,MAC--11---,ACCOUNTING 11,True
1667,9,MCMPR11AI-,COMPUTER PROGRAMMING 11 AI and Games,True
1667,9,MCMPS10C--,COMPOSITION 10 Challenge,False
1667,9,MFMP-10C--,FOUNDATIONS OF MATH AND PRE-CALCULUS 10 CHALLENGE,False
1667,9,MFOOD10---,ADST ?  FOOD STUDIES 10,False
1667,9,MMACS11---,COMPUTER SCIENCE 11,False
1667,9,MPHED10B--,PHYSICAL AND HEALTH EDUCATION 10 Boys,False
1667,9,MSC--10C--,SCIENCE 10: CHALLENGE,False
1667,9,MSP--10---,SPANISH 10,False
1667,9,MSS--10C--,SOCIAL STUDIES 10 CHALLENGE,False
1667,9,YED--0BX-L,PEER TUTORING 10 LINEAR,False
1668,9,MAC--11---,ACCOUNTING 11,False
1668,9,MEFWR10---,EFP WRITING 10,False
1668,9,MFMP-10---,FOUNDATIONS OF MATH AND PRE-CALCULUS 10,False
1668,9,MFOOD10---,ADST ?  FOOD STUDIES 10,False
1668,9,MMACS11---,COMPUTER SCIENCE 11,True
1668,9,MMUGT10---,INSTRUMENTAL MUSIC: GUITAR 10,True
1668,9,MPHED10B--,PHYSICAL AND HEALTH EDUCATION 10 Boys,False
1668,9,MSC--10---,SCIENCE 10,False
1668,9,MSS--10---,SOCIAL STUDIES 10,False
1668,9,MWBDV10IT-,Information and Communications Technologies 10,False
1669,9,MCMPS10C--,COMPOSITION 10 Challenge,False
1669,9,MFMP-10C--,FOUNDATIONS OF MATH AND PRE-CALCULUS 10 CHALLENGE,False
1669,9,MSC--10C--,SCIENCE 10: CHALLENGE,False
1669,9,MSS--10C--,SOCIAL STUDIES 10 CHALLENGE,False
1669,9,MTEAR10---,ADST ?  ELECTRONICS AND ROBOTICS 10,False
1669,9,MTEXP10---,ADST-Technology Explorations 10,True
1669,9,MTPOW10---,ADST ?  POWER TECHNOLOGY 10,False
1669,9,MVAPH10---,VISUAL ARTS: PHOTOGRAPHY 10,False
1669,9,MWWK-10---,ADST ?  WOODWORK 10,True
1669,9,YHRA-0AX--,CROSS TRAINING 10,False
1670,9,MEFWR10---,EFP WRITING 10,False
1670,9,MFMP-10---,FOUNDATIONS OF MATH AND PRE-CALCULUS 10,False
1670,9,MLFSC11---,LIFE SCIENCES 11,False
1670,9,MMEDD10---,ADST ? MEDIA DESIGN 10,True
1670,9,MMUCB10--L,INSTRUMENTAL MUSIC: CONCERT BAND 10 Linear,False
1670,9,MPHED10--L,PHYSICAL AND HEALTH EDUCATION 10 LINEAR,False
1670,9,MSC--10---,SCIENCE 10,False
1670,9,MSP--10---,SPANISH 10,False
1670,9,MSS--10---,SOCIAL STUDIES 10,False
1670,9,MVAPH10---,VISUAL ARTS: PHOTOGRAPHY 10,True
1671,9,MCMPR11AI-,COMPUTER PROGRAMMING 11 AI and Games,True
1671,9,MEFWR10---,EFP WRITING 10,False
1671,9,MFMP-10---,FOUNDATIONS OF MATH AND PRE-CALCULUS 10,False
1671,9,MMUCB10--L,INSTRUMENTAL MUSIC: CONCERT BAND 10 Linear,False
1671,9,MMUJB10--L,INSTRUMENTAL MUSIC: JAZZ BAND 10 Linear,False
1671,9,MPHED10--L,PHYSICAL AND HEALTH EDUCATION 10 LINEAR,False
1671,9,MSC--10---,SCIENCE 10,False
1671,9,MSP--10---,SPANISH 10,False
1671,9,MSS--10---,SOCIAL STUDIES 10,False
1671,9,MTPOW10---,ADST ?  POWER TECHNOLOGY 10,False
1671,9,MWBDV10IT-,Information and Communications Technologies 10,True
1672,9,MADEM10---,ADST ? ENTREPRENEURSHIP AND MARKETING 10,True
1672,9,MCMPS10---,COMPOSITION 10,False
1672,9,MDRM-10---,DRAMA 10,False
1672,9,MSS--10---,SOCIAL STUDIES 10,False
1672,9,MTXT-10---,TEXTILES 10,False
1673,9,MEFWR10---,EFP WRITING 10,False
1673,9,MPHED10FB-,PHYSICAL AND HEALTH EDUCATION 10 Football,False
1673,9,MSC--10---,SCIENCE 10,False
1673,9,MSS--10---,SOCIAL STUDIES 10,False
1673,9,MTPOW10---,ADST ?  POWER TECHNOLOGY 10,False
1673,9,MVAPH10---,VISUAL ARTS: PHOTOGRAPHY 10,True
1673,9,MWPM-10---,WORKPLACE MATHEMATICS 10,False
1673,9,MWWK-10---,ADST ?  WOODWORK 10,False
1673,9,YHRA-0AX--,CROSS TRAINING 10,False
1673,9,YPA--0CX--,YOGA FOR MINDFULNESS 10,True
1674,9,MEFWR10---,EFP WRITING 10,False
1674,9,MFMP-10---,FOUNDATIONS OF MATH AND PRE-CALCULUS 10,False
1674,9,MMACS11---,COMPUTER SCIENCE 11,False
1674,9,MMEDD10---,ADST ? MEDIA DESIGN 10,True
1674,9,MMUGT10---,INSTRUMENTAL MUSIC: GUITAR 10,True
1674,9,MPHED10---,PHYSICAL AND HEALTH EDUCATION 10,False
1674,9,MSC--10---,SCIENCE 10,False
1674,9,MSS--10---,SOCIAL STUDIES 10,False
1674,9,MVAPH10---,VISUAL ARTS: PHOTOGRAPHY 10,False
1674,9,MWBDV10IT-,Information and Communications Technologies 10,False
1675,9,MBSP-11---,INTRODUCTORY SPANISH 11,True
1675,9,MEFWR10---,EFP WRITING 10,False
1675,9,MFMP-10H--,FOUNDATIONS OF MATH AND PRE-CALCULUS 10 HONOURS,False
1675,9,MFOOD10---,ADST ?  FOOD STUDIES 10,False
1675,9,MFR--09---,FRENCH 9,False
1675,9,MMAP-11---,MARKETING AND PROMOTION 11,False
1675,9,MPHED10G--,PHYSICAL AND HEALTH EDUCATION 10 Girls,False
1675,9,MSC--10---,SCIENCE 10,False
1675,9,MSS--10---,SOCIAL STUDIES 10,False
1675,9,MTXT-10---,TEXTILES 10,True
1676,9,MEFWR10---,EFP WRITING 10,False
1676,9,MFMP-10---,FOUNDATIONS OF MATH AND PRE-CALCULUS 10,False
1676,9,MFOOD10---,ADST ?  FOOD STUDIES 10,True
1676,9,MMUCB10--L,INSTRUMENTAL MUSIC: CONCERT BAND 10 Linear,False
1676,9,MMUJB10--L,INSTRUMENTAL MUSIC: JAZZ BAND 10 Linear,False
1676,9,MPHED10--L,PHYSICAL AND HEALTH EDUCATION 10 LINEAR,False
1676,9,MSC--10---,SCIENCE 10,False
1676,9,MSS--10---,SOCIAL STUDIES 10,False
1676,9,MTXT-10---,TEXTILES 10,False
1676,9,YED--0AX--,LEARNING STRATEGIES 10,False
1676,9,YPR--0BX--,OUTDOOR EDUCATION 10,True
1677,9,MEFWR10---,EFP WRITING 10,False
1677,9,MFMP-10---,FOUNDATIONS OF MATH AND PRE-CALCULUS 10,False
1677,9,MFOOD10---,ADST ?  FOOD STUDIES 10,False
1677,9,MFR--11---,FRENCH 11,True
1677,9,MPHED10B--,PHYSICAL AND HEALTH EDUCATION 10 Boys,False
1677,9,MSC--10---,SCIENCE 10,False
1677,9,MSS--10---,SOCIAL STUDIES 10,False
1677,9,MTEXP10---,ADST-Technology Explorations 10,False
1677,9,MTPOW10---,ADST ?  POWER TECHNOLOGY 10,False
1677,9,YPR--0BX--,OUTDOOR EDUCATION 10,True
1678,9,MCMPS10C--,COMPOSITION 10 Challenge,False
1678,9,MDCOM11C--,COMPUTER STUDIES 11,False
1678,9,MFMP-10C--,FOUNDATIONS OF MATH AND PRE-CALCULUS 10 CHALLENGE,False
1678,9,MFR--11---,FRENCH 11,True
1678,9,MMUCB10--L,INSTRUMENTAL MUSIC: CONCERT BAND 10 Linear,True
1678,9,MMUGT10---,INSTRUMENTAL MUSIC: GUITAR 10,False
1678,9,MPHED10---,PHYSICAL AND HEALTH EDUCATION 10,False
1678,9,MSC--10C--,SCIENCE 10: CHALLENGE,False
1678,9,MSS--10C--,SOCIAL STUDIES 10 CHALLENGE,False
1678,9,MWBDV10IT-,Information and Communications Technologies 10,False
1679,9,MCMPS10C--,COMPOSITION 10 Challenge,False
1679,9,MDMD-12D--,3D ANIMATION 12,False
1679,9,MFMP-10C--,FOUNDATIONS OF MATH AND PRE-CALCULUS 10 CHALLENGE,False
1679,9,MFR--10---,FRENCH 10,False
1679,9,MMACS11---,COMPUTER SCIENCE 11,False
1679,9,MPHED10---,PHYSICAL AND HEALTH EDUCATION 10,False
1679,9,MSC--10C--,SCIENCE 10: CHALLENGE,False
1679,9,MSS--10C--,SOCIAL STUDIES 10 CHALLENGE,False
1679,9,MTDRF10---,ADST ?  DRAFTING 10,True
1679,9,MTEXP10---,ADST-Technology Explorations 10,True
1680,9,MEFWR10---,EFP WRITING 10,False
1680,9,MFMP-10---,FOUNDATIONS OF MATH AND PRE-CALCULUS 10,False
1680,9,MFOOD10---,ADST ?  FOOD STUDIES 10,True
1680,9,MPHED10G--,PHYSICAL AND HEALTH EDUCATION 10 Girls,False
1680,9,MSC--10---,SCIENCE 10,False
1680,9,MSP--10---,SPANISH 10,False
1680,9,MSS--10---,SOCIAL STUDIES 10,False
1680,9,MTDRF10---,ADST ?  DRAFTING 10,False
1680,9,MTXT-10---,TEXTILES 10,True
1680,9,MVAPH10---,VISUAL ARTS: PHOTOGRAPHY 10,False
1680,9,YCPA-0AX-L,COMMUNITY LEADERSHIP 10 Linear,False
1681,9,MCMPS10C--,COMPOSITION 10 Challenge,False
1681,9,MFMP-10C--,FOUNDATIONS OF MATH AND PRE-CALCULUS 10 CHALLENGE,False
1681,9,MMEDD10---,ADST ? MEDIA DESIGN 10,False
1681,9,MPHED10---,PHYSICAL AND HEALTH EDUCATION 10,False
1681,9,MSC--10C--,SCIENCE 10: CHALLENGE,False
1681,9,MSS--10C--,SOCIAL STUDIES 10 CHALLENGE,False
1681,9,MTDRF10---,ADST ?  DRAFTING 10,False
1681,9,MVAPH10---,VISUAL ARTS: PHOTOGRAPHY 10,True
1681,9,MWWK-10---,ADST ?  WOODWORK 10,False
1682,9,MADEM10---,ADST ? ENTREPRENEURSHIP AND MARKETING 10,False
1682,9,MDNC-10--L,DANCE 10: CHOREOGRAPHY Linear,False
1682,9,MDNCM10--L,DANCE COMPANY 10 Linear,False
1682,9,MEFWR10---,EFP WRITING 10,False
1682,9,MFMP-10---,FOUNDATIONS OF MATH AND PRE-CALCULUS 10,False
1682,9,MIDS-0B---,INDEPENDENT DIRECTED STUDIES 10B,False
1682,9,MMEDD10---,ADST ? MEDIA DESIGN 10,True
1682,9,MPHED10G--,PHYSICAL AND HEALTH EDUCATION 10 Girls,False
1682,9,MSC--10---,SCIENCE 10,False
1682,9,MSS--10---,SOCIAL STUDIES 10,False
1682,9,MTXT-10---,TEXTILES 10,False
1682,9,MWBDV10IT-,Information and Communications Technologies 10,True
1683,9,MCMPS10---,COMPOSITION 10,False
1683,9,MFMP-10---,FOUNDATIONS OF MATH AND PRE-CALCULUS 10,False
1683,9,MFOOD10---,ADST ?  FOOD STUDIES 10,False
1683,9,MPHED10G--,PHYSICAL AND HEALTH EDUCATION 10 Girls,False
1683,9,MSC--10---,SCIENCE 10,False
1683,9,MSS--10---,SOCIAL STUDIES 10,False
1683,9,MVAPH10---,VISUAL ARTS: PHOTOGRAPHY 10,False
1683,9,MVAST10---,VISUAL ARTS: ART STUDIO 10,False
1684,9,MCMPS10---,COMPOSITION 10,False
1684,9,MFMP-10---,FOUNDATIONS OF MATH AND PRE-CALCULUS 10,False
1684,9,MFR--10---,FRENCH 10,True
1684,9,MPHED10B--,PHYSICAL AND HEALTH EDUCATION 10 Boys,False
1684,9,MSC--10---,SCIENCE 10,False
1684,9,MSS--10---,SOCIAL STUDIES 10,False
1684,9,MTPOW10---,ADST ?  POWER TECHNOLOGY 10,False
1684,9,MVAPH10---,VISUAL ARTS: PHOTOGRAPHY 10,True
1684,9,MWWK-10---,ADST ?  WOODWORK 10,False
1684,9,YED--0BX-L,PEER TUTORING 10 LINEAR,False
1684,9,YPR--0BX--,OUTDOOR EDUCATION 10,False
1685,9,MADEM10---,ADST ? ENTREPRENEURSHIP AND MARKETING 10,True
1685,9,MCMPS10---,COMPOSITION 10,False
1685,9,MFOOD10---,ADST ?  FOOD STUDIES 10,False
1685,9,MMEDD10---,ADST ? MEDIA DESIGN 10,False
1685,9,MPHED10FB-,PHYSICAL AND HEALTH EDUCATION 10 Football,False
1685,9,MSC--10---,SCIENCE 10,False
1685,9,MSS--10---,SOCIAL STUDIES 10,False
1685,9,MTEXP10---,ADST-Technology Explorations 10,True
1685,9,MVAPH10---,VISUAL ARTS: PHOTOGRAPHY 10,True
1685,9,MWPM-11---,WORKPLACE MATHEMATICS 11,False
1685,9,YHRA-0AX--,CROSS TRAINING 10,False
1686,9,MCMPS10C--,COMPOSITION 10 Challenge,False
1686,9,MDMD-12D--,3D ANIMATION 12,True
1686,9,MDRM-10---,DRAMA 10,False
1686,9,MFMP-10C--,FOUNDATIONS OF MATH AND PRE-CALCULUS 10 CHALLENGE,False
1686,9,MFR--11---,FRENCH 11,True
1686,9,MMEDD10---,ADST ? MEDIA DESIGN 10,False
1686,9,MPHED10---,PHYSICAL AND HEALTH EDUCATION 10,False
1686,9,MSC--10C--,SCIENCE 10: CHALLENGE,False
1686,9,MSS--10C--,SOCIAL STUDIES 10 CHALLENGE,False
1686,9,MTXT-10---,TEXTILES 10,False
1687,9,MEFWR10---,EFP WRITING 10,False
1687,9,MFMP-10---,FOUNDATIONS OF MATH AND PRE-CALCULUS 10,False
1687,9,MFOOD10---,ADST ?  FOOD STUDIES 10,False
1687,9,MPHED10FB-,PHYSICAL AND HEALTH EDUCATION 10 Football,False
1687,9,MSC--10---,SCIENCE 10,False
1687,9,MSP--09---,SPANISH 9,True
1687,9,MSS--10---,SOCIAL STUDIES 10,False
1687,9,MTPOW10---,ADST ?  POWER TECHNOLOGY 10,False
1687,9,MWWK-10---,ADST ?  WOODWORK 10,True
1687,9,YHRA-0AX--,CROSS TRAINING 10,False
1688,9,MCMPS10C--,COMPOSITION 10 Challenge,False
1688,9,MDMD-12D--,3D ANIMATION 12,True
1688,9,MFMP-10C--,FOUNDATIONS OF MATH AND PRE-CALCULUS 10 CHALLENGE,False
1688,9,MMACS11---,COMPUTER SCIENCE 11,False
1688,9,MMUCB10--L,INSTRUMENTAL MUSIC: CONCERT BAND 10 Linear,False
1688,9,MPHED10--L,PHYSICAL AND HEALTH EDUCATION 10 LINEAR,False
1688,9,MSC--10C--,SCIENCE 10: CHALLENGE,False
1688,9,MSS--10C--,SOCIAL STUDIES 10 CHALLENGE,False
1688,9,MTDRF10---,ADST ?  DRAFTING 10,True
1688,9,MTEXP10---,ADST-Technology Explorations 10,False
1689,9,MADEM10---,ADST ? ENTREPRENEURSHIP AND MARKETING 10,True
1689,9,MEFWR10---,EFP WRITING 10,False
1689,9,MFMP-10---,FOUNDATIONS OF MATH AND PRE-CALCULUS 10,False
1689,9,MMACS11---,COMPUTER SCIENCE 11,False
1689,9,MMUGT10---,INSTRUMENTAL MUSIC: GUITAR 10,False
1689,9,MPHED10B--,PHYSICAL AND HEALTH EDUCATION 10 Boys,False
1689,9,MSC--10---,SCIENCE 10,False
1689,9,MSS--10---,SOCIAL STUDIES 10,False
1689,9,MTEAR10---,ADST ?  ELECTRONICS AND ROBOTICS 10,True
1689,9,MTEXP10---,ADST-Technology Explorations 10,False
1690,9,MCMPS10---,COMPOSITION 10,False
1690,9,MDRM-10---,DRAMA 10,True
1690,9,MFOOD10---,ADST ?  FOOD STUDIES 10,False
1690,9,MMEDD10---,ADST ? MEDIA DESIGN 10,False
1690,9,MPHED10B--,PHYSICAL AND HEALTH EDUCATION 10 Boys,False
1690,9,MSC--10---,SCIENCE 10,False
1690,9,MSS--10---,SOCIAL STUDIES 10,False
1690,9,MTEXP10---,ADST-Technology Explorations 10,True
1690,9,MVAPH10---,VISUAL ARTS: PHOTOGRAPHY 10,False
1690,9,MWPM-10---,WORKPLACE MATHEMATICS 10,False
1691,9,MADEM10---,ADST ? ENTREPRENEURSHIP AND MARKETING 10,True
1691,9,MCMPS10---,COMPOSITION 10,False
1691,9,MDCF-10---,DANCE FOUNDATIONS 10,False
1691,9,MFMP-10---,FOUNDATIONS OF MATH AND PRE-CALCULUS 10,False
1691,9,MFOOD10---,ADST ?  FOOD STUDIES 10,False
1691,9,MFR--10---,FRENCH 10,False
1691,9,MMUGT10---,INSTRUMENTAL MUSIC: GUITAR 10,True
1691,9,MPHED10G--,PHYSICAL AND HEALTH EDUCATION 10 Girls,False
1691,9,MSC--10---,SCIENCE 10,False
1691,9,MSS--10---,SOCIAL STUDIES 10,False
1692,9,MCMPS10---,COMPOSITION 10,False
1692,9,MFMP-10---,FOUNDATIONS OF MATH AND PRE-CALCULUS 10,False
1692,9,MMEDD10---,ADST ? MEDIA DESIGN 10,False
1692,9,MPHED10B--,PHYSICAL AND HEALTH EDUCATION 10 Boys,False
1692,9,MSC--10---,SCIENCE 10,False
1692,9,MSP--10---,SPANISH 10,False
1692,9,MSS--10---,SOCIAL STUDIES 10,False
1692,9,MTPOW10---,ADST ?  POWER TECHNOLOGY 10,True
1692,9,MVAPH10---,VISUAL ARTS: PHOTOGRAPHY 10,True
1692,9,MWWK-10---,ADST ?  WOODWORK 10,False
1693,9,MEFWR10---,EFP WRITING 10,False
1693,9,MFMP-10---,FOUNDATIONS OF MATH AND PRE-CALCULUS 10,False
1693,9,MFOOD10---,ADST ?  FOOD STUDIES 10,True
1693,9,MPHED10G--,PHYSICAL AND HEALTH EDUCATION 10 Girls,False
1693,9,MSC--09---,SCIENCE 9,False
1693,9,MSC--10---,SCIENCE 10,False
1693,9,MSS--10---,SOCIAL STUDIES 10,False
1693,9,MTDRF10---,ADST ?  DRAFTING 10,False
1693,9,MTXT-10---,TEXTILES 10,False
1693,9,MVAST10---,VISUAL ARTS: ART STUDIO 10,True
1694,9,MEFWR10---,EFP WRITING 10,False
1694,9,MFMP-10---,FOUNDATIONS OF MATH AND PRE-CALCULUS 10,False
1694,9,MFOOD10---,ADST ?  FOOD STUDIES 10,True
1694,9,MMUCC10--L,CHORAL MUSIC: CONCERT CHOIR 10 Linear,False
1694,9,MMUGT10---,INSTRUMENTAL MUSIC: GUITAR 10,False
1694,9,MPHED10G--,PHYSICAL AND HEALTH EDUCATION 10 Girls,False
1694,9,MSC--10---,SCIENCE 10,False
1694,9,MSS--10---,SOCIAL STUDIES 10,False
1694,9,MVAPH10---,VISUAL ARTS: PHOTOGRAPHY 10,False
1694,9,MVAST10---,VISUAL ARTS: ART STUDIO 10,True
1694,9,YPA--0CX--,YOGA FOR MINDFULNESS 10,False
1695,9,MDCF-10---,DANCE FOUNDATIONS 10,False
1695,9,MDNC-10--L,DANCE 10: CHOREOGRAPHY Linear,False
1695,9,MDNCM10--L,DANCE COMPANY 10 Linear,False
1695,9,MDRM-10---,DRAMA 10,True
1695,9,MEFWR10---,EFP WRITING 10,False
1695,9,MFMP-10---,FOUNDATIONS OF MATH AND PRE-CALCULUS 10,False
1695,9,MFOOD10---,ADST ?  FOOD STUDIES 10,False
1695,9,MIDS-0B---,INDEPENDENT DIRECTED STUDIES 10B,False
1695,9,MPHED10---,PHYSICAL AND HEALTH EDUCATION 10,False
1695,9,MSC--10---,SCIENCE 10,False
1695,9,MSS--10---,SOCIAL STUDIES 10,False
1695,9,MTXT-10---,TEXTILES 10,True
1695,9,YLRA-0AX-L,ATHLETIC LEADERSHIP 10 U16,False
1696,9,MAC--11---,ACCOUNTING 11,False
1696,9,MCMPS10---,COMPOSITION 10,False
1696,9,MFMP-10---,FOUNDATIONS OF MATH AND PRE-CALCULUS 10,False
1696,9,MFOOD10---,ADST ?  FOOD STUDIES 10,False
1696,9,MPHED10B--,PHYSICAL AND HEALTH EDUCATION 10 Boys,False
1696,9,MSC--10---,SCIENCE 10,False
1696,9,MSS--10---,SOCIAL STUDIES 10,False
1696,9,MTPOW10---,ADST ?  POWER TECHNOLOGY 10,False
1696,9,MVAST10---,VISUAL ARTS: ART STUDIO 10,True
1696,9,MWWK-10---,ADST ?  WOODWORK 10,True
1697,9,MCMPS10---,COMPOSITION 10,False
1697,9,MFMP-10---,FOUNDATIONS OF MATH AND PRE-CALCULUS 10,False
1697,9,MPHED10G--,PHYSICAL AND HEALTH EDUCATION 10 Girls,False
1697,9,MSC--10---,SCIENCE 10,False
1697,9,MSS--10---,SOCIAL STUDIES 10,False
1697,9,MVAPH10---,VISUAL ARTS: PHOTOGRAPHY 10,False
1697,9,MVAST10---,VISUAL ARTS: ART STUDIO 10,True
1697,9,YCPA-0AX-L,COMMUNITY LEADERSHIP 10 Linear,False
1697,9,YPA--0CX--,YOGA FOR MINDFULNESS 10,False
1697,9,YPR--0BX--,OUTDOOR EDUCATION 10,False
1698,9,MAC--11---,ACCOUNTING 11,False
1698,9,MBSP-11---,INTRODUCTORY SPANISH 11,False
1698,9,MFOOD10---,ADST ?  FOOD STUDIES 10,True
1698,9,MMAP-11---,MARKETING AND PROMOTION 11,False
1698,9,MPH--11---,PHYSICS 11,False
1698,9,MPREC11---,PRE-CALCULUS 11,False
1698,9,MSC--10---,SCIENCE 10,False
1698,9,MSP--10---,SPANISH 10,True
1699,9,MDRM-10---,DRAMA 10,False
1699,9,MEFWR10---,EFP WRITING 10,False
1699,9,MFMP-10---,FOUNDATIONS OF MATH AND PRE-CALCULUS 10,False
1699,9,MFOOD10---,ADST ?  FOOD STUDIES 10,False
1699,9,MPHED10B--,PHYSICAL AND HEALTH EDUCATION 10 Boys,False
1699,9,MSC--10---,SCIENCE 10,False
1699,9,MSS--10---,SOCIAL STUDIES 10,False
1699,9,MTEAR10---,ADST ?  ELECTRONICS AND ROBOTICS 10,True
1699,9,MWBDV10IT-,Information and Communications Technologies 10,False
1699,9,YPR--0BX--,OUTDOOR EDUCATION 10,True
1700,9,MCMPS10---,COMPOSITION 10,False
1700,9,MFMP-10---,FOUNDATIONS OF MATH AND PRE-CALCULUS 10,False
1700,9,MSC--10---,SCIENCE 10,False
1700,9,MSS--10---,SOCIAL STUDIES 10,False
1701,9,MEFWR10---,EFP WRITING 10,False
1701,9,MFMP-10---,FOUNDATIONS OF MATH AND PRE-CALCULUS 10,False
1701,9,MFOOD10---,ADST ?  FOOD STUDIES 10,False
1701,9,MFR--10---,FRENCH 10,False
1701,9,MPHED10B--,PHYSICAL AND HEALTH EDUCATION 10 Boys,False
1701,9,MSC--10---,SCIENCE 10,False
1701,9,MSS--10---,SOCIAL STUDIES 10,False
1701,9,MTPOW10---,ADST ?  POWER TECHNOLOGY 10,False
1701,9,MVAPH10---,VISUAL ARTS: PHOTOGRAPHY 10,True
1701,9,YPA--0CX--,YOGA FOR MINDFULNESS 10,True
1702,9,MCMPR11AI-,COMPUTER PROGRAMMING 11 AI and Games,False
1702,9,MCMPS10C--,COMPOSITION 10 Challenge,False
1702,9,MFMP-10C--,FOUNDATIONS OF MATH AND PRE-CALCULUS 10 CHALLENGE,False
1702,9,MIDS-0C---,INDEPENDENT DIRECTED STUDIES 10C,False
1702,9,MMACS11---,COMPUTER SCIENCE 11,False
1702,9,MPHED10---,PHYSICAL AND HEALTH EDUCATION 10,False
1702,9,MSC--10C--,SCIENCE 10: CHALLENGE,False
1702,9,MSS--10C--,SOCIAL STUDIES 10 CHALLENGE,False
1702,9,MTDRF10---,ADST ?  DRAFTING 10,True
1702,9,MTEAR10--L,ADST ?  ELECTRONICS AND ROBOTICS 10 Linear,False
1702,9,MTEXP10---,ADST-Technology Explorations 10,False
1703,9,MCMPS10---,COMPOSITION 10,False
1703,9,MFOOD10---,ADST ?  FOOD STUDIES 10,False
1703,9,MPHED10FB-,PHYSICAL AND HEALTH EDUCATION 10 Football,False
1703,9,MSC--10---,SCIENCE 10,False
1703,9,MSP--10---,SPANISH 10,True
1703,9,MSS--10---,SOCIAL STUDIES 10,False
1703,9,MTPOW10---,ADST ?  POWER TECHNOLOGY 10,False
1703,9,MWPM-10---,WORKPLACE MATHEMATICS 10,False
1703,9,YHRA-0AX--,CROSS TRAINING 10,False
1703,9,YPA--0CX--,YOGA FOR MINDFULNESS 10,True
1704,9,MCMPR11AI-,COMPUTER PROGRAMMING 11 AI and Games,False
1704,9,MEFWR10---,EFP WRITING 10,False
1704,9,MFMP-10H--,FOUNDATIONS OF MATH AND PRE-CALCULUS 10 HONOURS,False
1704,9,MFOOD10---,ADST ?  FOOD STUDIES 10,False
1704,9,MFR--12---,FRENCH 12,False
1704,9,MSC--10---,SCIENCE 10,False
1704,9,MSS--10---,SOCIAL STUDIES 10,False
1704,9,MTPOW10---,ADST ?  POWER TECHNOLOGY 10,False
1704,9,MTXT-10---,TEXTILES 10,True
1704,9,YLRA-0AX-L,ATHLETIC LEADERSHIP 10 U16,False
1705,9,MCMPS10C--,COMPOSITION 10 Challenge,False
1705,9,MFMP-10C--,FOUNDATIONS OF MATH AND PRE-CALCULUS 10 CHALLENGE,False
1705,9,MMACS11---,COMPUTER SCIENCE 11,False
1705,9,MMEDD10---,ADST ? MEDIA DESIGN 10,True
1705,9,MPHED10G--,PHYSICAL AND HEALTH EDUCATION 10 Girls,False
1705,9,MSC--10C--,SCIENCE 10: CHALLENGE,False
1705,9,MSP--10---,SPANISH 10,False
1705,9,MSS--10C--,SOCIAL STUDIES 10 CHALLENGE,False
1705,9,MTEXP10---,ADST-Technology Explorations 10,False
1705,9,MVAST10---,VISUAL ARTS: ART STUDIO 10,True
1705,9,YED--0BX-L,PEER TUTORING 10 LINEAR,False
1705,9,YLRA-0AX-L,ATHLETIC LEADERSHIP 10 U16,False
1706,9,MDRM-10---,DRAMA 10,True
1706,9,MEFWR10---,EFP WRITING 10,False
1706,9,MFMP-10H--,FOUNDATIONS OF MATH AND PRE-CALCULUS 10 HONOURS,False
1706,9,MFR--12---,FRENCH 12,False
1706,9,MMEDD10---,ADST ? MEDIA DESIGN 10,False
1706,9,MPHED10G--,PHYSICAL AND HEALTH EDUCATION 10 Girls,False
1706,9,MSC--10---,SCIENCE 10,False
1706,9,MSS--10---,SOCIAL STUDIES 10,False
1706,9,MTEXP10---,ADST-Technology Explorations 10,True
1706,9,MTPOW10---,ADST ?  POWER TECHNOLOGY 10,False
1707,9,MBSP-11---,INTRODUCTORY SPANISH 11,True
1707,9,MEFWR10---,EFP WRITING 10,False
1707,9,MFMP-10---,FOUNDATIONS OF MATH AND PRE-CALCULUS 10,False
1707,9,MFOOD10---,ADST ?  FOOD STUDIES 10,False
1707,9,MMEDD10---,ADST ? MEDIA DESIGN 10,True
1707,9,MPHED10---,PHYSICAL AND HEALTH EDUCATION 10,False
1707,9,MSC--10---,SCIENCE 10,False
1707,9,MSS--10---,SOCIAL STUDIES 10,False
1707,9,MTXT-10---,TEXTILES 10,False
1707,9,MWPM-10---,WORKPLACE MATHEMATICS 10,False
1707,9,YPA--0CX--,YOGA FOR MINDFULNESS 10,True
1708,9,MCMPS10C--,COMPOSITION 10 Challenge,False
1708,9,MDMD-12D--,3D ANIMATION 12,False
1708,9,MFMP-10C--,FOUNDATIONS OF MATH AND PRE-CALCULUS 10 CHALLENGE,False
1708,9,MPHED10---,PHYSICAL AND HEALTH EDUCATION 10,False
1708,9,MPREC11---,PRE-CALCULUS 11,False
1708,9,MSC--10C--,SCIENCE 10: CHALLENGE,False
1708,9,MSS--10C--,SOCIAL STUDIES 10 CHALLENGE,False
1708,9,MTEXP10---,ADST-Technology Explorations 10,True
1708,9,MWBDV10IT-,Information and Communications Technologies 10,False
1708,9,YCPA-0AX-L,COMMUNITY LEADERSHIP 10 Linear,False
1709,9,MAC--11---,ACCOUNTING 11,True
1709,9,MDNC-10--L,DANCE 10: CHOREOGRAPHY Linear,False
1709,9,MDNCM10--L,DANCE COMPANY 10 Linear,False
1709,9,MDNTP10---,DANCE TECHNIQUE AND PERFORMANCE 10,False
1709,9,MFMP-10H--,FOUNDATIONS OF MATH AND PRE-CALCULUS 10 HONOURS,False
1709,9,MFOOD10---,ADST ?  FOOD STUDIES 10,True
1709,9,MFR--10---,FRENCH 10,False
1709,9,MPHED10G--,PHYSICAL AND HEALTH EDUCATION 10 Girls,False
1709,9,MSC--10---,SCIENCE 10,False
1709,9,MSS--10---,SOCIAL STUDIES 10,False
1709,9,MTDRF10---,ADST ?  DRAFTING 10,False
1709,9,MTEAR10---,ADST ?  ELECTRONICS AND ROBOTICS 10,True
1709,9,MWBDV10IT-,Information and Communications Technologies 10,False
1709,9,YLRA-0AX-L,ATHLETIC LEADERSHIP 10 U16,False
1710,9,MEFWR10---,EFP WRITING 10,False
1710,9,MFMP-10---,FOUNDATIONS OF MATH AND PRE-CALCULUS 10,False
1710,9,MMA--09---,MATHEMATICS 9,False
1710,9,MMEDD10---,ADST ? MEDIA DESIGN 10,True
1710,9,MMUCB10--L,INSTRUMENTAL MUSIC: CONCERT BAND 10 Linear,False
1710,9,MPHED10--L,PHYSICAL AND HEALTH EDUCATION 10 LINEAR,False
1710,9,MSC--10---,SCIENCE 10,False
1710,9,MSS--10---,SOCIAL STUDIES 10,False
1710,9,MTEXP10---,ADST-Technology Explorations 10,False
1710,9,MVAST10---,VISUAL ARTS: ART STUDIO 10,True
1710,9,MWWK-10---,ADST ?  WOODWORK 10,True
1711,9,MDRM-10---,DRAMA 10,True
1711,9,MEFWR10---,EFP WRITING 10,False
1711,9,MFMP-10---,FOUNDATIONS OF MATH AND PRE-CALCULUS 10,False
1711,9,MFOOD10---,ADST ?  FOOD STUDIES 10,False
1711,9,MPHED10G--,PHYSICAL AND HEALTH EDUCATION 10 Girls,False
1711,9,MSC--10---,SCIENCE 10,False
1711,9,MSS--10---,SOCIAL STUDIES 10,False
1711,9,MVAPH10---,VISUAL ARTS: PHOTOGRAPHY 10,True
1711,9,MVAST10---,VISUAL ARTS: ART STUDIO 10,False
1711,9,YED--0AX--,LEARNING STRATEGIES 10,False
1712,9,MCMPR11AI-,COMPUTER PROGRAMMING 11 AI and Games,True
1712,9,MEFWR10---,EFP WRITING 10,False
1712,9,MFMP-10---,FOUNDATIONS OF MATH AND PRE-CALCULUS 10,False
1712,9,MFOOD10---,ADST ?  FOOD STUDIES 10,False
1712,9,MPHED10B--,PHYSICAL AND HEALTH EDUCATION 10 Boys,False
1712,9,MSC--10---,SCIENCE 10,False
1712,9,MSS--10---,SOCIAL STUDIES 10,False
1712,9,MVAST10---,VISUAL ARTS: ART STUDIO 10,False
1712,9,YPR--0BX--,OUTDOOR EDUCATION 10,False
1713,9,MADEM10---,ADST ? ENTREPRENEURSHIP AND MARKETING 10,True
1713,9,MCMPS10---,COMPOSITION 10,False
1713,9,MDCF-10---,DANCE FOUNDATIONS 10,True
1713,9,MDRM-10---,DRAMA 10,False
1713,9,MSP--10---,SPANISH 10,False
1713,9,MTXT-10---,TEXTILES 10,False
1714,9,MEFWR10---,EFP WRITING 10,False
1714,9,MFMP-10---,FOUNDATIONS OF MATH AND PRE-CALCULUS 10,False
1714,9,MFOOD10---,ADST ?  FOOD STUDIES 10,False
1714,9,MFR--12---,FRENCH 12,False
1714,9,MMUGT10---,INSTRUMENTAL MUSIC: GUITAR 10,True
1714,9,MPHED10G--,PHYSICAL AND HEALTH EDUCATION 10 Girls,False
1714,9,MSC--10---,SCIENCE 10,False
1714,9,MSS--10---,SOCIAL STUDIES 10,False
1714,9,MTPOW10---,ADST ?  POWER TECHNOLOGY 10,False
1715,9,MEFWR10---,EFP WRITING 10,False
1715,9,MFOOD10---,ADST ?  FOOD STUDIES 10,True
1715,9,MIDS-0B---,INDEPENDENT DIRECTED STUDIES 10B,True
1715,9,MPHED10G--,PHYSICAL AND HEALTH EDUCATION 10 Girls,False
1715,9,MSC--09---,SCIENCE 9,False
1715,9,MSC--10---,SCIENCE 10,False
1715,9,MSS--10---,SOCIAL STUDIES 10,False
1715,9,MTXT-10---,TEXTILES 10,False
1715,9,MWPM-10---,WORKPLACE MATHEMATICS 10,False
1715,9,MWWK-10---,ADST ?  WOODWORK 10,True
1715,9,YED--0AX--,LEARNING STRATEGIES 10,False
1716,9,MCMPR11AI-,COMPUTER PROGRAMMING 11 AI and Games,True
1716,9,MCMPS10---,COMPOSITION 10,False
1716,9,MFMP-10---,FOUNDATIONS OF MATH AND PRE-CALCULUS 10,False
1716,9,MFOOD10---,ADST ?  FOOD STUDIES 10,False
1716,9,MPHED10---,PHYSICAL AND HEALTH EDUCATION 10,False
1716,9,MSC--10---,SCIENCE 10,False
1716,9,MSS--10---,SOCIAL STUDIES 10,False
1716,9,MTEXP10---,ADST-Technology Explorations 10,True
1716,9,YESFL0AX--,BEGINNERS ELL 10,False
1716,9,YPR--0BX--,OUTDOOR EDUCATION 10,False
1717,9,MDRM-10---,DRAMA 10,False
1717,9,MEFWR10---,EFP WRITING 10,False
1717,9,MFMP-10---,FOUNDATIONS OF MATH AND PRE-CALCULUS 10,False
1717,9,MFR--10---,FRENCH 10,True
1717,9,MIDS-0C---,INDEPENDENT DIRECTED STUDIES 10C,False
1717,9,MPHED10---,PHYSICAL AND HEALTH EDUCATION 10,False
1717,9,MSC--10---,SCIENCE 10,False
1717,9,MSS--10---,SOCIAL STUDIES 10,False
1717,9,MTEXP10---,ADST-Technology Explorations 10,False
1717,9,MVAPH10---,VISUAL ARTS: PHOTOGRAPHY 10,True
1717,9,MWBDV10IT-,Information and Communications Technologies 10,False
1718,9,MCMPR11AI-,COMPUTER PROGRAMMING 11 AI and Games,True
1718,9,MEFWR10---,EFP WRITING 10,False
1718,9,MFMP-10---,FOUNDATIONS OF MATH AND PRE-CALCULUS 10,False
1718,9,MFOOD10---,ADST ?  FOOD STUDIES 10,False
1718,9,MPHED10B--,PHYSICAL AND HEALTH EDUCATION 10 Boys,False
1718,9,MSC--10---,SCIENCE 10,False
1718,9,MSS--10---,SOCIAL STUDIES 10,False
1718,9,MTEXP10---,ADST-Technology Explorations 10,False
1718,9,YPR--0BX--,OUTDOOR EDUCATION 10,False
1719,9,MAC--11---,ACCOUNTING 11,False
1719,9,MEFWR10---,EFP WRITING 10,False
1719,9,MFMP-10---,FOUNDATIONS OF MATH AND PRE-CALCULUS 10,False
1719,9,MFOOD10---,ADST ?  FOOD STUDIES 10,False
1719,9,MFR--10---,FRENCH 10,True
1719,9,MPHED10G--,PHYSICAL AND HEALTH EDUCATION 10 Girls,False
1719,9,MSC--10---,SCIENCE 10,False
1719,9,MSS--10---,SOCIAL STUDIES 10,False
1719,9,MTXT-10---,TEXTILES 10,True
1719,9,MVAPH10---,VISUAL ARTS: PHOTOGRAPHY 10,False
1719,9,YLRA-0AX-L,ATHLETIC LEADERSHIP 10 U16,False
1720,9,MCMPR11AI-,COMPUTER PROGRAMMING 11 AI and Games,False
1720,9,MCMPS10C--,COMPOSITION 10 Challenge,False
1720,9,MDNC-10--L,DANCE 10: CHOREOGRAPHY Linear,False
1720,9,MDNCM10--L,DANCE COMPANY 10 Linear,False
1720,9,MDNTP10---,DANCE TECHNIQUE AND PERFORMANCE 10,False
1720,9,MFMP-10C--,FOUNDATIONS OF MATH AND PRE-CALCULUS 10 CHALLENGE,False
1720,9,MMUCB10--L,INSTRUMENTAL MUSIC: CONCERT BAND 10 Linear,False
1720,9,MMUOR10S-L,INSTRUMENTAL MUSIC: ORCHESTRA 10 Strings LINEAR,False
1720,9,MPHED10--L,PHYSICAL AND HEALTH EDUCATION 10 LINEAR,False
1720,9,MSC--10C--,SCIENCE 10: CHALLENGE,False
1720,9,MSS--10C--,SOCIAL STUDIES 10 CHALLENGE,False
1720,9,MWWK-10---,ADST ?  WOODWORK 10,True
1720,9,YED--0BX-L,PEER TUTORING 10 LINEAR,False
1721,9,MDRM-10---,DRAMA 10,False
1721,9,MEFWR10---,EFP WRITING 10,False
1721,9,MFMP-10---,FOUNDATIONS OF MATH AND PRE-CALCULUS 10,False
1721,9,MFOOD10---,ADST ?  FOOD STUDIES 10,False
1721,9,MPHED10B--,PHYSICAL AND HEALTH EDUCATION 10 Boys,False
1721,9,MSC--10---,SCIENCE 10,False
1721,9,MSS--10---,SOCIAL STUDIES 10,False
1721,9,MTEXP10---,ADST-Technology Explorations 10,False
1721,9,MTPOW10---,ADST ?  POWER TECHNOLOGY 10,True
1721,9,MTXT-10---,TEXTILES 10,True
1722,9,MEFWR10---,EFP WRITING 10,False
1722,9,MFMP-10---,FOUNDATIONS OF MATH AND PRE-CALCULUS 10,False
1722,9,MIDS-0C---,INDEPENDENT DIRECTED STUDIES 10C,False
1722,9,MMUCB10--L,INSTRUMENTAL MUSIC: CONCERT BAND 10 Linear,False
1722,9,MMUGT10---,INSTRUMENTAL MUSIC: GUITAR 10,True
1722,9,MPHED10--L,PHYSICAL AND HEALTH EDUCATION 10 LINEAR,False
1722,9,MSC--10---,SCIENCE 10,False
1722,9,MSS--10---,SOCIAL STUDIES 10,False
1722,9,MTXT-10---,TEXTILES 10,False
1722,9,MVAPH10---,VISUAL ARTS: PHOTOGRAPHY 10,True
1722,9,MVAST10---,VISUAL ARTS: ART STUDIO 10,False
1723,9,MAC--11---,ACCOUNTING 11,True
1723,9,MADEM10---,ADST ? ENTREPRENEURSHIP AND MARKETING 10,True
1723,9,MDNC-10--L,DANCE 10: CHOREOGRAPHY Linear,False
1723,9,MDNCM10--L,DANCE COMPANY 10 Linear,False
1723,9,MEFWR10---,EFP WRITING 10,False
1723,9,MFMP-10H--,FOUNDATIONS OF MATH AND PRE-CALCULUS 10 HONOURS,False
1723,9,MIDS-0C---,INDEPENDENT DIRECTED STUDIES 10C,False
1723,9,MMEDD10---,ADST ? MEDIA DESIGN 10,False
1723,9,MMUCB10--L,INSTRUMENTAL MUSIC: CONCERT BAND 10 Linear,False
1723,9,MMUCC10--L,CHORAL MUSIC: CONCERT CHOIR 10 Linear,False
1723,9,MMUJB10--L,INSTRUMENTAL MUSIC: JAZZ BAND 10 Linear,False
1723,9,MPHED10--L,PHYSICAL AND HEALTH EDUCATION 10 LINEAR,False
1723,9,MSC--10---,SCIENCE 10,False
1723,9,MSS--10---,SOCIAL STUDIES 10,False
1723,9,MTDRF10---,ADST ?  DRAFTING 10,False
1723,9,YCPA-0AXE-,COMMUNITY LEADERSHIP 10,False
1724,9,MEFWR10---,EFP WRITING 10,False
1724,9,MFMP-10---,FOUNDATIONS OF MATH AND PRE-CALCULUS 10,False
1724,9,MFOOD10---,ADST ?  FOOD STUDIES 10,True
1724,9,MFR--10---,FRENCH 10,False
1724,9,MMEDD10---,ADST ? MEDIA DESIGN 10,False
1724,9,MMUCB10--L,INSTRUMENTAL MUSIC: CONCERT BAND 10 Linear,False
1724,9,MPHED10--L,PHYSICAL AND HEALTH EDUCATION 10 LINEAR,False
1724,9,MSC--10---,SCIENCE 10,False
1724,9,MSS--10---,SOCIAL STUDIES 10,False
1725,9,MACLV11G--,ACTIVE LIVING 11 Girls,False
1725,9,MADEM10---,ADST ? ENTREPRENEURSHIP AND MARKETING 10,False
1725,9,MCMPS10---,COMPOSITION 10,False
1725,9,MFMP-10---,FOUNDATIONS OF MATH AND PRE-CALCULUS 10,False
1725,9,MFOOD10---,ADST ?  FOOD STUDIES 10,False
1725,9,MMEDD10---,ADST ? MEDIA DESIGN 10,True
1725,9,MMUGT10---,INSTRUMENTAL MUSIC: GUITAR 10,True
1725,9,MSC--10---,SCIENCE 10,False
1725,9,MSS--10---,SOCIAL STUDIES 10,False
1725,9,MVAST10---,VISUAL ARTS: ART STUDIO 10,False
1726,9,MCMPR11AI-,COMPUTER PROGRAMMING 11 AI and Games,True
1726,9,MEFWR10---,EFP WRITING 10,False
1726,9,MFMP-10---,FOUNDATIONS OF MATH AND PRE-CALCULUS 10,False
1726,9,MFR--09---,FRENCH 9,False
1726,9,MMA--09---,MATHEMATICS 9,False
1726,9,MMACS11---,COMPUTER SCIENCE 11,True
1726,9,MPHED10---,PHYSICAL AND HEALTH EDUCATION 10,False
1726,9,MSC--10---,SCIENCE 10,False
1726,9,MSP--10---,SPANISH 10,False
1726,9,MSS--10---,SOCIAL STUDIES 10,False
1727,9,MAC--11---,ACCOUNTING 11,False
1727,9,MCMPR11AI-,COMPUTER PROGRAMMING 11 AI and Games,False
1727,9,MCMPS10C--,COMPOSITION 10 Challenge,False
1727,9,MFMP-10C--,FOUNDATIONS OF MATH AND PRE-CALCULUS 10 CHALLENGE,False
1727,9,MFOOD10---,ADST ?  FOOD STUDIES 10,True
1727,9,MMACS11---,COMPUTER SCIENCE 11,False
1727,9,MPHED10G--,PHYSICAL AND HEALTH EDUCATION 10 Girls,False
1727,9,MSC--10C--,SCIENCE 10: CHALLENGE,False
1727,9,MSS--10C--,SOCIAL STUDIES 10 CHALLENGE,False
1727,9,MTDRF10---,ADST ?  DRAFTING 10,True
1727,9,YED--0BX-L,PEER TUTORING 10 LINEAR,False
1728,9,MDCF-10---,DANCE FOUNDATIONS 10,False
1728,9,MDRM-10---,DRAMA 10,True
1728,9,MEFWR10---,EFP WRITING 10,False
1728,9,MFMP-10---,FOUNDATIONS OF MATH AND PRE-CALCULUS 10,False
1728,9,MFOOD10---,ADST ?  FOOD STUDIES 10,False
1728,9,MPHED10G--,PHYSICAL AND HEALTH EDUCATION 10 Girls,False
1728,9,MSC--10---,SCIENCE 10,False
1728,9,MSS--10---,SOCIAL STUDIES 10,False
1728,9,MTXT-10---,TEXTILES 10,True
1728,9,MVAST10---,VISUAL ARTS: ART STUDIO 10,False
1729,9,MCMPS10---,COMPOSITION 10,False
1729,9,MFMP-10---,FOUNDATIONS OF MATH AND PRE-CALCULUS 10,False
1729,9,MFOOD10---,ADST ?  FOOD STUDIES 10,False
1729,9,MPHED10B--,PHYSICAL AND HEALTH EDUCATION 10 Boys,False
1729,9,MSC--10---,SCIENCE 10,False
1729,9,MSS--10---,SOCIAL STUDIES 10,False
1729,9,MTXT-10---,TEXTILES 10,True
1729,9,MVAPH10---,VISUAL ARTS: PHOTOGRAPHY 10,False
1729,9,MWWK-10---,ADST ?  WOODWORK 10,True
1729,9,YESFL0AX--,BEGINNERS ELL 10,False
1729,9,YPR--0BX--,OUTDOOR EDUCATION 10,True
1730,9,MADEM10---,ADST ? ENTREPRENEURSHIP AND MARKETING 10,True
1730,9,MDRM-10---,DRAMA 10,False
1730,9,MEFWR10---,EFP WRITING 10,False
1730,9,MFMP-10---,FOUNDATIONS OF MATH AND PRE-CALCULUS 10,False
1730,9,MFR--10---,FRENCH 10,False
1730,9,MFR--11---,FRENCH 11,False
1730,9,MPHED10B--,PHYSICAL AND HEALTH EDUCATION 10 Boys,False
1730,9,MSC--10---,SCIENCE 10,False
1730,9,MVAPH10---,VISUAL ARTS: PHOTOGRAPHY 10,True
1730,9,YPR--0BX--,OUTDOOR EDUCATION 10,False
1731,9,MCMPS10---,COMPOSITION 10,False
1731,9,MFOOD10---,ADST ?  FOOD STUDIES 10,False
1731,9,MPHED10FB-,PHYSICAL AND HEALTH EDUCATION 10 Football,False
1731,9,MSC--10---,SCIENCE 10,False
1731,9,MSS--10---,SOCIAL STUDIES 10,False
1731,9,MTEXP10---,ADST-Technology Explorations 10,True
1731,9,MVAPH10---,VISUAL ARTS: PHOTOGRAPHY 10,False
1731,9,MWPM-10---,WORKPLACE MATHEMATICS 10,False
1731,9,MWWK-10---,ADST ?  WOODWORK 10,True
1731,9,YED--0AX--,LEARNING STRATEGIES 10,True
1731,9,YHRA-0AX--,CROSS TRAINING 10,False
1732,9,MCMPR11AI-,COMPUTER PROGRAMMING 11 AI and Games,True
1732,9,MDCF-10---,DANCE FOUNDATIONS 10,False
1732,9,MDNC-10--L,DANCE 10: CHOREOGRAPHY Linear,False
1732,9,MDNCM10--L,DANCE COMPANY 10 Linear,False
1732,9,MEFWR10---,EFP WRITING 10,False
1732,9,MFMP-10---,FOUNDATIONS OF MATH AND PRE-CALCULUS 10,False
1732,9,MFOOD10---,ADST ?  FOOD STUDIES 10,True
1732,9,MFR--09---,FRENCH 9,False
1732,9,MPHED10G--,PHYSICAL AND HEALTH EDUCATION 10 Girls,False
1732,9,MSC--10---,SCIENCE 10,False
1732,9,MSS--10---,SOCIAL STUDIES 10,False
1732,9,MTXT-10---,TEXTILES 10,False
1733,9,MCMPS10C--,COMPOSITION 10 Challenge,False
1733,9,MDNC-10--L,DANCE 10: CHOREOGRAPHY Linear,False
1733,9,MDNCM10--L,DANCE COMPANY 10 Linear,False
1733,9,MDNTP10---,DANCE TECHNIQUE AND PERFORMANCE 10,False
1733,9,MFMP-10C--,FOUNDATIONS OF MATH AND PRE-CALCULUS 10 CHALLENGE,False
1733,9,MFOOD10---,ADST ?  FOOD STUDIES 10,False
1733,9,MFR--12---,FRENCH 12,False
1733,9,MIDS-0B---,INDEPENDENT DIRECTED STUDIES 10B,True
1733,9,MPHED10G--,PHYSICAL AND HEALTH EDUCATION 10 Girls,False
1733,9,MSC--10C--,SCIENCE 10: CHALLENGE,False
1733,9,MSS--10C--,SOCIAL STUDIES 10 CHALLENGE,False
1733,9,MTPOW10---,ADST ?  POWER TECHNOLOGY 10,True
1733,9,YLRA-0AX-L,ATHLETIC LEADERSHIP 10 U16,False
1734,9,MAC--11---,ACCOUNTING 11,False
1734,9,MEFWR10---,EFP WRITING 10,False
1734,9,MFMP-10H--,FOUNDATIONS OF MATH AND PRE-CALCULUS 10 HONOURS,False
1734,9,MFOOD10---,ADST ?  FOOD STUDIES 10,False
1734,9,MPHED10G--,PHYSICAL AND HEALTH EDUCATION 10 Girls,False
1734,9,MSC--10---,SCIENCE 10,False
1734,9,MSP--10---,SPANISH 10,True
1734,9,MSS--10---,SOCIAL STUDIES 10,False
1734,9,MTDRF10---,ADST ?  DRAFTING 10,True
1734,9,MWBDV10IT-,Information and Communications Technologies 10,False
1734,9,YLRA-0AX-L,ATHLETIC LEADERSHIP 10 U16,False
1735,9,MCMPR11AI-,COMPUTER PROGRAMMING 11 AI and Games,False
1735,9,MCMPS10---,COMPOSITION 10,False
1735,9,MFMP-10---,FOUNDATIONS OF MATH AND PRE-CALCULUS 10,False
1735,9,MMUCB10--L,INSTRUMENTAL MUSIC: CONCERT BAND 10 Linear,False
1735,9,MPHED10--L,PHYSICAL AND HEALTH EDUCATION 10 LINEAR,False
1735,9,MSC--10---,SCIENCE 10,False
1735,9,MSS--09F--,SOCIAL STUDIES 9 FLEX STUDIES,False
1735,9,MSS--10---,SOCIAL STUDIES 10,False
1735,9,MTEAR10---,ADST ?  ELECTRONICS AND ROBOTICS 10,True
1735,9,MTEXP10---,ADST-Technology Explorations 10,False
1736,9,MCMPS10---,COMPOSITION 10,False
1736,9,MDMD-12D--,3D ANIMATION 12,True
1736,9,MFMP-10---,FOUNDATIONS OF MATH AND PRE-CALCULUS 10,False
1736,9,MMACS11---,COMPUTER SCIENCE 11,False
1736,9,MMEDD10---,ADST ? MEDIA DESIGN 10,False
1736,9,MMUCC10--L,CHORAL MUSIC: CONCERT CHOIR 10 Linear,False
1736,9,MMUGT10---,INSTRUMENTAL MUSIC: GUITAR 10,False
1736,9,MPHED10G--,PHYSICAL AND HEALTH EDUCATION 10 Girls,False
1736,9,MSC--10---,SCIENCE 10,False
1736,9,MSS--10---,SOCIAL STUDIES 10,False
1736,9,MTXT-10---,TEXTILES 10,True
1737,9,MEFWR10---,EFP WRITING 10,False
1737,9,MFMP-10H--,FOUNDATIONS OF MATH AND PRE-CALCULUS 10 HONOURS,False
1737,9,MFOOD10---,ADST ?  FOOD STUDIES 10,False
1737,9,MMACS11---,COMPUTER SCIENCE 11,False
1737,9,MMEDD10---,ADST ? MEDIA DESIGN 10,True
1737,9,MMUCB10--L,INSTRUMENTAL MUSIC: CONCERT BAND 10 Linear,False
1737,9,MPHED10--L,PHYSICAL AND HEALTH EDUCATION 10 LINEAR,False
1737,9,MSC--10---,SCIENCE 10,False
1737,9,MSS--10---,SOCIAL STUDIES 10,False
1737,9,MVAPH10---,VISUAL ARTS: PHOTOGRAPHY 10,True
1738,9,MADEM10---,ADST ? ENTREPRENEURSHIP AND MARKETING 10,False
1738,9,MCMPR11AI-,COMPUTER PROGRAMMING 11 AI and Games,False
1738,9,MCMPS10C--,COMPOSITION 10 Challenge,False
1738,9,MFMP-10C--,FOUNDATIONS OF MATH AND PRE-CALCULUS 10 CHALLENGE,False
1738,9,MFR--11---,FRENCH 11,False
1738,9,MMACS11---,COMPUTER SCIENCE 11,True
1738,9,MMEDD10---,ADST ? MEDIA DESIGN 10,True
1738,9,MMUOR10S-L,INSTRUMENTAL MUSIC: ORCHESTRA 10 Strings LINEAR,False
1738,9,MPHED10---,PHYSICAL AND HEALTH EDUCATION 10,False
1738,9,MSC--10C--,SCIENCE 10: CHALLENGE,False
1738,9,MSS--10C--,SOCIAL STUDIES 10 CHALLENGE,False
1738,9,YLRA-0AX-L,ATHLETIC LEADERSHIP 10 U16,False
1739,9,MEFWR10---,EFP WRITING 10,False
1739,9,MFMP-10---,FOUNDATIONS OF MATH AND PRE-CALCULUS 10,False
1739,9,MFR--10---,FRENCH 10,False
1739,9,MMUCB10--L,INSTRUMENTAL MUSIC: CONCERT BAND 10 Linear,False
1739,9,MMUCC10--L,CHORAL MUSIC: CONCERT CHOIR 10 Linear,False
1739,9,MMUJB10--L,INSTRUMENTAL MUSIC: JAZZ BAND 10 Linear,False
1739,9,MMUOR10S-L,INSTRUMENTAL MUSIC: ORCHESTRA 10 Strings LINEAR,False
1739,9,MPHED10--L,PHYSICAL AND HEALTH EDUCATION 10 LINEAR,False
1739,9,MSC--10---,SCIENCE 10,False
1739,9,MSP--10---,SPANISH 10,True
1739,9,MSS--10---,SOCIAL STUDIES 10,False
1739,9,MVAPH10---,VISUAL ARTS: PHOTOGRAPHY 10,True
1739,9,YPA--0CX--,YOGA FOR MINDFULNESS 10,False
1740,9,MCMPS10C--,COMPOSITION 10 Challenge,False
1740,9,MFMP-10C--,FOUNDATIONS OF MATH AND PRE-CALCULUS 10 CHALLENGE,False
1740,9,MFR--09---,FRENCH 9,False
1740,9,MFR--10---,FRENCH 10,False
1740,9,MPHED10B--,PHYSICAL AND HEALTH EDUCATION 10 Boys,False
1740,9,MSC--10C--,SCIENCE 10: CHALLENGE,False
1740,9,MSS--10C--,SOCIAL STUDIES 10 CHALLENGE,False
1740,9,MTDRF10---,ADST ?  DRAFTING 10,True
1740,9,MTEAR10--L,ADST ?  ELECTRONICS AND ROBOTICS 10 Linear,False
1740,9,MTEXP10---,ADST-Technology Explorations 10,True
1740,9,MWBDV10IT-,Information and Communications Technologies 10,False
1740,9,YLRA-0AX-L,ATHLETIC LEADERSHIP 10 U16,False
1741,9,MADEM10---,ADST ? ENTREPRENEURSHIP AND MARKETING 10,True
1741,9,MCMPS10---,COMPOSITION 10,False
1741,9,MDCF-10---,DANCE FOUNDATIONS 10,False
1741,9,MFMP-10---,FOUNDATIONS OF MATH AND PRE-CALCULUS 10,False
1741,9,MPHED10B--,PHYSICAL AND HEALTH EDUCATION 10 Boys,False
1741,9,MSS--10---,SOCIAL STUDIES 10,False
1741,9,MTDRF10---,ADST ?  DRAFTING 10,False
1741,9,MTXT-10---,TEXTILES 10,False
1741,9,YESFL0AX--,BEGINNERS ELL 10,False
1742,9,MEFWR10---,EFP WRITING 10,False
1742,9,MFMP-10H--,FOUNDATIONS OF MATH AND PRE-CALCULUS 10 HONOURS,False
1742,9,MFOOD10---,ADST ?  FOOD STUDIES 10,False
1742,9,MMACS11---,COMPUTER SCIENCE 11,False
1742,9,MMEDD10---,ADST ? MEDIA DESIGN 10,False
1742,9,MPHED10B--,PHYSICAL AND HEALTH EDUCATION 10 Boys,False
1742,9,MSC--10---,SCIENCE 10,False
1742,9,MSS--10---,SOCIAL STUDIES 10,False
1742,9,MTEXP10---,ADST-Technology Explorations 10,True
1742,9,YPR--0BX--,OUTDOOR EDUCATION 10,True
1743,9,MCMPS10C--,COMPOSITION 10 Challenge,False
1743,9,MFMP-10C--,FOUNDATIONS OF MATH AND PRE-CALCULUS 10 CHALLENGE,False
1743,9,MMACS11---,COMPUTER SCIENCE 11,False
1743,9,MMEDD10---,ADST ? MEDIA DESIGN 10,False
1743,9,MMUCB10--L,INSTRUMENTAL MUSIC: CONCERT BAND 10 Linear,False
1743,9,MPHED10--L,PHYSICAL AND HEALTH EDUCATION 10 LINEAR,False
1743,9,MSC--10C--,SCIENCE 10: CHALLENGE,False
1743,9,MSS--10C--,SOCIAL STUDIES 10 CHALLENGE,False
1743,9,MTDRF10---,ADST ?  DRAFTING 10,True
1743,9,YCPA-0AXE-,COMMUNITY LEADERSHIP 10,False
1744,9,MDRM-10---,DRAMA 10,True
1744,9,MEFWR10---,EFP WRITING 10,False
1744,9,MFMP-10---,FOUNDATIONS OF MATH AND PRE-CALCULUS 10,False
1744,9,MFOOD10---,ADST ?  FOOD STUDIES 10,False
1744,9,MPHED10G--,PHYSICAL AND HEALTH EDUCATION 10 Girls,False
1744,9,MSC--09---,SCIENCE 9,False
1744,9,MSC--10---,SCIENCE 10,False
1744,9,MSS--10---,SOCIAL STUDIES 10,False
1744,9,MTXT-10---,TEXTILES 10,False
1744,9,MWWK-10---,ADST ?  WOODWORK 10,True
1745,9,MAC--11---,ACCOUNTING 11,True
1745,9,MCH--11---,CHEMISTRY 11,False
1745,9,MCLE-10---,CAREER LIFE EDUCATION 10,True
1745,9,MEFWR10---,EFP WRITING 10,False
1745,9,MMACS11---,COMPUTER SCIENCE 11,False
1745,9,MMUCB10--L,INSTRUMENTAL MUSIC: CONCERT BAND 10 Linear,False
1745,9,MPH--11---,PHYSICS 11,False
1745,9,MPHED10--L,PHYSICAL AND HEALTH EDUCATION 10 LINEAR,False
1745,9,MPREC12---,PRE-CALCULUS 12,False
1745,9,MSS--10---,SOCIAL STUDIES 10,False
1746,9,MAC--11---,ACCOUNTING 11,False
1746,9,MCMPR11AI-,COMPUTER PROGRAMMING 11 AI and Games,True
1746,9,MCMPS10C--,COMPOSITION 10 Challenge,False
1746,9,MFMP-10C--,FOUNDATIONS OF MATH AND PRE-CALCULUS 10 CHALLENGE,False
1746,9,MMACS11---,COMPUTER SCIENCE 11,False
1746,9,MMEDD10---,ADST ? MEDIA DESIGN 10,True
1746,9,MPHED10B--,PHYSICAL AND HEALTH EDUCATION 10 Boys,False
1746,9,MSC--10C--,SCIENCE 10: CHALLENGE,False
1746,9,MSS--10C--,SOCIAL STUDIES 10 CHALLENGE,False
1746,9,MTDRF10---,ADST ?  DRAFTING 10,False
1746,9,YLRA-0AX-L,ATHLETIC LEADERSHIP 10 U16,False
1747,9,MBSP-11---,INTRODUCTORY SPANISH 11,False
1747,9,MEFWR10---,EFP WRITING 10,False
1747,9,MFMP-10---,FOUNDATIONS OF MATH AND PRE-CALCULUS 10,False
1747,9,MFOOD10---,ADST ?  FOOD STUDIES 10,True
1747,9,MMACS11---,COMPUTER SCIENCE 11,False
1747,9,MPHED10G--,PHYSICAL AND HEALTH EDUCATION 10 Girls,False
1747,9,MSC--10---,SCIENCE 10,False
1747,9,MSS--10---,SOCIAL STUDIES 10,False
1747,9,MTXT-10---,TEXTILES 10,True
1747,9,MWBDV10IT-,Information and Communications Technologies 10,False
1748,9,MCMPR11AI-,COMPUTER PROGRAMMING 11 AI and Games,False
1748,9,MCMPS10---,COMPOSITION 10,False
1748,9,MDRM-10---,DRAMA 10,False
1748,9,MFMP-10---,FOUNDATIONS OF MATH AND PRE-CALCULUS 10,False
1748,9,MFR--10---,FRENCH 10,False
1748,9,MPHED10---,PHYSICAL AND HEALTH EDUCATION 10,False
1748,9,MSC--10---,SCIENCE 10,False
1748,9,MSS--10---,SOCIAL STUDIES 10,False
1748,9,MTEAR10--L,ADST ?  ELECTRONICS AND ROBOTICS 10 Linear,False
1748,9,YPR--0BX--,OUTDOOR EDUCATION 10,True
1749,9,MCMPR11AI-,COMPUTER PROGRAMMING 11 AI and Games,False
1749,9,MDMD-12D--,3D ANIMATION 12,False
1749,9,MEFWR10---,EFP WRITING 10,False
1749,9,MFMP-10---,FOUNDATIONS OF MATH AND PRE-CALCULUS 10,False
1749,9,MMACS11---,COMPUTER SCIENCE 11,False
1749,9,MMEDD10---,ADST ? MEDIA DESIGN 10,True
1749,9,MPHED10B--,PHYSICAL AND HEALTH EDUCATION 10 Boys,False
1749,9,MSC--10---,SCIENCE 10,False
1749,9,MSS--10---,SOCIAL STUDIES 10,False
1749,9,MVAPH10---,VISUAL ARTS: PHOTOGRAPHY 10,True
1750,9,MCMPS10---,COMPOSITION 10,False
1750,9,MDCF-10---,DANCE FOUNDATIONS 10,False
1750,9,MFMP-10---,FOUNDATIONS OF MATH AND PRE-CALCULUS 10,False
1750,9,MFOOD10---,ADST ?  FOOD STUDIES 10,True
1750,9,MPHED10---,PHYSICAL AND HEALTH EDUCATION 10,False
1750,9,MSC--10---,SCIENCE 10,False
1750,9,MSS--10---,SOCIAL STUDIES 10,False
1750,9,MTEXP10---,ADST-Technology Explorations 10,True
1750,9,MTXT-10---,TEXTILES 10,False
1750,9,YESFL0AX--,BEGINNERS ELL 10,False
1751,9,MCMPS10---,COMPOSITION 10,False
1751,9,MDCF-10---,DANCE FOUNDATIONS 10,False
1751,9,MDRM-10---,DRAMA 10,True
1751,9,MFMP-10---,FOUNDATIONS OF MATH AND PRE-CALCULUS 10,False
1751,9,MIDS-0B---,INDEPENDENT DIRECTED STUDIES 10B,False
1751,9,MPHED10G--,PHYSICAL AND HEALTH EDUCATION 10 Girls,False
1751,9,MSC--10---,SCIENCE 10,False
1751,9,MSS--10---,SOCIAL STUDIES 10,False
1751,9,MVAPH10---,VISUAL ARTS: PHOTOGRAPHY 10,True
1751,9,MVAST10---,VISUAL ARTS: ART STUDIO 10,True
1751,9,YESFL0AX--,BEGINNERS ELL 10,False
1752,9,MCMPR11AI-,COMPUTER PROGRAMMING 11 AI and Games,True
1752,9,MCMPS10C--,COMPOSITION 10 Challenge,False
1752,9,MFMP-10C--,FOUNDATIONS OF MATH AND PRE-CALCULUS 10 CHALLENGE,False
1752,9,MFOOD10---,ADST ?  FOOD STUDIES 10,True
1752,9,MMACS11---,COMPUTER SCIENCE 11,False
1752,9,MPHED10B--,PHYSICAL AND HEALTH EDUCATION 10 Boys,False
1752,9,MSC--10C--,SCIENCE 10: CHALLENGE,False
1752,9,MSS--10C--,SOCIAL STUDIES 10 CHALLENGE,False
1752,9,MTEAR10--L,ADST ?  ELECTRONICS AND ROBOTICS 10 Linear,False
1752,9,MTEXP10---,ADST-Technology Explorations 10,False
1752,9,MTPOW10---,ADST ?  POWER TECHNOLOGY 10,False
1752,9,YLRA-0AX-L,ATHLETIC LEADERSHIP 10 U16,False
1753,9,MAC--11---,ACCOUNTING 11,False
1753,9,MCMPR11AI-,COMPUTER PROGRAMMING 11 AI and Games,True
1753,9,MEFWR10---,EFP WRITING 10,False
1753,9,MFR--11---,FRENCH 11,False
1753,9,MMACS11---,COMPUTER SCIENCE 11,False
1753,9,MMUCB10--L,INSTRUMENTAL MUSIC: CONCERT BAND 10 Linear,True
1753,9,MPHED10B--,PHYSICAL AND HEALTH EDUCATION 10 Boys,False
1753,9,MPREC11---,PRE-CALCULUS 11,False
1753,9,MSC--10---,SCIENCE 10,False
1753,9,MSS--10---,SOCIAL STUDIES 10,False
1754,9,MCMPR11AI-,COMPUTER PROGRAMMING 11 AI and Games,False
1754,9,MCMPS10C--,COMPOSITION 10 Challenge,False
1754,9,MDMD-12D--,3D ANIMATION 12,True
1754,9,MFMP-10C--,FOUNDATIONS OF MATH AND PRE-CALCULUS 10 CHALLENGE,False
1754,9,MFOOD10---,ADST ?  FOOD STUDIES 10,True
1754,9,MMACS11---,COMPUTER SCIENCE 11,False
1754,9,MPHED10B--,PHYSICAL AND HEALTH EDUCATION 10 Boys,False
1754,9,MSC--10C--,SCIENCE 10: CHALLENGE,False
1754,9,MSS--10C--,SOCIAL STUDIES 10 CHALLENGE,False
1754,9,MTEXP10---,ADST-Technology Explorations 10,False
1755,9,MCMPS10C--,COMPOSITION 10 Challenge,False
1755,9,MFMP-10C--,FOUNDATIONS OF MATH AND PRE-CALCULUS 10 CHALLENGE,False
1755,9,MFOOD10---,ADST ?  FOOD STUDIES 10,False
1755,9,MMEDD10---,ADST ? MEDIA DESIGN 10,True
1755,9,MPHED10G--,PHYSICAL AND HEALTH EDUCATION 10 Girls,False
1755,9,MSC--10C--,SCIENCE 10: CHALLENGE,False
1755,9,MSP--10---,SPANISH 10,False
1755,9,MSS--10C--,SOCIAL STUDIES 10 CHALLENGE,False
1755,9,MTPOW10---,ADST ?  POWER TECHNOLOGY 10,False
1755,9,YPA--0CX--,YOGA FOR MINDFULNESS 10,True
1756,9,MAC--11---,ACCOUNTING 11,True
1756,9,MEFWR10---,EFP WRITING 10,False
1756,9,MFMP-10---,FOUNDATIONS OF MATH AND PRE-CALCULUS 10,False
1756,9,MIDS-0C---,INDEPENDENT DIRECTED STUDIES 10C,False
1756,9,MMUCB10--L,INSTRUMENTAL MUSIC: CONCERT BAND 10 Linear,False
1756,9,MPHED10--L,PHYSICAL AND HEALTH EDUCATION 10 LINEAR,False
1756,9,MSC--10---,SCIENCE 10,False
1756,9,MSS--10---,SOCIAL STUDIES 10,False
1756,9,MTPOW10---,ADST ?  POWER TECHNOLOGY 10,False
1756,9,MVAPH10---,VISUAL ARTS: PHOTOGRAPHY 10,False
1756,9,MWWK-10---,ADST ?  WOODWORK 10,True
1757,8,MADEM10---,ADST ? ENTREPRENEURSHIP AND MARKETING 10,False
1757,8,MADT-09---,ADST - Textiles 9,True
1757,8,MDR--09---,DRAMA 9,True
1757,8,MEN--09---,ENGLISH LANGUAGE ARTS 9,False
1757,8,MFR--09---,FRENCH 9,False
1757,8,MMA--09---,MATHEMATICS 9,False
1757,8,MPHE-09--L,PHYSICAL AND HEALTH EDUCATION 9 Linear,False
1757,8,MSC--09---,SCIENCE 9,False
1757,8,MSS--09---,SOCIAL STUDIES 9,False
1757,8,XBA--09C-L,CONCERT BAND 9 Linear,False
1757,8,XC---09--L,CONCERT CHOIR 9 Linear,False
1758,8,MADER09---,ADST - Electronics and Robotics,False
1758,8,MADGE09---,ADST 9 - General Explorations (Modules),True
1758,8,MADW-09---,ADST - Woodwork 9,True
1758,8,MEN--09---,ENGLISH LANGUAGE ARTS 9,False
1758,8,MMA--09---,MATHEMATICS 9,False
1758,8,MPHE-09B--,PHYSICAL AND HEALTH EDUCATION 9 Boys,False
1758,8,MSC--09---,SCIENCE 9,False
1758,8,MSS--09---,SOCIAL STUDIES 9,False
1758,8,MWBDV10IT-,Information and Communications Technologies 10,False
1758,8,XLDCB09M--,TECH ED 9: MECHANICS LD,False
1759,8,MADT-09---,ADST - Textiles 9,False
1759,8,MADW-09---,ADST - Woodwork 9,False
1759,8,MEN--09---,ENGLISH LANGUAGE ARTS 9,False
1759,8,MMA--09---,MATHEMATICS 9,False
1759,8,MPHE-09---,PHYSICAL AND HEALTH EDUCATION 9,False
1759,8,MPHE-09Y--,PHYSICAL AND HEALTH EDUCATION 9 Yoga for Mindfulns,True
1759,8,MSC--09---,SCIENCE 9,False
1759,8,MSP--09---,SPANISH 9,False
1759,8,MSS--09---,SOCIAL STUDIES 9,False
1760,8,MADD-09---,ADST - Drafting 9,True
1760,8,MADER09---,ADST - Electronics and Robotics,True
1760,8,MADGE09---,ADST 9 - General Explorations (Modules),False
1760,8,MEN--09---,ENGLISH LANGUAGE ARTS 9,False
1760,8,MFR--09---,FRENCH 9,False
1760,8,MMA--09---,MATHEMATICS 9,False
1760,8,MPHE-09---,PHYSICAL AND HEALTH EDUCATION 9,False
1760,8,MSC--09---,SCIENCE 9,False
1760,8,MSS--09---,SOCIAL STUDIES 9,False
1760,8,MWBDV10IT-,Information and Communications Technologies 10,False
1761,8,MADD-09---,ADST - Drafting 9,True
1761,8,MADER09---,ADST - Electronics and Robotics,False
1761,8,MADGE09---,ADST 9 - General Explorations (Modules),False
1761,8,MEN--09C--,ENGLISH LANGUAGE ARTS 9 CHALLENGE,False
1761,8,MMA--09C--,MATHEMATICS 9 CHALLENGE,False
1761,8,MPHE-09B--,PHYSICAL AND HEALTH EDUCATION 9 Boys,False
1761,8,MPHE-09Y--,PHYSICAL AND HEALTH EDUCATION 9 Yoga for Mindfulns,True
1761,8,MSC--09C--,SCIENCE 9: CHALLENGE,False
1761,8,MSS--09C--,SOCIAL STUDIES 9 CHALLENGE,False
1761,8,MWBDV10IT-,Information and Communications Technologies 10,False
1762,8,MADEM10---,ADST ? ENTREPRENEURSHIP AND MARKETING 10,False
1762,8,MADGE09---,ADST 9 - General Explorations (Modules),False
1762,8,MADT-09---,ADST - Textiles 9,True
1762,8,MEN--09C--,ENGLISH LANGUAGE ARTS 9 CHALLENGE,False
1762,8,MFR--11---,FRENCH 11,False
1762,8,MMA--09C--,MATHEMATICS 9 CHALLENGE,False
1762,8,MPHE-09---,PHYSICAL AND HEALTH EDUCATION 9,False
1762,8,MSC--09C--,SCIENCE 9: CHALLENGE,False
1762,8,MSS--09C--,SOCIAL STUDIES 9 CHALLENGE,False
1762,8,MWBDV10IT-,Information and Communications Technologies 10,True
1762,8,XLDCB09S-L,STRINGS 9 LINEAR,False
1763,8,MADEM10---,ADST ? ENTREPRENEURSHIP AND MARKETING 10,False
1763,8,MDNC-09C-L,DANCE 9 Choreography Linear,False
1763,8,MDNC-09H--,DANCE 9 HIP HOP,False
1763,8,MDNC-09M-L,DANCE 9 Company: Platform 61 Linear,False
1763,8,MDR--09---,DRAMA 9,True
1763,8,MEN--09---,ENGLISH LANGUAGE ARTS 9,False
1763,8,MFR--09---,FRENCH 9,False
1763,8,MMA--09---,MATHEMATICS 9,False
1763,8,MPHE-09G--,PHYSICAL AND HEALTH EDUCATION 9 Girls,False
1763,8,MSC--09---,SCIENCE 9,False
1763,8,MSS--09---,SOCIAL STUDIES 9,False
1763,8,MWBDV10IT-,Information and Communications Technologies 10,True
1764,8,MADER09---,ADST - Electronics and Robotics,False
1764,8,MADGE09---,ADST 9 - General Explorations (Modules),False
1764,8,MEN--09---,ENGLISH LANGUAGE ARTS 9,False
1764,8,MFR--09---,FRENCH 9,False
1764,8,MMA--09---,MATHEMATICS 9,False
1764,8,MPHE-09B--,PHYSICAL AND HEALTH EDUCATION 9 Boys,False
1764,8,MSC--09---,SCIENCE 9,False
1764,8,MSS--09---,SOCIAL STUDIES 9,False
1764,8,XBA--09G--,CONCERT BAND 9 - Guitar,True
1765,8,MADD-09---,ADST - Drafting 9,False
1765,8,MADW-09---,ADST - Woodwork 9,True
1765,8,MEN--09---,ENGLISH LANGUAGE ARTS 9,False
1765,8,MMA--09---,MATHEMATICS 9,False
1765,8,MPHE-09---,PHYSICAL AND HEALTH EDUCATION 9,False
1765,8,MSC--09---,SCIENCE 9,False
1765,8,MSP--09---,SPANISH 9,True
1765,8,MSS--09---,SOCIAL STUDIES 9,False
1765,8,MWBDV10IT-,Information and Communications Technologies 10,False
1765,8,XLDCB09M--,TECH ED 9: MECHANICS LD,False
1766,8,MADD-09---,ADST - Drafting 9,False
1766,8,MADGE09---,ADST 9 - General Explorations (Modules),False
1766,8,MADW-09---,ADST - Woodwork 9,True
1766,8,MEN--09C--,ENGLISH LANGUAGE ARTS 9 CHALLENGE,False
1766,8,MMA--09C--,MATHEMATICS 9 CHALLENGE,False
1766,8,MPHE-09---,PHYSICAL AND HEALTH EDUCATION 9,False
1766,8,MSC--09C--,SCIENCE 9: CHALLENGE,False
1766,8,MSS--09C--,SOCIAL STUDIES 9 CHALLENGE,False
1766,8,MVA--09---,VISUAL ARTS 9,True
1766,8,MWBDV10IT-,Information and Communications Technologies 10,False
1767,8,MADEM10---,ADST ? ENTREPRENEURSHIP AND MARKETING 10,False
1767,8,MADGE09---,ADST 9 - General Explorations (Modules),False
1767,8,MEN--09---,ENGLISH LANGUAGE ARTS 9,False
1767,8,MMA--09---,MATHEMATICS 9,False
1767,8,MPHE-09B--,PHYSICAL AND HEALTH EDUCATION 9 Boys,False
1767,8,MSC--09---,SCIENCE 9,False
1767,8,MSP--09---,SPANISH 9,False
1767,8,MSS--09---,SOCIAL STUDIES 9,False
1767,8,MWBDV10IT-,Information and Communications Technologies 10,True
1767,8,XLDCB09M--,TECH ED 9: MECHANICS LD,True
1768,8,MADT-09---,ADST - Textiles 9,True
1768,8,MDNC-09H--,DANCE 9 HIP HOP,False
1768,8,MEN--09---,ENGLISH LANGUAGE ARTS 9,False
1768,8,MFR--11---,FRENCH 11,False
1768,8,MMA--09---,MATHEMATICS 9,False
1768,8,MPHE-09G--,PHYSICAL AND HEALTH EDUCATION 9 Girls,False
1768,8,MSC--09---,SCIENCE 9,False
1768,8,MSS--09---,SOCIAL STUDIES 9,False
1768,8,MVA--09---,VISUAL ARTS 9,False
1769,8,MADD-09---,ADST - Drafting 9,False
1769,8,MADER09---,ADST - Electronics and Robotics,True
1769,8,MADGE09---,ADST 9 - General Explorations (Modules),True
1769,8,MEN--09---,ENGLISH LANGUAGE ARTS 9,False
1769,8,MMA--09---,MATHEMATICS 9,False
1769,8,MPHE-09--L,PHYSICAL AND HEALTH EDUCATION 9 Linear,False
1769,8,MSC--09---,SCIENCE 9,False
1769,8,MSS--09---,SOCIAL STUDIES 9,False
1769,8,MWBDV10IT-,Information and Communications Technologies 10,False
1769,8,XBA--09C-L,CONCERT BAND 9 Linear,False
1770,8,MADER09---,ADST - Electronics and Robotics,True
1770,8,MDNC-09F--,DANCE 9 Foundations,False
1770,8,MDR--09---,DRAMA 9,True
1770,8,MEN--09C--,ENGLISH LANGUAGE ARTS 9 CHALLENGE,False
1770,8,MFR--09---,FRENCH 9,False
1770,8,MMA--09C--,MATHEMATICS 9 CHALLENGE,False
1770,8,MPHE-09--L,PHYSICAL AND HEALTH EDUCATION 9 Linear,False
1770,8,MSC--09C--,SCIENCE 9: CHALLENGE,False
1770,8,MSS--09C--,SOCIAL STUDIES 9 CHALLENGE,False
1770,8,XBA--09C-L,CONCERT BAND 9 Linear,False
1770,8,XC---09--L,CONCERT CHOIR 9 Linear,False
1770,8,XLDCB09S-L,STRINGS 9 LINEAR,False
1771,8,MADEM10---,ADST ? ENTREPRENEURSHIP AND MARKETING 10,False
1771,8,MADER09---,ADST - Electronics and Robotics,False
1771,8,MEN--09C--,ENGLISH LANGUAGE ARTS 9 CHALLENGE,False
1771,8,MMA--09C--,MATHEMATICS 9 CHALLENGE,False
1771,8,MPHE-09--L,PHYSICAL AND HEALTH EDUCATION 9 Linear,False
1771,8,MSC--09C--,SCIENCE 9: CHALLENGE,False
1771,8,MSS--09C--,SOCIAL STUDIES 9 CHALLENGE,False
1771,8,XBA--09C-L,CONCERT BAND 9 Linear,False
1771,8,XBA--09G--,CONCERT BAND 9 - Guitar,True
1771,8,XBA--09J-L,JAZZ BAND 9 LINEAR,False
1772,8,MADW-09---,ADST - Woodwork 9,True
1772,8,MDNC-09C-L,DANCE 9 Choreography Linear,False
1772,8,MDNC-09M-L,DANCE 9 Company: Platform 61 Linear,False
1772,8,MDR--09---,DRAMA 9,True
1772,8,MEN--09C--,ENGLISH LANGUAGE ARTS 9 CHALLENGE,False
1772,8,MMA--09C--,MATHEMATICS 9 CHALLENGE,False
1772,8,MPHE-09--L,PHYSICAL AND HEALTH EDUCATION 9 Linear,False
1772,8,MSC--09C--,SCIENCE 9: CHALLENGE,False
1772,8,MSS--09C--,SOCIAL STUDIES 9 CHALLENGE,False
1772,8,XBA--09C-L,CONCERT BAND 9 Linear,False
1772,8,XBA--09G--,CONCERT BAND 9 - Guitar,False
1772,8,XBA--09J-L,JAZZ BAND 9 LINEAR,False
1772,8,XC---09--L,CONCERT CHOIR 9 Linear,False
1772,8,XLDCB09M--,TECH ED 9: MECHANICS LD,False
1772,8,XLDCB09S-L,STRINGS 9 LINEAR,False
1773,8,MADEM10---,ADST ? ENTREPRENEURSHIP AND MARKETING 10,True
1773,8,MADGE09---,ADST 9 - General Explorations (Modules),True
1773,8,MEN--09---,ENGLISH LANGUAGE ARTS 9,False
1773,8,MFR--11---,FRENCH 11,False
1773,8,MMA--09H--,MATHEMATICS 9 HONOURS,False
1773,8,MPHE-09--L,PHYSICAL AND HEALTH EDUCATION 9 Linear,False
1773,8,MSC--09---,SCIENCE 9,False
1773,8,MSP--09---,SPANISH 9,False
1773,8,MSS--09---,SOCIAL STUDIES 9,False
1773,8,XBA--09C-L,CONCERT BAND 9 Linear,False
1774,8,MEN--09C--,ENGLISH LANGUAGE ARTS 9 CHALLENGE,False
1774,8,MFR--09---,FRENCH 9,False
1774,8,MMA--09C--,MATHEMATICS 9 CHALLENGE,False
1774,8,MPHE-09--L,PHYSICAL AND HEALTH EDUCATION 9 Linear,False
1774,8,MPHE-09Y--,PHYSICAL AND HEALTH EDUCATION 9 Yoga for Mindfulns,True
1774,8,MSC--09C--,SCIENCE 9: CHALLENGE,False
1774,8,MSP--09---,SPANISH 9,True
1774,8,MSS--09C--,SOCIAL STUDIES 9 CHALLENGE,False
1774,8,MVA--09---,VISUAL ARTS 9,False
1774,8,XBA--09C-L,CONCERT BAND 9 Linear,False
1775,8,MADD-09---,ADST - Drafting 9,False
1775,8,MADW-09---,ADST - Woodwork 9,True
1775,8,MEN--09---,ENGLISH LANGUAGE ARTS 9,False
1775,8,MMA--09---,MATHEMATICS 9,False
1775,8,MPHE-09B--,PHYSICAL AND HEALTH EDUCATION 9 Boys,False
1775,8,MSC--09---,SCIENCE 9,False
1775,8,MSS--09---,SOCIAL STUDIES 9,False
1775,8,MVA--09---,VISUAL ARTS 9,False
1775,8,MWBDV10IT-,Information and Communications Technologies 10,False
1775,8,XBA--09G--,CONCERT BAND 9 - Guitar,True
1776,8,MADEM10---,ADST ? ENTREPRENEURSHIP AND MARKETING 10,False
1776,8,MEN--09C--,ENGLISH LANGUAGE ARTS 9 CHALLENGE,False
1776,8,MMA--09C--,MATHEMATICS 9 CHALLENGE,False
1776,8,MPHE-09---,PHYSICAL AND HEALTH EDUCATION 9,False
1776,8,MSC--09C--,SCIENCE 9: CHALLENGE,False
1776,8,MSP--09---,SPANISH 9,False
1776,8,MSS--09C--,SOCIAL STUDIES 9 CHALLENGE,False
1776,8,MVA--09---,VISUAL ARTS 9,True
1776,8,MWBDV10IT-,Information and Communications Technologies 10,False
1776,8,XBA--09G--,CONCERT BAND 9 - Guitar,True
1777,8,MDNC-09H--,DANCE 9 HIP HOP,False
1777,8,MEN--09C--,ENGLISH LANGUAGE ARTS 9 CHALLENGE,False
1777,8,MMA--09C--,MATHEMATICS 9 CHALLENGE,False
1777,8,MPHE-09--L,PHYSICAL AND HEALTH EDUCATION 9 Linear,False
1777,8,MSC--09C--,SCIENCE 9: CHALLENGE,False
1777,8,MSP--09---,SPANISH 9,True
1777,8,MSS--09C--,SOCIAL STUDIES 9 CHALLENGE,False
1777,8,MVA--09---,VISUAL ARTS 9,False
1777,8,XBA--09C-L,CONCERT BAND 9 Linear,False
1777,8,XBA--09G--,CONCERT BAND 9 - Guitar,True
1777,8,XBA--09J-L,JAZZ BAND 9 LINEAR,False
1777,8,XC---09--L,CONCERT CHOIR 9 Linear,False
1778,8,MADT-09---,ADST - Textiles 9,True
1778,8,MEN--09---,ENGLISH LANGUAGE ARTS 9,False
1778,8,MMA--09---,MATHEMATICS 9,False
1778,8,MPHE-09G--,PHYSICAL AND HEALTH EDUCATION 9 Girls,False
1778,8,MSC--09---,SCIENCE 9,False
1778,8,MSP--09---,SPANISH 9,False
1778,8,MSS--09---,SOCIAL STUDIES 9,False
1778,8,MVA--09---,VISUAL ARTS 9,False
1778,8,XC---09--L,CONCERT CHOIR 9 Linear,False
1778,8,XLDCB09LS-,LEARNING STRATEGIES 9 LD,False
1779,8,MADD-09---,ADST - Drafting 9,True
1779,8,MADEM10---,ADST ? ENTREPRENEURSHIP AND MARKETING 10,False
1779,8,MADER09---,ADST - Electronics and Robotics,True
1779,8,MADGE09---,ADST 9 - General Explorations (Modules),False
1779,8,MEN--09C--,ENGLISH LANGUAGE ARTS 9 CHALLENGE,False
1779,8,MMA--09C--,MATHEMATICS 9 CHALLENGE,False
1779,8,MPHE-09---,PHYSICAL AND HEALTH EDUCATION 9,False
1779,8,MSC--09C--,SCIENCE 9: CHALLENGE,False
1779,8,MSS--09C--,SOCIAL STUDIES 9 CHALLENGE,False
1779,8,MWBDV10IT-,Information and Communications Technologies 10,False
1779,8,XLDCB09S-L,STRINGS 9 LINEAR,False
1780,8,MADD-09---,ADST - Drafting 9,True
1780,8,MADER09---,ADST - Electronics and Robotics,False
1780,8,MADGE09---,ADST 9 - General Explorations (Modules),False
1780,8,MEN--09C--,ENGLISH LANGUAGE ARTS 9 CHALLENGE,False
1780,8,MMA--09C--,MATHEMATICS 9 CHALLENGE,False
1780,8,MPHE-09--L,PHYSICAL AND HEALTH EDUCATION 9 Linear,False
1780,8,MSC--09C--,SCIENCE 9: CHALLENGE,False
1780,8,MSS--09C--,SOCIAL STUDIES 9 CHALLENGE,False
1780,8,MWBDV10IT-,Information and Communications Technologies 10,True
1780,8,XBA--09C-L,CONCERT BAND 9 Linear,False
1780,8,XBA--09J-L,JAZZ BAND 9 LINEAR,False
1780,8,XLDCB09S-L,STRINGS 9 LINEAR,False
1781,8,MADER09---,ADST - Electronics and Robotics,True
1781,8,MADT-09---,ADST - Textiles 9,False
1781,8,MADW-09---,ADST - Woodwork 9,True
1781,8,MEN--09---,ENGLISH LANGUAGE ARTS 9,False
1781,8,MMA--09---,MATHEMATICS 9,False
1781,8,MPHE-09B--,PHYSICAL AND HEALTH EDUCATION 9 Boys,False
1781,8,MSC--09---,SCIENCE 9,False
1781,8,MSS--09---,SOCIAL STUDIES 9,False
1781,8,MVA--09---,VISUAL ARTS 9,False
1781,8,XBA--09G--,CONCERT BAND 9 - Guitar,False
1782,8,MADER09---,ADST - Electronics and Robotics,False
1782,8,MADGE09---,ADST 9 - General Explorations (Modules),False
1782,8,MADW-09---,ADST - Woodwork 9,True
1782,8,MEN--09C--,ENGLISH LANGUAGE ARTS 9 CHALLENGE,False
1782,8,MMA--09C--,MATHEMATICS 9 CHALLENGE,False
1782,8,MPHE-09--L,PHYSICAL AND HEALTH EDUCATION 9 Linear,False
1782,8,MSC--09C--,SCIENCE 9: CHALLENGE,False
1782,8,MSS--09C--,SOCIAL STUDIES 9 CHALLENGE,False
1782,8,XBA--09C-L,CONCERT BAND 9 Linear,False
1782,8,XBA--09J-L,JAZZ BAND 9 LINEAR,False
1782,8,XLDCB09M--,TECH ED 9: MECHANICS LD,True
1783,8,MADEM10---,ADST ? ENTREPRENEURSHIP AND MARKETING 10,False
1783,8,MEN--09---,ENGLISH LANGUAGE ARTS 9,False
1783,8,MFR--11---,FRENCH 11,False
1783,8,MMA--09H--,MATHEMATICS 9 HONOURS,False
1783,8,MSC--09---,SCIENCE 9,False
1783,8,MSS--09---,SOCIAL STUDIES 9,False
1783,8,MWBDV10IT-,Information and Communications Technologies 10,True
1784,8,MADD-09---,ADST - Drafting 9,False
1784,8,MADGE09---,ADST 9 - General Explorations (Modules),False
1784,8,MADT-09---,ADST - Textiles 9,True
1784,8,MEN--09C--,ENGLISH LANGUAGE ARTS 9 CHALLENGE,False
1784,8,MMA--09C--,MATHEMATICS 9 CHALLENGE,False
1784,8,MPHE-09--L,PHYSICAL AND HEALTH EDUCATION 9 Linear,False
1784,8,MSC--09C--,SCIENCE 9: CHALLENGE,False
1784,8,MSS--09C--,SOCIAL STUDIES 9 CHALLENGE,False
1784,8,XBA--09C-L,CONCERT BAND 9 Linear,False
1784,8,XBA--09J-L,JAZZ BAND 9 LINEAR,False
1784,8,XC---09--L,CONCERT CHOIR 9 Linear,False
1785,8,MADD-09---,ADST - Drafting 9,False
1785,8,MADEM10---,ADST ? ENTREPRENEURSHIP AND MARKETING 10,True
1785,8,MADT-09---,ADST - Textiles 9,True
1785,8,MEN--09---,ENGLISH LANGUAGE ARTS 9,False
1785,8,MFR--09---,FRENCH 9,False
1785,8,MMA--09H--,MATHEMATICS 9 HONOURS,False
1785,8,MPHE-09G--,PHYSICAL AND HEALTH EDUCATION 9 Girls,False
1785,8,MSC--09---,SCIENCE 9,False
1785,8,MSS--09---,SOCIAL STUDIES 9,False
1785,8,MWBDV10IT-,Information and Communications Technologies 10,False
1785,8,XLDCB09S-L,STRINGS 9 LINEAR,False
1786,8,MADD-09---,ADST - Drafting 9,False
1786,8,MADEM10---,ADST ? ENTREPRENEURSHIP AND MARKETING 10,True
1786,8,MADER09---,ADST - Electronics and Robotics,False
1786,8,MEN--09---,ENGLISH LANGUAGE ARTS 9,False
1786,8,MMA--09H--,MATHEMATICS 9 HONOURS,False
1786,8,MPHE-09B--,PHYSICAL AND HEALTH EDUCATION 9 Boys,False
1786,8,MSC--09---,SCIENCE 9,False
1786,8,MSP--09---,SPANISH 9,True
1786,8,MSS--09---,SOCIAL STUDIES 9,False
1786,8,MWBDV10IT-,Information and Communications Technologies 10,False
1787,8,MADD-09---,ADST - Drafting 9,True
1787,8,MADGE09---,ADST 9 - General Explorations (Modules),False
1787,8,MEN--09---,ENGLISH LANGUAGE ARTS 9,False
1787,8,MMA--09---,MATHEMATICS 9,False
1787,8,MPHE-09--L,PHYSICAL AND HEALTH EDUCATION 9 Linear,False
1787,8,MSC--09---,SCIENCE 9,False
1787,8,MSP--09---,SPANISH 9,True
1787,8,MSS--09---,SOCIAL STUDIES 9,False
1787,8,MVA--09---,VISUAL ARTS 9,False
1787,8,XBA--09C-L,CONCERT BAND 9 Linear,False
1787,8,XBA--09J-L,JAZZ BAND 9 LINEAR,False
1788,8,MADEM10---,ADST ? ENTREPRENEURSHIP AND MARKETING 10,False
1788,8,MADT-09---,ADST - Textiles 9,False
1788,8,MDNC-09PT-,DANCE 9 Performance and Technique,True
1788,8,MEN--09---,ENGLISH LANGUAGE ARTS 9,False
1788,8,MMA--09---,MATHEMATICS 9,False
1788,8,MPHE-09G--,PHYSICAL AND HEALTH EDUCATION 9 Girls,False
1788,8,MPHE-09Y--,PHYSICAL AND HEALTH EDUCATION 9 Yoga for Mindfulns,True
1788,8,MSC--09---,SCIENCE 9,False
1788,8,MSP--09---,SPANISH 9,False
1788,8,MSS--09---,SOCIAL STUDIES 9,False
1789,8,MADW-09---,ADST - Woodwork 9,False
1789,8,MEN--09---,ENGLISH LANGUAGE ARTS 9,False
1789,8,MFR--09---,FRENCH 9,True
1789,8,MMA--09---,MATHEMATICS 9,False
1789,8,MPHE-09FB-,PHYSICAL AND HEALTH EDUCATION 9 Football,False
1789,8,MSC--09---,SCIENCE 9,False
1789,8,MSP--09---,SPANISH 9,True
1789,8,MSS--09---,SOCIAL STUDIES 9,False
1789,8,MVA--09---,VISUAL ARTS 9,False
1789,8,YHRA-0AX--,CROSS TRAINING 10,False
1790,8,MADEM10---,ADST ? ENTREPRENEURSHIP AND MARKETING 10,False
1790,8,MADT-09---,ADST - Textiles 9,False
1790,8,MDR--09---,DRAMA 9,True
1790,8,MEN--09---,ENGLISH LANGUAGE ARTS 9,False
1790,8,MFR--09---,FRENCH 9,False
1790,8,MMA--09---,MATHEMATICS 9,False
1790,8,MPHE-09G--,PHYSICAL AND HEALTH EDUCATION 9 Girls,False
1790,8,MSC--09---,SCIENCE 9,False
1790,8,MSS--09---,SOCIAL STUDIES 9,False
1790,8,MVA--09---,VISUAL ARTS 9,True
1791,8,MADD-09---,ADST - Drafting 9,True
1791,8,MADER09---,ADST - Electronics and Robotics,False
1791,8,MADGE09---,ADST 9 - General Explorations (Modules),False
1791,8,MEN--09C--,ENGLISH LANGUAGE ARTS 9 CHALLENGE,False
1791,8,MFR--09---,FRENCH 9,True
1791,8,MMA--09C--,MATHEMATICS 9 CHALLENGE,False
1791,8,MPHE-09---,PHYSICAL AND HEALTH EDUCATION 9,False
1791,8,MSC--09C--,SCIENCE 9: CHALLENGE,False
1791,8,MSS--09C--,SOCIAL STUDIES 9 CHALLENGE,False
1791,8,MWBDV10IT-,Information and Communications Technologies 10,False
1791,8,XC---09--L,CONCERT CHOIR 9 Linear,False
1792,8,MADD-09---,ADST - Drafting 9,False
1792,8,MADGE09---,ADST 9 - General Explorations (Modules),True
1792,8,MADW-09---,ADST - Woodwork 9,True
1792,8,MEN--09---,ENGLISH LANGUAGE ARTS 9,False
1792,8,MFR--11---,FRENCH 11,False
1792,8,MMA--09H--,MATHEMATICS 9 HONOURS,False
1792,8,MPHE-09B--,PHYSICAL AND HEALTH EDUCATION 9 Boys,False
1792,8,MSC--09---,SCIENCE 9,False
1792,8,MSS--09---,SOCIAL STUDIES 9,False
1792,8,MWBDV10IT-,Information and Communications Technologies 10,False
1793,8,MADD-09---,ADST - Drafting 9,True
1793,8,MADEM10---,ADST ? ENTREPRENEURSHIP AND MARKETING 10,False
1793,8,MADW-09---,ADST - Woodwork 9,True
1793,8,MEN--09---,ENGLISH LANGUAGE ARTS 9,False
1793,8,MMA--09---,MATHEMATICS 9,False
1793,8,MPHE-09--L,PHYSICAL AND HEALTH EDUCATION 9 Linear,False
1793,8,MSC--09---,SCIENCE 9,False
1793,8,MSS--09---,SOCIAL STUDIES 9,False
1793,8,XBA--09C-L,CONCERT BAND 9 Linear,False
1793,8,XLDCB09M--,TECH ED 9: MECHANICS LD,False
1794,8,MADD-09---,ADST - Drafting 9,True
1794,8,MADT-09---,ADST - Textiles 9,False
1794,8,MDR--09---,DRAMA 9,True
1794,8,MEN--09C--,ENGLISH LANGUAGE ARTS 9 CHALLENGE,False
1794,8,MMA--09C--,MATHEMATICS 9 CHALLENGE,False
1794,8,MPHE-09G--,PHYSICAL AND HEALTH EDUCATION 9 Girls,False
1794,8,MSC--09C--,SCIENCE 9: CHALLENGE,False
1794,8,MSS--09C--,SOCIAL STUDIES 9 CHALLENGE,False
1794,8,MVA--09---,VISUAL ARTS 9,False
1794,8,XLDCB09LS-,LEARNING STRATEGIES 9 LD,False
1795,8,MADEM10---,ADST ? ENTREPRENEURSHIP AND MARKETING 10,False
1795,8,MADGE09---,ADST 9 - General Explorations (Modules),True
1795,8,MEN--09C--,ENGLISH LANGUAGE ARTS 9 CHALLENGE,False
1795,8,MFR--11---,FRENCH 11,False
1795,8,MMA--09C--,MATHEMATICS 9 CHALLENGE,False
1795,8,MPHE-09---,PHYSICAL AND HEALTH EDUCATION 9,False
1795,8,MSC--09C--,SCIENCE 9: CHALLENGE,False
1795,8,MSS--09C--,SOCIAL STUDIES 9 CHALLENGE,False
1795,8,MWBDV10IT-,Information and Communications Technologies 10,False
1795,8,XBA--09C-L,CONCERT BAND 9 Linear,True
1796,8,MADD-09---,ADST - Drafting 9,False
1796,8,MADGE09---,ADST 9 - General Explorations (Modules),False
1796,8,MEN--09---,ENGLISH LANGUAGE ARTS 9,False
1796,8,MMA--09---,MATHEMATICS 9,False
1796,8,MPHE-09---,PHYSICAL AND HEALTH EDUCATION 9,False
1796,8,MSC--09---,SCIENCE 9,False
1796,8,MSS--09---,SOCIAL STUDIES 9,False
1796,8,XLDCB09M--,TECH ED 9: MECHANICS LD,False
1797,8,MADD-09---,ADST - Drafting 9,True
1797,8,MADGE09---,ADST 9 - General Explorations (Modules),True
1797,8,MEN--09---,ENGLISH LANGUAGE ARTS 9,False
1797,8,MMA--09H--,MATHEMATICS 9 HONOURS,False
1797,8,MPHE-09--L,PHYSICAL AND HEALTH EDUCATION 9 Linear,False
1797,8,MSC--09---,SCIENCE 9,False
1797,8,MSS--09---,SOCIAL STUDIES 9,False
1797,8,MWBDV10IT-,Information and Communications Technologies 10,False
1797,8,XBA--09C-L,CONCERT BAND 9 Linear,False
1797,8,XBA--09G--,CONCERT BAND 9 - Guitar,False
1797,8,XBA--09J-L,JAZZ BAND 9 LINEAR,False
1798,8,MADD-09---,ADST - Drafting 9,True
1798,8,MADEM10---,ADST ? ENTREPRENEURSHIP AND MARKETING 10,True
1798,8,MADGE09---,ADST 9 - General Explorations (Modules),False
1798,8,MEN--09C--,ENGLISH LANGUAGE ARTS 9 CHALLENGE,False
1798,8,MMA--09C--,MATHEMATICS 9 CHALLENGE,False
1798,8,MPHE-09---,PHYSICAL AND HEALTH EDUCATION 9,False
1798,8,MSC--09C--,SCIENCE 9: CHALLENGE,False
1798,8,MSS--09C--,SOCIAL STUDIES 9 CHALLENGE,False
1798,8,MVA--09---,VISUAL ARTS 9,False
1798,8,MWBDV10IT-,Information and Communications Technologies 10,False
1799,8,MADD-09---,ADST - Drafting 9,True
1799,8,MADER09---,ADST - Electronics and Robotics,True
1799,8,MADGE09---,ADST 9 - General Explorations (Modules),False
1799,8,MEN--09C--,ENGLISH LANGUAGE ARTS 9 CHALLENGE,False
1799,8,MFR--09---,FRENCH 9,False
1799,8,MMA--09C--,MATHEMATICS 9 CHALLENGE,False
1799,8,MPHE-09B--,PHYSICAL AND HEALTH EDUCATION 9 Boys,False
1799,8,MSC--09C--,SCIENCE 9: CHALLENGE,False
1799,8,MSS--09C--,SOCIAL STUDIES 9 CHALLENGE,False
1799,8,XLDCB09M--,TECH ED 9: MECHANICS LD,False
1800,8,MADW-09---,ADST - Woodwork 9,False
1800,8,MDR--09---,DRAMA 9,False
1800,8,MEN--09---,ENGLISH LANGUAGE ARTS 9,False
1800,8,MMA--09---,MATHEMATICS 9,False
1800,8,MPHE-09B--,PHYSICAL AND HEALTH EDUCATION 9 Boys,False
1800,8,MSC--09---,SCIENCE 9,False
1800,8,MSP--09---,SPANISH 9,False
1800,8,MSS--09---,SOCIAL STUDIES 9,False
1800,8,XBA--09G--,CONCERT BAND 9 - Guitar,True
1801,8,MDR--09---,DRAMA 9,False
1801,8,MEN--09---,ENGLISH LANGUAGE ARTS 9,False
1801,8,MMA--09---,MATHEMATICS 9,False
1801,8,MPHE-09G--,PHYSICAL AND HEALTH EDUCATION 9 Girls,False
1801,8,MPHE-09Y--,PHYSICAL AND HEALTH EDUCATION 9 Yoga for Mindfulns,True
1801,8,MSC--09---,SCIENCE 9,False
1801,8,MSP--09---,SPANISH 9,False
1801,8,MSS--09---,SOCIAL STUDIES 9,False
1801,8,MVA--09---,VISUAL ARTS 9,True
1801,8,XBA--09G--,CONCERT BAND 9 - Guitar,False
1801,8,XC---09--L,CONCERT CHOIR 9 Linear,False
1802,8,MADD-09---,ADST - Drafting 9,True
1802,8,MEN--09---,ENGLISH LANGUAGE ARTS 9,False
1802,8,MFR--09---,FRENCH 9,False
1802,8,MMA--09---,MATHEMATICS 9,False
1802,8,MPHE-09--L,PHYSICAL AND HEALTH EDUCATION 9 Linear,False
1802,8,MSC--09---,SCIENCE 9,False
1802,8,MSP--09---,SPANISH 9,True
1802,8,MSS--09---,SOCIAL STUDIES 9,False
1802,8,MVA--09---,VISUAL ARTS 9,False
1802,8,XBA--09C-L,CONCERT BAND 9 Linear,False
1802,8,XC---09--L,CONCERT CHOIR 9 Linear,False
1802,8,XLDCB09S-L,STRINGS 9 LINEAR,False
1803,8,MADER09---,ADST - Electronics and Robotics,True
1803,8,MDNC-09F--,DANCE 9 Foundations,False
1803,8,MDR--09---,DRAMA 9,True
1803,8,MEN--09---,ENGLISH LANGUAGE ARTS 9,False
1803,8,MPHE-09G--,PHYSICAL AND HEALTH EDUCATION 9 Girls,False
1803,8,MPHE-09Y--,PHYSICAL AND HEALTH EDUCATION 9 Yoga for Mindfulns,False
1803,8,MSC--09---,SCIENCE 9,False
1803,8,MSS--09---,SOCIAL STUDIES 9,False
1803,8,XC---09--L,CONCERT CHOIR 9 Linear,False
1803,8,XLDCB09LS-,LEARNING STRATEGIES 9 LD,False
1803,8,XLDCE09NM-,NUMERACY 9,False
1804,8,MADT-09---,ADST - Textiles 9,True
1804,8,MDNC-09F--,DANCE 9 Foundations,False
1804,8,MDNC-09H--,DANCE 9 HIP HOP,False
1804,8,MEN--09---,ENGLISH LANGUAGE ARTS 9,False
1804,8,MMA--09---,MATHEMATICS 9,False
1804,8,MPHE-09---,PHYSICAL AND HEALTH EDUCATION 9,False
1804,8,MSC--09---,SCIENCE 9,False
1804,8,MSS--09---,SOCIAL STUDIES 9,False
1804,8,MVA--09---,VISUAL ARTS 9,False
1804,8,XC---09--L,CONCERT CHOIR 9 Linear,False
1805,8,MADD-09---,ADST - Drafting 9,True
1805,8,MDNC-09H--,DANCE 9 HIP HOP,False
1805,8,MEN--09---,ENGLISH LANGUAGE ARTS 9,False
1805,8,MPHE-09G--,PHYSICAL AND HEALTH EDUCATION 9 Girls,False
1805,8,MSC--09---,SCIENCE 9,False
1805,8,MSP--09---,SPANISH 9,False
1805,8,MSS--09---,SOCIAL STUDIES 9,False
1805,8,MWBDV10IT-,Information and Communications Technologies 10,True
1805,8,XLDCB09LS-,LEARNING STRATEGIES 9 LD,False
1805,8,XLDCE09NM-,NUMERACY 9,False
1806,8,MADW-09---,ADST - Woodwork 9,False
1806,8,MEN--09---,ENGLISH LANGUAGE ARTS 9,False
1806,8,MPHE-09B--,PHYSICAL AND HEALTH EDUCATION 9 Boys,False
1806,8,MSC--09---,SCIENCE 9,False
1806,8,MSS--09---,SOCIAL STUDIES 9,False
1806,8,MVA--09---,VISUAL ARTS 9,True
1806,8,MWBDV10IT-,Information and Communications Technologies 10,False
1806,8,XLDCB09LS-,LEARNING STRATEGIES 9 LD,False
1806,8,XLDCB09M--,TECH ED 9: MECHANICS LD,True
1806,8,XLDCE09NM-,NUMERACY 9,False
1807,8,MADD-09---,ADST - Drafting 9,True
1807,8,MADEM10---,ADST ? ENTREPRENEURSHIP AND MARKETING 10,True
1807,8,MEN--09---,ENGLISH LANGUAGE ARTS 9,False
1807,8,MFR--11---,FRENCH 11,False
1807,8,MMA--09---,MATHEMATICS 9,False
1807,8,MPHE-09---,PHYSICAL AND HEALTH EDUCATION 9,False
1807,8,MSC--09---,SCIENCE 9,False
1807,8,MSS--09---,SOCIAL STUDIES 9,False
1807,8,MVA--09---,VISUAL ARTS 9,False
1807,8,MWBDV10IT-,Information and Communications Technologies 10,False
1808,8,MADEM10---,ADST ? ENTREPRENEURSHIP AND MARKETING 10,True
1808,8,MADER09---,ADST - Electronics and Robotics,False
1808,8,MADGE09---,ADST 9 - General Explorations (Modules),True
1808,8,MEN--09C--,ENGLISH LANGUAGE ARTS 9 CHALLENGE,False
1808,8,MMA--09C--,MATHEMATICS 9 CHALLENGE,False
1808,8,MPHE-09--L,PHYSICAL AND HEALTH EDUCATION 9 Linear,False
1808,8,MSC--09C--,SCIENCE 9: CHALLENGE,False
1808,8,MSS--09C--,SOCIAL STUDIES 9 CHALLENGE,False
1808,8,MWBDV10IT-,Information and Communications Technologies 10,False
1808,8,XBA--09C-L,CONCERT BAND 9 Linear,False
1808,8,XBA--09J-L,JAZZ BAND 9 LINEAR,False
1809,8,MADEM10---,ADST ? ENTREPRENEURSHIP AND MARKETING 10,False
1809,8,MADT-09---,ADST - Textiles 9,True
1809,8,MDNC-09H--,DANCE 9 HIP HOP,True
1809,8,MEN--09---,ENGLISH LANGUAGE ARTS 9,False
1809,8,MFR--11---,FRENCH 11,False
1809,8,MMA--09H--,MATHEMATICS 9 HONOURS,False
1809,8,MPHE-09--L,PHYSICAL AND HEALTH EDUCATION 9 Linear,False
1809,8,MSC--09---,SCIENCE 9,False
1809,8,MSS--09---,SOCIAL STUDIES 9,False
1809,8,XBA--09C-L,CONCERT BAND 9 Linear,False
1809,8,XLDCB09S-L,STRINGS 9 LINEAR,False
1810,8,MADD-09---,ADST - Drafting 9,False
1810,8,MADGE09---,ADST 9 - General Explorations (Modules),True
1810,8,MEN--09---,ENGLISH LANGUAGE ARTS 9,False
1810,8,MFR--09---,FRENCH 9,False
1810,8,MMA--09---,MATHEMATICS 9,False
1810,8,MPHE-09G--,PHYSICAL AND HEALTH EDUCATION 9 Girls,False
1810,8,MSC--09---,SCIENCE 9,False
1810,8,MSS--09---,SOCIAL STUDIES 9,False
1810,8,MWBDV10IT-,Information and Communications Technologies 10,False
1810,8,XLDCB09M--,TECH ED 9: MECHANICS LD,True
1811,8,MADEM10---,ADST ? ENTREPRENEURSHIP AND MARKETING 10,True
1811,8,MADGE09---,ADST 9 - General Explorations (Modules),False
1811,8,MADT-09---,ADST - Textiles 9,True
1811,8,MADW-09---,ADST - Woodwork 9,False
1811,8,MEN--09---,ENGLISH LANGUAGE ARTS 9,False
1811,8,MFR--11---,FRENCH 11,False
1811,8,MMA--09---,MATHEMATICS 9,False
1811,8,MPHE-09G--,PHYSICAL AND HEALTH EDUCATION 9 Girls,False
1811,8,MSC--09---,SCIENCE 9,False
1811,8,MSS--09---,SOCIAL STUDIES 9,False
1812,8,MADD-09---,ADST - Drafting 9,True
1812,8,MADEM10---,ADST ? ENTREPRENEURSHIP AND MARKETING 10,False
1812,8,MADW-09---,ADST - Woodwork 9,True
1812,8,MEN--09E--,ENGLISH 9 FOR ELL,False
1812,8,MMA--09---,MATHEMATICS 9,False
1812,8,MPHE-09B--,PHYSICAL AND HEALTH EDUCATION 9 Boys,False
1812,8,MSC--09---,SCIENCE 9,False
1812,8,MSS--09---,SOCIAL STUDIES 9,False
1812,8,MVA--09---,VISUAL ARTS 9,False
1812,8,MWBDV10IT-,Information and Communications Technologies 10,False
1813,8,MADD-09---,ADST - Drafting 9,False
1813,8,MDNC-09H--,DANCE 9 HIP HOP,True
1813,8,MEN--09---,ENGLISH LANGUAGE ARTS 9,False
1813,8,MFR--11---,FRENCH 11,False
1813,8,MMA--09H--,MATHEMATICS 9 HONOURS,False
1813,8,MPHE-09B--,PHYSICAL AND HEALTH EDUCATION 9 Boys,False
1813,8,MSC--09---,SCIENCE 9,False
1813,8,MSS--09---,SOCIAL STUDIES 9,False
1813,8,MWBDV10IT-,Information and Communications Technologies 10,False
1813,8,XBA--09C-L,CONCERT BAND 9 Linear,True
1814,8,MADD-09---,ADST - Drafting 9,False
1814,8,MADGE09---,ADST 9 - General Explorations (Modules),False
1814,8,MEN--09C--,ENGLISH LANGUAGE ARTS 9 CHALLENGE,False
1814,8,MMA--09C--,MATHEMATICS 9 CHALLENGE,False
1814,8,MPHE-09---,PHYSICAL AND HEALTH EDUCATION 9,False
1814,8,MSC--09C--,SCIENCE 9: CHALLENGE,False
1814,8,MSS--09C--,SOCIAL STUDIES 9 CHALLENGE,False
1814,8,MWBDV10IT-,Information and Communications Technologies 10,False
1814,8,XBA--09C-L,CONCERT BAND 9 Linear,True
1814,8,XLDCB09M--,TECH ED 9: MECHANICS LD,True
1815,8,MADER09---,ADST - Electronics and Robotics,True
1815,8,MADGE09---,ADST 9 - General Explorations (Modules),False
1815,8,MADW-09---,ADST - Woodwork 9,True
1815,8,MEN--09---,ENGLISH LANGUAGE ARTS 9,False
1815,8,MMA--09---,MATHEMATICS 9,False
1815,8,MPHE-09G--,PHYSICAL AND HEALTH EDUCATION 9 Girls,False
1815,8,MSC--09---,SCIENCE 9,False
1815,8,MSP--09---,SPANISH 9,False
1815,8,MSS--09---,SOCIAL STUDIES 9,False
1815,8,MVA--09---,VISUAL ARTS 9,False
1816,8,MADT-09---,ADST - Textiles 9,False
1816,8,MADW-09---,ADST - Woodwork 9,False
1816,8,MEN--09---,ENGLISH LANGUAGE ARTS 9,False
1816,8,MPHE-09G--,PHYSICAL AND HEALTH EDUCATION 9 Girls,False
1816,8,MSC--09---,SCIENCE 9,False
1816,8,MSS--09---,SOCIAL STUDIES 9,False
1816,8,MVA--09---,VISUAL ARTS 9,False
1816,8,XBA--09C-L,CONCERT BAND 9 Linear,True
1816,8,XLDCE09NM-,NUMERACY 9,False
1817,8,MADGE09---,ADST 9 - General Explorations (Modules),True
1817,8,MADW-09---,ADST - Woodwork 9,False
1817,8,MDR--09---,DRAMA 9,True
1817,8,MEN--09---,ENGLISH LANGUAGE ARTS 9,False
1817,8,MMA--09---,MATHEMATICS 9,False
1817,8,MPHE-09FB-,PHYSICAL AND HEALTH EDUCATION 9 Football,False
1817,8,MSC--09---,SCIENCE 9,False
1817,8,MSP--09---,SPANISH 9,False
1817,8,MSS--09---,SOCIAL STUDIES 9,False
1817,8,YHRA-0AX--,CROSS TRAINING 10,False
1818,8,MADEM10---,ADST ? ENTREPRENEURSHIP AND MARKETING 10,True
1818,8,MADT-09---,ADST - Textiles 9,False
1818,8,MDR--09---,DRAMA 9,True
1818,8,MEN--09---,ENGLISH LANGUAGE ARTS 9,False
1818,8,MFR--09---,FRENCH 9,False
1818,8,MPHE-09G--,PHYSICAL AND HEALTH EDUCATION 9 Girls,False
1818,8,MSC--09---,SCIENCE 9,False
1818,8,MSS--09---,SOCIAL STUDIES 9,False
1818,8,MVA--09---,VISUAL ARTS 9,False
1818,8,XC---09--L,CONCERT CHOIR 9 Linear,False
1818,8,XLDCE09NM-,NUMERACY 9,False
1819,8,MADGE09---,ADST 9 - General Explorations (Modules),False
1819,8,MADW-09---,ADST - Woodwork 9,True
1819,8,MEN--09---,ENGLISH LANGUAGE ARTS 9,False
1819,8,MFR--09---,FRENCH 9,False
1819,8,MMA--09---,MATHEMATICS 9,False
1819,8,MPHE-09FB-,PHYSICAL AND HEALTH EDUCATION 9 Football,False
1819,8,MSC--09---,SCIENCE 9,False
1819,8,MSS--09---,SOCIAL STUDIES 9,False
1819,8,XLDCB09M--,TECH ED 9: MECHANICS LD,True
1819,8,YHRA-0AX--,CROSS TRAINING 10,False
1820,8,MADD-09---,ADST - Drafting 9,False
1820,8,MADGE09---,ADST 9 - General Explorations (Modules),False
1820,8,MADW-09---,ADST - Woodwork 9,True
1820,8,MEN--09---,ENGLISH LANGUAGE ARTS 9,False
1820,8,MFR--09---,FRENCH 9,False
1820,8,MMA--09---,MATHEMATICS 9,False
1820,8,MPHE-09B--,PHYSICAL AND HEALTH EDUCATION 9 Boys,False
1820,8,MSC--09---,SCIENCE 9,False
1820,8,MSS--09---,SOCIAL STUDIES 9,False
1820,8,XLDCB09M--,TECH ED 9: MECHANICS LD,True
1821,8,MADER09---,ADST - Electronics and Robotics,False
1821,8,MADGE09---,ADST 9 - General Explorations (Modules),False
1821,8,MADW-09---,ADST - Woodwork 9,True
1821,8,MEN--09---,ENGLISH LANGUAGE ARTS 9,False
1821,8,MMA--09---,MATHEMATICS 9,False
1821,8,MPHE-09B--,PHYSICAL AND HEALTH EDUCATION 9 Boys,False
1821,8,MSC--09---,SCIENCE 9,False
1821,8,MSS--09---,SOCIAL STUDIES 9,False
1821,8,XLDCB09LS-,LEARNING STRATEGIES 9 LD,False
1821,8,XLDCB09M--,TECH ED 9: MECHANICS LD,True
1822,8,MADD-09---,ADST - Drafting 9,True
1822,8,MADW-09---,ADST - Woodwork 9,False
1822,8,MEN--09---,ENGLISH LANGUAGE ARTS 9,False
1822,8,MFR--09---,FRENCH 9,False
1822,8,MMA--09---,MATHEMATICS 9,False
1822,8,MPHE-09B--,PHYSICAL AND HEALTH EDUCATION 9 Boys,False
1822,8,MSC--09---,SCIENCE 9,False
1822,8,MSS--09---,SOCIAL STUDIES 9,False
1822,8,MVA--09---,VISUAL ARTS 9,True
1822,8,XLDCB09M--,TECH ED 9: MECHANICS LD,False
1823,8,MADEM10---,ADST ? ENTREPRENEURSHIP AND MARKETING 10,True
1823,8,MADT-09---,ADST - Textiles 9,False
1823,8,MEN--09---,ENGLISH LANGUAGE ARTS 9,False
1823,8,MMA--09---,MATHEMATICS 9,False
1823,8,MPHE-09--L,PHYSICAL AND HEALTH EDUCATION 9 Linear,False
1823,8,MSC--09---,SCIENCE 9,False
1823,8,MSP--09---,SPANISH 9,False
1823,8,MSS--09---,SOCIAL STUDIES 9,False
1823,8,MVA--09---,VISUAL ARTS 9,True
1823,8,XBA--09C-L,CONCERT BAND 9 Linear,False
1823,8,XBA--09J-L,JAZZ BAND 9 LINEAR,False
1824,8,MADGE09---,ADST 9 - General Explorations (Modules),True
1824,8,MEN--09---,ENGLISH LANGUAGE ARTS 9,False
1824,8,MFR--11---,FRENCH 11,False
1824,8,MMA--09---,MATHEMATICS 9,False
1824,8,MPHE-09--L,PHYSICAL AND HEALTH EDUCATION 9 Linear,False
1824,8,MSC--09---,SCIENCE 9,False
1824,8,MSS--09---,SOCIAL STUDIES 9,False
1824,8,MVA--09---,VISUAL ARTS 9,False
1824,8,XBA--09C-L,CONCERT BAND 9 Linear,False
1824,8,XBA--09G--,CONCERT BAND 9 - Guitar,True
1824,8,XBA--09J-L,JAZZ BAND 9 LINEAR,False
1825,8,MADEM10---,ADST ? ENTREPRENEURSHIP AND MARKETING 10,False
1825,8,MADER09---,ADST - Electronics and Robotics,True
1825,8,MDR--09---,DRAMA 9,False
1825,8,MEN--09---,ENGLISH LANGUAGE ARTS 9,False
1825,8,MFR--11---,FRENCH 11,True
1825,8,MMA--09---,MATHEMATICS 9,False
1825,8,MPHE-09--L,PHYSICAL AND HEALTH EDUCATION 9 Linear,False
1825,8,MSC--09---,SCIENCE 9,False
1825,8,MSS--09---,SOCIAL STUDIES 9,False
1825,8,MWBDV10IT-,Information and Communications Technologies 10,True
1825,8,XBA--09C-L,CONCERT BAND 9 Linear,True
1825,8,XLDCB09LSL,LEARNING STRATEGIES 9 LD LINEAR,False
1826,8,MADER09---,ADST - Electronics and Robotics,False
1826,8,MADGE09---,ADST 9 - General Explorations (Modules),False
1826,8,MEN--09C--,ENGLISH LANGUAGE ARTS 9 CHALLENGE,False
1826,8,MFR--09---,FRENCH 9,True
1826,8,MMA--09C--,MATHEMATICS 9 CHALLENGE,False
1826,8,MPHE-09G--,PHYSICAL AND HEALTH EDUCATION 9 Girls,False
1826,8,MSC--09C--,SCIENCE 9: CHALLENGE,False
1826,8,MSS--09C--,SOCIAL STUDIES 9 CHALLENGE,False
1826,8,MWBDV10IT-,Information and Communications Technologies 10,True
1826,8,XLDCB09M--,TECH ED 9: MECHANICS LD,False
1827,8,MADEM10---,ADST ? ENTREPRENEURSHIP AND MARKETING 10,False
1827,8,MADT-09---,ADST - Textiles 9,True
1827,8,MDR--09---,DRAMA 9,True
1827,8,MEN--09---,ENGLISH LANGUAGE ARTS 9,False
1827,8,MMA--09---,MATHEMATICS 9,False
1827,8,MPHE-09--L,PHYSICAL AND HEALTH EDUCATION 9 Linear,False
1827,8,MSC--09---,SCIENCE 9,False
1827,8,MSS--09---,SOCIAL STUDIES 9,False
1827,8,MVA--09---,VISUAL ARTS 9,False
1827,8,XBA--09C-L,CONCERT BAND 9 Linear,False
1828,8,MADEM10---,ADST ? ENTREPRENEURSHIP AND MARKETING 10,False
1828,8,MDR--09---,DRAMA 9,True
1828,8,MEN--09C--,ENGLISH LANGUAGE ARTS 9 CHALLENGE,False
1828,8,MMA--09C--,MATHEMATICS 9 CHALLENGE,False
1828,8,MPHE-09--L,PHYSICAL AND HEALTH EDUCATION 9 Linear,False
1828,8,MSC--09C--,SCIENCE 9: CHALLENGE,False
1828,8,MSP--09---,SPANISH 9,True
1828,8,MSS--09C--,SOCIAL STUDIES 9 CHALLENGE,False
1828,8,MVA--09---,VISUAL ARTS 9,False
1828,8,XBA--09C-L,CONCERT BAND 9 Linear,False
1829,8,MADD-09---,ADST - Drafting 9,True
1829,8,MADT-09---,ADST - Textiles 9,False
1829,8,MADW-09---,ADST - Woodwork 9,False
1829,8,MDR--09---,DRAMA 9,True
1829,8,MEN--09---,ENGLISH LANGUAGE ARTS 9,False
1829,8,MMA--09---,MATHEMATICS 9,False
1829,8,MPHE-09---,PHYSICAL AND HEALTH EDUCATION 9,False
1829,8,MSC--09---,SCIENCE 9,False
1829,8,MSP--09---,SPANISH 9,True
1829,8,MSS--09---,SOCIAL STUDIES 9,False
1829,8,MVA--09---,VISUAL ARTS 9,False
1829,8,XLDCB09M--,TECH ED 9: MECHANICS LD,True
1830,8,MADEM10---,ADST ? ENTREPRENEURSHIP AND MARKETING 10,True
1830,8,MADT-09---,ADST - Textiles 9,False
1830,8,MDR--09---,DRAMA 9,False
1830,8,MEN--09---,ENGLISH LANGUAGE ARTS 9,False
1830,8,MMA--09---,MATHEMATICS 9,False
1830,8,MPHE-09G--,PHYSICAL AND HEALTH EDUCATION 9 Girls,False
1830,8,MSC--09---,SCIENCE 9,False
1830,8,MSS--09---,SOCIAL STUDIES 9,False
1830,8,MVA--09---,VISUAL ARTS 9,False
1831,8,MADEM10---,ADST ? ENTREPRENEURSHIP AND MARKETING 10,False
1831,8,MADGE09---,ADST 9 - General Explorations (Modules),False
1831,8,MEN--09---,ENGLISH LANGUAGE ARTS 9,False
1831,8,MMA--09---,MATHEMATICS 9,False
1831,8,MPHE-09B--,PHYSICAL AND HEALTH EDUCATION 9 Boys,False
1831,8,MSC--09---,SCIENCE 9,False
1831,8,MSP--09---,SPANISH 9,False
1831,8,MSS--09---,SOCIAL STUDIES 9,False
1831,8,MWBDV10IT-,Information and Communications Technologies 10,True
1831,8,XLDCB09M--,TECH ED 9: MECHANICS LD,True
1832,8,MADD-09---,ADST - Drafting 9,False
1832,8,MADEM10---,ADST ? ENTREPRENEURSHIP AND MARKETING 10,True
1832,8,MADER09---,ADST - Electronics and Robotics,False
1832,8,MADW-09---,ADST - Woodwork 9,True
1832,8,MEN--09---,ENGLISH LANGUAGE ARTS 9,False
1832,8,MMA--09---,MATHEMATICS 9,False
1832,8,MPHE-09B--,PHYSICAL AND HEALTH EDUCATION 9 Boys,False
1832,8,MSC--09---,SCIENCE 9,False
1832,8,MSS--09---,SOCIAL STUDIES 9,False
1832,8,MWBDV10IT-,Information and Communications Technologies 10,False
1833,8,MADEM10---,ADST ? ENTREPRENEURSHIP AND MARKETING 10,False
1833,8,MADGE09---,ADST 9 - General Explorations (Modules),True
1833,8,MEN--09C--,ENGLISH LANGUAGE ARTS 9 CHALLENGE,False
1833,8,MFR--11---,FRENCH 11,False
1833,8,MMA--09C--,MATHEMATICS 9 CHALLENGE,False
1833,8,MPHE-09---,PHYSICAL AND HEALTH EDUCATION 9,False
1833,8,MSC--09C--,SCIENCE 9: CHALLENGE,False
1833,8,MSS--09C--,SOCIAL STUDIES 9 CHALLENGE,False
1833,8,MWBDV10IT-,Information and Communications Technologies 10,False
1833,8,XBA--09C-L,CONCERT BAND 9 Linear,True
1834,8,MDNC-09C-L,DANCE 9 Choreography Linear,False
1834,8,MDNC-09H--,DANCE 9 HIP HOP,False
1834,8,MDNC-09M-L,DANCE 9 Company: Platform 61 Linear,False
1834,8,MEN--09---,ENGLISH LANGUAGE ARTS 9,False
1834,8,MFR--09---,FRENCH 9,False
1834,8,MMA--09---,MATHEMATICS 9,False
1834,8,MPHE-09G--,PHYSICAL AND HEALTH EDUCATION 9 Girls,False
1834,8,MSC--09---,SCIENCE 9,False
1834,8,MSP--09---,SPANISH 9,False
1834,8,MSS--09---,SOCIAL STUDIES 9,False
1835,8,MADEM10---,ADST ? ENTREPRENEURSHIP AND MARKETING 10,True
1835,8,MDNC-09PT-,DANCE 9 Performance and Technique,False
1835,8,MEN--09---,ENGLISH LANGUAGE ARTS 9,False
1835,8,MFR--09---,FRENCH 9,True
1835,8,MMA--09H--,MATHEMATICS 9 HONOURS,False
1835,8,MPHE-09--L,PHYSICAL AND HEALTH EDUCATION 9 Linear,False
1835,8,MSC--09---,SCIENCE 9,False
1835,8,MSS--09---,SOCIAL STUDIES 9,False
1835,8,MVA--09---,VISUAL ARTS 9,False
1835,8,XBA--09C-L,CONCERT BAND 9 Linear,False
1835,8,XC---09--L,CONCERT CHOIR 9 Linear,False
1836,8,MADT-09---,ADST - Textiles 9,True
1836,8,MDNC-09H--,DANCE 9 HIP HOP,False
1836,8,MEN--09---,ENGLISH LANGUAGE ARTS 9,False
1836,8,MFR--09---,FRENCH 9,True
1836,8,MMA--09---,MATHEMATICS 9,False
1836,8,MPHE-09G--,PHYSICAL AND HEALTH EDUCATION 9 Girls,False
1836,8,MSC--09---,SCIENCE 9,False
1836,8,MSP--09---,SPANISH 9,False
1836,8,MSS--09---,SOCIAL STUDIES 9,False
1836,8,MWBDV10IT-,Information and Communications Technologies 10,False
1837,8,MDNC-09H--,DANCE 9 HIP HOP,False
1837,8,MDR--09---,DRAMA 9,False
1837,8,MEN--09---,ENGLISH LANGUAGE ARTS 9,False
1837,8,MFR--09---,FRENCH 9,True
1837,8,MMA--09---,MATHEMATICS 9,False
1837,8,MPHE-09G--,PHYSICAL AND HEALTH EDUCATION 9 Girls,False
1837,8,MPHE-09Y--,PHYSICAL AND HEALTH EDUCATION 9 Yoga for Mindfulns,False
1837,8,MSC--09---,SCIENCE 9,False
1837,8,MSS--09---,SOCIAL STUDIES 9,False
1838,8,MADD-09---,ADST - Drafting 9,False
1838,8,MADGE09---,ADST 9 - General Explorations (Modules),True
1838,8,MADW-09---,ADST - Woodwork 9,True
1838,8,MEN--09C--,ENGLISH LANGUAGE ARTS 9 CHALLENGE,False
1838,8,MMA--09C--,MATHEMATICS 9 CHALLENGE,False
1838,8,MPHE-09B--,PHYSICAL AND HEALTH EDUCATION 9 Boys,False
1838,8,MSC--09C--,SCIENCE 9: CHALLENGE,False
1838,8,MSP--09---,SPANISH 9,False
1838,8,MSS--09C--,SOCIAL STUDIES 9 CHALLENGE,False
1838,8,XLDCB09M--,TECH ED 9: MECHANICS LD,False
1839,8,MADGE09---,ADST 9 - General Explorations (Modules),True
1839,8,MADW-09---,ADST - Woodwork 9,False
1839,8,MEN--09---,ENGLISH LANGUAGE ARTS 9,False
1839,8,MFR--09---,FRENCH 9,True
1839,8,MPHE-09G--,PHYSICAL AND HEALTH EDUCATION 9 Girls,False
1839,8,MSC--09---,SCIENCE 9,False
1839,8,MSS--09---,SOCIAL STUDIES 9,False
1839,8,MVA--09---,VISUAL ARTS 9,False
1839,8,XBA--09G--,CONCERT BAND 9 - Guitar,False
1839,8,XC---09--L,CONCERT CHOIR 9 Linear,False
1839,8,XLDCE09NM-,NUMERACY 9,False
1840,8,MADD-09---,ADST - Drafting 9,False
1840,8,MADEM10---,ADST ? ENTREPRENEURSHIP AND MARKETING 10,True
1840,8,MADER09---,ADST - Electronics and Robotics,False
1840,8,MADGE09---,ADST 9 - General Explorations (Modules),True
1840,8,MEN--09---,ENGLISH LANGUAGE ARTS 9,False
1840,8,MMA--09H--,MATHEMATICS 9 HONOURS,False
1840,8,MPHE-09---,PHYSICAL AND HEALTH EDUCATION 9,False
1840,8,MSC--09---,SCIENCE 9,False
1840,8,MSS--09---,SOCIAL STUDIES 9,False
1840,8,XBA--09G--,CONCERT BAND 9 - Guitar,False
1841,8,MADEM10---,ADST ? ENTREPRENEURSHIP AND MARKETING 10,True
1841,8,MADW-09---,ADST - Woodwork 9,True
1841,8,MEN--09---,ENGLISH LANGUAGE ARTS 9,False
1841,8,MFR--09---,FRENCH 9,False
1841,8,MMA--09H--,MATHEMATICS 9 HONOURS,False
1841,8,MPHE-09B--,PHYSICAL AND HEALTH EDUCATION 9 Boys,False
1841,8,MSC--09---,SCIENCE 9,False
1841,8,MSP--09---,SPANISH 9,False
1841,8,MSS--09---,SOCIAL STUDIES 9,False
1841,8,XBA--09G--,CONCERT BAND 9 - Guitar,False
1842,8,MADD-09---,ADST - Drafting 9,True
1842,8,MADER09---,ADST - Electronics and Robotics,True
1842,8,MADGE09---,ADST 9 - General Explorations (Modules),False
1842,8,MEN--09E--,ENGLISH 9 FOR ELL,False
1842,8,MMA--09---,MATHEMATICS 9,False
1842,8,MPHE-09B--,PHYSICAL AND HEALTH EDUCATION 9 Boys,False
1842,8,MSC--09---,SCIENCE 9,False
1842,8,MSS--09---,SOCIAL STUDIES 9,False
1842,8,MVA--09---,VISUAL ARTS 9,False
1842,8,MWBDV10IT-,Information and Communications Technologies 10,False
1843,8,MDNC-09C-L,DANCE 9 Choreography Linear,False
1843,8,MDNC-09H--,DANCE 9 HIP HOP,True
1843,8,MDNC-09M-L,DANCE 9 Company: Platform 61 Linear,False
1843,8,MDNC-09PT-,DANCE 9 Performance and Technique,False
1843,8,MEN--09---,ENGLISH LANGUAGE ARTS 9,False
1843,8,MFR--09---,FRENCH 9,False
1843,8,MMA--09---,MATHEMATICS 9,False
1843,8,MPHE-09G--,PHYSICAL AND HEALTH EDUCATION 9 Girls,False
1843,8,MSC--09---,SCIENCE 9,False
1843,8,MSS--09---,SOCIAL STUDIES 9,False
1843,8,MVA--09---,VISUAL ARTS 9,False
1844,8,MADEM10---,ADST ? ENTREPRENEURSHIP AND MARKETING 10,False
1844,8,MADT-09---,ADST - Textiles 9,True
1844,8,MDNC-09F--,DANCE 9 Foundations,False
1844,8,MEN--09---,ENGLISH LANGUAGE ARTS 9,False
1844,8,MFR--09---,FRENCH 9,False
1844,8,MMA--09---,MATHEMATICS 9,False
1844,8,MPHE-09G--,PHYSICAL AND HEALTH EDUCATION 9 Girls,False
1844,8,MSC--09---,SCIENCE 9,False
1844,8,MSS--09---,SOCIAL STUDIES 9,False
1844,8,MVA--09---,VISUAL ARTS 9,True
1845,8,MADD-09---,ADST - Drafting 9,True
1845,8,MDNC-09PT-,DANCE 9 Performance and Technique,False
1845,8,MEN--09C--,ENGLISH LANGUAGE ARTS 9 CHALLENGE,False
1845,8,MFR--09---,FRENCH 9,False
1845,8,MMA--09C--,MATHEMATICS 9 CHALLENGE,False
1845,8,MPHE-09---,PHYSICAL AND HEALTH EDUCATION 9,False
1845,8,MSC--09C--,SCIENCE 9: CHALLENGE,False
1845,8,MSS--09C--,SOCIAL STUDIES 9 CHALLENGE,False
1845,8,MVA--09---,VISUAL ARTS 9,False
1845,8,MWBDV10IT-,Information and Communications Technologies 10,True
1845,8,XC---09--L,CONCERT CHOIR 9 Linear,False
1846,8,MADD-09---,ADST - Drafting 9,True
1846,8,MADGE09---,ADST 9 - General Explorations (Modules),True
1846,8,MDNC-09F--,DANCE 9 Foundations,False
1846,8,MEN--09---,ENGLISH LANGUAGE ARTS 9,False
1846,8,MMA--09---,MATHEMATICS 9,False
1846,8,MPHE-09G--,PHYSICAL AND HEALTH EDUCATION 9 Girls,False
1846,8,MSC--09---,SCIENCE 9,False
1846,8,MSS--09---,SOCIAL STUDIES 9,False
1846,8,MVA--09---,VISUAL ARTS 9,False
1846,8,MWBDV10IT-,Information and Communications Technologies 10,False
1847,8,MADD-09---,ADST - Drafting 9,False
1847,8,MADEM10---,ADST ? ENTREPRENEURSHIP AND MARKETING 10,True
1847,8,MADER09---,ADST - Electronics and Robotics,True
1847,8,MADGE09---,ADST 9 - General Explorations (Modules),False
1847,8,MEN--09C--,ENGLISH LANGUAGE ARTS 9 CHALLENGE,False
1847,8,MMA--09C--,MATHEMATICS 9 CHALLENGE,False
1847,8,MPHE-09---,PHYSICAL AND HEALTH EDUCATION 9,False
1847,8,MSC--09C--,SCIENCE 9: CHALLENGE,False
1847,8,MSS--09C--,SOCIAL STUDIES 9 CHALLENGE,False
1847,8,MWBDV10IT-,Information and Communications Technologies 10,False
1848,8,MDR--09---,DRAMA 9,True
1848,8,MEN--09---,ENGLISH LANGUAGE ARTS 9,False
1848,8,MMA--09---,MATHEMATICS 9,False
1848,8,MPHE-09G--,PHYSICAL AND HEALTH EDUCATION 9 Girls,False
1848,8,MPHE-09Y--,PHYSICAL AND HEALTH EDUCATION 9 Yoga for Mindfulns,False
1849,8,MADEM10---,ADST ? ENTREPRENEURSHIP AND MARKETING 10,False
1849,8,MADT-09---,ADST - Textiles 9,False
1849,8,MDR--09---,DRAMA 9,True
1849,8,MEN--09---,ENGLISH LANGUAGE ARTS 9,False
1849,8,MFR--09---,FRENCH 9,False
1849,8,MMA--09---,MATHEMATICS 9,False
1849,8,MPHE-09---,PHYSICAL AND HEALTH EDUCATION 9,False
1849,8,MSC--09---,SCIENCE 9,False
1849,8,MSS--09---,SOCIAL STUDIES 9,False
1849,8,MVA--09---,VISUAL ARTS 9,True
1849,8,XC---09--L,CONCERT CHOIR 9 Linear,False
1850,8,MADD-09---,ADST - Drafting 9,False
1850,8,MADEM10---,ADST ? ENTREPRENEURSHIP AND MARKETING 10,True
1850,8,MADT-09---,ADST - Textiles 9,False
1850,8,MADW-09---,ADST - Woodwork 9,True
1850,8,MEN--09---,ENGLISH LANGUAGE ARTS 9,False
1850,8,MMA--09H--,MATHEMATICS 9 HONOURS,False
1850,8,MPHE-09G--,PHYSICAL AND HEALTH EDUCATION 9 Girls,False
1850,8,MSC--09---,SCIENCE 9,False
1850,8,MSS--09---,SOCIAL STUDIES 9,False
1850,8,MVA--09---,VISUAL ARTS 9,False
1850,8,XLDCB09S-L,STRINGS 9 LINEAR,False
1851,8,MADD-09---,ADST - Drafting 9,False
1851,8,MADER09---,ADST - Electronics and Robotics,True
1851,8,MADGE09---,ADST 9 - General Explorations (Modules),True
1851,8,MEN--09---,ENGLISH LANGUAGE ARTS 9,False
1851,8,MMA--09H--,MATHEMATICS 9 HONOURS,False
1851,8,MPHE-09--L,PHYSICAL AND HEALTH EDUCATION 9 Linear,False
1851,8,MSC--09---,SCIENCE 9,False
1851,8,MSS--09---,SOCIAL STUDIES 9,False
1851,8,MWBDV10IT-,Information and Communications Technologies 10,False
1851,8,XBA--09C-L,CONCERT BAND 9 Linear,False
1852,8,MADD-09---,ADST - Drafting 9,False
1852,8,MADT-09---,ADST - Textiles 9,True
1852,8,MADW-09---,ADST - Woodwork 9,False
1852,8,MEN--09E--,ENGLISH 9 FOR ELL,False
1852,8,MFR--09---,FRENCH 9,True
1852,8,MPHE-09G--,PHYSICAL AND HEALTH EDUCATION 9 Girls,False
1852,8,MSC--09---,SCIENCE 9,False
1852,8,MSS--09---,SOCIAL STUDIES 9,False
1852,8,MVA--09---,VISUAL ARTS 9,False
1852,8,XLDCE09NM-,NUMERACY 9,False
1853,8,MADT-09---,ADST - Textiles 9,True
1853,8,MDNC-09H--,DANCE 9 HIP HOP,False
1853,8,MEN--09---,ENGLISH LANGUAGE ARTS 9,False
1853,8,MFR--09---,FRENCH 9,True
1853,8,MMA--09---,MATHEMATICS 9,False
1853,8,MPHE-09G--,PHYSICAL AND HEALTH EDUCATION 9 Girls,False
1853,8,MSC--09---,SCIENCE 9,False
1853,8,MSP--09---,SPANISH 9,False
1853,8,MSS--09---,SOCIAL STUDIES 9,False
1853,8,MWBDV10IT-,Information and Communications Technologies 10,False
1854,8,MDNC-09PT-,DANCE 9 Performance and Technique,True
1854,8,MEN--09E--,ENGLISH 9 FOR ELL,False
1854,8,MFR--09---,FRENCH 9,True
1854,8,MMA--09H--,MATHEMATICS 9 HONOURS,False
1854,8,MPHE-09G--,PHYSICAL AND HEALTH EDUCATION 9 Girls,False
1854,8,MSC--09---,SCIENCE 9,False
1854,8,MSS--09---,SOCIAL STUDIES 9,False
1854,8,MVA--09---,VISUAL ARTS 9,False
1854,8,XBA--09G--,CONCERT BAND 9 - Guitar,False
1854,8,XLDCB09LS-,LEARNING STRATEGIES 9 LD,False
1855,8,MADEM10---,ADST ? ENTREPRENEURSHIP AND MARKETING 10,False
1855,8,MADGE09---,ADST 9 - General Explorations (Modules),False
1855,8,MEN--09C--,ENGLISH LANGUAGE ARTS 9 CHALLENGE,False
1855,8,MMA--09C--,MATHEMATICS 9 CHALLENGE,False
1855,8,MPHE-09---,PHYSICAL AND HEALTH EDUCATION 9,False
1855,8,MSC--09C--,SCIENCE 9: CHALLENGE,False
1855,8,MSS--09C--,SOCIAL STUDIES 9 CHALLENGE,False
1855,8,MVA--09---,VISUAL ARTS 9,True
1855,8,XBA--09C-L,CONCERT BAND 9 Linear,True
1855,8,XLDCB09M--,TECH ED 9: MECHANICS LD,False
1855,8,XLDCB09S-L,STRINGS 9 LINEAR,False
1856,8,MADER09---,ADST - Electronics and Robotics,True
1856,8,MADGE09---,ADST 9 - General Explorations (Modules),False
1856,8,MEN--09C--,ENGLISH LANGUAGE ARTS 9 CHALLENGE,False
1856,8,MFR--11---,FRENCH 11,False
1856,8,MMA--09C--,MATHEMATICS 9 CHALLENGE,False
1856,8,MPHE-09---,PHYSICAL AND HEALTH EDUCATION 9,False
1856,8,MSC--09C--,SCIENCE 9: CHALLENGE,False
1856,8,MSS--09C--,SOCIAL STUDIES 9 CHALLENGE,False
1856,8,MWBDV10IT-,Information and Communications Technologies 10,False
1856,8,XLDCB09LS-,LEARNING STRATEGIES 9 LD,True
1857,8,MADEM10---,ADST ? ENTREPRENEURSHIP AND MARKETING 10,True
1857,8,MADER09---,ADST - Electronics and Robotics,False
1857,8,MDNC-09H--,DANCE 9 HIP HOP,False
1857,8,MDR--09---,DRAMA 9,True
1857,8,MEN--09C--,ENGLISH LANGUAGE ARTS 9 CHALLENGE,False
1857,8,MFR--09---,FRENCH 9,False
1857,8,MMA--09C--,MATHEMATICS 9 CHALLENGE,False
1857,8,MPHE-09B--,PHYSICAL AND HEALTH EDUCATION 9 Boys,False
1857,8,MSC--09C--,SCIENCE 9: CHALLENGE,False
1857,8,MSS--09C--,SOCIAL STUDIES 9 CHALLENGE,False
1858,8,MADD-09---,ADST - Drafting 9,True
1858,8,MADER09---,ADST - Electronics and Robotics,True
1858,8,MADGE09---,ADST 9 - General Explorations (Modules),False
1858,8,MEN--09---,ENGLISH LANGUAGE ARTS 9,False
1858,8,MFR--09---,FRENCH 9,False
1858,8,MMA--09---,MATHEMATICS 9,False
1858,8,MPHE-09---,PHYSICAL AND HEALTH EDUCATION 9,False
1858,8,MSC--09---,SCIENCE 9,False
1858,8,MSS--09---,SOCIAL STUDIES 9,False
1858,8,MWBDV10IT-,Information and Communications Technologies 10,False
1859,8,MADEM10---,ADST ? ENTREPRENEURSHIP AND MARKETING 10,False
1859,8,MADGE09---,ADST 9 - General Explorations (Modules),True
1859,8,MEN--09C--,ENGLISH LANGUAGE ARTS 9 CHALLENGE,False
1859,8,MMA--09C--,MATHEMATICS 9 CHALLENGE,False
1859,8,MPHE-09B--,PHYSICAL AND HEALTH EDUCATION 9 Boys,False
1859,8,MSC--09C--,SCIENCE 9: CHALLENGE,False
1859,8,MSP--09---,SPANISH 9,False
1859,8,MSS--09C--,SOCIAL STUDIES 9 CHALLENGE,False
1859,8,MVA--09---,VISUAL ARTS 9,True
1859,8,MWBDV10IT-,Information and Communications Technologies 10,False
1860,8,MADER09---,ADST - Electronics and Robotics,True
1860,8,MADW-09---,ADST - Woodwork 9,True
1860,8,MEN--09---,ENGLISH LANGUAGE ARTS 9,False
1860,8,MPHE-09--L,PHYSICAL AND HEALTH EDUCATION 9 Linear,False
1860,8,MSC--09---,SCIENCE 9,False
1860,8,MSS--09---,SOCIAL STUDIES 9,False
1860,8,MVA--09---,VISUAL ARTS 9,False
1860,8,XBA--09G--,CONCERT BAND 9 - Guitar,True
1860,8,XLDCB09LSL,LEARNING STRATEGIES 9 LD LINEAR,False
1860,8,XLDCB09M--,TECH ED 9: MECHANICS LD,False
1860,8,XLDCE09NM-,NUMERACY 9,False
1861,8,MADER09---,ADST - Electronics and Robotics,True
1861,8,MADGE09---,ADST 9 - General Explorations (Modules),False
1861,8,MEN--09---,ENGLISH LANGUAGE ARTS 9,False
1861,8,MMA--09H--,MATHEMATICS 9 HONOURS,False
1861,8,MPHE-09---,PHYSICAL AND HEALTH EDUCATION 9,False
1861,8,MSC--09---,SCIENCE 9,False
1861,8,MSS--09---,SOCIAL STUDIES 9,False
1861,8,MVA--09---,VISUAL ARTS 9,False
1861,8,XLDCB09M--,TECH ED 9: MECHANICS LD,False
1862,8,MADD-09---,ADST - Drafting 9,True
1862,8,MADGE09---,ADST 9 - General Explorations (Modules),True
1862,8,MADW-09---,ADST - Woodwork 9,False
1862,8,MEN--09---,ENGLISH LANGUAGE ARTS 9,False
1862,8,MMA--09H--,MATHEMATICS 9 HONOURS,False
1862,8,MPHE-09--L,PHYSICAL AND HEALTH EDUCATION 9 Linear,False
1862,8,MSC--09---,SCIENCE 9,False
1862,8,MSS--09---,SOCIAL STUDIES 9,False
1862,8,XBA--09C-L,CONCERT BAND 9 Linear,False
1862,8,XBA--09G--,CONCERT BAND 9 - Guitar,False
1863,8,MADD-09---,ADST - Drafting 9,False
1863,8,MADW-09---,ADST - Woodwork 9,True
1863,8,MDR--09---,DRAMA 9,True
1863,8,MEN--09E--,ENGLISH 9 FOR ELL,False
1863,8,MMA--09---,MATHEMATICS 9,False
1863,8,MPHE-09G--,PHYSICAL AND HEALTH EDUCATION 9 Girls,False
1863,8,MPHE-09Y--,PHYSICAL AND HEALTH EDUCATION 9 Yoga for Mindfulns,False
1863,8,MSC--09---,SCIENCE 9,False
1863,8,MSS--09---,SOCIAL STUDIES 9,False
1863,8,MVA--09---,VISUAL ARTS 9,False
1864,8,MADEM10---,ADST ? ENTREPRENEURSHIP AND MARKETING 10,False
1864,8,MADGE09---,ADST 9 - General Explorations (Modules),True
1864,8,MADT-09---,ADST - Textiles 9,False
1864,8,MEN--09---,ENGLISH LANGUAGE ARTS 9,False
1864,8,MMA--09---,MATHEMATICS 9,False
1864,8,MPHE-09G--,PHYSICAL AND HEALTH EDUCATION 9 Girls,False
1864,8,MSC--09---,SCIENCE 9,False
1864,8,MSS--09---,SOCIAL STUDIES 9,False
1864,8,MVA--09---,VISUAL ARTS 9,False
1865,8,MDR--09---,DRAMA 9,True
1865,8,MEN--09---,ENGLISH LANGUAGE ARTS 9,False
1865,8,MFR--11---,FRENCH 11,False
1865,8,MMA--09---,MATHEMATICS 9,False
1865,8,MPHE-09G--,PHYSICAL AND HEALTH EDUCATION 9 Girls,False
1865,8,MSC--09---,SCIENCE 9,False
1865,8,MSS--09---,SOCIAL STUDIES 9,False
1865,8,MVA--09---,VISUAL ARTS 9,False
1865,8,MWBDV10IT-,Information and Communications Technologies 10,False
1866,8,MADEM10---,ADST ? ENTREPRENEURSHIP AND MARKETING 10,False
1866,8,MDNC-09C-L,DANCE 9 Choreography Linear,False
1866,8,MDNC-09H--,DANCE 9 HIP HOP,True
1866,8,MDNC-09M-L,DANCE 9 Company: Platform 61 Linear,False
1866,8,MDNC-09PT-,DANCE 9 Performance and Technique,False
1866,8,MEN--09C--,ENGLISH LANGUAGE ARTS 9 CHALLENGE,False
1866,8,MFR--09---,FRENCH 9,False
1866,8,MMA--09C--,MATHEMATICS 9 CHALLENGE,False
1866,8,MPHE-09---,PHYSICAL AND HEALTH EDUCATION 9,False
1866,8,MSC--09C--,SCIENCE 9: CHALLENGE,False
1866,8,MSS--09C--,SOCIAL STUDIES 9 CHALLENGE,False
1866,8,MWBDV10IT-,Information and Communications Technologies 10,True
1867,8,MADEM10---,ADST ? ENTREPRENEURSHIP AND MARKETING 10,True
1867,8,MADER09---,ADST - Electronics and Robotics,False
1867,8,MADGE09---,ADST 9 - General Explorations (Modules),False
1867,8,MEN--09---,ENGLISH LANGUAGE ARTS 9,False
1867,8,MMA--09---,MATHEMATICS 9,False
1867,8,MPHE-09--L,PHYSICAL AND HEALTH EDUCATION 9 Linear,False
1867,8,MSC--09---,SCIENCE 9,False
1867,8,MSS--09---,SOCIAL STUDIES 9,False
1867,8,XBA--09C-L,CONCERT BAND 9 Linear,False
1867,8,XBA--09G--,CONCERT BAND 9 - Guitar,True
1867,8,XBA--09J-L,JAZZ BAND 9 LINEAR,False
1868,8,MADD-09---,ADST - Drafting 9,False
1868,8,MADER09---,ADST - Electronics and Robotics,False
1868,8,MADGE09---,ADST 9 - General Explorations (Modules),True
1868,8,MADW-09---,ADST - Woodwork 9,True
1868,8,MEN--09---,ENGLISH LANGUAGE ARTS 9,False
1868,8,MMA--09---,MATHEMATICS 9,False
1868,8,MPHE-09---,PHYSICAL AND HEALTH EDUCATION 9,False
1868,8,MSC--09---,SCIENCE 9,False
1868,8,MSS--09---,SOCIAL STUDIES 9,False
1868,8,XLDCB09M--,TECH ED 9: MECHANICS LD,False
1869,8,MADEM10---,ADST ? ENTREPRENEURSHIP AND MARKETING 10,False
1869,8,MADT-09---,ADST - Textiles 9,True
1869,8,MDNC-09C-L,DANCE 9 Choreography Linear,False
1869,8,MDNC-09H--,DANCE 9 HIP HOP,False
1869,8,MDNC-09M-L,DANCE 9 Company: Platform 61 Linear,False
1869,8,MDR--09---,DRAMA 9,True
1869,8,MEN--09---,ENGLISH LANGUAGE ARTS 9,False
1869,8,MFR--09---,FRENCH 9,False
1869,8,MMA--09---,MATHEMATICS 9,False
1869,8,MPHE-09G--,PHYSICAL AND HEALTH EDUCATION 9 Girls,False
1869,8,MSC--09---,SCIENCE 9,False
1869,8,MSS--09---,SOCIAL STUDIES 9,False
1870,8,MADEM10---,ADST ? ENTREPRENEURSHIP AND MARKETING 10,False
1870,8,MDNC-09C-L,DANCE 9 Choreography Linear,False
1870,8,MDNC-09H--,DANCE 9 HIP HOP,True
1870,8,MDNC-09M-L,DANCE 9 Company: Platform 61 Linear,False
1870,8,MDNC-09PT-,DANCE 9 Performance and Technique,False
1870,8,MEN--09---,ENGLISH LANGUAGE ARTS 9,False
1870,8,MFR--09---,FRENCH 9,False
1870,8,MMA--09---,MATHEMATICS 9,False
1870,8,MPHE-09---,PHYSICAL AND HEALTH EDUCATION 9,False
1870,8,MSC--09---,SCIENCE 9,False
1870,8,MSS--09---,SOCIAL STUDIES 9,False
1870,8,MWBDV10IT-,Information and Communications Technologies 10,True
1870,8,XC---09--L,CONCERT CHOIR 9 Linear,False
1871,8,MADGE09---,ADST 9 - General Explorations (Modules),True
1871,8,MADT-09---,ADST - Textiles 9,False
1871,8,MADW-09---,ADST - Woodwork 9,False
1871,8,MEN--09---,ENGLISH LANGUAGE ARTS 9,False
1871,8,MMA--09---,MATHEMATICS 9,False
1871,8,MPHE-09---,PHYSICAL AND HEALTH EDUCATION 9,False
1871,8,MSC--09---,SCIENCE 9,False
1871,8,MSP--09---,SPANISH 9,False
1871,8,MSS--09---,SOCIAL STUDIES 9,False
1871,8,MWBDV10IT-,Information and Communications Technologies 10,True
1872,8,MADD-09---,ADST - Drafting 9,False
1872,8,MADEM10---,ADST ? ENTREPRENEURSHIP AND MARKETING 10,True
1872,8,MEN--09---,ENGLISH LANGUAGE ARTS 9,False
1872,8,MFR--11---,FRENCH 11,False
1872,8,MMA--09---,MATHEMATICS 9,False
1872,8,MPHE-09G--,PHYSICAL AND HEALTH EDUCATION 9 Girls,False
1872,8,MSC--09---,SCIENCE 9,False
1872,8,MSS--09---,SOCIAL STUDIES 9,False
1872,8,MWBDV10IT-,Information and Communications Technologies 10,False
1872,8,XBA--09C-L,CONCERT BAND 9 Linear,True
1873,8,MADEM10---,ADST ? ENTREPRENEURSHIP AND MARKETING 10,False
1873,8,MADER09---,ADST - Electronics and Robotics,True
1873,8,MADGE09---,ADST 9 - General Explorations (Modules),False
1873,8,MADW-09---,ADST - Woodwork 9,True
1873,8,MEN--09---,ENGLISH LANGUAGE ARTS 9,False
1873,8,MMA--09---,MATHEMATICS 9,False
1873,8,MPHE-09---,PHYSICAL AND HEALTH EDUCATION 9,False
1873,8,MSC--09---,SCIENCE 9,False
1873,8,MSP--09---,SPANISH 9,False
1873,8,MSS--09---,SOCIAL STUDIES 9,False
1874,8,MADD-09---,ADST - Drafting 9,False
1874,8,MADEM10---,ADST ? ENTREPRENEURSHIP AND MARKETING 10,True
1874,8,MADT-09---,ADST - Textiles 9,True
1874,8,MEN--09---,ENGLISH LANGUAGE ARTS 9,False
1874,8,MFR--11---,FRENCH 11,False
1874,8,MMA--09---,MATHEMATICS 9,False
1874,8,MPHE-09G--,PHYSICAL AND HEALTH EDUCATION 9 Girls,False
1874,8,MSC--09---,SCIENCE 9,False
1874,8,MSS--09---,SOCIAL STUDIES 9,False
1874,8,MVA--09---,VISUAL ARTS 9,False
1875,8,MADD-09---,ADST - Drafting 9,False
1875,8,MADT-09---,ADST - Textiles 9,False
1875,8,MDNC-09F--,DANCE 9 Foundations,False
1875,8,MDR--09---,DRAMA 9,True
1875,8,MEN--09---,ENGLISH LANGUAGE ARTS 9,False
1875,8,MMA--09---,MATHEMATICS 9,False
1875,8,MPHE-09---,PHYSICAL AND HEALTH EDUCATION 9,False
1875,8,MSC--09---,SCIENCE 9,False
1875,8,MSS--09---,SOCIAL STUDIES 9,False
1875,8,MVA--09---,VISUAL ARTS 9,True
1876,8,MADEM10---,ADST ? ENTREPRENEURSHIP AND MARKETING 10,False
1876,8,MADGE09---,ADST 9 - General Explorations (Modules),False
1876,8,MEN--09---,ENGLISH LANGUAGE ARTS 9,False
1876,8,MMA--09---,MATHEMATICS 9,False
1876,8,MPHE-09B--,PHYSICAL AND HEALTH EDUCATION 9 Boys,False
1876,8,MSC--09---,SCIENCE 9,False
1876,8,MSP--09---,SPANISH 9,False
1876,8,MSS--09---,SOCIAL STUDIES 9,False
1876,8,MWBDV10IT-,Information and Communications Technologies 10,True
1876,8,XLDCB09M--,TECH ED 9: MECHANICS LD,True
1877,8,MADT-09---,ADST - Textiles 9,True
1877,8,MDNC-09F--,DANCE 9 Foundations,True
1877,8,MDNC-09H--,DANCE 9 HIP HOP,False
1877,8,MEN--09---,ENGLISH LANGUAGE ARTS 9,False
1877,8,MMA--09H--,MATHEMATICS 9 HONOURS,False
1877,8,MPHE-09G--,PHYSICAL AND HEALTH EDUCATION 9 Girls,False
1877,8,MSC--09---,SCIENCE 9,False
1877,8,MSP--09---,SPANISH 9,False
1877,8,MSS--09---,SOCIAL STUDIES 9,False
1877,8,MVA--09---,VISUAL ARTS 9,False
1877,8,XLDCB09S-L,STRINGS 9 LINEAR,False
1878,8,MADD-09---,ADST - Drafting 9,False
1878,8,MADER09---,ADST - Electronics and Robotics,False
1878,8,MADER09---,ADST - Electronics and Robotics,False
1878,8,MADGE09---,ADST 9 - General Explorations (Modules),True
1878,8,MEN--09---,ENGLISH LANGUAGE ARTS 9,False
1878,8,MMA--09---,MATHEMATICS 9,False
1878,8,MPHE-09B--,PHYSICAL AND HEALTH EDUCATION 9 Boys,False
1878,8,MSC--09---,SCIENCE 9,False
1878,8,MSS--09---,SOCIAL STUDIES 9,False
1878,8,XLDCB09M--,TECH ED 9: MECHANICS LD,True
1879,8,MDNC-09F--,DANCE 9 Foundations,True
1879,8,MEN--09---,ENGLISH LANGUAGE ARTS 9,False
1879,8,MMA--09---,MATHEMATICS 9,False
1879,8,MPHE-09G--,PHYSICAL AND HEALTH EDUCATION 9 Girls,False
1879,8,MSC--09---,SCIENCE 9,False
1879,8,MSP--09---,SPANISH 9,False
1879,8,MSS--09---,SOCIAL STUDIES 9,False
1879,8,MVA--09---,VISUAL ARTS 9,True
1879,8,MWBDV10IT-,Information and Communications Technologies 10,False
1879,8,XLDCB09LS-,LEARNING STRATEGIES 9 LD,False
1880,8,MADD-09---,ADST - Drafting 9,False
1880,8,MADEM10---,ADST ? ENTREPRENEURSHIP AND MARKETING 10,True
1880,8,MADER09---,ADST - Electronics and Robotics,True
1880,8,MADGE09---,ADST 9 - General Explorations (Modules),False
1880,8,MEN--09C--,ENGLISH LANGUAGE ARTS 9 CHALLENGE,False
1880,8,MMA--09C--,MATHEMATICS 9 CHALLENGE,False
1880,8,MPHE-09---,PHYSICAL AND HEALTH EDUCATION 9,False
1880,8,MSC--09C--,SCIENCE 9: CHALLENGE,False
1880,8,MSS--09C--,SOCIAL STUDIES 9 CHALLENGE,False
1880,8,MWBDV10IT-,Information and Communications Technologies 10,False
1881,8,MADD-09---,ADST - Drafting 9,False
1881,8,MADEM10---,ADST ? ENTREPRENEURSHIP AND MARKETING 10,False
1881,8,MADGE09---,ADST 9 - General Explorations (Modules),True
1881,8,MEN--09E--,ENGLISH 9 FOR ELL,False
1881,8,MMA--09---,MATHEMATICS 9,False
1881,8,MPHE-09B--,PHYSICAL AND HEALTH EDUCATION 9 Boys,False
1881,8,MSC--09---,SCIENCE 9,False
1881,8,MSS--09---,SOCIAL STUDIES 9,False
1881,8,MWBDV10IT-,Information and Communications Technologies 10,False
1882,8,MADD-09---,ADST - Drafting 9,False
1882,8,MADW-09---,ADST - Woodwork 9,True
1882,8,MEN--09---,ENGLISH LANGUAGE ARTS 9,False
1882,8,MFR--09---,FRENCH 9,False
1882,8,MMA--09---,MATHEMATICS 9,False
1882,8,MPHE-09---,PHYSICAL AND HEALTH EDUCATION 9,False
1882,8,MSC--09---,SCIENCE 9,False
1882,8,MSS--09---,SOCIAL STUDIES 9,False
1882,8,MWBDV10IT-,Information and Communications Technologies 10,True
1882,8,XLDCB09M--,TECH ED 9: MECHANICS LD,False
1883,8,MADEM10---,ADST ? ENTREPRENEURSHIP AND MARKETING 10,False
1883,8,MADT-09---,ADST - Textiles 9,True
1883,8,MADW-09---,ADST - Woodwork 9,False
1883,8,MEN--09---,ENGLISH LANGUAGE ARTS 9,False
1883,8,MFR--09---,FRENCH 9,False
1883,8,MMA--09---,MATHEMATICS 9,False
1883,8,MPHE-09G--,PHYSICAL AND HEALTH EDUCATION 9 Girls,False
1883,8,MPHE-09Y--,PHYSICAL AND HEALTH EDUCATION 9 Yoga for Mindfulns,True
1883,8,MSC--09---,SCIENCE 9,False
1883,8,MSS--09---,SOCIAL STUDIES 9,False
1884,8,MADD-09---,ADST - Drafting 9,True
1884,8,MADER09---,ADST - Electronics and Robotics,False
1884,8,MADGE09---,ADST 9 - General Explorations (Modules),True
1884,8,MADT-09---,ADST - Textiles 9,False
1884,8,MEN--09---,ENGLISH LANGUAGE ARTS 9,False
1884,8,MMA--09H--,MATHEMATICS 9 HONOURS,False
1884,8,MPHE-09G--,PHYSICAL AND HEALTH EDUCATION 9 Girls,False
1884,8,MSC--09---,SCIENCE 9,False
1884,8,MSS--09---,SOCIAL STUDIES 9,False
1884,8,MWBDV10IT-,Information and Communications Technologies 10,True
1884,8,XC---09--L,CONCERT CHOIR 9 Linear,False
1884,8,XLDCB09M--,TECH ED 9: MECHANICS LD,False
1884,8,XLDCB09S-L,STRINGS 9 LINEAR,False
1885,8,MEN--09---,ENGLISH LANGUAGE ARTS 9,False
1885,8,MFR--09---,FRENCH 9,False
1885,8,MMA--09---,MATHEMATICS 9,False
1885,8,MPHE-09--L,PHYSICAL AND HEALTH EDUCATION 9 Linear,False
1885,8,MSC--09---,SCIENCE 9,False
1885,8,MSS--09---,SOCIAL STUDIES 9,False
1885,8,MVA--09---,VISUAL ARTS 9,False
1885,8,XLDCB09LSL,LEARNING STRATEGIES 9 LD LINEAR,False
1886,8,MADD-09---,ADST - Drafting 9,False
1886,8,MADEM10---,ADST ? ENTREPRENEURSHIP AND MARKETING 10,False
1886,8,MADGE09---,ADST 9 - General Explorations (Modules),True
1886,8,MDR--09---,DRAMA 9,True
1886,8,MEN--09---,ENGLISH LANGUAGE ARTS 9,False
1886,8,MMA--09H--,MATHEMATICS 9 HONOURS,False
1886,8,MPHE-09G--,PHYSICAL AND HEALTH EDUCATION 9 Girls,False
1886,8,MSC--09---,SCIENCE 9,False
1886,8,MSP--09---,SPANISH 9,False
1886,8,MSS--09---,SOCIAL STUDIES 9,False
1887,8,MADEM10---,ADST ? ENTREPRENEURSHIP AND MARKETING 10,False
1887,8,MADT-09---,ADST - Textiles 9,True
1887,8,MDNC-09F--,DANCE 9 Foundations,False
1887,8,MEN--09---,ENGLISH LANGUAGE ARTS 9,False
1887,8,MFR--09---,FRENCH 9,False
1887,8,MMA--09---,MATHEMATICS 9,False
1887,8,MPHE-09G--,PHYSICAL AND HEALTH EDUCATION 9 Girls,False
1887,8,MSC--09---,SCIENCE 9,False
1887,8,MSS--09---,SOCIAL STUDIES 9,False
1887,8,XBA--09G--,CONCERT BAND 9 - Guitar,True
1888,8,MADEM10---,ADST ? ENTREPRENEURSHIP AND MARKETING 10,True
1888,8,MADGE09---,ADST 9 - General Explorations (Modules),False
1888,8,MEN--09---,ENGLISH LANGUAGE ARTS 9,False
1888,8,MFR--11---,FRENCH 11,False
1888,8,MMA--09---,MATHEMATICS 9,False
1888,8,MPHE-09B--,PHYSICAL AND HEALTH EDUCATION 9 Boys,False
1888,8,MSC--09---,SCIENCE 9,False
1888,8,MSP--09---,SPANISH 9,True
1888,8,MSS--09---,SOCIAL STUDIES 9,False
1888,8,XLDCB09M--,TECH ED 9: MECHANICS LD,False
1889,8,MADEM10---,ADST ? ENTREPRENEURSHIP AND MARKETING 10,False
1889,8,MADGE09---,ADST 9 - General Explorations (Modules),True
1889,8,MADW-09---,ADST - Woodwork 9,False
1889,8,MEN--09---,ENGLISH LANGUAGE ARTS 9,False
1889,8,MMA--09---,MATHEMATICS 9,False
1889,8,MPHE-09Y--,PHYSICAL AND HEALTH EDUCATION 9 Yoga for Mindfulns,True
1889,8,MSC--09---,SCIENCE 9,False
1889,8,MSS--09---,SOCIAL STUDIES 9,False
1890,8,MADD-09---,ADST - Drafting 9,False
1890,8,MADEM10---,ADST ? ENTREPRENEURSHIP AND MARKETING 10,True
1890,8,MADT-09---,ADST - Textiles 9,True
1890,8,MEN--09---,ENGLISH LANGUAGE ARTS 9,False
1890,8,MMA--09---,MATHEMATICS 9,False
1890,8,MPHE-09G--,PHYSICAL AND HEALTH EDUCATION 9 Girls,False
1890,8,MSC--09---,SCIENCE 9,False
1890,8,MSP--09---,SPANISH 9,False
1890,8,MSS--09---,SOCIAL STUDIES 9,False
1890,8,MWBDV10IT-,Information and Communications Technologies 10,False
1891,8,MADEM10---,ADST ? ENTREPRENEURSHIP AND MARKETING 10,True
1891,8,MADGE09---,ADST 9 - General Explorations (Modules),False
1891,8,MADW-09---,ADST - Woodwork 9,False
1891,8,MEN--09---,ENGLISH LANGUAGE ARTS 9,False
1891,8,MMA--09---,MATHEMATICS 9,False
1891,8,MPHE-09---,PHYSICAL AND HEALTH EDUCATION 9,False
1891,8,MSC--09---,SCIENCE 9,False
1891,8,MSS--09---,SOCIAL STUDIES 9,False
1891,8,XBA--09G--,CONCERT BAND 9 - Guitar,True
1891,8,XLDCB09M--,TECH ED 9: MECHANICS LD,False
1892,8,MADGE09---,ADST 9 - General Explorations (Modules),False
1892,8,MEN--09---,ENGLISH LANGUAGE ARTS 9,False
1892,8,MMA--09---,MATHEMATICS 9,False
1892,8,MPHE-09---,PHYSICAL AND HEALTH EDUCATION 9,False
1892,8,MSC--09---,SCIENCE 9,False
1892,8,MSP--09---,SPANISH 9,False
1892,8,MSS--09---,SOCIAL STUDIES 9,False
1892,8,XLDCB09M--,TECH ED 9: MECHANICS LD,False
1893,8,MADD-09---,ADST - Drafting 9,False
1893,8,MADT-09---,ADST - Textiles 9,False
1893,8,MEN--09---,ENGLISH LANGUAGE ARTS 9,False
1893,8,MFR--09---,FRENCH 9,True
1893,8,MMA--09---,MATHEMATICS 9,False
1893,8,MPHE-09---,PHYSICAL AND HEALTH EDUCATION 9,False
1893,8,MSC--09---,SCIENCE 9,False
1893,8,MSP--09---,SPANISH 9,True
1893,8,MSS--09---,SOCIAL STUDIES 9,False
1893,8,MVA--09---,VISUAL ARTS 9,False
1894,8,MADER09---,ADST - Electronics and Robotics,False
1894,8,MADGE09---,ADST 9 - General Explorations (Modules),False
1894,8,MEN--09---,ENGLISH LANGUAGE ARTS 9,False
1894,8,MFR--09---,FRENCH 9,True
1894,8,MMA--09H--,MATHEMATICS 9 HONOURS,False
1894,8,MPHE-09B--,PHYSICAL AND HEALTH EDUCATION 9 Boys,False
1894,8,MSC--09---,SCIENCE 9,False
1894,8,MSS--09---,SOCIAL STUDIES 9,False
1894,8,MWBDV10IT-,Information and Communications Technologies 10,False
1894,8,XLDCB09M--,TECH ED 9: MECHANICS LD,True
1895,8,MEN--09---,ENGLISH LANGUAGE ARTS 9,False
1895,8,MEN--09E--,ENGLISH 9 FOR ELL,False
1895,8,MMA--09---,MATHEMATICS 9,False
1895,8,MPHE-09B--,PHYSICAL AND HEALTH EDUCATION 9 Boys,False
1895,8,MSC--09---,SCIENCE 9,False
1895,8,MSS--09---,SOCIAL STUDIES 9,False
1895,8,MVA--09---,VISUAL ARTS 9,False
1895,8,MWBDV10IT-,Information and Communications Technologies 10,False
1896,8,MDR--09---,DRAMA 9,True
1896,8,MEN--09---,ENGLISH LANGUAGE ARTS 9,False
1896,8,MMA--09---,MATHEMATICS 9,False
1896,8,MSC--09---,SCIENCE 9,False
1896,8,MSS--09---,SOCIAL STUDIES 9,False
1896,8,MVA--09---,VISUAL ARTS 9,True
1897,8,MADER09---,ADST - Electronics and Robotics,False
1897,8,MADGE09---,ADST 9 - General Explorations (Modules),False
1897,8,MADW-09---,ADST - Woodwork 9,False
1897,8,MEN--09---,ENGLISH LANGUAGE ARTS 9,False
1897,8,MFR--09---,FRENCH 9,True
1897,8,MMA--09---,MATHEMATICS 9,False
1897,8,MPHE-09---,PHYSICAL AND HEALTH EDUCATION 9,False
1897,8,MSC--09---,SCIENCE 9,False
1897,8,MSS--09---,SOCIAL STUDIES 9,False
1897,8,XLDCB09M--,TECH ED 9: MECHANICS LD,True
1898,8,MADEM10---,ADST ? ENTREPRENEURSHIP AND MARKETING 10,True
1898,8,MADGE09---,ADST 9 - General Explorations (Modules),False
1898,8,MEN--09C--,ENGLISH LANGUAGE ARTS 9 CHALLENGE,False
1898,8,MFR--11---,FRENCH 11,False
1898,8,MMA--09C--,MATHEMATICS 9 CHALLENGE,False
1898,8,MPHE-09---,PHYSICAL AND HEALTH EDUCATION 9,False
1898,8,MSC--09C--,SCIENCE 9: CHALLENGE,False
1898,8,MSS--09C--,SOCIAL STUDIES 9 CHALLENGE,False
1898,8,MWBDV10IT-,Information and Communications Technologies 10,False
1898,8,XBA--09C-L,CONCERT BAND 9 Linear,True
1899,8,MADEM10---,ADST ? ENTREPRENEURSHIP AND MARKETING 10,False
1899,8,MADT-09---,ADST - Textiles 9,True
1899,8,MEN--09---,ENGLISH LANGUAGE ARTS 9,False
1899,8,MMA--09---,MATHEMATICS 9,False
1899,8,MPHE-09G--,PHYSICAL AND HEALTH EDUCATION 9 Girls,False
1899,8,MPHE-09Y--,PHYSICAL AND HEALTH EDUCATION 9 Yoga for Mindfulns,True
1899,8,MSC--09---,SCIENCE 9,False
1899,8,MSP--09---,SPANISH 9,False
1899,8,MSS--09---,SOCIAL STUDIES 9,False
1899,8,MVA--09---,VISUAL ARTS 9,False
1900,8,MADER09---,ADST - Electronics and Robotics,False
1900,8,MDR--09---,DRAMA 9,True
1900,8,MEN--09---,ENGLISH LANGUAGE ARTS 9,False
1900,8,MFR--09---,FRENCH 9,False
1900,8,MMA--09H--,MATHEMATICS 9 HONOURS,False
1900,8,MPHE-09G--,PHYSICAL AND HEALTH EDUCATION 9 Girls,False
1900,8,MSC--09---,SCIENCE 9,False
1900,8,MSS--09---,SOCIAL STUDIES 9,False
1900,8,MVA--09---,VISUAL ARTS 9,True
1900,8,XBA--09G--,CONCERT BAND 9 - Guitar,False
1901,8,MADD-09---,ADST - Drafting 9,False
1901,8,MADEM10---,ADST ? ENTREPRENEURSHIP AND MARKETING 10,True
1901,8,MADER09---,ADST - Electronics and Robotics,True
1901,8,MADGE09---,ADST 9 - General Explorations (Modules),False
1901,8,MEN--09C--,ENGLISH LANGUAGE ARTS 9 CHALLENGE,False
1901,8,MMA--09C--,MATHEMATICS 9 CHALLENGE,False
1901,8,MPHE-09---,PHYSICAL AND HEALTH EDUCATION 9,False
1901,8,MSC--09C--,SCIENCE 9: CHALLENGE,False
1901,8,MSS--09C--,SOCIAL STUDIES 9 CHALLENGE,False
1901,8,XLDCB09M--,TECH ED 9: MECHANICS LD,False
1902,8,MADGE09---,ADST 9 - General Explorations (Modules),True
1902,8,MADT-09---,ADST - Textiles 9,True
1902,8,MDNC-09H--,DANCE 9 HIP HOP,False
1902,8,MEN--09---,ENGLISH LANGUAGE ARTS 9,False
1902,8,MMA--09---,MATHEMATICS 9,False
1902,8,MPHE-09G--,PHYSICAL AND HEALTH EDUCATION 9 Girls,False
1902,8,MSC--09---,SCIENCE 9,False
1902,8,MSP--09---,SPANISH 9,False
1902,8,MSS--09---,SOCIAL STUDIES 9,False
1902,8,MWBDV10IT-,Information and Communications Technologies 10,False
1903,8,MADD-09---,ADST - Drafting 9,True
1903,8,MADEM10---,ADST ? ENTREPRENEURSHIP AND MARKETING 10,True
1903,8,MEN--09---,ENGLISH LANGUAGE ARTS 9,False
1903,8,MFR--11---,FRENCH 11,False
1903,8,MMA--09---,MATHEMATICS 9,False
1903,8,MPHE-09B--,PHYSICAL AND HEALTH EDUCATION 9 Boys,False
1903,8,MSC--09---,SCIENCE 9,False
1903,8,MSP--09---,SPANISH 9,False
1903,8,MSS--09---,SOCIAL STUDIES 9,False
1903,8,MWBDV10IT-,Information and Communications Technologies 10,False
1904,8,MADD-09---,ADST - Drafting 9,True
1904,8,MADEM10---,ADST ? ENTREPRENEURSHIP AND MARKETING 10,False
1904,8,MADGE09---,ADST 9 - General Explorations (Modules),True
1904,8,MEN--09---,ENGLISH LANGUAGE ARTS 9,False
1904,8,MFR--11---,FRENCH 11,False
1904,8,MMA--09H--,MATHEMATICS 9 HONOURS,False
1904,8,MPHE-09G--,PHYSICAL AND HEALTH EDUCATION 9 Girls,False
1904,8,MSC--09---,SCIENCE 9,False
1904,8,MSS--09---,SOCIAL STUDIES 9,False
1904,8,MWBDV10IT-,Information and Communications Technologies 10,False
1905,8,MADD-09---,ADST - Drafting 9,True
1905,8,MADEM10---,ADST ? ENTREPRENEURSHIP AND MARKETING 10,False
1905,8,MADGE09---,ADST 9 - General Explorations (Modules),False
1905,8,MDNC-09H--,DANCE 9 HIP HOP,True
1905,8,MEN--09---,ENGLISH LANGUAGE ARTS 9,False
1905,8,MMA--09---,MATHEMATICS 9,False
1905,8,MPHE-09---,PHYSICAL AND HEALTH EDUCATION 9,False
1905,8,MSC--09---,SCIENCE 9,False
1905,8,MSS--09---,SOCIAL STUDIES 9,False
1905,8,MWBDV10IT-,Information and Communications Technologies 10,False
1906,8,MADD-09---,ADST - Drafting 9,False
1906,8,MADEM10---,ADST ? ENTREPRENEURSHIP AND MARKETING 10,True
1906,8,MADER09---,ADST - Electronics and Robotics,False
1906,8,MADGE09---,ADST 9 - General Explorations (Modules),True
1906,8,MEN--09C--,ENGLISH LANGUAGE ARTS 9 CHALLENGE,False
1906,8,MMA--09C--,MATHEMATICS 9 CHALLENGE,False
1906,8,MPHE-09--L,PHYSICAL AND HEALTH EDUCATION 9 Linear,False
1906,8,MSC--09C--,SCIENCE 9: CHALLENGE,False
1906,8,MSS--09C--,SOCIAL STUDIES 9 CHALLENGE,False
1906,8,XBA--09C-L,CONCERT BAND 9 Linear,False
1907,8,MADGE09---,ADST 9 - General Explorations (Modules),True
1907,8,MADW-09---,ADST - Woodwork 9,False
1907,8,MEN--09---,ENGLISH LANGUAGE ARTS 9,False
1907,8,MMA--09---,MATHEMATICS 9,False
1907,8,MPHE-09--L,PHYSICAL AND HEALTH EDUCATION 9 Linear,False
1907,8,MSC--09---,SCIENCE 9,False
1907,8,MSS--09---,SOCIAL STUDIES 9,False
1907,8,XBA--09C-L,CONCERT BAND 9 Linear,False
1907,8,XBA--09G--,CONCERT BAND 9 - Guitar,True
1907,8,XBA--09J-L,JAZZ BAND 9 LINEAR,False
1907,8,XLDCB09M--,TECH ED 9: MECHANICS LD,False
1908,8,MADEM10---,ADST ? ENTREPRENEURSHIP AND MARKETING 10,True
1908,8,MADER09---,ADST - Electronics and Robotics,False
1908,8,MEN--09C--,ENGLISH LANGUAGE ARTS 9 CHALLENGE,False
1908,8,MFR--09---,FRENCH 9,True
1908,8,MMA--09C--,MATHEMATICS 9 CHALLENGE,False
1908,8,MPHE-09--L,PHYSICAL AND HEALTH EDUCATION 9 Linear,False
1908,8,MSC--09C--,SCIENCE 9: CHALLENGE,False
1908,8,MSS--09C--,SOCIAL STUDIES 9 CHALLENGE,False
1908,8,MWBDV10IT-,Information and Communications Technologies 10,False
1908,8,XBA--09C-L,CONCERT BAND 9 Linear,False
1908,8,XBA--09J-L,JAZZ BAND 9 LINEAR,False
1908,8,XLDCB09S-L,STRINGS 9 LINEAR,False
1909,8,MADD-09---,ADST - Drafting 9,True
1909,8,MADER09---,ADST - Electronics and Robotics,False
1909,8,MADGE09---,ADST 9 - General Explorations (Modules),False
1909,8,MEN--09---,ENGLISH LANGUAGE ARTS 9,False
1909,8,MMA--09---,MATHEMATICS 9,False
1909,8,MPHE-09B--,PHYSICAL AND HEALTH EDUCATION 9 Boys,False
1909,8,MSC--09---,SCIENCE 9,False
1909,8,MSP--09---,SPANISH 9,True
1909,8,MSS--09---,SOCIAL STUDIES 9,False
1909,8,MWBDV10IT-,Information and Communications Technologies 10,False
1910,8,MADW-09---,ADST - Woodwork 9,False
1910,8,MEN--09---,ENGLISH LANGUAGE ARTS 9,False
1910,8,MMA--09---,MATHEMATICS 9,False
1910,8,MPHE-09B--,PHYSICAL AND HEALTH EDUCATION 9 Boys,False
1910,8,MSC--09---,SCIENCE 9,False
1910,8,MSS--09---,SOCIAL STUDIES 9,False
1910,8,MVA--09---,VISUAL ARTS 9,False
1910,8,XBA--09G--,CONCERT BAND 9 - Guitar,False
1911,8,MADEM10---,ADST ? ENTREPRENEURSHIP AND MARKETING 10,True
1911,8,MADER09---,ADST - Electronics and Robotics,False
1911,8,MADGE09---,ADST 9 - General Explorations (Modules),True
1911,8,MEN--09C--,ENGLISH LANGUAGE ARTS 9 CHALLENGE,False
1911,8,MFR--09---,FRENCH 9,False
1911,8,MMA--09C--,MATHEMATICS 9 CHALLENGE,False
1911,8,MPHE-09B--,PHYSICAL AND HEALTH EDUCATION 9 Boys,False
1911,8,MSC--09C--,SCIENCE 9: CHALLENGE,False
1911,8,MSS--09C--,SOCIAL STUDIES 9 CHALLENGE,False
1911,8,MWBDV10IT-,Information and Communications Technologies 10,False
1912,8,MADGE09---,ADST 9 - General Explorations (Modules),False
1912,8,MADW-09---,ADST - Woodwork 9,True
1912,8,MEN--09---,ENGLISH LANGUAGE ARTS 9,False
1912,8,MFR--11---,FRENCH 11,False
1912,8,MMA--09---,MATHEMATICS 9,False
1912,8,MPHE-09FB-,PHYSICAL AND HEALTH EDUCATION 9 Football,False
1912,8,MPHE-09Y--,PHYSICAL AND HEALTH EDUCATION 9 Yoga for Mindfulns,True
1912,8,MSC--09---,SCIENCE 9,False
1912,8,MSS--09---,SOCIAL STUDIES 9,False
1912,8,YHRA-0AX--,CROSS TRAINING 10,False
1913,8,MADT-09---,ADST - Textiles 9,True
1913,8,MADW-09---,ADST - Woodwork 9,True
1913,8,MDNC-09C-L,DANCE 9 Choreography Linear,False
1913,8,MDNC-09F--,DANCE 9 Foundations,False
1913,8,MDNC-09M-L,DANCE 9 Company: Platform 61 Linear,False
1913,8,MEN--09---,ENGLISH LANGUAGE ARTS 9,False
1913,8,MMA--09---,MATHEMATICS 9,False
1913,8,MPHE-09G--,PHYSICAL AND HEALTH EDUCATION 9 Girls,False
1913,8,MSC--09---,SCIENCE 9,False
1913,8,MSP--09---,SPANISH 9,False
1913,8,MSS--09---,SOCIAL STUDIES 9,False
1913,8,XLDCB09M--,TECH ED 9: MECHANICS LD,False
1914,8,MADT-09---,ADST - Textiles 9,True
1914,8,MDNC-09F--,DANCE 9 Foundations,True
1914,8,MEN--09---,ENGLISH LANGUAGE ARTS 9,False
1914,8,MPHE-09G--,PHYSICAL AND HEALTH EDUCATION 9 Girls,False
1914,8,MPHE-09Y--,PHYSICAL AND HEALTH EDUCATION 9 Yoga for Mindfulns,False
1914,8,MSC--09---,SCIENCE 9,False
1914,8,MSP--09---,SPANISH 9,False
1914,8,MSS--09---,SOCIAL STUDIES 9,False
1914,8,XLDCB09LS-,LEARNING STRATEGIES 9 LD,False
1914,8,XLDCE09NM-,NUMERACY 9,False
1915,8,MADD-09---,ADST - Drafting 9,True
1915,8,MMA--09---,MATHEMATICS 9,False
1915,8,MPHE-09FB-,PHYSICAL AND HEALTH EDUCATION 9 Football,False
1915,8,MSC--09---,SCIENCE 9,False
1915,8,MSP--09---,SPANISH 9,False
1915,8,MSS--09---,SOCIAL STUDIES 9,False
1915,8,MWBDV10IT-,Information and Communications Technologies 10,False
1915,8,XLDCB09M--,TECH ED 9: MECHANICS LD,False
1915,8,YHRA-0AX--,CROSS TRAINING 10,False
1916,8,MADD-09---,ADST - Drafting 9,False
1916,8,MADEM10---,ADST ? ENTREPRENEURSHIP AND MARKETING 10,False
1916,8,MADER09---,ADST - Electronics and Robotics,False
1916,8,MADW-09---,ADST - Woodwork 9,True
1916,8,MEN--09---,ENGLISH LANGUAGE ARTS 9,False
1916,8,MMA--09---,MATHEMATICS 9,False
1916,8,MPHE-09---,PHYSICAL AND HEALTH EDUCATION 9,False
1916,8,MSC--09---,SCIENCE 9,False
1916,8,MSS--09---,SOCIAL STUDIES 9,False
1916,8,XLDCB09M--,TECH ED 9: MECHANICS LD,True
1917,8,MADEM10---,ADST ? ENTREPRENEURSHIP AND MARKETING 10,False
1917,8,MADT-09---,ADST - Textiles 9,True
1917,8,MEN--09---,ENGLISH LANGUAGE ARTS 9,False
1917,8,MFR--11---,FRENCH 11,False
1917,8,MMA--09---,MATHEMATICS 9,False
1917,8,MPHE-09G--,PHYSICAL AND HEALTH EDUCATION 9 Girls,False
1917,8,MSC--09---,SCIENCE 9,False
1917,8,MSP--09---,SPANISH 9,True
1917,8,MSS--09---,SOCIAL STUDIES 9,False
1917,8,MVA--09---,VISUAL ARTS 9,False
1918,8,MADD-09---,ADST - Drafting 9,False
1918,8,MADEM10---,ADST ? ENTREPRENEURSHIP AND MARKETING 10,True
1918,8,MADER09---,ADST - Electronics and Robotics,False
1918,8,MADGE09---,ADST 9 - General Explorations (Modules),True
1918,8,MEN--09---,ENGLISH LANGUAGE ARTS 9,False
1918,8,MMA--09---,MATHEMATICS 9,False
1918,8,MPHE-09---,PHYSICAL AND HEALTH EDUCATION 9,False
1918,8,MSC--09---,SCIENCE 9,False
1918,8,MSS--09---,SOCIAL STUDIES 9,False
1918,8,MWBDV10IT-,Information and Communications Technologies 10,False
1919,8,MADT-09---,ADST - Textiles 9,False
1919,8,MDNC-09C-L,DANCE 9 Choreography Linear,False
1919,8,MDNC-09H--,DANCE 9 HIP HOP,False
1919,8,MDNC-09M-L,DANCE 9 Company: Platform 61 Linear,False
1919,8,MEN--09---,ENGLISH LANGUAGE ARTS 9,False
1919,8,MMA--09---,MATHEMATICS 9,False
1919,8,MPHE-09G--,PHYSICAL AND HEALTH EDUCATION 9 Girls,False
1919,8,MSC--09---,SCIENCE 9,False
1919,8,MSP--09---,SPANISH 9,False
1919,8,MSS--09---,SOCIAL STUDIES 9,False
1919,8,XBA--09C-L,CONCERT BAND 9 Linear,True
1920,8,MADD-09---,ADST - Drafting 9,False
1920,8,MADEM10---,ADST ? ENTREPRENEURSHIP AND MARKETING 10,True
1920,8,MADER09---,ADST - Electronics and Robotics,True
1920,8,MADGE09---,ADST 9 - General Explorations (Modules),False
1920,8,MEN--09C--,ENGLISH LANGUAGE ARTS 9 CHALLENGE,False
1920,8,MMA--09C--,MATHEMATICS 9 CHALLENGE,False
1920,8,MPHE-09---,PHYSICAL AND HEALTH EDUCATION 9,False
1920,8,MSC--09C--,SCIENCE 9: CHALLENGE,False
1920,8,MSS--09C--,SOCIAL STUDIES 9 CHALLENGE,False
1920,8,MWBDV10IT-,Information and Communications Technologies 10,False
1921,8,MADD-09---,ADST - Drafting 9,False
1921,8,MADW-09---,ADST - Woodwork 9,False
1921,8,MEN--09---,ENGLISH LANGUAGE ARTS 9,False
1921,8,MMA--09---,MATHEMATICS 9,False
1921,8,MPHE-09--L,PHYSICAL AND HEALTH EDUCATION 9 Linear,False
1921,8,MSC--09---,SCIENCE 9,False
1921,8,MSS--09---,SOCIAL STUDIES 9,False
1921,8,MVA--09---,VISUAL ARTS 9,True
1921,8,XBA--09C-L,CONCERT BAND 9 Linear,False
1922,8,MADD-09---,ADST - Drafting 9,True
1922,8,MADEM10---,ADST ? ENTREPRENEURSHIP AND MARKETING 10,False
1922,8,MADGE09---,ADST 9 - General Explorations (Modules),False
1922,8,MEN--09E--,ENGLISH 9 FOR ELL,False
1922,8,MMA--09---,MATHEMATICS 9,False
1922,8,MPHE-09---,PHYSICAL AND HEALTH EDUCATION 9,False
1922,8,MSC--09---,SCIENCE 9,False
1922,8,MSS--09---,SOCIAL STUDIES 9,False
1922,8,MWBDV10IT-,Information and Communications Technologies 10,False
1922,8,XLDCB09M--,TECH ED 9: MECHANICS LD,True
1923,8,MADGE09---,ADST 9 - General Explorations (Modules),True
1923,8,MDNC-09H--,DANCE 9 HIP HOP,False
1923,8,MDNC-09PT-,DANCE 9 Performance and Technique,True
1923,8,MEN--09---,ENGLISH LANGUAGE ARTS 9,False
1923,8,MMA--09---,MATHEMATICS 9,False
1923,8,MPHE-09G--,PHYSICAL AND HEALTH EDUCATION 9 Girls,False
1923,8,MSC--09---,SCIENCE 9,False
1923,8,MSP--09---,SPANISH 9,False
1923,8,MSS--09---,SOCIAL STUDIES 9,False
1923,8,MWBDV10IT-,Information and Communications Technologies 10,False
1924,8,MADT-09---,ADST - Textiles 9,False
1924,8,MDNC-09C-L,DANCE 9 Choreography Linear,False
1924,8,MDNC-09M-L,DANCE 9 Company: Platform 61 Linear,False
1924,8,MDNC-09PT-,DANCE 9 Performance and Technique,False
1924,8,MEN--09---,ENGLISH LANGUAGE ARTS 9,False
1924,8,MMA--09---,MATHEMATICS 9,False
1924,8,MPHE-09G--,PHYSICAL AND HEALTH EDUCATION 9 Girls,False
1924,8,MSC--09---,SCIENCE 9,False
1924,8,MSP--09---,SPANISH 9,False
1924,8,MSS--09---,SOCIAL STUDIES 9,False
1924,8,MVA--09---,VISUAL ARTS 9,True
1925,8,MADW-09---,ADST - Woodwork 9,True
1925,8,MDR--09---,DRAMA 9,False
1925,8,MEN--09---,ENGLISH LANGUAGE ARTS 9,False
1925,8,MFR--09---,FRENCH 9,False
1925,8,MMA--09---,MATHEMATICS 9,False
1925,8,MPHE-09G--,PHYSICAL AND HEALTH EDUCATION 9 Girls,False
1925,8,MSC--09---,SCIENCE 9,False
1925,8,MSS--09---,SOCIAL STUDIES 9,False
1925,8,MVA--09---,VISUAL ARTS 9,True
1925,8,XBA--09G--,CONCERT BAND 9 - Guitar,False
1926,8,MADD-09---,ADST - Drafting 9,True
1926,8,MADEM10---,ADST ? ENTREPRENEURSHIP AND MARKETING 10,True
1926,8,MADER09---,ADST - Electronics and Robotics,False
1926,8,MEN--09---,ENGLISH LANGUAGE ARTS 9,False
1926,8,MMA--09---,MATHEMATICS 9,False
1926,8,MPHE-09--L,PHYSICAL AND HEALTH EDUCATION 9 Linear,False
1926,8,MSC--09---,SCIENCE 9,False
1926,8,MSS--09---,SOCIAL STUDIES 9,False
1926,8,MVA--09---,VISUAL ARTS 9,True
1926,8,MWBDV10IT-,Information and Communications Technologies 10,False
1926,8,XLDCB09LSL,LEARNING STRATEGIES 9 LD LINEAR,False
1927,8,MADD-09---,ADST - Drafting 9,True
1927,8,MADT-09---,ADST - Textiles 9,False
1927,8,MEN--09---,ENGLISH LANGUAGE ARTS 9,False
1927,8,MFR--09---,FRENCH 9,False
1927,8,MMA--09---,MATHEMATICS 9,False
1927,8,MPHE-09G--,PHYSICAL AND HEALTH EDUCATION 9 Girls,False
1927,8,MSC--09---,SCIENCE 9,False
1927,8,MSP--09---,SPANISH 9,True
1927,8,MSS--09---,SOCIAL STUDIES 9,False
1927,8,MWBDV10IT-,Information and Communications Technologies 10,False
1928,8,MADD-09---,ADST - Drafting 9,False
1928,8,MDNC-09C-L,DANCE 9 Choreography Linear,False
1928,8,MDNC-09M-L,DANCE 9 Company: Platform 61 Linear,False
1928,8,MDNC-09PT-,DANCE 9 Performance and Technique,False
1928,8,MDR--09---,DRAMA 9,True
1928,8,MEN--09E--,ENGLISH 9 FOR ELL,False
1928,8,MMA--09---,MATHEMATICS 9,False
1928,8,MPHE-09G--,PHYSICAL AND HEALTH EDUCATION 9 Girls,False
1928,8,MSC--09---,SCIENCE 9,False
1928,8,MSP--09---,SPANISH 9,True
1928,8,MSS--09---,SOCIAL STUDIES 9,False
1928,8,XBA--09G--,CONCERT BAND 9 - Guitar,False
1929,8,MADD-09---,ADST - Drafting 9,False
1929,8,MADGE09---,ADST 9 - General Explorations (Modules),True
1929,8,MEN--09---,ENGLISH LANGUAGE ARTS 9,False
1929,8,MMA--09---,MATHEMATICS 9,False
1929,8,MPHE-09B--,PHYSICAL AND HEALTH EDUCATION 9 Boys,False
1929,8,MSC--09---,SCIENCE 9,False
1929,8,MSS--09---,SOCIAL STUDIES 9,False
1929,8,MWBDV10IT-,Information and Communications Technologies 10,False
1929,8,XBA--09G--,CONCERT BAND 9 - Guitar,True
1929,8,XLDCB09M--,TECH ED 9: MECHANICS LD,False
1930,8,MADD-09---,ADST - Drafting 9,False
1930,8,MADEM10---,ADST ? ENTREPRENEURSHIP AND MARKETING 10,False
1930,8,MADER09---,ADST - Electronics and Robotics,False
1930,8,MADGE09---,ADST 9 - General Explorations (Modules),True
1930,8,MADW-09---,ADST - Woodwork 9,True
1930,8,MEN--09E--,ENGLISH 9 FOR ELL,False
1930,8,MMA--09---,MATHEMATICS 9,False
1930,8,MPHE-09B--,PHYSICAL AND HEALTH EDUCATION 9 Boys,False
1930,8,MSC--09---,SCIENCE 9,False
1930,8,MSS--09---,SOCIAL STUDIES 9,False
1931,8,MADD-09---,ADST - Drafting 9,True
1931,8,MADER09---,ADST - Electronics and Robotics,False
1931,8,MADGE09---,ADST 9 - General Explorations (Modules),False
1931,8,MEN--09C--,ENGLISH LANGUAGE ARTS 9 CHALLENGE,False
1931,8,MMA--09C--,MATHEMATICS 9 CHALLENGE,False
1931,8,MPHE-09--L,PHYSICAL AND HEALTH EDUCATION 9 Linear,False
1931,8,MSC--09C--,SCIENCE 9: CHALLENGE,False
1931,8,MSP--09---,SPANISH 9,True
1931,8,MSS--09C--,SOCIAL STUDIES 9 CHALLENGE,False
1931,8,XBA--09C-L,CONCERT BAND 9 Linear,False
1931,8,XBA--09J-L,JAZZ BAND 9 LINEAR,False
1932,8,MADGE09---,ADST 9 - General Explorations (Modules),False
1932,8,MEN--09C--,ENGLISH LANGUAGE ARTS 9 CHALLENGE,False
1932,8,MFR--11---,FRENCH 11,False
1932,8,MMA--09C--,MATHEMATICS 9 CHALLENGE,False
1932,8,MPHE-09B--,PHYSICAL AND HEALTH EDUCATION 9 Boys,False
1932,8,MSC--09C--,SCIENCE 9: CHALLENGE,False
1932,8,MSS--09C--,SOCIAL STUDIES 9 CHALLENGE,False
1932,8,MWBDV10IT-,Information and Communications Technologies 10,False
1932,8,XLDCB09M--,TECH ED 9: MECHANICS LD,True
1933,8,MADEM10---,ADST ? ENTREPRENEURSHIP AND MARKETING 10,False
1933,8,MDR--09---,DRAMA 9,False
1933,8,MEN--09---,ENGLISH LANGUAGE ARTS 9,False
1933,8,MMA--09H--,MATHEMATICS 9 HONOURS,False
1933,8,MPHE-09G--,PHYSICAL AND HEALTH EDUCATION 9 Girls,False
1933,8,MSC--09---,SCIENCE 9,False
1933,8,MSS--09---,SOCIAL STUDIES 9,False
1933,8,MVA--09---,VISUAL ARTS 9,False
1934,8,MADEM10---,ADST ? ENTREPRENEURSHIP AND MARKETING 10,False
1934,8,MADER09---,ADST - Electronics and Robotics,True
1934,8,MEN--09C--,ENGLISH LANGUAGE ARTS 9 CHALLENGE,False
1934,8,MFR--11---,FRENCH 11,False
1934,8,MMA--09C--,MATHEMATICS 9 CHALLENGE,False
1934,8,MPHE-09---,PHYSICAL AND HEALTH EDUCATION 9,False
1934,8,MPHE-09--L,PHYSICAL AND HEALTH EDUCATION 9 Linear,True
1934,8,MSC--09C--,SCIENCE 9: CHALLENGE,False
1934,8,MSS--09C--,SOCIAL STUDIES 9 CHALLENGE,False
1934,8,MWBDV10IT-,Information and Communications Technologies 10,False
1934,8,XBA--09C-L,CONCERT BAND 9 Linear,True
1935,8,MADT-09---,ADST - Textiles 9,False
1935,8,MDNC-09F--,DANCE 9 Foundations,True
1935,8,MDR--09---,DRAMA 9,False
1935,8,MEN--09---,ENGLISH LANGUAGE ARTS 9,False
1935,8,MMA--09H--,MATHEMATICS 9 HONOURS,False
1935,8,MPHE-09G--,PHYSICAL AND HEALTH EDUCATION 9 Girls,False
1935,8,MSC--09---,SCIENCE 9,False
1935,8,MSS--09---,SOCIAL STUDIES 9,False
1935,8,MVA--09---,VISUAL ARTS 9,False
1935,8,XC---09--L,CONCERT CHOIR 9 Linear,False
1936,8,MADT-09---,ADST - Textiles 9,True
1936,8,MDNC-09F--,DANCE 9 Foundations,True
1936,8,MDR--09---,DRAMA 9,False
1936,8,MEN--09---,ENGLISH LANGUAGE ARTS 9,False
1936,8,MFR--09---,FRENCH 9,False
1936,8,MMA--09H--,MATHEMATICS 9 HONOURS,False
1936,8,MPHE-09G--,PHYSICAL AND HEALTH EDUCATION 9 Girls,False
1936,8,MSC--09---,SCIENCE 9,False
1936,8,MSS--09---,SOCIAL STUDIES 9,False
1936,8,MVA--09---,VISUAL ARTS 9,False
1936,8,XC---09--L,CONCERT CHOIR 9 Linear,False
1936,8,XLDCB09S-L,STRINGS 9 LINEAR,False
1937,8,MADEM10---,ADST ? ENTREPRENEURSHIP AND MARKETING 10,True
1937,8,MADGE09---,ADST 9 - General Explorations (Modules),True
1937,8,MEN--09C--,ENGLISH LANGUAGE ARTS 9 CHALLENGE,False
1937,8,MFR--11---,FRENCH 11,False
1937,8,MMA--09C--,MATHEMATICS 9 CHALLENGE,False
1937,8,MPHE-09---,PHYSICAL AND HEALTH EDUCATION 9,False
1937,8,MSC--09C--,SCIENCE 9: CHALLENGE,False
1937,8,MSS--09C--,SOCIAL STUDIES 9 CHALLENGE,False
1937,8,MVA--09---,VISUAL ARTS 9,False
1937,8,MWBDV10IT-,Information and Communications Technologies 10,False
1938,8,MADEM10---,ADST ? ENTREPRENEURSHIP AND MARKETING 10,True
1938,8,MADGE09---,ADST 9 - General Explorations (Modules),False
1938,8,MEN--09C--,ENGLISH LANGUAGE ARTS 9 CHALLENGE,False
1938,8,MMA--09C--,MATHEMATICS 9 CHALLENGE,False
1938,8,MPHE-09B--,PHYSICAL AND HEALTH EDUCATION 9 Boys,False
1938,8,MSC--09C--,SCIENCE 9: CHALLENGE,False
1938,8,MSP--09---,SPANISH 9,False
1938,8,MSS--09C--,SOCIAL STUDIES 9 CHALLENGE,False
1938,8,MWBDV10IT-,Information and Communications Technologies 10,False
1938,8,XLDCB09M--,TECH ED 9: MECHANICS LD,True
1939,8,MADT-09---,ADST - Textiles 9,False
1939,8,MDNC-09F--,DANCE 9 Foundations,False
1939,8,MDNC-09H--,DANCE 9 HIP HOP,True
1939,8,MEN--09E--,ENGLISH 9 FOR ELL,False
1939,8,MMA--09---,MATHEMATICS 9,False
1939,8,MPHE-09G--,PHYSICAL AND HEALTH EDUCATION 9 Girls,False
1939,8,MPHE-09Y--,PHYSICAL AND HEALTH EDUCATION 9 Yoga for Mindfulns,True
1939,8,MSC--09---,SCIENCE 9,False
1939,8,MSS--09---,SOCIAL STUDIES 9,False
1939,8,MVA--09---,VISUAL ARTS 9,False
1940,8,MADEM10---,ADST ? ENTREPRENEURSHIP AND MARKETING 10,False
1940,8,MADER09---,ADST - Electronics and Robotics,False
1940,8,MADGE09---,ADST 9 - General Explorations (Modules),True
1940,8,MEN--09C--,ENGLISH LANGUAGE ARTS 9 CHALLENGE,False
1940,8,MMA--09C--,MATHEMATICS 9 CHALLENGE,False
1940,8,MPHE-09---,PHYSICAL AND HEALTH EDUCATION 9,False
1940,8,MSC--09C--,SCIENCE 9: CHALLENGE,False
1940,8,MSS--09C--,SOCIAL STUDIES 9 CHALLENGE,False
1940,8,MWBDV10IT-,Information and Communications Technologies 10,False
1940,8,XLDCB09M--,TECH ED 9: MECHANICS LD,True
1941,8,MADD-09---,ADST - Drafting 9,True
1941,8,MADEM10---,ADST ? ENTREPRENEURSHIP AND MARKETING 10,False
1941,8,MADGE09---,ADST 9 - General Explorations (Modules),True
1941,8,MEN--09---,ENGLISH LANGUAGE ARTS 9,False
1941,8,MFR--11---,FRENCH 11,False
1941,8,MMA--09H--,MATHEMATICS 9 HONOURS,False
1941,8,MPHE-09G--,PHYSICAL AND HEALTH EDUCATION 9 Girls,False
1941,8,MSC--09---,SCIENCE 9,False
1941,8,MSS--09---,SOCIAL STUDIES 9,False
1941,8,MWBDV10IT-,Information and Communications Technologies 10,False
1942,8,MADD-09---,ADST - Drafting 9,True
1942,8,MADEM10---,ADST ? ENTREPRENEURSHIP AND MARKETING 10,False
1942,8,MADGE09---,ADST 9 - General Explorations (Modules),True
1942,8,MADT-09---,ADST - Textiles 9,False
1942,8,MEN--09---,ENGLISH LANGUAGE ARTS 9,False
1942,8,MMA--09H--,MATHEMATICS 9 HONOURS,False
1942,8,MPHE-09---,PHYSICAL AND HEALTH EDUCATION 9,False
1942,8,MSC--09---,SCIENCE 9,False
1942,8,MSS--09---,SOCIAL STUDIES 9,False
1942,8,XBA--09G--,CONCERT BAND 9 - Guitar,False
1943,8,MADEM10---,ADST ? ENTREPRENEURSHIP AND MARKETING 10,True
1943,8,MADER09---,ADST - Electronics and Robotics,True
1943,8,MADGE09---,ADST 9 - General Explorations (Modules),True
1943,8,MADW-09---,ADST - Woodwork 9,False
1943,8,MEN--09---,ENGLISH LANGUAGE ARTS 9,False
1943,8,MMA--09---,MATHEMATICS 9,False
1943,8,MPHE-09--L,PHYSICAL AND HEALTH EDUCATION 9 Linear,False
1943,8,MSC--09---,SCIENCE 9,False
1943,8,MSS--09---,SOCIAL STUDIES 9,False
1943,8,XLDCB09LSL,LEARNING STRATEGIES 9 LD LINEAR,False
1943,8,XLDCB09M--,TECH ED 9: MECHANICS LD,False
1944,8,MADER09---,ADST - Electronics and Robotics,False
1944,8,MADGE09---,ADST 9 - General Explorations (Modules),True
1944,8,MEN--09E--,ENGLISH 9 FOR ELL,False
1944,8,MFR--09---,FRENCH 9,False
1944,8,MPHE-09B--,PHYSICAL AND HEALTH EDUCATION 9 Boys,False
1944,8,MSC--09---,SCIENCE 9,False
1944,8,MSS--09---,SOCIAL STUDIES 9,False
1944,8,XLDCB09LS-,LEARNING STRATEGIES 9 LD,False
1944,8,XLDCB09M--,TECH ED 9: MECHANICS LD,True
1944,8,XLDCE09NM-,NUMERACY 9,False
1945,8,MADEM10---,ADST ? ENTREPRENEURSHIP AND MARKETING 10,False
1945,8,MEN--09---,ENGLISH LANGUAGE ARTS 9,False
1945,8,MMA--09H--,MATHEMATICS 9 HONOURS,False
1945,8,MPHE-09--L,PHYSICAL AND HEALTH EDUCATION 9 Linear,False
1945,8,MSC--09---,SCIENCE 9,False
1945,8,MSS--09---,SOCIAL STUDIES 9,False
1945,8,MVA--09---,VISUAL ARTS 9,False
1945,8,MWBDV10IT-,Information and Communications Technologies 10,True
1945,8,XBA--09C-L,CONCERT BAND 9 Linear,False
1945,8,XBA--09J-L,JAZZ BAND 9 LINEAR,False
1945,8,XLDCB09S-L,STRINGS 9 LINEAR,False
1946,8,MADT-09---,ADST - Textiles 9,False
1946,8,MDNC-09C-L,DANCE 9 Choreography Linear,False
1946,8,MDNC-09F--,DANCE 9 Foundations,True
1946,8,MDNC-09H--,DANCE 9 HIP HOP,False
1946,8,MDNC-09M-L,DANCE 9 Company: Platform 61 Linear,False
1946,8,MEN--09---,ENGLISH LANGUAGE ARTS 9,False
1946,8,MMA--09---,MATHEMATICS 9,False
1946,8,MPHE-09G--,PHYSICAL AND HEALTH EDUCATION 9 Girls,False
1946,8,MPHE-09Y--,PHYSICAL AND HEALTH EDUCATION 9 Yoga for Mindfulns,True
1946,8,MSC--09---,SCIENCE 9,False
1946,8,MSP--09---,SPANISH 9,False
1946,8,MSS--09---,SOCIAL STUDIES 9,False
1947,8,MADER09---,ADST - Electronics and Robotics,True
1947,8,MADGE09---,ADST 9 - General Explorations (Modules),True
1947,8,MEN--09---,ENGLISH LANGUAGE ARTS 9,False
1947,8,MFR--09---,FRENCH 9,False
1947,8,MMA--09H--,MATHEMATICS 9 HONOURS,False
1947,8,MPHE-09--L,PHYSICAL AND HEALTH EDUCATION 9 Linear,False
1947,8,MSC--09---,SCIENCE 9,False
1947,8,MSS--09---,SOCIAL STUDIES 9,False
1947,8,MWBDV10IT-,Information and Communications Technologies 10,False
1947,8,XBA--09C-L,CONCERT BAND 9 Linear,False
1947,8,XLDCB09S-L,STRINGS 9 LINEAR,False
1948,8,MADD-09---,ADST - Drafting 9,False
1948,8,MADEM10---,ADST ? ENTREPRENEURSHIP AND MARKETING 10,True
1948,8,MADT-09---,ADST - Textiles 9,False
1948,8,MEN--09---,ENGLISH LANGUAGE ARTS 9,False
1948,8,MMA--09---,MATHEMATICS 9,False
1948,8,MPHE-09G--,PHYSICAL AND HEALTH EDUCATION 9 Girls,False
1948,8,MPHE-09Y--,PHYSICAL AND HEALTH EDUCATION 9 Yoga for Mindfulns,False
1948,8,MSC--09---,SCIENCE 9,False
1948,8,MSS--09---,SOCIAL STUDIES 9,False
1948,8,MVA--09---,VISUAL ARTS 9,True
1949,8,MDR--09---,DRAMA 9,True
1949,8,MEN--09---,ENGLISH LANGUAGE ARTS 9,False
1949,8,MFR--09---,FRENCH 9,True
1949,8,MMA--09---,MATHEMATICS 9,False
1949,8,MPHE-09--L,PHYSICAL AND HEALTH EDUCATION 9 Linear,False
1949,8,MPHE-09Y--,PHYSICAL AND HEALTH EDUCATION 9 Yoga for Mindfulns,False
1949,8,MSC--09---,SCIENCE 9,False
1949,8,MSS--09---,SOCIAL STUDIES 9,False
1949,8,XBA--09C-L,CONCERT BAND 9 Linear,False
1949,8,XBA--09G--,CONCERT BAND 9 - Guitar,False
1950,8,MADD-09---,ADST - Drafting 9,False
1950,8,MADGE09---,ADST 9 - General Explorations (Modules),False
1950,8,MADW-09---,ADST - Woodwork 9,True
1950,8,MEN--09---,ENGLISH LANGUAGE ARTS 9,False
1950,8,MFR--09---,FRENCH 9,True
1950,8,MMA--09---,MATHEMATICS 9,False
1950,8,MPHE-09--L,PHYSICAL AND HEALTH EDUCATION 9 Linear,False
1950,8,MSC--09---,SCIENCE 9,False
1950,8,MSS--09---,SOCIAL STUDIES 9,False
1950,8,XBA--09C-L,CONCERT BAND 9 Linear,False
1951,8,MADEM10---,ADST ? ENTREPRENEURSHIP AND MARKETING 10,False
1951,8,MADGE09---,ADST 9 - General Explorations (Modules),True
1951,8,MEN--09C--,ENGLISH LANGUAGE ARTS 9 CHALLENGE,False
1951,8,MFR--11---,FRENCH 11,False
1951,8,MMA--09C--,MATHEMATICS 9 CHALLENGE,False
1951,8,MPHE-09---,PHYSICAL AND HEALTH EDUCATION 9,False
1951,8,MSC--09C--,SCIENCE 9: CHALLENGE,False
1951,8,MSS--09C--,SOCIAL STUDIES 9 CHALLENGE,False
1951,8,MWBDV10IT-,Information and Communications Technologies 10,False
1951,8,XBA--09C-L,CONCERT BAND 9 Linear,True
1952,8,MADEM10---,ADST ? ENTREPRENEURSHIP AND MARKETING 10,True
1952,8,MADGE09---,ADST 9 - General Explorations (Modules),False
1952,8,MEN--09C--,ENGLISH LANGUAGE ARTS 9 CHALLENGE,False
1952,8,MFR--11---,FRENCH 11,False
1952,8,MMA--09C--,MATHEMATICS 9 CHALLENGE,False
1952,8,MPHE-09---,PHYSICAL AND HEALTH EDUCATION 9,False
1952,8,MSC--09C--,SCIENCE 9: CHALLENGE,False
1952,8,MSS--09C--,SOCIAL STUDIES 9 CHALLENGE,False
1952,8,MWBDV10IT-,Information and Communications Technologies 10,False
1952,8,XLDCB09M--,TECH ED 9: MECHANICS LD,True
1953,8,MADEM10---,ADST ? ENTREPRENEURSHIP AND MARKETING 10,False
1953,8,MADT-09---,ADST - Textiles 9,True
1953,8,MDNC-09F--,DANCE 9 Foundations,False
1953,8,MDNC-09PT-,DANCE 9 Performance and Technique,True
1953,8,MEN--09---,ENGLISH LANGUAGE ARTS 9,False
1953,8,MFR--11---,FRENCH 11,False
1953,8,MMA--09---,MATHEMATICS 9,False
1953,8,MPHE-09G--,PHYSICAL AND HEALTH EDUCATION 9 Girls,False
1953,8,MSC--09---,SCIENCE 9,False
1953,8,MSS--09---,SOCIAL STUDIES 9,False
